column_index,column_name,column_role,feature_block,dtype,unit,description,source,missing_value_encoding,missing_count,missing_fraction,selected_final_D_tabular,selected_final_D_xgboost,selected_final_P_lightgbm
1,domain_index,identifier_or_metadata,metadata_or_label,int64,descriptor_specific_or_dimensionless,Electrolyte-65K structure-group identifier; repeated QMe14S records may share this value,QMe14S / Electrolyte-65K split metadata,empty field in CSV,0,0,False,False,False
2,qme14s_index,identifier_or_metadata,metadata_or_label,int64,descriptor_specific_or_dimensionless,Source record index in QMe14S,QMe14S / Electrolyte-65K split metadata,empty field in CSV,0,0,False,False,False
3,h5_key,identifier_or_metadata,metadata_or_label,object,descriptor_specific_or_dimensionless,Source QMe14S HDF5 record key,QMe14S / Electrolyte-65K split metadata,empty field in CSV,0,0,False,False,False
4,canonical_smiles,identifier_or_metadata,metadata_or_label,object,descriptor_specific_or_dimensionless,Canonical molecular SMILES,QMe14S / Electrolyte-65K split metadata,empty field in CSV,0,0,False,False,False
5,formula,identifier_or_metadata,metadata_or_label,object,descriptor_specific_or_dimensionless,Molecular formula,QMe14S / Electrolyte-65K split metadata,empty field in CSV,0,0,False,False,False
6,elements,identifier_or_metadata,metadata_or_label,object,descriptor_specific_or_dimensionless,Elements present in the molecule,QMe14S / Electrolyte-65K split metadata,empty field in CSV,0,0,False,False,False
7,primary_motif,identifier_or_metadata,metadata_or_label,object,descriptor_specific_or_dimensionless,Primary electrolyte-relevant functional motif,QMe14S / Electrolyte-65K split metadata,empty field in CSV,0,0,False,False,False
8,element_group,identifier_or_metadata,metadata_or_label,object,descriptor_specific_or_dimensionless,Element-composition group,QMe14S / Electrolyte-65K split metadata,empty field in CSV,0,0,False,False,False
9,heavy_atoms,identifier_or_metadata,metadata_or_label,int64,count,Number of non-hydrogen atoms,QMe14S / Electrolyte-65K split metadata,empty field in CSV,0,0,False,False,False
10,mol_wt,identifier_or_metadata,metadata_or_label,float64,descriptor_specific_or_dimensionless,Molecular weight,QMe14S / Electrolyte-65K split metadata,empty field in CSV,0,0,False,False,False
11,rotatable_bonds,identifier_or_metadata,metadata_or_label,int64,count,Number of rotatable bonds,QMe14S / Electrolyte-65K split metadata,empty field in CSV,0,0,False,False,False
12,ring_count,identifier_or_metadata,metadata_or_label,int64,count,Number of rings,QMe14S / Electrolyte-65K split metadata,empty field in CSV,0,0,False,False,False
13,cv_fold,split,metadata_or_label,int8,descriptor_specific_or_dimensionless,Frozen cross-validation fold identifier (0-4),QMe14S / Electrolyte-65K split metadata,empty field in CSV,0,0,False,False,False
14,D,label,metadata_or_label,float64,debye,QMe14S reference dipole magnitude,QMe14S / Electrolyte-65K split metadata,empty field in CSV,0,0,False,False,False
15,P,label,metadata_or_label,float64,atomic_unit,QMe14S reference molecular polarizability,QMe14S / Electrolyte-65K split metadata,empty field in CSV,0,0,False,False,False
16,cheap__v3__heavy_atoms_calc,feature,cheap_rdkit_gasteiger_etkdg_mmff,float32,count,cheap_rdkit_gasteiger_etkdg_mmff feature: v3__heavy_atoms_calc,Local RDKit/Gasteiger/ETKDG/MMFF batch calculation,empty field in CSV,0,0,True,True,True
17,cheap__v3__mol_wt_calc,feature,cheap_rdkit_gasteiger_etkdg_mmff,float32,descriptor_specific_or_dimensionless,cheap_rdkit_gasteiger_etkdg_mmff feature: v3__mol_wt_calc,Local RDKit/Gasteiger/ETKDG/MMFF batch calculation,empty field in CSV,0,0,False,False,True
18,cheap__v3__exact_mol_wt,feature,cheap_rdkit_gasteiger_etkdg_mmff,float32,descriptor_specific_or_dimensionless,cheap_rdkit_gasteiger_etkdg_mmff feature: v3__exact_mol_wt,Local RDKit/Gasteiger/ETKDG/MMFF batch calculation,empty field in CSV,0,0,False,False,True
19,cheap__v3__rotatable_bonds_calc,feature,cheap_rdkit_gasteiger_etkdg_mmff,float32,count,cheap_rdkit_gasteiger_etkdg_mmff feature: v3__rotatable_bonds_calc,Local RDKit/Gasteiger/ETKDG/MMFF batch calculation,empty field in CSV,0,0,False,False,False
20,cheap__v3__ring_count_calc,feature,cheap_rdkit_gasteiger_etkdg_mmff,float32,count,cheap_rdkit_gasteiger_etkdg_mmff feature: v3__ring_count_calc,Local RDKit/Gasteiger/ETKDG/MMFF batch calculation,empty field in CSV,0,0,False,False,False
21,cheap__v3__aromatic_rings,feature,cheap_rdkit_gasteiger_etkdg_mmff,float32,count,cheap_rdkit_gasteiger_etkdg_mmff feature: v3__aromatic_rings,Local RDKit/Gasteiger/ETKDG/MMFF batch calculation,empty field in CSV,0,0,False,False,False
22,cheap__v3__aliphatic_rings,feature,cheap_rdkit_gasteiger_etkdg_mmff,float32,count,cheap_rdkit_gasteiger_etkdg_mmff feature: v3__aliphatic_rings,Local RDKit/Gasteiger/ETKDG/MMFF batch calculation,empty field in CSV,0,0,False,False,False
23,cheap__v3__tpsa,feature,cheap_rdkit_gasteiger_etkdg_mmff,float32,descriptor_specific_or_dimensionless,cheap_rdkit_gasteiger_etkdg_mmff feature: v3__tpsa,Local RDKit/Gasteiger/ETKDG/MMFF batch calculation,empty field in CSV,0,0,True,True,False
24,cheap__v3__hba,feature,cheap_rdkit_gasteiger_etkdg_mmff,float32,descriptor_specific_or_dimensionless,cheap_rdkit_gasteiger_etkdg_mmff feature: v3__hba,Local RDKit/Gasteiger/ETKDG/MMFF batch calculation,empty field in CSV,0,0,True,True,False
25,cheap__v3__hbd,feature,cheap_rdkit_gasteiger_etkdg_mmff,float32,descriptor_specific_or_dimensionless,cheap_rdkit_gasteiger_etkdg_mmff feature: v3__hbd,Local RDKit/Gasteiger/ETKDG/MMFF batch calculation,empty field in CSV,0,0,False,False,False
26,cheap__v3__mol_logp,feature,cheap_rdkit_gasteiger_etkdg_mmff,float32,descriptor_specific_or_dimensionless,cheap_rdkit_gasteiger_etkdg_mmff feature: v3__mol_logp,Local RDKit/Gasteiger/ETKDG/MMFF batch calculation,empty field in CSV,0,0,True,True,False
27,cheap__v3__mol_mr,feature,cheap_rdkit_gasteiger_etkdg_mmff,float32,descriptor_specific_or_dimensionless,cheap_rdkit_gasteiger_etkdg_mmff feature: v3__mol_mr,Local RDKit/Gasteiger/ETKDG/MMFF batch calculation,empty field in CSV,0,0,False,False,True
28,cheap__v3__fraction_csp3,feature,cheap_rdkit_gasteiger_etkdg_mmff,float32,descriptor_specific_or_dimensionless,cheap_rdkit_gasteiger_etkdg_mmff feature: v3__fraction_csp3,Local RDKit/Gasteiger/ETKDG/MMFF batch calculation,empty field in CSV,0,0,False,False,False
29,cheap__v3__hetero_atom_count,feature,cheap_rdkit_gasteiger_etkdg_mmff,float32,count,cheap_rdkit_gasteiger_etkdg_mmff feature: v3__hetero_atom_count,Local RDKit/Gasteiger/ETKDG/MMFF batch calculation,empty field in CSV,0,0,False,False,False
30,cheap__v3__count_C,feature,cheap_rdkit_gasteiger_etkdg_mmff,float32,count,cheap_rdkit_gasteiger_etkdg_mmff feature: v3__count_C,Local RDKit/Gasteiger/ETKDG/MMFF batch calculation,empty field in CSV,0,0,False,False,True
31,cheap__v3__count_N,feature,cheap_rdkit_gasteiger_etkdg_mmff,float32,count,cheap_rdkit_gasteiger_etkdg_mmff feature: v3__count_N,Local RDKit/Gasteiger/ETKDG/MMFF batch calculation,empty field in CSV,0,0,True,True,False
32,cheap__v3__count_O,feature,cheap_rdkit_gasteiger_etkdg_mmff,float32,count,cheap_rdkit_gasteiger_etkdg_mmff feature: v3__count_O,Local RDKit/Gasteiger/ETKDG/MMFF batch calculation,empty field in CSV,0,0,False,False,False
33,cheap__v3__count_F,feature,cheap_rdkit_gasteiger_etkdg_mmff,float32,count,cheap_rdkit_gasteiger_etkdg_mmff feature: v3__count_F,Local RDKit/Gasteiger/ETKDG/MMFF batch calculation,empty field in CSV,0,0,True,True,False
34,cheap__v3__count_Si,feature,cheap_rdkit_gasteiger_etkdg_mmff,float32,count,cheap_rdkit_gasteiger_etkdg_mmff feature: v3__count_Si,Local RDKit/Gasteiger/ETKDG/MMFF batch calculation,empty field in CSV,0,0,False,False,False
35,cheap__v3__count_P,feature,cheap_rdkit_gasteiger_etkdg_mmff,float32,count,cheap_rdkit_gasteiger_etkdg_mmff feature: v3__count_P,Local RDKit/Gasteiger/ETKDG/MMFF batch calculation,empty field in CSV,0,0,False,False,False
36,cheap__v3__count_S,feature,cheap_rdkit_gasteiger_etkdg_mmff,float32,count,cheap_rdkit_gasteiger_etkdg_mmff feature: v3__count_S,Local RDKit/Gasteiger/ETKDG/MMFF batch calculation,empty field in CSV,0,0,False,False,False
37,cheap__v3__count_Cl,feature,cheap_rdkit_gasteiger_etkdg_mmff,float32,count,cheap_rdkit_gasteiger_etkdg_mmff feature: v3__count_Cl,Local RDKit/Gasteiger/ETKDG/MMFF batch calculation,empty field in CSV,0,0,False,False,False
38,cheap__v3__count_Br,feature,cheap_rdkit_gasteiger_etkdg_mmff,float32,count,cheap_rdkit_gasteiger_etkdg_mmff feature: v3__count_Br,Local RDKit/Gasteiger/ETKDG/MMFF batch calculation,empty field in CSV,0,0,False,False,False
39,cheap__v3__gasteiger_ok,feature,cheap_rdkit_gasteiger_etkdg_mmff,float32,descriptor_specific_or_dimensionless,cheap_rdkit_gasteiger_etkdg_mmff feature: v3__gasteiger_ok,Local RDKit/Gasteiger/ETKDG/MMFF batch calculation,empty field in CSV,0,0,False,False,False
40,cheap__v3__gast_min,feature,cheap_rdkit_gasteiger_etkdg_mmff,float32,descriptor_specific_or_dimensionless,cheap_rdkit_gasteiger_etkdg_mmff feature: v3__gast_min,Local RDKit/Gasteiger/ETKDG/MMFF batch calculation,empty field in CSV,0,0,False,False,False
41,cheap__v3__gast_max,feature,cheap_rdkit_gasteiger_etkdg_mmff,float32,descriptor_specific_or_dimensionless,cheap_rdkit_gasteiger_etkdg_mmff feature: v3__gast_max,Local RDKit/Gasteiger/ETKDG/MMFF batch calculation,empty field in CSV,0,0,False,False,False
42,cheap__v3__gast_mean,feature,cheap_rdkit_gasteiger_etkdg_mmff,float32,descriptor_specific_or_dimensionless,cheap_rdkit_gasteiger_etkdg_mmff feature: v3__gast_mean,Local RDKit/Gasteiger/ETKDG/MMFF batch calculation,empty field in CSV,0,0,False,False,False
43,cheap__v3__gast_std,feature,cheap_rdkit_gasteiger_etkdg_mmff,float32,descriptor_specific_or_dimensionless,cheap_rdkit_gasteiger_etkdg_mmff feature: v3__gast_std,Local RDKit/Gasteiger/ETKDG/MMFF batch calculation,empty field in CSV,0,0,False,False,True
44,cheap__v3__gast_abs_sum,feature,cheap_rdkit_gasteiger_etkdg_mmff,float32,descriptor_specific_or_dimensionless,cheap_rdkit_gasteiger_etkdg_mmff feature: v3__gast_abs_sum,Local RDKit/Gasteiger/ETKDG/MMFF batch calculation,empty field in CSV,0,0,False,False,False
45,cheap__v3__gast_pos_sum,feature,cheap_rdkit_gasteiger_etkdg_mmff,float32,descriptor_specific_or_dimensionless,cheap_rdkit_gasteiger_etkdg_mmff feature: v3__gast_pos_sum,Local RDKit/Gasteiger/ETKDG/MMFF batch calculation,empty field in CSV,0,0,False,False,False
46,cheap__v3__gast_neg_sum,feature,cheap_rdkit_gasteiger_etkdg_mmff,float32,descriptor_specific_or_dimensionless,cheap_rdkit_gasteiger_etkdg_mmff feature: v3__gast_neg_sum,Local RDKit/Gasteiger/ETKDG/MMFF batch calculation,empty field in CSV,0,0,False,False,False
47,cheap__v3__gast_range,feature,cheap_rdkit_gasteiger_etkdg_mmff,float32,descriptor_specific_or_dimensionless,cheap_rdkit_gasteiger_etkdg_mmff feature: v3__gast_range,Local RDKit/Gasteiger/ETKDG/MMFF batch calculation,empty field in CSV,0,0,False,False,False
48,cheap__v3__etkdg_ok,feature,cheap_rdkit_gasteiger_etkdg_mmff,float32,descriptor_specific_or_dimensionless,cheap_rdkit_gasteiger_etkdg_mmff feature: v3__etkdg_ok,Local RDKit/Gasteiger/ETKDG/MMFF batch calculation,empty field in CSV,0,0,False,False,False
49,cheap__v3__mmff_ok,feature,cheap_rdkit_gasteiger_etkdg_mmff,float32,descriptor_specific_or_dimensionless,cheap_rdkit_gasteiger_etkdg_mmff feature: v3__mmff_ok,Local RDKit/Gasteiger/ETKDG/MMFF batch calculation,empty field in CSV,0,0,False,False,False
50,cheap__v3__geom_radius_gyration,feature,cheap_rdkit_gasteiger_etkdg_mmff,float32,angstrom_or_derived,cheap_rdkit_gasteiger_etkdg_mmff feature: v3__geom_radius_gyration,Local RDKit/Gasteiger/ETKDG/MMFF batch calculation,empty field in CSV,0,0,True,True,True
51,cheap__v3__geom_pmi1,feature,cheap_rdkit_gasteiger_etkdg_mmff,float32,descriptor_specific_or_dimensionless,cheap_rdkit_gasteiger_etkdg_mmff feature: v3__geom_pmi1,Local RDKit/Gasteiger/ETKDG/MMFF batch calculation,empty field in CSV,0,0,False,False,True
52,cheap__v3__geom_pmi2,feature,cheap_rdkit_gasteiger_etkdg_mmff,float32,descriptor_specific_or_dimensionless,cheap_rdkit_gasteiger_etkdg_mmff feature: v3__geom_pmi2,Local RDKit/Gasteiger/ETKDG/MMFF batch calculation,empty field in CSV,0,0,False,False,True
53,cheap__v3__geom_pmi3,feature,cheap_rdkit_gasteiger_etkdg_mmff,float32,descriptor_specific_or_dimensionless,cheap_rdkit_gasteiger_etkdg_mmff feature: v3__geom_pmi3,Local RDKit/Gasteiger/ETKDG/MMFF batch calculation,empty field in CSV,0,0,False,False,True
54,cheap__v3__geom_npr1,feature,cheap_rdkit_gasteiger_etkdg_mmff,float32,descriptor_specific_or_dimensionless,cheap_rdkit_gasteiger_etkdg_mmff feature: v3__geom_npr1,Local RDKit/Gasteiger/ETKDG/MMFF batch calculation,empty field in CSV,0,0,False,False,False
55,cheap__v3__geom_npr2,feature,cheap_rdkit_gasteiger_etkdg_mmff,float32,descriptor_specific_or_dimensionless,cheap_rdkit_gasteiger_etkdg_mmff feature: v3__geom_npr2,Local RDKit/Gasteiger/ETKDG/MMFF batch calculation,empty field in CSV,0,0,False,False,False
56,cheap__v3__geom_asphericity,feature,cheap_rdkit_gasteiger_etkdg_mmff,float32,descriptor_specific_or_dimensionless,cheap_rdkit_gasteiger_etkdg_mmff feature: v3__geom_asphericity,Local RDKit/Gasteiger/ETKDG/MMFF batch calculation,empty field in CSV,0,0,False,False,False
57,cheap__v3__geom_eccentricity,feature,cheap_rdkit_gasteiger_etkdg_mmff,float32,descriptor_specific_or_dimensionless,cheap_rdkit_gasteiger_etkdg_mmff feature: v3__geom_eccentricity,Local RDKit/Gasteiger/ETKDG/MMFF batch calculation,empty field in CSV,0,0,False,False,False
58,cheap__v3__geom_inertial_shape,feature,cheap_rdkit_gasteiger_etkdg_mmff,float32,descriptor_specific_or_dimensionless,cheap_rdkit_gasteiger_etkdg_mmff feature: v3__geom_inertial_shape,Local RDKit/Gasteiger/ETKDG/MMFF batch calculation,empty field in CSV,0,0,False,False,False
59,cheap__v3__geom_spherocity,feature,cheap_rdkit_gasteiger_etkdg_mmff,float32,descriptor_specific_or_dimensionless,cheap_rdkit_gasteiger_etkdg_mmff feature: v3__geom_spherocity,Local RDKit/Gasteiger/ETKDG/MMFF batch calculation,empty field in CSV,0,0,False,False,False
60,cheap__v3__charge_geom_ok,feature,cheap_rdkit_gasteiger_etkdg_mmff,float32,descriptor_specific_or_dimensionless,cheap_rdkit_gasteiger_etkdg_mmff feature: v3__charge_geom_ok,Local RDKit/Gasteiger/ETKDG/MMFF batch calculation,empty field in CSV,0,0,False,False,False
61,cheap__v3__gast3d_dipole_norm,feature,cheap_rdkit_gasteiger_etkdg_mmff,float32,debye,cheap_rdkit_gasteiger_etkdg_mmff feature: v3__gast3d_dipole_norm,Local RDKit/Gasteiger/ETKDG/MMFF batch calculation,empty field in CSV,0,0,True,True,False
62,cheap__v3__gast3d_dipole_norm_heavy,feature,cheap_rdkit_gasteiger_etkdg_mmff,float32,debye,cheap_rdkit_gasteiger_etkdg_mmff feature: v3__gast3d_dipole_norm_heavy,Local RDKit/Gasteiger/ETKDG/MMFF batch calculation,empty field in CSV,0,0,False,False,False
63,cheap__v3__gast3d_pos_neg_center_dist,feature,cheap_rdkit_gasteiger_etkdg_mmff,float32,descriptor_specific_or_dimensionless,cheap_rdkit_gasteiger_etkdg_mmff feature: v3__gast3d_pos_neg_center_dist,Local RDKit/Gasteiger/ETKDG/MMFF batch calculation,empty field in CSV,51,0.0008410151548,True,True,False
64,cheap__v3__gast3d_abs_charge_weighted_rg,feature,cheap_rdkit_gasteiger_etkdg_mmff,float32,angstrom_or_derived,cheap_rdkit_gasteiger_etkdg_mmff feature: v3__gast3d_abs_charge_weighted_rg,Local RDKit/Gasteiger/ETKDG/MMFF batch calculation,empty field in CSV,51,0.0008410151548,True,True,True
65,cheap__v3__gast3d_maxpos_maxneg_dist,feature,cheap_rdkit_gasteiger_etkdg_mmff,float32,descriptor_specific_or_dimensionless,cheap_rdkit_gasteiger_etkdg_mmff feature: v3__gast3d_maxpos_maxneg_dist,Local RDKit/Gasteiger/ETKDG/MMFF batch calculation,empty field in CSV,51,0.0008410151548,False,False,False
66,cheap__v3__gast3d_dipole_per_abs_charge,feature,cheap_rdkit_gasteiger_etkdg_mmff,float32,debye,cheap_rdkit_gasteiger_etkdg_mmff feature: v3__gast3d_dipole_per_abs_charge,Local RDKit/Gasteiger/ETKDG/MMFF batch calculation,empty field in CSV,51,0.0008410151548,True,True,False
67,cheap__v3__gast3d_dipole_per_heavy_atom,feature,cheap_rdkit_gasteiger_etkdg_mmff,float32,debye,cheap_rdkit_gasteiger_etkdg_mmff feature: v3__gast3d_dipole_per_heavy_atom,Local RDKit/Gasteiger/ETKDG/MMFF batch calculation,empty field in CSV,0,0,True,True,False
68,cheap__v3__rd2d_MaxAbsEStateIndex,feature,cheap_rdkit_gasteiger_etkdg_mmff,float32,descriptor_specific_or_dimensionless,cheap_rdkit_gasteiger_etkdg_mmff feature: v3__rd2d_MaxAbsEStateIndex,Local RDKit/Gasteiger/ETKDG/MMFF batch calculation,empty field in CSV,0,0,True,True,False
69,cheap__v3__rd2d_MaxEStateIndex,feature,cheap_rdkit_gasteiger_etkdg_mmff,float32,descriptor_specific_or_dimensionless,cheap_rdkit_gasteiger_etkdg_mmff feature: v3__rd2d_MaxEStateIndex,Local RDKit/Gasteiger/ETKDG/MMFF batch calculation,empty field in CSV,0,0,True,True,False
70,cheap__v3__rd2d_MinAbsEStateIndex,feature,cheap_rdkit_gasteiger_etkdg_mmff,float32,descriptor_specific_or_dimensionless,cheap_rdkit_gasteiger_etkdg_mmff feature: v3__rd2d_MinAbsEStateIndex,Local RDKit/Gasteiger/ETKDG/MMFF batch calculation,empty field in CSV,0,0,True,True,False
71,cheap__v3__rd2d_MinEStateIndex,feature,cheap_rdkit_gasteiger_etkdg_mmff,float32,descriptor_specific_or_dimensionless,cheap_rdkit_gasteiger_etkdg_mmff feature: v3__rd2d_MinEStateIndex,Local RDKit/Gasteiger/ETKDG/MMFF batch calculation,empty field in CSV,0,0,False,False,False
72,cheap__v3__rd2d_qed,feature,cheap_rdkit_gasteiger_etkdg_mmff,float32,descriptor_specific_or_dimensionless,cheap_rdkit_gasteiger_etkdg_mmff feature: v3__rd2d_qed,Local RDKit/Gasteiger/ETKDG/MMFF batch calculation,empty field in CSV,0,0,False,False,False
73,cheap__v3__rd2d_SPS,feature,cheap_rdkit_gasteiger_etkdg_mmff,float32,descriptor_specific_or_dimensionless,cheap_rdkit_gasteiger_etkdg_mmff feature: v3__rd2d_SPS,Local RDKit/Gasteiger/ETKDG/MMFF batch calculation,empty field in CSV,0,0,False,False,False
74,cheap__v3__rd2d_MolWt,feature,cheap_rdkit_gasteiger_etkdg_mmff,float32,descriptor_specific_or_dimensionless,cheap_rdkit_gasteiger_etkdg_mmff feature: v3__rd2d_MolWt,Local RDKit/Gasteiger/ETKDG/MMFF batch calculation,empty field in CSV,0,0,False,False,True
75,cheap__v3__rd2d_HeavyAtomMolWt,feature,cheap_rdkit_gasteiger_etkdg_mmff,float32,descriptor_specific_or_dimensionless,cheap_rdkit_gasteiger_etkdg_mmff feature: v3__rd2d_HeavyAtomMolWt,Local RDKit/Gasteiger/ETKDG/MMFF batch calculation,empty field in CSV,0,0,False,False,False
76,cheap__v3__rd2d_ExactMolWt,feature,cheap_rdkit_gasteiger_etkdg_mmff,float32,descriptor_specific_or_dimensionless,cheap_rdkit_gasteiger_etkdg_mmff feature: v3__rd2d_ExactMolWt,Local RDKit/Gasteiger/ETKDG/MMFF batch calculation,empty field in CSV,0,0,False,False,True
77,cheap__v3__rd2d_NumValenceElectrons,feature,cheap_rdkit_gasteiger_etkdg_mmff,float32,descriptor_specific_or_dimensionless,cheap_rdkit_gasteiger_etkdg_mmff feature: v3__rd2d_NumValenceElectrons,Local RDKit/Gasteiger/ETKDG/MMFF batch calculation,empty field in CSV,0,0,False,False,True
78,cheap__v3__rd2d_NumRadicalElectrons,feature,cheap_rdkit_gasteiger_etkdg_mmff,float32,descriptor_specific_or_dimensionless,cheap_rdkit_gasteiger_etkdg_mmff feature: v3__rd2d_NumRadicalElectrons,Local RDKit/Gasteiger/ETKDG/MMFF batch calculation,empty field in CSV,0,0,False,False,False
79,cheap__v3__rd2d_MaxPartialCharge,feature,cheap_rdkit_gasteiger_etkdg_mmff,float32,descriptor_specific_or_dimensionless,cheap_rdkit_gasteiger_etkdg_mmff feature: v3__rd2d_MaxPartialCharge,Local RDKit/Gasteiger/ETKDG/MMFF batch calculation,empty field in CSV,51,0.0008410151548,False,False,False
80,cheap__v3__rd2d_MinPartialCharge,feature,cheap_rdkit_gasteiger_etkdg_mmff,float32,descriptor_specific_or_dimensionless,cheap_rdkit_gasteiger_etkdg_mmff feature: v3__rd2d_MinPartialCharge,Local RDKit/Gasteiger/ETKDG/MMFF batch calculation,empty field in CSV,51,0.0008410151548,False,False,False
81,cheap__v3__rd2d_MaxAbsPartialCharge,feature,cheap_rdkit_gasteiger_etkdg_mmff,float32,descriptor_specific_or_dimensionless,cheap_rdkit_gasteiger_etkdg_mmff feature: v3__rd2d_MaxAbsPartialCharge,Local RDKit/Gasteiger/ETKDG/MMFF batch calculation,empty field in CSV,51,0.0008410151548,False,False,False
82,cheap__v3__rd2d_MinAbsPartialCharge,feature,cheap_rdkit_gasteiger_etkdg_mmff,float32,descriptor_specific_or_dimensionless,cheap_rdkit_gasteiger_etkdg_mmff feature: v3__rd2d_MinAbsPartialCharge,Local RDKit/Gasteiger/ETKDG/MMFF batch calculation,empty field in CSV,51,0.0008410151548,True,True,False
83,cheap__v3__rd2d_FpDensityMorgan1,feature,cheap_rdkit_gasteiger_etkdg_mmff,float32,descriptor_specific_or_dimensionless,cheap_rdkit_gasteiger_etkdg_mmff feature: v3__rd2d_FpDensityMorgan1,Local RDKit/Gasteiger/ETKDG/MMFF batch calculation,empty field in CSV,0,0,False,False,False
84,cheap__v3__rd2d_FpDensityMorgan2,feature,cheap_rdkit_gasteiger_etkdg_mmff,float32,descriptor_specific_or_dimensionless,cheap_rdkit_gasteiger_etkdg_mmff feature: v3__rd2d_FpDensityMorgan2,Local RDKit/Gasteiger/ETKDG/MMFF batch calculation,empty field in CSV,0,0,True,True,False
85,cheap__v3__rd2d_FpDensityMorgan3,feature,cheap_rdkit_gasteiger_etkdg_mmff,float32,descriptor_specific_or_dimensionless,cheap_rdkit_gasteiger_etkdg_mmff feature: v3__rd2d_FpDensityMorgan3,Local RDKit/Gasteiger/ETKDG/MMFF batch calculation,empty field in CSV,0,0,True,True,False
86,cheap__v3__rd2d_BCUT2D_MWHI,feature,cheap_rdkit_gasteiger_etkdg_mmff,float32,descriptor_specific_or_dimensionless,cheap_rdkit_gasteiger_etkdg_mmff feature: v3__rd2d_BCUT2D_MWHI,Local RDKit/Gasteiger/ETKDG/MMFF batch calculation,empty field in CSV,51,0.0008410151548,False,False,False
87,cheap__v3__rd2d_BCUT2D_MWLOW,feature,cheap_rdkit_gasteiger_etkdg_mmff,float32,descriptor_specific_or_dimensionless,cheap_rdkit_gasteiger_etkdg_mmff feature: v3__rd2d_BCUT2D_MWLOW,Local RDKit/Gasteiger/ETKDG/MMFF batch calculation,empty field in CSV,51,0.0008410151548,False,False,True
88,cheap__v3__rd2d_BCUT2D_CHGHI,feature,cheap_rdkit_gasteiger_etkdg_mmff,float32,descriptor_specific_or_dimensionless,cheap_rdkit_gasteiger_etkdg_mmff feature: v3__rd2d_BCUT2D_CHGHI,Local RDKit/Gasteiger/ETKDG/MMFF batch calculation,empty field in CSV,51,0.0008410151548,False,False,False
89,cheap__v3__rd2d_BCUT2D_CHGLO,feature,cheap_rdkit_gasteiger_etkdg_mmff,float32,descriptor_specific_or_dimensionless,cheap_rdkit_gasteiger_etkdg_mmff feature: v3__rd2d_BCUT2D_CHGLO,Local RDKit/Gasteiger/ETKDG/MMFF batch calculation,empty field in CSV,51,0.0008410151548,False,False,False
90,cheap__v3__rd2d_BCUT2D_LOGPHI,feature,cheap_rdkit_gasteiger_etkdg_mmff,float32,descriptor_specific_or_dimensionless,cheap_rdkit_gasteiger_etkdg_mmff feature: v3__rd2d_BCUT2D_LOGPHI,Local RDKit/Gasteiger/ETKDG/MMFF batch calculation,empty field in CSV,51,0.0008410151548,False,False,False
91,cheap__v3__rd2d_BCUT2D_LOGPLOW,feature,cheap_rdkit_gasteiger_etkdg_mmff,float32,descriptor_specific_or_dimensionless,cheap_rdkit_gasteiger_etkdg_mmff feature: v3__rd2d_BCUT2D_LOGPLOW,Local RDKit/Gasteiger/ETKDG/MMFF batch calculation,empty field in CSV,51,0.0008410151548,False,False,False
92,cheap__v3__rd2d_BCUT2D_MRHI,feature,cheap_rdkit_gasteiger_etkdg_mmff,float32,descriptor_specific_or_dimensionless,cheap_rdkit_gasteiger_etkdg_mmff feature: v3__rd2d_BCUT2D_MRHI,Local RDKit/Gasteiger/ETKDG/MMFF batch calculation,empty field in CSV,51,0.0008410151548,False,False,False
93,cheap__v3__rd2d_BCUT2D_MRLOW,feature,cheap_rdkit_gasteiger_etkdg_mmff,float32,descriptor_specific_or_dimensionless,cheap_rdkit_gasteiger_etkdg_mmff feature: v3__rd2d_BCUT2D_MRLOW,Local RDKit/Gasteiger/ETKDG/MMFF batch calculation,empty field in CSV,51,0.0008410151548,False,False,False
94,cheap__v3__rd2d_AvgIpc,feature,cheap_rdkit_gasteiger_etkdg_mmff,float32,descriptor_specific_or_dimensionless,cheap_rdkit_gasteiger_etkdg_mmff feature: v3__rd2d_AvgIpc,Local RDKit/Gasteiger/ETKDG/MMFF batch calculation,empty field in CSV,0,0,False,False,False
95,cheap__v3__rd2d_BalabanJ,feature,cheap_rdkit_gasteiger_etkdg_mmff,float32,descriptor_specific_or_dimensionless,cheap_rdkit_gasteiger_etkdg_mmff feature: v3__rd2d_BalabanJ,Local RDKit/Gasteiger/ETKDG/MMFF batch calculation,empty field in CSV,0,0,False,False,False
96,cheap__v3__rd2d_BertzCT,feature,cheap_rdkit_gasteiger_etkdg_mmff,float32,descriptor_specific_or_dimensionless,cheap_rdkit_gasteiger_etkdg_mmff feature: v3__rd2d_BertzCT,Local RDKit/Gasteiger/ETKDG/MMFF batch calculation,empty field in CSV,0,0,True,True,False
97,cheap__v3__rd2d_Chi0,feature,cheap_rdkit_gasteiger_etkdg_mmff,float32,descriptor_specific_or_dimensionless,cheap_rdkit_gasteiger_etkdg_mmff feature: v3__rd2d_Chi0,Local RDKit/Gasteiger/ETKDG/MMFF batch calculation,empty field in CSV,0,0,True,True,True
98,cheap__v3__rd2d_Chi0n,feature,cheap_rdkit_gasteiger_etkdg_mmff,float32,descriptor_specific_or_dimensionless,cheap_rdkit_gasteiger_etkdg_mmff feature: v3__rd2d_Chi0n,Local RDKit/Gasteiger/ETKDG/MMFF batch calculation,empty field in CSV,0,0,False,False,True
99,cheap__v3__rd2d_Chi0v,feature,cheap_rdkit_gasteiger_etkdg_mmff,float32,descriptor_specific_or_dimensionless,cheap_rdkit_gasteiger_etkdg_mmff feature: v3__rd2d_Chi0v,Local RDKit/Gasteiger/ETKDG/MMFF batch calculation,empty field in CSV,0,0,False,False,True
100,cheap__v3__rd2d_Chi1,feature,cheap_rdkit_gasteiger_etkdg_mmff,float32,descriptor_specific_or_dimensionless,cheap_rdkit_gasteiger_etkdg_mmff feature: v3__rd2d_Chi1,Local RDKit/Gasteiger/ETKDG/MMFF batch calculation,empty field in CSV,0,0,True,True,True
101,cheap__v3__rd2d_Chi1n,feature,cheap_rdkit_gasteiger_etkdg_mmff,float32,descriptor_specific_or_dimensionless,cheap_rdkit_gasteiger_etkdg_mmff feature: v3__rd2d_Chi1n,Local RDKit/Gasteiger/ETKDG/MMFF batch calculation,empty field in CSV,0,0,False,False,True
102,cheap__v3__rd2d_Chi1v,feature,cheap_rdkit_gasteiger_etkdg_mmff,float32,descriptor_specific_or_dimensionless,cheap_rdkit_gasteiger_etkdg_mmff feature: v3__rd2d_Chi1v,Local RDKit/Gasteiger/ETKDG/MMFF batch calculation,empty field in CSV,0,0,False,False,True
103,cheap__v3__rd2d_Chi2n,feature,cheap_rdkit_gasteiger_etkdg_mmff,float32,descriptor_specific_or_dimensionless,cheap_rdkit_gasteiger_etkdg_mmff feature: v3__rd2d_Chi2n,Local RDKit/Gasteiger/ETKDG/MMFF batch calculation,empty field in CSV,0,0,False,False,True
104,cheap__v3__rd2d_Chi2v,feature,cheap_rdkit_gasteiger_etkdg_mmff,float32,descriptor_specific_or_dimensionless,cheap_rdkit_gasteiger_etkdg_mmff feature: v3__rd2d_Chi2v,Local RDKit/Gasteiger/ETKDG/MMFF batch calculation,empty field in CSV,0,0,False,False,True
105,cheap__v3__rd2d_Chi3n,feature,cheap_rdkit_gasteiger_etkdg_mmff,float32,descriptor_specific_or_dimensionless,cheap_rdkit_gasteiger_etkdg_mmff feature: v3__rd2d_Chi3n,Local RDKit/Gasteiger/ETKDG/MMFF batch calculation,empty field in CSV,0,0,False,False,True
106,cheap__v3__rd2d_Chi3v,feature,cheap_rdkit_gasteiger_etkdg_mmff,float32,descriptor_specific_or_dimensionless,cheap_rdkit_gasteiger_etkdg_mmff feature: v3__rd2d_Chi3v,Local RDKit/Gasteiger/ETKDG/MMFF batch calculation,empty field in CSV,0,0,False,False,True
107,cheap__v3__rd2d_Chi4n,feature,cheap_rdkit_gasteiger_etkdg_mmff,float32,descriptor_specific_or_dimensionless,cheap_rdkit_gasteiger_etkdg_mmff feature: v3__rd2d_Chi4n,Local RDKit/Gasteiger/ETKDG/MMFF batch calculation,empty field in CSV,0,0,False,False,True
108,cheap__v3__rd2d_Chi4v,feature,cheap_rdkit_gasteiger_etkdg_mmff,float32,descriptor_specific_or_dimensionless,cheap_rdkit_gasteiger_etkdg_mmff feature: v3__rd2d_Chi4v,Local RDKit/Gasteiger/ETKDG/MMFF batch calculation,empty field in CSV,0,0,False,False,True
109,cheap__v3__rd2d_HallKierAlpha,feature,cheap_rdkit_gasteiger_etkdg_mmff,float32,descriptor_specific_or_dimensionless,cheap_rdkit_gasteiger_etkdg_mmff feature: v3__rd2d_HallKierAlpha,Local RDKit/Gasteiger/ETKDG/MMFF batch calculation,empty field in CSV,0,0,True,True,False
110,cheap__v3__rd2d_Ipc,feature,cheap_rdkit_gasteiger_etkdg_mmff,float32,descriptor_specific_or_dimensionless,cheap_rdkit_gasteiger_etkdg_mmff feature: v3__rd2d_Ipc,Local RDKit/Gasteiger/ETKDG/MMFF batch calculation,empty field in CSV,0,0,True,True,False
111,cheap__v3__rd2d_Kappa1,feature,cheap_rdkit_gasteiger_etkdg_mmff,float32,descriptor_specific_or_dimensionless,cheap_rdkit_gasteiger_etkdg_mmff feature: v3__rd2d_Kappa1,Local RDKit/Gasteiger/ETKDG/MMFF batch calculation,empty field in CSV,0,0,False,False,True
112,cheap__v3__rd2d_Kappa2,feature,cheap_rdkit_gasteiger_etkdg_mmff,float32,descriptor_specific_or_dimensionless,cheap_rdkit_gasteiger_etkdg_mmff feature: v3__rd2d_Kappa2,Local RDKit/Gasteiger/ETKDG/MMFF batch calculation,empty field in CSV,0,0,False,False,False
113,cheap__v3__rd2d_Kappa3,feature,cheap_rdkit_gasteiger_etkdg_mmff,float32,descriptor_specific_or_dimensionless,cheap_rdkit_gasteiger_etkdg_mmff feature: v3__rd2d_Kappa3,Local RDKit/Gasteiger/ETKDG/MMFF batch calculation,empty field in CSV,0,0,False,False,False
114,cheap__v3__rd2d_LabuteASA,feature,cheap_rdkit_gasteiger_etkdg_mmff,float32,descriptor_specific_or_dimensionless,cheap_rdkit_gasteiger_etkdg_mmff feature: v3__rd2d_LabuteASA,Local RDKit/Gasteiger/ETKDG/MMFF batch calculation,empty field in CSV,0,0,False,False,True
115,cheap__v3__rd2d_PEOE_VSA1,feature,cheap_rdkit_gasteiger_etkdg_mmff,float32,descriptor_specific_or_dimensionless,cheap_rdkit_gasteiger_etkdg_mmff feature: v3__rd2d_PEOE_VSA1,Local RDKit/Gasteiger/ETKDG/MMFF batch calculation,empty field in CSV,0,0,False,False,False
116,cheap__v3__rd2d_PEOE_VSA10,feature,cheap_rdkit_gasteiger_etkdg_mmff,float32,descriptor_specific_or_dimensionless,cheap_rdkit_gasteiger_etkdg_mmff feature: v3__rd2d_PEOE_VSA10,Local RDKit/Gasteiger/ETKDG/MMFF batch calculation,empty field in CSV,0,0,False,False,False
117,cheap__v3__rd2d_PEOE_VSA11,feature,cheap_rdkit_gasteiger_etkdg_mmff,float32,descriptor_specific_or_dimensionless,cheap_rdkit_gasteiger_etkdg_mmff feature: v3__rd2d_PEOE_VSA11,Local RDKit/Gasteiger/ETKDG/MMFF batch calculation,empty field in CSV,0,0,False,False,False
118,cheap__v3__rd2d_PEOE_VSA12,feature,cheap_rdkit_gasteiger_etkdg_mmff,float32,descriptor_specific_or_dimensionless,cheap_rdkit_gasteiger_etkdg_mmff feature: v3__rd2d_PEOE_VSA12,Local RDKit/Gasteiger/ETKDG/MMFF batch calculation,empty field in CSV,0,0,True,True,False
119,cheap__v3__rd2d_PEOE_VSA13,feature,cheap_rdkit_gasteiger_etkdg_mmff,float32,descriptor_specific_or_dimensionless,cheap_rdkit_gasteiger_etkdg_mmff feature: v3__rd2d_PEOE_VSA13,Local RDKit/Gasteiger/ETKDG/MMFF batch calculation,empty field in CSV,0,0,False,False,False
120,cheap__v3__rd2d_PEOE_VSA14,feature,cheap_rdkit_gasteiger_etkdg_mmff,float32,descriptor_specific_or_dimensionless,cheap_rdkit_gasteiger_etkdg_mmff feature: v3__rd2d_PEOE_VSA14,Local RDKit/Gasteiger/ETKDG/MMFF batch calculation,empty field in CSV,0,0,False,False,False
121,cheap__v3__rd2d_PEOE_VSA2,feature,cheap_rdkit_gasteiger_etkdg_mmff,float32,descriptor_specific_or_dimensionless,cheap_rdkit_gasteiger_etkdg_mmff feature: v3__rd2d_PEOE_VSA2,Local RDKit/Gasteiger/ETKDG/MMFF batch calculation,empty field in CSV,0,0,True,True,False
122,cheap__v3__rd2d_PEOE_VSA3,feature,cheap_rdkit_gasteiger_etkdg_mmff,float32,descriptor_specific_or_dimensionless,cheap_rdkit_gasteiger_etkdg_mmff feature: v3__rd2d_PEOE_VSA3,Local RDKit/Gasteiger/ETKDG/MMFF batch calculation,empty field in CSV,0,0,False,False,False
123,cheap__v3__rd2d_PEOE_VSA4,feature,cheap_rdkit_gasteiger_etkdg_mmff,float32,descriptor_specific_or_dimensionless,cheap_rdkit_gasteiger_etkdg_mmff feature: v3__rd2d_PEOE_VSA4,Local RDKit/Gasteiger/ETKDG/MMFF batch calculation,empty field in CSV,0,0,True,True,False
124,cheap__v3__rd2d_PEOE_VSA5,feature,cheap_rdkit_gasteiger_etkdg_mmff,float32,descriptor_specific_or_dimensionless,cheap_rdkit_gasteiger_etkdg_mmff feature: v3__rd2d_PEOE_VSA5,Local RDKit/Gasteiger/ETKDG/MMFF batch calculation,empty field in CSV,0,0,False,False,False
125,cheap__v3__rd2d_PEOE_VSA6,feature,cheap_rdkit_gasteiger_etkdg_mmff,float32,descriptor_specific_or_dimensionless,cheap_rdkit_gasteiger_etkdg_mmff feature: v3__rd2d_PEOE_VSA6,Local RDKit/Gasteiger/ETKDG/MMFF batch calculation,empty field in CSV,0,0,False,False,False
126,cheap__v3__rd2d_PEOE_VSA7,feature,cheap_rdkit_gasteiger_etkdg_mmff,float32,descriptor_specific_or_dimensionless,cheap_rdkit_gasteiger_etkdg_mmff feature: v3__rd2d_PEOE_VSA7,Local RDKit/Gasteiger/ETKDG/MMFF batch calculation,empty field in CSV,0,0,False,False,True
127,cheap__v3__rd2d_PEOE_VSA8,feature,cheap_rdkit_gasteiger_etkdg_mmff,float32,descriptor_specific_or_dimensionless,cheap_rdkit_gasteiger_etkdg_mmff feature: v3__rd2d_PEOE_VSA8,Local RDKit/Gasteiger/ETKDG/MMFF batch calculation,empty field in CSV,0,0,False,False,False
128,cheap__v3__rd2d_PEOE_VSA9,feature,cheap_rdkit_gasteiger_etkdg_mmff,float32,descriptor_specific_or_dimensionless,cheap_rdkit_gasteiger_etkdg_mmff feature: v3__rd2d_PEOE_VSA9,Local RDKit/Gasteiger/ETKDG/MMFF batch calculation,empty field in CSV,0,0,False,False,False
129,cheap__v3__rd2d_SMR_VSA1,feature,cheap_rdkit_gasteiger_etkdg_mmff,float32,descriptor_specific_or_dimensionless,cheap_rdkit_gasteiger_etkdg_mmff feature: v3__rd2d_SMR_VSA1,Local RDKit/Gasteiger/ETKDG/MMFF batch calculation,empty field in CSV,0,0,False,False,False
130,cheap__v3__rd2d_SMR_VSA10,feature,cheap_rdkit_gasteiger_etkdg_mmff,float32,descriptor_specific_or_dimensionless,cheap_rdkit_gasteiger_etkdg_mmff feature: v3__rd2d_SMR_VSA10,Local RDKit/Gasteiger/ETKDG/MMFF batch calculation,empty field in CSV,0,0,False,False,False
131,cheap__v3__rd2d_SMR_VSA2,feature,cheap_rdkit_gasteiger_etkdg_mmff,float32,descriptor_specific_or_dimensionless,cheap_rdkit_gasteiger_etkdg_mmff feature: v3__rd2d_SMR_VSA2,Local RDKit/Gasteiger/ETKDG/MMFF batch calculation,empty field in CSV,0,0,True,True,False
132,cheap__v3__rd2d_SMR_VSA3,feature,cheap_rdkit_gasteiger_etkdg_mmff,float32,descriptor_specific_or_dimensionless,cheap_rdkit_gasteiger_etkdg_mmff feature: v3__rd2d_SMR_VSA3,Local RDKit/Gasteiger/ETKDG/MMFF batch calculation,empty field in CSV,0,0,True,True,False
133,cheap__v3__rd2d_SMR_VSA4,feature,cheap_rdkit_gasteiger_etkdg_mmff,float32,descriptor_specific_or_dimensionless,cheap_rdkit_gasteiger_etkdg_mmff feature: v3__rd2d_SMR_VSA4,Local RDKit/Gasteiger/ETKDG/MMFF batch calculation,empty field in CSV,0,0,False,False,False
134,cheap__v3__rd2d_SMR_VSA5,feature,cheap_rdkit_gasteiger_etkdg_mmff,float32,descriptor_specific_or_dimensionless,cheap_rdkit_gasteiger_etkdg_mmff feature: v3__rd2d_SMR_VSA5,Local RDKit/Gasteiger/ETKDG/MMFF batch calculation,empty field in CSV,0,0,False,False,True
135,cheap__v3__rd2d_SMR_VSA6,feature,cheap_rdkit_gasteiger_etkdg_mmff,float32,descriptor_specific_or_dimensionless,cheap_rdkit_gasteiger_etkdg_mmff feature: v3__rd2d_SMR_VSA6,Local RDKit/Gasteiger/ETKDG/MMFF batch calculation,empty field in CSV,0,0,False,False,False
136,cheap__v3__rd2d_SMR_VSA7,feature,cheap_rdkit_gasteiger_etkdg_mmff,float32,descriptor_specific_or_dimensionless,cheap_rdkit_gasteiger_etkdg_mmff feature: v3__rd2d_SMR_VSA7,Local RDKit/Gasteiger/ETKDG/MMFF batch calculation,empty field in CSV,0,0,False,False,False
137,cheap__v3__rd2d_SMR_VSA8,feature,cheap_rdkit_gasteiger_etkdg_mmff,float32,descriptor_specific_or_dimensionless,cheap_rdkit_gasteiger_etkdg_mmff feature: v3__rd2d_SMR_VSA8,Local RDKit/Gasteiger/ETKDG/MMFF batch calculation,empty field in CSV,0,0,False,False,False
138,cheap__v3__rd2d_SMR_VSA9,feature,cheap_rdkit_gasteiger_etkdg_mmff,float32,descriptor_specific_or_dimensionless,cheap_rdkit_gasteiger_etkdg_mmff feature: v3__rd2d_SMR_VSA9,Local RDKit/Gasteiger/ETKDG/MMFF batch calculation,empty field in CSV,0,0,True,True,False
139,cheap__v3__rd2d_SlogP_VSA1,feature,cheap_rdkit_gasteiger_etkdg_mmff,float32,descriptor_specific_or_dimensionless,cheap_rdkit_gasteiger_etkdg_mmff feature: v3__rd2d_SlogP_VSA1,Local RDKit/Gasteiger/ETKDG/MMFF batch calculation,empty field in CSV,0,0,True,True,False
140,cheap__v3__rd2d_SlogP_VSA10,feature,cheap_rdkit_gasteiger_etkdg_mmff,float32,descriptor_specific_or_dimensionless,cheap_rdkit_gasteiger_etkdg_mmff feature: v3__rd2d_SlogP_VSA10,Local RDKit/Gasteiger/ETKDG/MMFF batch calculation,empty field in CSV,0,0,False,False,False
141,cheap__v3__rd2d_SlogP_VSA11,feature,cheap_rdkit_gasteiger_etkdg_mmff,float32,descriptor_specific_or_dimensionless,cheap_rdkit_gasteiger_etkdg_mmff feature: v3__rd2d_SlogP_VSA11,Local RDKit/Gasteiger/ETKDG/MMFF batch calculation,empty field in CSV,0,0,False,False,False
142,cheap__v3__rd2d_SlogP_VSA12,feature,cheap_rdkit_gasteiger_etkdg_mmff,float32,descriptor_specific_or_dimensionless,cheap_rdkit_gasteiger_etkdg_mmff feature: v3__rd2d_SlogP_VSA12,Local RDKit/Gasteiger/ETKDG/MMFF batch calculation,empty field in CSV,0,0,True,True,False
143,cheap__v3__rd2d_SlogP_VSA2,feature,cheap_rdkit_gasteiger_etkdg_mmff,float32,descriptor_specific_or_dimensionless,cheap_rdkit_gasteiger_etkdg_mmff feature: v3__rd2d_SlogP_VSA2,Local RDKit/Gasteiger/ETKDG/MMFF batch calculation,empty field in CSV,0,0,False,False,False
144,cheap__v3__rd2d_SlogP_VSA3,feature,cheap_rdkit_gasteiger_etkdg_mmff,float32,descriptor_specific_or_dimensionless,cheap_rdkit_gasteiger_etkdg_mmff feature: v3__rd2d_SlogP_VSA3,Local RDKit/Gasteiger/ETKDG/MMFF batch calculation,empty field in CSV,0,0,False,False,False
145,cheap__v3__rd2d_SlogP_VSA4,feature,cheap_rdkit_gasteiger_etkdg_mmff,float32,descriptor_specific_or_dimensionless,cheap_rdkit_gasteiger_etkdg_mmff feature: v3__rd2d_SlogP_VSA4,Local RDKit/Gasteiger/ETKDG/MMFF batch calculation,empty field in CSV,0,0,True,True,False
146,cheap__v3__rd2d_SlogP_VSA5,feature,cheap_rdkit_gasteiger_etkdg_mmff,float32,descriptor_specific_or_dimensionless,cheap_rdkit_gasteiger_etkdg_mmff feature: v3__rd2d_SlogP_VSA5,Local RDKit/Gasteiger/ETKDG/MMFF batch calculation,empty field in CSV,0,0,False,False,True
147,cheap__v3__rd2d_SlogP_VSA6,feature,cheap_rdkit_gasteiger_etkdg_mmff,float32,descriptor_specific_or_dimensionless,cheap_rdkit_gasteiger_etkdg_mmff feature: v3__rd2d_SlogP_VSA6,Local RDKit/Gasteiger/ETKDG/MMFF batch calculation,empty field in CSV,0,0,False,False,False
148,cheap__v3__rd2d_SlogP_VSA7,feature,cheap_rdkit_gasteiger_etkdg_mmff,float32,descriptor_specific_or_dimensionless,cheap_rdkit_gasteiger_etkdg_mmff feature: v3__rd2d_SlogP_VSA7,Local RDKit/Gasteiger/ETKDG/MMFF batch calculation,empty field in CSV,0,0,False,False,False
149,cheap__v3__rd2d_SlogP_VSA8,feature,cheap_rdkit_gasteiger_etkdg_mmff,float32,descriptor_specific_or_dimensionless,cheap_rdkit_gasteiger_etkdg_mmff feature: v3__rd2d_SlogP_VSA8,Local RDKit/Gasteiger/ETKDG/MMFF batch calculation,empty field in CSV,0,0,False,False,False
150,cheap__v3__rd2d_SlogP_VSA9,feature,cheap_rdkit_gasteiger_etkdg_mmff,float32,descriptor_specific_or_dimensionless,cheap_rdkit_gasteiger_etkdg_mmff feature: v3__rd2d_SlogP_VSA9,Local RDKit/Gasteiger/ETKDG/MMFF batch calculation,empty field in CSV,0,0,False,False,False
151,cheap__v3__rd2d_TPSA,feature,cheap_rdkit_gasteiger_etkdg_mmff,float32,descriptor_specific_or_dimensionless,cheap_rdkit_gasteiger_etkdg_mmff feature: v3__rd2d_TPSA,Local RDKit/Gasteiger/ETKDG/MMFF batch calculation,empty field in CSV,0,0,True,True,False
152,cheap__v3__rd2d_EState_VSA1,feature,cheap_rdkit_gasteiger_etkdg_mmff,float32,descriptor_specific_or_dimensionless,cheap_rdkit_gasteiger_etkdg_mmff feature: v3__rd2d_EState_VSA1,Local RDKit/Gasteiger/ETKDG/MMFF batch calculation,empty field in CSV,0,0,False,False,False
153,cheap__v3__rd2d_EState_VSA10,feature,cheap_rdkit_gasteiger_etkdg_mmff,float32,descriptor_specific_or_dimensionless,cheap_rdkit_gasteiger_etkdg_mmff feature: v3__rd2d_EState_VSA10,Local RDKit/Gasteiger/ETKDG/MMFF batch calculation,empty field in CSV,0,0,False,False,False
154,cheap__v3__rd2d_EState_VSA11,feature,cheap_rdkit_gasteiger_etkdg_mmff,float32,descriptor_specific_or_dimensionless,cheap_rdkit_gasteiger_etkdg_mmff feature: v3__rd2d_EState_VSA11,Local RDKit/Gasteiger/ETKDG/MMFF batch calculation,empty field in CSV,0,0,False,False,False
155,cheap__v3__rd2d_EState_VSA2,feature,cheap_rdkit_gasteiger_etkdg_mmff,float32,descriptor_specific_or_dimensionless,cheap_rdkit_gasteiger_etkdg_mmff feature: v3__rd2d_EState_VSA2,Local RDKit/Gasteiger/ETKDG/MMFF batch calculation,empty field in CSV,0,0,False,False,False
156,cheap__v3__rd2d_EState_VSA3,feature,cheap_rdkit_gasteiger_etkdg_mmff,float32,descriptor_specific_or_dimensionless,cheap_rdkit_gasteiger_etkdg_mmff feature: v3__rd2d_EState_VSA3,Local RDKit/Gasteiger/ETKDG/MMFF batch calculation,empty field in CSV,0,0,False,False,False
157,cheap__v3__rd2d_EState_VSA4,feature,cheap_rdkit_gasteiger_etkdg_mmff,float32,descriptor_specific_or_dimensionless,cheap_rdkit_gasteiger_etkdg_mmff feature: v3__rd2d_EState_VSA4,Local RDKit/Gasteiger/ETKDG/MMFF batch calculation,empty field in CSV,0,0,False,False,False
158,cheap__v3__rd2d_EState_VSA5,feature,cheap_rdkit_gasteiger_etkdg_mmff,float32,descriptor_specific_or_dimensionless,cheap_rdkit_gasteiger_etkdg_mmff feature: v3__rd2d_EState_VSA5,Local RDKit/Gasteiger/ETKDG/MMFF batch calculation,empty field in CSV,0,0,False,False,False
159,cheap__v3__rd2d_EState_VSA6,feature,cheap_rdkit_gasteiger_etkdg_mmff,float32,descriptor_specific_or_dimensionless,cheap_rdkit_gasteiger_etkdg_mmff feature: v3__rd2d_EState_VSA6,Local RDKit/Gasteiger/ETKDG/MMFF batch calculation,empty field in CSV,0,0,False,False,False
160,cheap__v3__rd2d_EState_VSA7,feature,cheap_rdkit_gasteiger_etkdg_mmff,float32,descriptor_specific_or_dimensionless,cheap_rdkit_gasteiger_etkdg_mmff feature: v3__rd2d_EState_VSA7,Local RDKit/Gasteiger/ETKDG/MMFF batch calculation,empty field in CSV,0,0,False,False,False
161,cheap__v3__rd2d_EState_VSA8,feature,cheap_rdkit_gasteiger_etkdg_mmff,float32,descriptor_specific_or_dimensionless,cheap_rdkit_gasteiger_etkdg_mmff feature: v3__rd2d_EState_VSA8,Local RDKit/Gasteiger/ETKDG/MMFF batch calculation,empty field in CSV,0,0,False,False,False
162,cheap__v3__rd2d_EState_VSA9,feature,cheap_rdkit_gasteiger_etkdg_mmff,float32,descriptor_specific_or_dimensionless,cheap_rdkit_gasteiger_etkdg_mmff feature: v3__rd2d_EState_VSA9,Local RDKit/Gasteiger/ETKDG/MMFF batch calculation,empty field in CSV,0,0,False,False,False
163,cheap__v3__rd2d_VSA_EState1,feature,cheap_rdkit_gasteiger_etkdg_mmff,float32,descriptor_specific_or_dimensionless,cheap_rdkit_gasteiger_etkdg_mmff feature: v3__rd2d_VSA_EState1,Local RDKit/Gasteiger/ETKDG/MMFF batch calculation,empty field in CSV,0,0,True,True,False
164,cheap__v3__rd2d_VSA_EState10,feature,cheap_rdkit_gasteiger_etkdg_mmff,float32,descriptor_specific_or_dimensionless,cheap_rdkit_gasteiger_etkdg_mmff feature: v3__rd2d_VSA_EState10,Local RDKit/Gasteiger/ETKDG/MMFF batch calculation,empty field in CSV,0,0,False,False,False
165,cheap__v3__rd2d_VSA_EState2,feature,cheap_rdkit_gasteiger_etkdg_mmff,float32,descriptor_specific_or_dimensionless,cheap_rdkit_gasteiger_etkdg_mmff feature: v3__rd2d_VSA_EState2,Local RDKit/Gasteiger/ETKDG/MMFF batch calculation,empty field in CSV,0,0,True,True,False
166,cheap__v3__rd2d_VSA_EState3,feature,cheap_rdkit_gasteiger_etkdg_mmff,float32,descriptor_specific_or_dimensionless,cheap_rdkit_gasteiger_etkdg_mmff feature: v3__rd2d_VSA_EState3,Local RDKit/Gasteiger/ETKDG/MMFF batch calculation,empty field in CSV,0,0,True,True,False
167,cheap__v3__rd2d_VSA_EState4,feature,cheap_rdkit_gasteiger_etkdg_mmff,float32,descriptor_specific_or_dimensionless,cheap_rdkit_gasteiger_etkdg_mmff feature: v3__rd2d_VSA_EState4,Local RDKit/Gasteiger/ETKDG/MMFF batch calculation,empty field in CSV,0,0,False,False,False
168,cheap__v3__rd2d_VSA_EState5,feature,cheap_rdkit_gasteiger_etkdg_mmff,float32,descriptor_specific_or_dimensionless,cheap_rdkit_gasteiger_etkdg_mmff feature: v3__rd2d_VSA_EState5,Local RDKit/Gasteiger/ETKDG/MMFF batch calculation,empty field in CSV,0,0,False,False,False
169,cheap__v3__rd2d_VSA_EState6,feature,cheap_rdkit_gasteiger_etkdg_mmff,float32,descriptor_specific_or_dimensionless,cheap_rdkit_gasteiger_etkdg_mmff feature: v3__rd2d_VSA_EState6,Local RDKit/Gasteiger/ETKDG/MMFF batch calculation,empty field in CSV,0,0,True,True,False
170,cheap__v3__rd2d_VSA_EState7,feature,cheap_rdkit_gasteiger_etkdg_mmff,float32,descriptor_specific_or_dimensionless,cheap_rdkit_gasteiger_etkdg_mmff feature: v3__rd2d_VSA_EState7,Local RDKit/Gasteiger/ETKDG/MMFF batch calculation,empty field in CSV,0,0,False,False,False
171,cheap__v3__rd2d_VSA_EState8,feature,cheap_rdkit_gasteiger_etkdg_mmff,float32,descriptor_specific_or_dimensionless,cheap_rdkit_gasteiger_etkdg_mmff feature: v3__rd2d_VSA_EState8,Local RDKit/Gasteiger/ETKDG/MMFF batch calculation,empty field in CSV,0,0,False,False,True
172,cheap__v3__rd2d_VSA_EState9,feature,cheap_rdkit_gasteiger_etkdg_mmff,float32,descriptor_specific_or_dimensionless,cheap_rdkit_gasteiger_etkdg_mmff feature: v3__rd2d_VSA_EState9,Local RDKit/Gasteiger/ETKDG/MMFF batch calculation,empty field in CSV,0,0,True,True,False
173,cheap__v3__rd2d_FractionCSP3,feature,cheap_rdkit_gasteiger_etkdg_mmff,float32,descriptor_specific_or_dimensionless,cheap_rdkit_gasteiger_etkdg_mmff feature: v3__rd2d_FractionCSP3,Local RDKit/Gasteiger/ETKDG/MMFF batch calculation,empty field in CSV,0,0,False,False,False
174,cheap__v3__rd2d_HeavyAtomCount,feature,cheap_rdkit_gasteiger_etkdg_mmff,float32,count,cheap_rdkit_gasteiger_etkdg_mmff feature: v3__rd2d_HeavyAtomCount,Local RDKit/Gasteiger/ETKDG/MMFF batch calculation,empty field in CSV,0,0,True,True,True
175,cheap__v3__rd2d_NHOHCount,feature,cheap_rdkit_gasteiger_etkdg_mmff,float32,count,cheap_rdkit_gasteiger_etkdg_mmff feature: v3__rd2d_NHOHCount,Local RDKit/Gasteiger/ETKDG/MMFF batch calculation,empty field in CSV,0,0,True,True,False
176,cheap__v3__rd2d_NOCount,feature,cheap_rdkit_gasteiger_etkdg_mmff,float32,count,cheap_rdkit_gasteiger_etkdg_mmff feature: v3__rd2d_NOCount,Local RDKit/Gasteiger/ETKDG/MMFF batch calculation,empty field in CSV,0,0,True,True,False
177,cheap__v3__rd2d_NumAliphaticCarbocycles,feature,cheap_rdkit_gasteiger_etkdg_mmff,float32,descriptor_specific_or_dimensionless,cheap_rdkit_gasteiger_etkdg_mmff feature: v3__rd2d_NumAliphaticCarbocycles,Local RDKit/Gasteiger/ETKDG/MMFF batch calculation,empty field in CSV,0,0,False,False,False
178,cheap__v3__rd2d_NumAliphaticHeterocycles,feature,cheap_rdkit_gasteiger_etkdg_mmff,float32,descriptor_specific_or_dimensionless,cheap_rdkit_gasteiger_etkdg_mmff feature: v3__rd2d_NumAliphaticHeterocycles,Local RDKit/Gasteiger/ETKDG/MMFF batch calculation,empty field in CSV,0,0,False,False,False
179,cheap__v3__rd2d_NumAliphaticRings,feature,cheap_rdkit_gasteiger_etkdg_mmff,float32,count,cheap_rdkit_gasteiger_etkdg_mmff feature: v3__rd2d_NumAliphaticRings,Local RDKit/Gasteiger/ETKDG/MMFF batch calculation,empty field in CSV,0,0,False,False,False
180,cheap__v3__rd2d_NumAmideBonds,feature,cheap_rdkit_gasteiger_etkdg_mmff,float32,descriptor_specific_or_dimensionless,cheap_rdkit_gasteiger_etkdg_mmff feature: v3__rd2d_NumAmideBonds,Local RDKit/Gasteiger/ETKDG/MMFF batch calculation,empty field in CSV,0,0,True,True,False
181,cheap__v3__rd2d_NumAromaticCarbocycles,feature,cheap_rdkit_gasteiger_etkdg_mmff,float32,descriptor_specific_or_dimensionless,cheap_rdkit_gasteiger_etkdg_mmff feature: v3__rd2d_NumAromaticCarbocycles,Local RDKit/Gasteiger/ETKDG/MMFF batch calculation,empty field in CSV,0,0,False,False,False
182,cheap__v3__rd2d_NumAromaticHeterocycles,feature,cheap_rdkit_gasteiger_etkdg_mmff,float32,descriptor_specific_or_dimensionless,cheap_rdkit_gasteiger_etkdg_mmff feature: v3__rd2d_NumAromaticHeterocycles,Local RDKit/Gasteiger/ETKDG/MMFF batch calculation,empty field in CSV,0,0,False,False,False
183,cheap__v3__rd2d_NumAromaticRings,feature,cheap_rdkit_gasteiger_etkdg_mmff,float32,count,cheap_rdkit_gasteiger_etkdg_mmff feature: v3__rd2d_NumAromaticRings,Local RDKit/Gasteiger/ETKDG/MMFF batch calculation,empty field in CSV,0,0,False,False,False
184,cheap__v3__rd2d_NumAtomStereoCenters,feature,cheap_rdkit_gasteiger_etkdg_mmff,float32,descriptor_specific_or_dimensionless,cheap_rdkit_gasteiger_etkdg_mmff feature: v3__rd2d_NumAtomStereoCenters,Local RDKit/Gasteiger/ETKDG/MMFF batch calculation,empty field in CSV,0,0,False,False,False
185,cheap__v3__rd2d_NumBridgeheadAtoms,feature,cheap_rdkit_gasteiger_etkdg_mmff,float32,descriptor_specific_or_dimensionless,cheap_rdkit_gasteiger_etkdg_mmff feature: v3__rd2d_NumBridgeheadAtoms,Local RDKit/Gasteiger/ETKDG/MMFF batch calculation,empty field in CSV,0,0,False,False,False
186,cheap__v3__rd2d_NumHAcceptors,feature,cheap_rdkit_gasteiger_etkdg_mmff,float32,descriptor_specific_or_dimensionless,cheap_rdkit_gasteiger_etkdg_mmff feature: v3__rd2d_NumHAcceptors,Local RDKit/Gasteiger/ETKDG/MMFF batch calculation,empty field in CSV,0,0,True,True,False
187,cheap__v3__rd2d_NumHDonors,feature,cheap_rdkit_gasteiger_etkdg_mmff,float32,descriptor_specific_or_dimensionless,cheap_rdkit_gasteiger_etkdg_mmff feature: v3__rd2d_NumHDonors,Local RDKit/Gasteiger/ETKDG/MMFF batch calculation,empty field in CSV,0,0,False,False,False
188,cheap__v3__rd2d_NumHeteroatoms,feature,cheap_rdkit_gasteiger_etkdg_mmff,float32,descriptor_specific_or_dimensionless,cheap_rdkit_gasteiger_etkdg_mmff feature: v3__rd2d_NumHeteroatoms,Local RDKit/Gasteiger/ETKDG/MMFF batch calculation,empty field in CSV,0,0,False,False,False
189,cheap__v3__rd2d_NumHeterocycles,feature,cheap_rdkit_gasteiger_etkdg_mmff,float32,descriptor_specific_or_dimensionless,cheap_rdkit_gasteiger_etkdg_mmff feature: v3__rd2d_NumHeterocycles,Local RDKit/Gasteiger/ETKDG/MMFF batch calculation,empty field in CSV,0,0,False,False,False
190,cheap__v3__rd2d_NumRotatableBonds,feature,cheap_rdkit_gasteiger_etkdg_mmff,float32,count,cheap_rdkit_gasteiger_etkdg_mmff feature: v3__rd2d_NumRotatableBonds,Local RDKit/Gasteiger/ETKDG/MMFF batch calculation,empty field in CSV,0,0,False,False,False
191,cheap__v3__rd2d_NumSaturatedCarbocycles,feature,cheap_rdkit_gasteiger_etkdg_mmff,float32,descriptor_specific_or_dimensionless,cheap_rdkit_gasteiger_etkdg_mmff feature: v3__rd2d_NumSaturatedCarbocycles,Local RDKit/Gasteiger/ETKDG/MMFF batch calculation,empty field in CSV,0,0,False,False,False
192,cheap__v3__rd2d_NumSaturatedHeterocycles,feature,cheap_rdkit_gasteiger_etkdg_mmff,float32,descriptor_specific_or_dimensionless,cheap_rdkit_gasteiger_etkdg_mmff feature: v3__rd2d_NumSaturatedHeterocycles,Local RDKit/Gasteiger/ETKDG/MMFF batch calculation,empty field in CSV,0,0,False,False,False
193,cheap__v3__rd2d_NumSaturatedRings,feature,cheap_rdkit_gasteiger_etkdg_mmff,float32,count,cheap_rdkit_gasteiger_etkdg_mmff feature: v3__rd2d_NumSaturatedRings,Local RDKit/Gasteiger/ETKDG/MMFF batch calculation,empty field in CSV,0,0,False,False,False
194,cheap__v3__rd2d_NumSpiroAtoms,feature,cheap_rdkit_gasteiger_etkdg_mmff,float32,descriptor_specific_or_dimensionless,cheap_rdkit_gasteiger_etkdg_mmff feature: v3__rd2d_NumSpiroAtoms,Local RDKit/Gasteiger/ETKDG/MMFF batch calculation,empty field in CSV,0,0,False,False,False
195,cheap__v3__rd2d_NumUnspecifiedAtomStereoCenters,feature,cheap_rdkit_gasteiger_etkdg_mmff,float32,descriptor_specific_or_dimensionless,cheap_rdkit_gasteiger_etkdg_mmff feature: v3__rd2d_NumUnspecifiedAtomStereoCenters,Local RDKit/Gasteiger/ETKDG/MMFF batch calculation,empty field in CSV,0,0,False,False,False
196,cheap__v3__rd2d_Phi,feature,cheap_rdkit_gasteiger_etkdg_mmff,float32,descriptor_specific_or_dimensionless,cheap_rdkit_gasteiger_etkdg_mmff feature: v3__rd2d_Phi,Local RDKit/Gasteiger/ETKDG/MMFF batch calculation,empty field in CSV,0,0,False,False,False
197,cheap__v3__rd2d_RingCount,feature,cheap_rdkit_gasteiger_etkdg_mmff,float32,count,cheap_rdkit_gasteiger_etkdg_mmff feature: v3__rd2d_RingCount,Local RDKit/Gasteiger/ETKDG/MMFF batch calculation,empty field in CSV,0,0,False,False,False
198,cheap__v3__rd2d_MolLogP,feature,cheap_rdkit_gasteiger_etkdg_mmff,float32,descriptor_specific_or_dimensionless,cheap_rdkit_gasteiger_etkdg_mmff feature: v3__rd2d_MolLogP,Local RDKit/Gasteiger/ETKDG/MMFF batch calculation,empty field in CSV,0,0,True,True,False
199,cheap__v3__rd2d_MolMR,feature,cheap_rdkit_gasteiger_etkdg_mmff,float32,descriptor_specific_or_dimensionless,cheap_rdkit_gasteiger_etkdg_mmff feature: v3__rd2d_MolMR,Local RDKit/Gasteiger/ETKDG/MMFF batch calculation,empty field in CSV,0,0,False,False,True
200,cheap__v3__rd2d_fr_Al_COO,feature,cheap_rdkit_gasteiger_etkdg_mmff,float32,descriptor_specific_or_dimensionless,cheap_rdkit_gasteiger_etkdg_mmff feature: v3__rd2d_fr_Al_COO,Local RDKit/Gasteiger/ETKDG/MMFF batch calculation,empty field in CSV,0,0,False,False,False
201,cheap__v3__rd2d_fr_Al_OH,feature,cheap_rdkit_gasteiger_etkdg_mmff,float32,descriptor_specific_or_dimensionless,cheap_rdkit_gasteiger_etkdg_mmff feature: v3__rd2d_fr_Al_OH,Local RDKit/Gasteiger/ETKDG/MMFF batch calculation,empty field in CSV,0,0,False,False,False
202,cheap__v3__rd2d_fr_Al_OH_noTert,feature,cheap_rdkit_gasteiger_etkdg_mmff,float32,descriptor_specific_or_dimensionless,cheap_rdkit_gasteiger_etkdg_mmff feature: v3__rd2d_fr_Al_OH_noTert,Local RDKit/Gasteiger/ETKDG/MMFF batch calculation,empty field in CSV,0,0,False,False,False
203,cheap__v3__rd2d_fr_ArN,feature,cheap_rdkit_gasteiger_etkdg_mmff,float32,descriptor_specific_or_dimensionless,cheap_rdkit_gasteiger_etkdg_mmff feature: v3__rd2d_fr_ArN,Local RDKit/Gasteiger/ETKDG/MMFF batch calculation,empty field in CSV,0,0,False,False,False
204,cheap__v3__rd2d_fr_Ar_COO,feature,cheap_rdkit_gasteiger_etkdg_mmff,float32,descriptor_specific_or_dimensionless,cheap_rdkit_gasteiger_etkdg_mmff feature: v3__rd2d_fr_Ar_COO,Local RDKit/Gasteiger/ETKDG/MMFF batch calculation,empty field in CSV,0,0,False,False,False
205,cheap__v3__rd2d_fr_Ar_N,feature,cheap_rdkit_gasteiger_etkdg_mmff,float32,descriptor_specific_or_dimensionless,cheap_rdkit_gasteiger_etkdg_mmff feature: v3__rd2d_fr_Ar_N,Local RDKit/Gasteiger/ETKDG/MMFF batch calculation,empty field in CSV,0,0,False,False,False
206,cheap__v3__rd2d_fr_Ar_NH,feature,cheap_rdkit_gasteiger_etkdg_mmff,float32,descriptor_specific_or_dimensionless,cheap_rdkit_gasteiger_etkdg_mmff feature: v3__rd2d_fr_Ar_NH,Local RDKit/Gasteiger/ETKDG/MMFF batch calculation,empty field in CSV,0,0,False,False,False
207,cheap__v3__rd2d_fr_Ar_OH,feature,cheap_rdkit_gasteiger_etkdg_mmff,float32,descriptor_specific_or_dimensionless,cheap_rdkit_gasteiger_etkdg_mmff feature: v3__rd2d_fr_Ar_OH,Local RDKit/Gasteiger/ETKDG/MMFF batch calculation,empty field in CSV,0,0,False,False,False
208,cheap__v3__rd2d_fr_COO,feature,cheap_rdkit_gasteiger_etkdg_mmff,float32,descriptor_specific_or_dimensionless,cheap_rdkit_gasteiger_etkdg_mmff feature: v3__rd2d_fr_COO,Local RDKit/Gasteiger/ETKDG/MMFF batch calculation,empty field in CSV,0,0,False,False,False
209,cheap__v3__rd2d_fr_COO2,feature,cheap_rdkit_gasteiger_etkdg_mmff,float32,descriptor_specific_or_dimensionless,cheap_rdkit_gasteiger_etkdg_mmff feature: v3__rd2d_fr_COO2,Local RDKit/Gasteiger/ETKDG/MMFF batch calculation,empty field in CSV,0,0,False,False,False
210,cheap__v3__rd2d_fr_C_O,feature,cheap_rdkit_gasteiger_etkdg_mmff,float32,descriptor_specific_or_dimensionless,cheap_rdkit_gasteiger_etkdg_mmff feature: v3__rd2d_fr_C_O,Local RDKit/Gasteiger/ETKDG/MMFF batch calculation,empty field in CSV,0,0,True,True,False
211,cheap__v3__rd2d_fr_C_O_noCOO,feature,cheap_rdkit_gasteiger_etkdg_mmff,float32,descriptor_specific_or_dimensionless,cheap_rdkit_gasteiger_etkdg_mmff feature: v3__rd2d_fr_C_O_noCOO,Local RDKit/Gasteiger/ETKDG/MMFF batch calculation,empty field in CSV,0,0,True,True,False
212,cheap__v3__rd2d_fr_C_S,feature,cheap_rdkit_gasteiger_etkdg_mmff,float32,descriptor_specific_or_dimensionless,cheap_rdkit_gasteiger_etkdg_mmff feature: v3__rd2d_fr_C_S,Local RDKit/Gasteiger/ETKDG/MMFF batch calculation,empty field in CSV,0,0,False,False,False
213,cheap__v3__rd2d_fr_HOCCN,feature,cheap_rdkit_gasteiger_etkdg_mmff,float32,descriptor_specific_or_dimensionless,cheap_rdkit_gasteiger_etkdg_mmff feature: v3__rd2d_fr_HOCCN,Local RDKit/Gasteiger/ETKDG/MMFF batch calculation,empty field in CSV,0,0,False,False,False
214,cheap__v3__rd2d_fr_Imine,feature,cheap_rdkit_gasteiger_etkdg_mmff,float32,descriptor_specific_or_dimensionless,cheap_rdkit_gasteiger_etkdg_mmff feature: v3__rd2d_fr_Imine,Local RDKit/Gasteiger/ETKDG/MMFF batch calculation,empty field in CSV,0,0,False,False,False
215,cheap__v3__rd2d_fr_NH0,feature,cheap_rdkit_gasteiger_etkdg_mmff,float32,descriptor_specific_or_dimensionless,cheap_rdkit_gasteiger_etkdg_mmff feature: v3__rd2d_fr_NH0,Local RDKit/Gasteiger/ETKDG/MMFF batch calculation,empty field in CSV,0,0,True,True,False
216,cheap__v3__rd2d_fr_NH1,feature,cheap_rdkit_gasteiger_etkdg_mmff,float32,descriptor_specific_or_dimensionless,cheap_rdkit_gasteiger_etkdg_mmff feature: v3__rd2d_fr_NH1,Local RDKit/Gasteiger/ETKDG/MMFF batch calculation,empty field in CSV,0,0,True,True,False
217,cheap__v3__rd2d_fr_NH2,feature,cheap_rdkit_gasteiger_etkdg_mmff,float32,descriptor_specific_or_dimensionless,cheap_rdkit_gasteiger_etkdg_mmff feature: v3__rd2d_fr_NH2,Local RDKit/Gasteiger/ETKDG/MMFF batch calculation,empty field in CSV,0,0,False,False,False
218,cheap__v3__rd2d_fr_N_O,feature,cheap_rdkit_gasteiger_etkdg_mmff,float32,count,cheap_rdkit_gasteiger_etkdg_mmff feature: v3__rd2d_fr_N_O,Local RDKit/Gasteiger/ETKDG/MMFF batch calculation,empty field in CSV,0,0,False,False,False
219,cheap__v3__rd2d_fr_Ndealkylation1,feature,cheap_rdkit_gasteiger_etkdg_mmff,float32,descriptor_specific_or_dimensionless,cheap_rdkit_gasteiger_etkdg_mmff feature: v3__rd2d_fr_Ndealkylation1,Local RDKit/Gasteiger/ETKDG/MMFF batch calculation,empty field in CSV,0,0,False,False,False
220,cheap__v3__rd2d_fr_Ndealkylation2,feature,cheap_rdkit_gasteiger_etkdg_mmff,float32,descriptor_specific_or_dimensionless,cheap_rdkit_gasteiger_etkdg_mmff feature: v3__rd2d_fr_Ndealkylation2,Local RDKit/Gasteiger/ETKDG/MMFF batch calculation,empty field in CSV,0,0,False,False,False
221,cheap__v3__rd2d_fr_Nhpyrrole,feature,cheap_rdkit_gasteiger_etkdg_mmff,float32,descriptor_specific_or_dimensionless,cheap_rdkit_gasteiger_etkdg_mmff feature: v3__rd2d_fr_Nhpyrrole,Local RDKit/Gasteiger/ETKDG/MMFF batch calculation,empty field in CSV,0,0,False,False,False
222,cheap__v3__rd2d_fr_SH,feature,cheap_rdkit_gasteiger_etkdg_mmff,float32,descriptor_specific_or_dimensionless,cheap_rdkit_gasteiger_etkdg_mmff feature: v3__rd2d_fr_SH,Local RDKit/Gasteiger/ETKDG/MMFF batch calculation,empty field in CSV,0,0,False,False,False
223,cheap__v3__rd2d_fr_aldehyde,feature,cheap_rdkit_gasteiger_etkdg_mmff,float32,descriptor_specific_or_dimensionless,cheap_rdkit_gasteiger_etkdg_mmff feature: v3__rd2d_fr_aldehyde,Local RDKit/Gasteiger/ETKDG/MMFF batch calculation,empty field in CSV,0,0,False,False,False
224,cheap__v3__rd2d_fr_alkyl_carbamate,feature,cheap_rdkit_gasteiger_etkdg_mmff,float32,descriptor_specific_or_dimensionless,cheap_rdkit_gasteiger_etkdg_mmff feature: v3__rd2d_fr_alkyl_carbamate,Local RDKit/Gasteiger/ETKDG/MMFF batch calculation,empty field in CSV,0,0,False,False,False
225,cheap__v3__rd2d_fr_alkyl_halide,feature,cheap_rdkit_gasteiger_etkdg_mmff,float32,descriptor_specific_or_dimensionless,cheap_rdkit_gasteiger_etkdg_mmff feature: v3__rd2d_fr_alkyl_halide,Local RDKit/Gasteiger/ETKDG/MMFF batch calculation,empty field in CSV,0,0,True,True,False
226,cheap__v3__rd2d_fr_allylic_oxid,feature,cheap_rdkit_gasteiger_etkdg_mmff,float32,descriptor_specific_or_dimensionless,cheap_rdkit_gasteiger_etkdg_mmff feature: v3__rd2d_fr_allylic_oxid,Local RDKit/Gasteiger/ETKDG/MMFF batch calculation,empty field in CSV,0,0,False,False,False
227,cheap__v3__rd2d_fr_amide,feature,cheap_rdkit_gasteiger_etkdg_mmff,float32,descriptor_specific_or_dimensionless,cheap_rdkit_gasteiger_etkdg_mmff feature: v3__rd2d_fr_amide,Local RDKit/Gasteiger/ETKDG/MMFF batch calculation,empty field in CSV,0,0,True,True,False
228,cheap__v3__rd2d_fr_amidine,feature,cheap_rdkit_gasteiger_etkdg_mmff,float32,descriptor_specific_or_dimensionless,cheap_rdkit_gasteiger_etkdg_mmff feature: v3__rd2d_fr_amidine,Local RDKit/Gasteiger/ETKDG/MMFF batch calculation,empty field in CSV,0,0,False,False,False
229,cheap__v3__rd2d_fr_aniline,feature,cheap_rdkit_gasteiger_etkdg_mmff,float32,descriptor_specific_or_dimensionless,cheap_rdkit_gasteiger_etkdg_mmff feature: v3__rd2d_fr_aniline,Local RDKit/Gasteiger/ETKDG/MMFF batch calculation,empty field in CSV,0,0,False,False,False
230,cheap__v3__rd2d_fr_aryl_methyl,feature,cheap_rdkit_gasteiger_etkdg_mmff,float32,descriptor_specific_or_dimensionless,cheap_rdkit_gasteiger_etkdg_mmff feature: v3__rd2d_fr_aryl_methyl,Local RDKit/Gasteiger/ETKDG/MMFF batch calculation,empty field in CSV,0,0,False,False,False
231,cheap__v3__rd2d_fr_azide,feature,cheap_rdkit_gasteiger_etkdg_mmff,float32,descriptor_specific_or_dimensionless,cheap_rdkit_gasteiger_etkdg_mmff feature: v3__rd2d_fr_azide,Local RDKit/Gasteiger/ETKDG/MMFF batch calculation,empty field in CSV,0,0,False,False,False
232,cheap__v3__rd2d_fr_azo,feature,cheap_rdkit_gasteiger_etkdg_mmff,float32,descriptor_specific_or_dimensionless,cheap_rdkit_gasteiger_etkdg_mmff feature: v3__rd2d_fr_azo,Local RDKit/Gasteiger/ETKDG/MMFF batch calculation,empty field in CSV,0,0,False,False,False
233,cheap__v3__rd2d_fr_barbitur,feature,cheap_rdkit_gasteiger_etkdg_mmff,float32,descriptor_specific_or_dimensionless,cheap_rdkit_gasteiger_etkdg_mmff feature: v3__rd2d_fr_barbitur,Local RDKit/Gasteiger/ETKDG/MMFF batch calculation,empty field in CSV,0,0,False,False,False
234,cheap__v3__rd2d_fr_benzene,feature,cheap_rdkit_gasteiger_etkdg_mmff,float32,descriptor_specific_or_dimensionless,cheap_rdkit_gasteiger_etkdg_mmff feature: v3__rd2d_fr_benzene,Local RDKit/Gasteiger/ETKDG/MMFF batch calculation,empty field in CSV,0,0,False,False,False
235,cheap__v3__rd2d_fr_benzodiazepine,feature,cheap_rdkit_gasteiger_etkdg_mmff,float32,descriptor_specific_or_dimensionless,cheap_rdkit_gasteiger_etkdg_mmff feature: v3__rd2d_fr_benzodiazepine,Local RDKit/Gasteiger/ETKDG/MMFF batch calculation,empty field in CSV,0,0,False,False,False
236,cheap__v3__rd2d_fr_bicyclic,feature,cheap_rdkit_gasteiger_etkdg_mmff,float32,descriptor_specific_or_dimensionless,cheap_rdkit_gasteiger_etkdg_mmff feature: v3__rd2d_fr_bicyclic,Local RDKit/Gasteiger/ETKDG/MMFF batch calculation,empty field in CSV,0,0,False,False,False
237,cheap__v3__rd2d_fr_diazo,feature,cheap_rdkit_gasteiger_etkdg_mmff,float32,descriptor_specific_or_dimensionless,cheap_rdkit_gasteiger_etkdg_mmff feature: v3__rd2d_fr_diazo,Local RDKit/Gasteiger/ETKDG/MMFF batch calculation,empty field in CSV,0,0,False,False,False
238,cheap__v3__rd2d_fr_dihydropyridine,feature,cheap_rdkit_gasteiger_etkdg_mmff,float32,descriptor_specific_or_dimensionless,cheap_rdkit_gasteiger_etkdg_mmff feature: v3__rd2d_fr_dihydropyridine,Local RDKit/Gasteiger/ETKDG/MMFF batch calculation,empty field in CSV,0,0,False,False,False
239,cheap__v3__rd2d_fr_epoxide,feature,cheap_rdkit_gasteiger_etkdg_mmff,float32,descriptor_specific_or_dimensionless,cheap_rdkit_gasteiger_etkdg_mmff feature: v3__rd2d_fr_epoxide,Local RDKit/Gasteiger/ETKDG/MMFF batch calculation,empty field in CSV,0,0,False,False,False
240,cheap__v3__rd2d_fr_ester,feature,cheap_rdkit_gasteiger_etkdg_mmff,float32,descriptor_specific_or_dimensionless,cheap_rdkit_gasteiger_etkdg_mmff feature: v3__rd2d_fr_ester,Local RDKit/Gasteiger/ETKDG/MMFF batch calculation,empty field in CSV,0,0,False,False,False
241,cheap__v3__rd2d_fr_ether,feature,cheap_rdkit_gasteiger_etkdg_mmff,float32,descriptor_specific_or_dimensionless,cheap_rdkit_gasteiger_etkdg_mmff feature: v3__rd2d_fr_ether,Local RDKit/Gasteiger/ETKDG/MMFF batch calculation,empty field in CSV,0,0,True,True,False
242,cheap__v3__rd2d_fr_furan,feature,cheap_rdkit_gasteiger_etkdg_mmff,float32,descriptor_specific_or_dimensionless,cheap_rdkit_gasteiger_etkdg_mmff feature: v3__rd2d_fr_furan,Local RDKit/Gasteiger/ETKDG/MMFF batch calculation,empty field in CSV,0,0,False,False,False
243,cheap__v3__rd2d_fr_guanido,feature,cheap_rdkit_gasteiger_etkdg_mmff,float32,descriptor_specific_or_dimensionless,cheap_rdkit_gasteiger_etkdg_mmff feature: v3__rd2d_fr_guanido,Local RDKit/Gasteiger/ETKDG/MMFF batch calculation,empty field in CSV,0,0,False,False,False
244,cheap__v3__rd2d_fr_halogen,feature,cheap_rdkit_gasteiger_etkdg_mmff,float32,descriptor_specific_or_dimensionless,cheap_rdkit_gasteiger_etkdg_mmff feature: v3__rd2d_fr_halogen,Local RDKit/Gasteiger/ETKDG/MMFF batch calculation,empty field in CSV,0,0,True,True,False
245,cheap__v3__rd2d_fr_hdrzine,feature,cheap_rdkit_gasteiger_etkdg_mmff,float32,descriptor_specific_or_dimensionless,cheap_rdkit_gasteiger_etkdg_mmff feature: v3__rd2d_fr_hdrzine,Local RDKit/Gasteiger/ETKDG/MMFF batch calculation,empty field in CSV,0,0,False,False,False
246,cheap__v3__rd2d_fr_hdrzone,feature,cheap_rdkit_gasteiger_etkdg_mmff,float32,descriptor_specific_or_dimensionless,cheap_rdkit_gasteiger_etkdg_mmff feature: v3__rd2d_fr_hdrzone,Local RDKit/Gasteiger/ETKDG/MMFF batch calculation,empty field in CSV,0,0,False,False,False
247,cheap__v3__rd2d_fr_imidazole,feature,cheap_rdkit_gasteiger_etkdg_mmff,float32,descriptor_specific_or_dimensionless,cheap_rdkit_gasteiger_etkdg_mmff feature: v3__rd2d_fr_imidazole,Local RDKit/Gasteiger/ETKDG/MMFF batch calculation,empty field in CSV,0,0,False,False,False
248,cheap__v3__rd2d_fr_imide,feature,cheap_rdkit_gasteiger_etkdg_mmff,float32,descriptor_specific_or_dimensionless,cheap_rdkit_gasteiger_etkdg_mmff feature: v3__rd2d_fr_imide,Local RDKit/Gasteiger/ETKDG/MMFF batch calculation,empty field in CSV,0,0,False,False,False
249,cheap__v3__rd2d_fr_isocyan,feature,cheap_rdkit_gasteiger_etkdg_mmff,float32,descriptor_specific_or_dimensionless,cheap_rdkit_gasteiger_etkdg_mmff feature: v3__rd2d_fr_isocyan,Local RDKit/Gasteiger/ETKDG/MMFF batch calculation,empty field in CSV,0,0,False,False,False
250,cheap__v3__rd2d_fr_isothiocyan,feature,cheap_rdkit_gasteiger_etkdg_mmff,float32,descriptor_specific_or_dimensionless,cheap_rdkit_gasteiger_etkdg_mmff feature: v3__rd2d_fr_isothiocyan,Local RDKit/Gasteiger/ETKDG/MMFF batch calculation,empty field in CSV,0,0,False,False,False
251,cheap__v3__rd2d_fr_ketone,feature,cheap_rdkit_gasteiger_etkdg_mmff,float32,descriptor_specific_or_dimensionless,cheap_rdkit_gasteiger_etkdg_mmff feature: v3__rd2d_fr_ketone,Local RDKit/Gasteiger/ETKDG/MMFF batch calculation,empty field in CSV,0,0,False,False,False
252,cheap__v3__rd2d_fr_ketone_Topliss,feature,cheap_rdkit_gasteiger_etkdg_mmff,float32,descriptor_specific_or_dimensionless,cheap_rdkit_gasteiger_etkdg_mmff feature: v3__rd2d_fr_ketone_Topliss,Local RDKit/Gasteiger/ETKDG/MMFF batch calculation,empty field in CSV,0,0,False,False,False
253,cheap__v3__rd2d_fr_lactam,feature,cheap_rdkit_gasteiger_etkdg_mmff,float32,descriptor_specific_or_dimensionless,cheap_rdkit_gasteiger_etkdg_mmff feature: v3__rd2d_fr_lactam,Local RDKit/Gasteiger/ETKDG/MMFF batch calculation,empty field in CSV,0,0,False,False,False
254,cheap__v3__rd2d_fr_lactone,feature,cheap_rdkit_gasteiger_etkdg_mmff,float32,descriptor_specific_or_dimensionless,cheap_rdkit_gasteiger_etkdg_mmff feature: v3__rd2d_fr_lactone,Local RDKit/Gasteiger/ETKDG/MMFF batch calculation,empty field in CSV,0,0,True,True,False
255,cheap__v3__rd2d_fr_methoxy,feature,cheap_rdkit_gasteiger_etkdg_mmff,float32,descriptor_specific_or_dimensionless,cheap_rdkit_gasteiger_etkdg_mmff feature: v3__rd2d_fr_methoxy,Local RDKit/Gasteiger/ETKDG/MMFF batch calculation,empty field in CSV,0,0,True,True,False
256,cheap__v3__rd2d_fr_morpholine,feature,cheap_rdkit_gasteiger_etkdg_mmff,float32,descriptor_specific_or_dimensionless,cheap_rdkit_gasteiger_etkdg_mmff feature: v3__rd2d_fr_morpholine,Local RDKit/Gasteiger/ETKDG/MMFF batch calculation,empty field in CSV,0,0,False,False,False
257,cheap__v3__rd2d_fr_nitrile,feature,cheap_rdkit_gasteiger_etkdg_mmff,float32,descriptor_specific_or_dimensionless,cheap_rdkit_gasteiger_etkdg_mmff feature: v3__rd2d_fr_nitrile,Local RDKit/Gasteiger/ETKDG/MMFF batch calculation,empty field in CSV,0,0,True,True,False
258,cheap__v3__rd2d_fr_nitro,feature,cheap_rdkit_gasteiger_etkdg_mmff,float32,descriptor_specific_or_dimensionless,cheap_rdkit_gasteiger_etkdg_mmff feature: v3__rd2d_fr_nitro,Local RDKit/Gasteiger/ETKDG/MMFF batch calculation,empty field in CSV,0,0,False,False,False
259,cheap__v3__rd2d_fr_nitro_arom,feature,cheap_rdkit_gasteiger_etkdg_mmff,float32,descriptor_specific_or_dimensionless,cheap_rdkit_gasteiger_etkdg_mmff feature: v3__rd2d_fr_nitro_arom,Local RDKit/Gasteiger/ETKDG/MMFF batch calculation,empty field in CSV,0,0,False,False,False
260,cheap__v3__rd2d_fr_nitro_arom_nonortho,feature,cheap_rdkit_gasteiger_etkdg_mmff,float32,descriptor_specific_or_dimensionless,cheap_rdkit_gasteiger_etkdg_mmff feature: v3__rd2d_fr_nitro_arom_nonortho,Local RDKit/Gasteiger/ETKDG/MMFF batch calculation,empty field in CSV,0,0,False,False,False
261,cheap__v3__rd2d_fr_nitroso,feature,cheap_rdkit_gasteiger_etkdg_mmff,float32,descriptor_specific_or_dimensionless,cheap_rdkit_gasteiger_etkdg_mmff feature: v3__rd2d_fr_nitroso,Local RDKit/Gasteiger/ETKDG/MMFF batch calculation,empty field in CSV,0,0,False,False,False
262,cheap__v3__rd2d_fr_oxazole,feature,cheap_rdkit_gasteiger_etkdg_mmff,float32,descriptor_specific_or_dimensionless,cheap_rdkit_gasteiger_etkdg_mmff feature: v3__rd2d_fr_oxazole,Local RDKit/Gasteiger/ETKDG/MMFF batch calculation,empty field in CSV,0,0,False,False,False
263,cheap__v3__rd2d_fr_oxime,feature,cheap_rdkit_gasteiger_etkdg_mmff,float32,descriptor_specific_or_dimensionless,cheap_rdkit_gasteiger_etkdg_mmff feature: v3__rd2d_fr_oxime,Local RDKit/Gasteiger/ETKDG/MMFF batch calculation,empty field in CSV,0,0,False,False,False
264,cheap__v3__rd2d_fr_para_hydroxylation,feature,cheap_rdkit_gasteiger_etkdg_mmff,float32,descriptor_specific_or_dimensionless,cheap_rdkit_gasteiger_etkdg_mmff feature: v3__rd2d_fr_para_hydroxylation,Local RDKit/Gasteiger/ETKDG/MMFF batch calculation,empty field in CSV,0,0,False,False,False
265,cheap__v3__rd2d_fr_phenol,feature,cheap_rdkit_gasteiger_etkdg_mmff,float32,descriptor_specific_or_dimensionless,cheap_rdkit_gasteiger_etkdg_mmff feature: v3__rd2d_fr_phenol,Local RDKit/Gasteiger/ETKDG/MMFF batch calculation,empty field in CSV,0,0,False,False,False
266,cheap__v3__rd2d_fr_phenol_noOrthoHbond,feature,cheap_rdkit_gasteiger_etkdg_mmff,float32,descriptor_specific_or_dimensionless,cheap_rdkit_gasteiger_etkdg_mmff feature: v3__rd2d_fr_phenol_noOrthoHbond,Local RDKit/Gasteiger/ETKDG/MMFF batch calculation,empty field in CSV,0,0,False,False,False
267,cheap__v3__rd2d_fr_phos_acid,feature,cheap_rdkit_gasteiger_etkdg_mmff,float32,descriptor_specific_or_dimensionless,cheap_rdkit_gasteiger_etkdg_mmff feature: v3__rd2d_fr_phos_acid,Local RDKit/Gasteiger/ETKDG/MMFF batch calculation,empty field in CSV,0,0,False,False,False
268,cheap__v3__rd2d_fr_phos_ester,feature,cheap_rdkit_gasteiger_etkdg_mmff,float32,descriptor_specific_or_dimensionless,cheap_rdkit_gasteiger_etkdg_mmff feature: v3__rd2d_fr_phos_ester,Local RDKit/Gasteiger/ETKDG/MMFF batch calculation,empty field in CSV,0,0,False,False,False
269,cheap__v3__rd2d_fr_piperdine,feature,cheap_rdkit_gasteiger_etkdg_mmff,float32,descriptor_specific_or_dimensionless,cheap_rdkit_gasteiger_etkdg_mmff feature: v3__rd2d_fr_piperdine,Local RDKit/Gasteiger/ETKDG/MMFF batch calculation,empty field in CSV,0,0,False,False,False
270,cheap__v3__rd2d_fr_piperzine,feature,cheap_rdkit_gasteiger_etkdg_mmff,float32,descriptor_specific_or_dimensionless,cheap_rdkit_gasteiger_etkdg_mmff feature: v3__rd2d_fr_piperzine,Local RDKit/Gasteiger/ETKDG/MMFF batch calculation,empty field in CSV,0,0,False,False,False
271,cheap__v3__rd2d_fr_priamide,feature,cheap_rdkit_gasteiger_etkdg_mmff,float32,descriptor_specific_or_dimensionless,cheap_rdkit_gasteiger_etkdg_mmff feature: v3__rd2d_fr_priamide,Local RDKit/Gasteiger/ETKDG/MMFF batch calculation,empty field in CSV,0,0,False,False,False
272,cheap__v3__rd2d_fr_prisulfonamd,feature,cheap_rdkit_gasteiger_etkdg_mmff,float32,descriptor_specific_or_dimensionless,cheap_rdkit_gasteiger_etkdg_mmff feature: v3__rd2d_fr_prisulfonamd,Local RDKit/Gasteiger/ETKDG/MMFF batch calculation,empty field in CSV,0,0,False,False,False
273,cheap__v3__rd2d_fr_pyridine,feature,cheap_rdkit_gasteiger_etkdg_mmff,float32,descriptor_specific_or_dimensionless,cheap_rdkit_gasteiger_etkdg_mmff feature: v3__rd2d_fr_pyridine,Local RDKit/Gasteiger/ETKDG/MMFF batch calculation,empty field in CSV,0,0,False,False,False
274,cheap__v3__rd2d_fr_quatN,feature,cheap_rdkit_gasteiger_etkdg_mmff,float32,descriptor_specific_or_dimensionless,cheap_rdkit_gasteiger_etkdg_mmff feature: v3__rd2d_fr_quatN,Local RDKit/Gasteiger/ETKDG/MMFF batch calculation,empty field in CSV,0,0,False,False,False
275,cheap__v3__rd2d_fr_sulfide,feature,cheap_rdkit_gasteiger_etkdg_mmff,float32,descriptor_specific_or_dimensionless,cheap_rdkit_gasteiger_etkdg_mmff feature: v3__rd2d_fr_sulfide,Local RDKit/Gasteiger/ETKDG/MMFF batch calculation,empty field in CSV,0,0,False,False,False
276,cheap__v3__rd2d_fr_sulfonamd,feature,cheap_rdkit_gasteiger_etkdg_mmff,float32,descriptor_specific_or_dimensionless,cheap_rdkit_gasteiger_etkdg_mmff feature: v3__rd2d_fr_sulfonamd,Local RDKit/Gasteiger/ETKDG/MMFF batch calculation,empty field in CSV,0,0,False,False,False
277,cheap__v3__rd2d_fr_sulfone,feature,cheap_rdkit_gasteiger_etkdg_mmff,float32,descriptor_specific_or_dimensionless,cheap_rdkit_gasteiger_etkdg_mmff feature: v3__rd2d_fr_sulfone,Local RDKit/Gasteiger/ETKDG/MMFF batch calculation,empty field in CSV,0,0,False,False,False
278,cheap__v3__rd2d_fr_term_acetylene,feature,cheap_rdkit_gasteiger_etkdg_mmff,float32,descriptor_specific_or_dimensionless,cheap_rdkit_gasteiger_etkdg_mmff feature: v3__rd2d_fr_term_acetylene,Local RDKit/Gasteiger/ETKDG/MMFF batch calculation,empty field in CSV,0,0,False,False,False
279,cheap__v3__rd2d_fr_tetrazole,feature,cheap_rdkit_gasteiger_etkdg_mmff,float32,descriptor_specific_or_dimensionless,cheap_rdkit_gasteiger_etkdg_mmff feature: v3__rd2d_fr_tetrazole,Local RDKit/Gasteiger/ETKDG/MMFF batch calculation,empty field in CSV,0,0,False,False,False
280,cheap__v3__rd2d_fr_thiazole,feature,cheap_rdkit_gasteiger_etkdg_mmff,float32,descriptor_specific_or_dimensionless,cheap_rdkit_gasteiger_etkdg_mmff feature: v3__rd2d_fr_thiazole,Local RDKit/Gasteiger/ETKDG/MMFF batch calculation,empty field in CSV,0,0,False,False,False
281,cheap__v3__rd2d_fr_thiocyan,feature,cheap_rdkit_gasteiger_etkdg_mmff,float32,descriptor_specific_or_dimensionless,cheap_rdkit_gasteiger_etkdg_mmff feature: v3__rd2d_fr_thiocyan,Local RDKit/Gasteiger/ETKDG/MMFF batch calculation,empty field in CSV,0,0,False,False,False
282,cheap__v3__rd2d_fr_thiophene,feature,cheap_rdkit_gasteiger_etkdg_mmff,float32,descriptor_specific_or_dimensionless,cheap_rdkit_gasteiger_etkdg_mmff feature: v3__rd2d_fr_thiophene,Local RDKit/Gasteiger/ETKDG/MMFF batch calculation,empty field in CSV,0,0,False,False,False
283,cheap__v3__rd2d_fr_unbrch_alkane,feature,cheap_rdkit_gasteiger_etkdg_mmff,float32,descriptor_specific_or_dimensionless,cheap_rdkit_gasteiger_etkdg_mmff feature: v3__rd2d_fr_unbrch_alkane,Local RDKit/Gasteiger/ETKDG/MMFF batch calculation,empty field in CSV,0,0,False,False,False
284,cheap__v3__rd2d_fr_urea,feature,cheap_rdkit_gasteiger_etkdg_mmff,float32,descriptor_specific_or_dimensionless,cheap_rdkit_gasteiger_etkdg_mmff feature: v3__rd2d_fr_urea,Local RDKit/Gasteiger/ETKDG/MMFF batch calculation,empty field in CSV,0,0,False,False,False
285,cheap__v3__rd3d_extra_ok,feature,cheap_rdkit_gasteiger_etkdg_mmff,float32,descriptor_specific_or_dimensionless,cheap_rdkit_gasteiger_etkdg_mmff feature: v3__rd3d_extra_ok,Local RDKit/Gasteiger/ETKDG/MMFF batch calculation,empty field in CSV,0,0,False,False,False
286,cheap__v3__rd3d_autocorr2d_000,feature,cheap_rdkit_gasteiger_etkdg_mmff,float32,descriptor_specific_or_dimensionless,cheap_rdkit_gasteiger_etkdg_mmff feature: v3__rd3d_autocorr2d_000,Local RDKit/Gasteiger/ETKDG/MMFF batch calculation,empty field in CSV,0,0,False,False,False
287,cheap__v3__rd3d_autocorr2d_001,feature,cheap_rdkit_gasteiger_etkdg_mmff,float32,descriptor_specific_or_dimensionless,cheap_rdkit_gasteiger_etkdg_mmff feature: v3__rd3d_autocorr2d_001,Local RDKit/Gasteiger/ETKDG/MMFF batch calculation,empty field in CSV,0,0,False,False,False
288,cheap__v3__rd3d_autocorr2d_002,feature,cheap_rdkit_gasteiger_etkdg_mmff,float32,descriptor_specific_or_dimensionless,cheap_rdkit_gasteiger_etkdg_mmff feature: v3__rd3d_autocorr2d_002,Local RDKit/Gasteiger/ETKDG/MMFF batch calculation,empty field in CSV,0,0,False,False,False
289,cheap__v3__rd3d_autocorr2d_003,feature,cheap_rdkit_gasteiger_etkdg_mmff,float32,descriptor_specific_or_dimensionless,cheap_rdkit_gasteiger_etkdg_mmff feature: v3__rd3d_autocorr2d_003,Local RDKit/Gasteiger/ETKDG/MMFF batch calculation,empty field in CSV,0,0,True,True,True
290,cheap__v3__rd3d_autocorr2d_004,feature,cheap_rdkit_gasteiger_etkdg_mmff,float32,descriptor_specific_or_dimensionless,cheap_rdkit_gasteiger_etkdg_mmff feature: v3__rd3d_autocorr2d_004,Local RDKit/Gasteiger/ETKDG/MMFF batch calculation,empty field in CSV,0,0,False,False,True
291,cheap__v3__rd3d_autocorr2d_005,feature,cheap_rdkit_gasteiger_etkdg_mmff,float32,descriptor_specific_or_dimensionless,cheap_rdkit_gasteiger_etkdg_mmff feature: v3__rd3d_autocorr2d_005,Local RDKit/Gasteiger/ETKDG/MMFF batch calculation,empty field in CSV,0,0,False,False,True
292,cheap__v3__rd3d_autocorr2d_006,feature,cheap_rdkit_gasteiger_etkdg_mmff,float32,descriptor_specific_or_dimensionless,cheap_rdkit_gasteiger_etkdg_mmff feature: v3__rd3d_autocorr2d_006,Local RDKit/Gasteiger/ETKDG/MMFF batch calculation,empty field in CSV,0,0,False,False,False
293,cheap__v3__rd3d_autocorr2d_007,feature,cheap_rdkit_gasteiger_etkdg_mmff,float32,descriptor_specific_or_dimensionless,cheap_rdkit_gasteiger_etkdg_mmff feature: v3__rd3d_autocorr2d_007,Local RDKit/Gasteiger/ETKDG/MMFF batch calculation,empty field in CSV,0,0,False,False,False
294,cheap__v3__rd3d_autocorr2d_008,feature,cheap_rdkit_gasteiger_etkdg_mmff,float32,descriptor_specific_or_dimensionless,cheap_rdkit_gasteiger_etkdg_mmff feature: v3__rd3d_autocorr2d_008,Local RDKit/Gasteiger/ETKDG/MMFF batch calculation,empty field in CSV,0,0,False,False,True
295,cheap__v3__rd3d_autocorr2d_009,feature,cheap_rdkit_gasteiger_etkdg_mmff,float32,descriptor_specific_or_dimensionless,cheap_rdkit_gasteiger_etkdg_mmff feature: v3__rd3d_autocorr2d_009,Local RDKit/Gasteiger/ETKDG/MMFF batch calculation,empty field in CSV,0,0,False,False,True
296,cheap__v3__rd3d_autocorr2d_010,feature,cheap_rdkit_gasteiger_etkdg_mmff,float32,descriptor_specific_or_dimensionless,cheap_rdkit_gasteiger_etkdg_mmff feature: v3__rd3d_autocorr2d_010,Local RDKit/Gasteiger/ETKDG/MMFF batch calculation,empty field in CSV,0,0,True,True,True
297,cheap__v3__rd3d_autocorr2d_011,feature,cheap_rdkit_gasteiger_etkdg_mmff,float32,descriptor_specific_or_dimensionless,cheap_rdkit_gasteiger_etkdg_mmff feature: v3__rd3d_autocorr2d_011,Local RDKit/Gasteiger/ETKDG/MMFF batch calculation,empty field in CSV,0,0,False,False,True
298,cheap__v3__rd3d_autocorr2d_012,feature,cheap_rdkit_gasteiger_etkdg_mmff,float32,descriptor_specific_or_dimensionless,cheap_rdkit_gasteiger_etkdg_mmff feature: v3__rd3d_autocorr2d_012,Local RDKit/Gasteiger/ETKDG/MMFF batch calculation,empty field in CSV,0,0,False,False,True
299,cheap__v3__rd3d_autocorr2d_013,feature,cheap_rdkit_gasteiger_etkdg_mmff,float32,descriptor_specific_or_dimensionless,cheap_rdkit_gasteiger_etkdg_mmff feature: v3__rd3d_autocorr2d_013,Local RDKit/Gasteiger/ETKDG/MMFF batch calculation,empty field in CSV,0,0,False,False,True
300,cheap__v3__rd3d_autocorr2d_014,feature,cheap_rdkit_gasteiger_etkdg_mmff,float32,descriptor_specific_or_dimensionless,cheap_rdkit_gasteiger_etkdg_mmff feature: v3__rd3d_autocorr2d_014,Local RDKit/Gasteiger/ETKDG/MMFF batch calculation,empty field in CSV,0,0,False,False,True
301,cheap__v3__rd3d_autocorr2d_015,feature,cheap_rdkit_gasteiger_etkdg_mmff,float32,descriptor_specific_or_dimensionless,cheap_rdkit_gasteiger_etkdg_mmff feature: v3__rd3d_autocorr2d_015,Local RDKit/Gasteiger/ETKDG/MMFF batch calculation,empty field in CSV,0,0,False,False,False
302,cheap__v3__rd3d_autocorr2d_016,feature,cheap_rdkit_gasteiger_etkdg_mmff,float32,descriptor_specific_or_dimensionless,cheap_rdkit_gasteiger_etkdg_mmff feature: v3__rd3d_autocorr2d_016,Local RDKit/Gasteiger/ETKDG/MMFF batch calculation,empty field in CSV,0,0,False,False,True
303,cheap__v3__rd3d_autocorr2d_017,feature,cheap_rdkit_gasteiger_etkdg_mmff,float32,descriptor_specific_or_dimensionless,cheap_rdkit_gasteiger_etkdg_mmff feature: v3__rd3d_autocorr2d_017,Local RDKit/Gasteiger/ETKDG/MMFF batch calculation,empty field in CSV,0,0,False,False,True
304,cheap__v3__rd3d_autocorr2d_018,feature,cheap_rdkit_gasteiger_etkdg_mmff,float32,descriptor_specific_or_dimensionless,cheap_rdkit_gasteiger_etkdg_mmff feature: v3__rd3d_autocorr2d_018,Local RDKit/Gasteiger/ETKDG/MMFF batch calculation,empty field in CSV,0,0,False,False,True
305,cheap__v3__rd3d_autocorr2d_019,feature,cheap_rdkit_gasteiger_etkdg_mmff,float32,descriptor_specific_or_dimensionless,cheap_rdkit_gasteiger_etkdg_mmff feature: v3__rd3d_autocorr2d_019,Local RDKit/Gasteiger/ETKDG/MMFF batch calculation,empty field in CSV,0,0,False,False,True
306,cheap__v3__rd3d_autocorr2d_020,feature,cheap_rdkit_gasteiger_etkdg_mmff,float32,descriptor_specific_or_dimensionless,cheap_rdkit_gasteiger_etkdg_mmff feature: v3__rd3d_autocorr2d_020,Local RDKit/Gasteiger/ETKDG/MMFF batch calculation,empty field in CSV,0,0,False,False,True
307,cheap__v3__rd3d_autocorr2d_021,feature,cheap_rdkit_gasteiger_etkdg_mmff,float32,descriptor_specific_or_dimensionless,cheap_rdkit_gasteiger_etkdg_mmff feature: v3__rd3d_autocorr2d_021,Local RDKit/Gasteiger/ETKDG/MMFF batch calculation,empty field in CSV,0,0,False,False,True
308,cheap__v3__rd3d_autocorr2d_022,feature,cheap_rdkit_gasteiger_etkdg_mmff,float32,descriptor_specific_or_dimensionless,cheap_rdkit_gasteiger_etkdg_mmff feature: v3__rd3d_autocorr2d_022,Local RDKit/Gasteiger/ETKDG/MMFF batch calculation,empty field in CSV,0,0,False,False,True
309,cheap__v3__rd3d_autocorr2d_023,feature,cheap_rdkit_gasteiger_etkdg_mmff,float32,descriptor_specific_or_dimensionless,cheap_rdkit_gasteiger_etkdg_mmff feature: v3__rd3d_autocorr2d_023,Local RDKit/Gasteiger/ETKDG/MMFF batch calculation,empty field in CSV,0,0,False,False,False
310,cheap__v3__rd3d_autocorr2d_024,feature,cheap_rdkit_gasteiger_etkdg_mmff,float32,descriptor_specific_or_dimensionless,cheap_rdkit_gasteiger_etkdg_mmff feature: v3__rd3d_autocorr2d_024,Local RDKit/Gasteiger/ETKDG/MMFF batch calculation,empty field in CSV,0,0,False,False,True
311,cheap__v3__rd3d_autocorr2d_025,feature,cheap_rdkit_gasteiger_etkdg_mmff,float32,descriptor_specific_or_dimensionless,cheap_rdkit_gasteiger_etkdg_mmff feature: v3__rd3d_autocorr2d_025,Local RDKit/Gasteiger/ETKDG/MMFF batch calculation,empty field in CSV,0,0,False,False,True
312,cheap__v3__rd3d_autocorr2d_026,feature,cheap_rdkit_gasteiger_etkdg_mmff,float32,descriptor_specific_or_dimensionless,cheap_rdkit_gasteiger_etkdg_mmff feature: v3__rd3d_autocorr2d_026,Local RDKit/Gasteiger/ETKDG/MMFF batch calculation,empty field in CSV,0,0,True,True,True
313,cheap__v3__rd3d_autocorr2d_027,feature,cheap_rdkit_gasteiger_etkdg_mmff,float32,descriptor_specific_or_dimensionless,cheap_rdkit_gasteiger_etkdg_mmff feature: v3__rd3d_autocorr2d_027,Local RDKit/Gasteiger/ETKDG/MMFF batch calculation,empty field in CSV,0,0,False,False,True
314,cheap__v3__rd3d_autocorr2d_028,feature,cheap_rdkit_gasteiger_etkdg_mmff,float32,descriptor_specific_or_dimensionless,cheap_rdkit_gasteiger_etkdg_mmff feature: v3__rd3d_autocorr2d_028,Local RDKit/Gasteiger/ETKDG/MMFF batch calculation,empty field in CSV,0,0,False,False,True
315,cheap__v3__rd3d_autocorr2d_029,feature,cheap_rdkit_gasteiger_etkdg_mmff,float32,descriptor_specific_or_dimensionless,cheap_rdkit_gasteiger_etkdg_mmff feature: v3__rd3d_autocorr2d_029,Local RDKit/Gasteiger/ETKDG/MMFF batch calculation,empty field in CSV,0,0,False,False,True
316,cheap__v3__rd3d_autocorr2d_030,feature,cheap_rdkit_gasteiger_etkdg_mmff,float32,descriptor_specific_or_dimensionless,cheap_rdkit_gasteiger_etkdg_mmff feature: v3__rd3d_autocorr2d_030,Local RDKit/Gasteiger/ETKDG/MMFF batch calculation,empty field in CSV,0,0,False,False,True
317,cheap__v3__rd3d_autocorr2d_031,feature,cheap_rdkit_gasteiger_etkdg_mmff,float32,descriptor_specific_or_dimensionless,cheap_rdkit_gasteiger_etkdg_mmff feature: v3__rd3d_autocorr2d_031,Local RDKit/Gasteiger/ETKDG/MMFF batch calculation,empty field in CSV,0,0,False,False,False
318,cheap__v3__rd3d_autocorr2d_032,feature,cheap_rdkit_gasteiger_etkdg_mmff,float32,descriptor_specific_or_dimensionless,cheap_rdkit_gasteiger_etkdg_mmff feature: v3__rd3d_autocorr2d_032,Local RDKit/Gasteiger/ETKDG/MMFF batch calculation,empty field in CSV,0,0,False,False,True
319,cheap__v3__rd3d_autocorr2d_033,feature,cheap_rdkit_gasteiger_etkdg_mmff,float32,descriptor_specific_or_dimensionless,cheap_rdkit_gasteiger_etkdg_mmff feature: v3__rd3d_autocorr2d_033,Local RDKit/Gasteiger/ETKDG/MMFF batch calculation,empty field in CSV,0,0,False,False,True
320,cheap__v3__rd3d_autocorr2d_034,feature,cheap_rdkit_gasteiger_etkdg_mmff,float32,descriptor_specific_or_dimensionless,cheap_rdkit_gasteiger_etkdg_mmff feature: v3__rd3d_autocorr2d_034,Local RDKit/Gasteiger/ETKDG/MMFF batch calculation,empty field in CSV,0,0,False,False,True
321,cheap__v3__rd3d_autocorr2d_035,feature,cheap_rdkit_gasteiger_etkdg_mmff,float32,descriptor_specific_or_dimensionless,cheap_rdkit_gasteiger_etkdg_mmff feature: v3__rd3d_autocorr2d_035,Local RDKit/Gasteiger/ETKDG/MMFF batch calculation,empty field in CSV,0,0,False,False,True
322,cheap__v3__rd3d_autocorr2d_036,feature,cheap_rdkit_gasteiger_etkdg_mmff,float32,descriptor_specific_or_dimensionless,cheap_rdkit_gasteiger_etkdg_mmff feature: v3__rd3d_autocorr2d_036,Local RDKit/Gasteiger/ETKDG/MMFF batch calculation,empty field in CSV,0,0,False,False,True
323,cheap__v3__rd3d_autocorr2d_037,feature,cheap_rdkit_gasteiger_etkdg_mmff,float32,descriptor_specific_or_dimensionless,cheap_rdkit_gasteiger_etkdg_mmff feature: v3__rd3d_autocorr2d_037,Local RDKit/Gasteiger/ETKDG/MMFF batch calculation,empty field in CSV,0,0,False,False,True
324,cheap__v3__rd3d_autocorr2d_038,feature,cheap_rdkit_gasteiger_etkdg_mmff,float32,descriptor_specific_or_dimensionless,cheap_rdkit_gasteiger_etkdg_mmff feature: v3__rd3d_autocorr2d_038,Local RDKit/Gasteiger/ETKDG/MMFF batch calculation,empty field in CSV,0,0,False,False,True
325,cheap__v3__rd3d_autocorr2d_039,feature,cheap_rdkit_gasteiger_etkdg_mmff,float32,descriptor_specific_or_dimensionless,cheap_rdkit_gasteiger_etkdg_mmff feature: v3__rd3d_autocorr2d_039,Local RDKit/Gasteiger/ETKDG/MMFF batch calculation,empty field in CSV,0,0,False,False,False
326,cheap__v3__rd3d_autocorr2d_040,feature,cheap_rdkit_gasteiger_etkdg_mmff,float32,descriptor_specific_or_dimensionless,cheap_rdkit_gasteiger_etkdg_mmff feature: v3__rd3d_autocorr2d_040,Local RDKit/Gasteiger/ETKDG/MMFF batch calculation,empty field in CSV,0,0,True,True,False
327,cheap__v3__rd3d_autocorr2d_041,feature,cheap_rdkit_gasteiger_etkdg_mmff,float32,descriptor_specific_or_dimensionless,cheap_rdkit_gasteiger_etkdg_mmff feature: v3__rd3d_autocorr2d_041,Local RDKit/Gasteiger/ETKDG/MMFF batch calculation,empty field in CSV,0,0,False,False,False
328,cheap__v3__rd3d_autocorr2d_042,feature,cheap_rdkit_gasteiger_etkdg_mmff,float32,descriptor_specific_or_dimensionless,cheap_rdkit_gasteiger_etkdg_mmff feature: v3__rd3d_autocorr2d_042,Local RDKit/Gasteiger/ETKDG/MMFF batch calculation,empty field in CSV,0,0,False,False,False
329,cheap__v3__rd3d_autocorr2d_043,feature,cheap_rdkit_gasteiger_etkdg_mmff,float32,descriptor_specific_or_dimensionless,cheap_rdkit_gasteiger_etkdg_mmff feature: v3__rd3d_autocorr2d_043,Local RDKit/Gasteiger/ETKDG/MMFF batch calculation,empty field in CSV,0,0,True,True,False
330,cheap__v3__rd3d_autocorr2d_044,feature,cheap_rdkit_gasteiger_etkdg_mmff,float32,descriptor_specific_or_dimensionless,cheap_rdkit_gasteiger_etkdg_mmff feature: v3__rd3d_autocorr2d_044,Local RDKit/Gasteiger/ETKDG/MMFF batch calculation,empty field in CSV,0,0,True,True,True
331,cheap__v3__rd3d_autocorr2d_045,feature,cheap_rdkit_gasteiger_etkdg_mmff,float32,descriptor_specific_or_dimensionless,cheap_rdkit_gasteiger_etkdg_mmff feature: v3__rd3d_autocorr2d_045,Local RDKit/Gasteiger/ETKDG/MMFF batch calculation,empty field in CSV,0,0,False,False,True
332,cheap__v3__rd3d_autocorr2d_046,feature,cheap_rdkit_gasteiger_etkdg_mmff,float32,descriptor_specific_or_dimensionless,cheap_rdkit_gasteiger_etkdg_mmff feature: v3__rd3d_autocorr2d_046,Local RDKit/Gasteiger/ETKDG/MMFF batch calculation,empty field in CSV,0,0,False,False,True
333,cheap__v3__rd3d_autocorr2d_047,feature,cheap_rdkit_gasteiger_etkdg_mmff,float32,descriptor_specific_or_dimensionless,cheap_rdkit_gasteiger_etkdg_mmff feature: v3__rd3d_autocorr2d_047,Local RDKit/Gasteiger/ETKDG/MMFF batch calculation,empty field in CSV,0,0,False,False,False
334,cheap__v3__rd3d_autocorr2d_048,feature,cheap_rdkit_gasteiger_etkdg_mmff,float32,descriptor_specific_or_dimensionless,cheap_rdkit_gasteiger_etkdg_mmff feature: v3__rd3d_autocorr2d_048,Local RDKit/Gasteiger/ETKDG/MMFF batch calculation,empty field in CSV,0,0,False,False,True
335,cheap__v3__rd3d_autocorr2d_049,feature,cheap_rdkit_gasteiger_etkdg_mmff,float32,descriptor_specific_or_dimensionless,cheap_rdkit_gasteiger_etkdg_mmff feature: v3__rd3d_autocorr2d_049,Local RDKit/Gasteiger/ETKDG/MMFF batch calculation,empty field in CSV,0,0,False,False,False
336,cheap__v3__rd3d_autocorr2d_050,feature,cheap_rdkit_gasteiger_etkdg_mmff,float32,descriptor_specific_or_dimensionless,cheap_rdkit_gasteiger_etkdg_mmff feature: v3__rd3d_autocorr2d_050,Local RDKit/Gasteiger/ETKDG/MMFF batch calculation,empty field in CSV,0,0,False,False,False
337,cheap__v3__rd3d_autocorr2d_051,feature,cheap_rdkit_gasteiger_etkdg_mmff,float32,descriptor_specific_or_dimensionless,cheap_rdkit_gasteiger_etkdg_mmff feature: v3__rd3d_autocorr2d_051,Local RDKit/Gasteiger/ETKDG/MMFF batch calculation,empty field in CSV,0,0,False,False,True
338,cheap__v3__rd3d_autocorr2d_052,feature,cheap_rdkit_gasteiger_etkdg_mmff,float32,descriptor_specific_or_dimensionless,cheap_rdkit_gasteiger_etkdg_mmff feature: v3__rd3d_autocorr2d_052,Local RDKit/Gasteiger/ETKDG/MMFF batch calculation,empty field in CSV,0,0,False,False,True
339,cheap__v3__rd3d_autocorr2d_053,feature,cheap_rdkit_gasteiger_etkdg_mmff,float32,descriptor_specific_or_dimensionless,cheap_rdkit_gasteiger_etkdg_mmff feature: v3__rd3d_autocorr2d_053,Local RDKit/Gasteiger/ETKDG/MMFF batch calculation,empty field in CSV,0,0,False,False,True
340,cheap__v3__rd3d_autocorr2d_054,feature,cheap_rdkit_gasteiger_etkdg_mmff,float32,descriptor_specific_or_dimensionless,cheap_rdkit_gasteiger_etkdg_mmff feature: v3__rd3d_autocorr2d_054,Local RDKit/Gasteiger/ETKDG/MMFF batch calculation,empty field in CSV,0,0,False,False,True
341,cheap__v3__rd3d_autocorr2d_055,feature,cheap_rdkit_gasteiger_etkdg_mmff,float32,descriptor_specific_or_dimensionless,cheap_rdkit_gasteiger_etkdg_mmff feature: v3__rd3d_autocorr2d_055,Local RDKit/Gasteiger/ETKDG/MMFF batch calculation,empty field in CSV,0,0,False,False,False
342,cheap__v3__rd3d_autocorr2d_056,feature,cheap_rdkit_gasteiger_etkdg_mmff,float32,descriptor_specific_or_dimensionless,cheap_rdkit_gasteiger_etkdg_mmff feature: v3__rd3d_autocorr2d_056,Local RDKit/Gasteiger/ETKDG/MMFF batch calculation,empty field in CSV,0,0,False,False,True
343,cheap__v3__rd3d_autocorr2d_057,feature,cheap_rdkit_gasteiger_etkdg_mmff,float32,descriptor_specific_or_dimensionless,cheap_rdkit_gasteiger_etkdg_mmff feature: v3__rd3d_autocorr2d_057,Local RDKit/Gasteiger/ETKDG/MMFF batch calculation,empty field in CSV,0,0,False,False,True
344,cheap__v3__rd3d_autocorr2d_058,feature,cheap_rdkit_gasteiger_etkdg_mmff,float32,descriptor_specific_or_dimensionless,cheap_rdkit_gasteiger_etkdg_mmff feature: v3__rd3d_autocorr2d_058,Local RDKit/Gasteiger/ETKDG/MMFF batch calculation,empty field in CSV,0,0,False,False,True
345,cheap__v3__rd3d_autocorr2d_059,feature,cheap_rdkit_gasteiger_etkdg_mmff,float32,descriptor_specific_or_dimensionless,cheap_rdkit_gasteiger_etkdg_mmff feature: v3__rd3d_autocorr2d_059,Local RDKit/Gasteiger/ETKDG/MMFF batch calculation,empty field in CSV,0,0,False,False,True
346,cheap__v3__rd3d_autocorr2d_060,feature,cheap_rdkit_gasteiger_etkdg_mmff,float32,descriptor_specific_or_dimensionless,cheap_rdkit_gasteiger_etkdg_mmff feature: v3__rd3d_autocorr2d_060,Local RDKit/Gasteiger/ETKDG/MMFF batch calculation,empty field in CSV,0,0,False,False,True
347,cheap__v3__rd3d_autocorr2d_061,feature,cheap_rdkit_gasteiger_etkdg_mmff,float32,descriptor_specific_or_dimensionless,cheap_rdkit_gasteiger_etkdg_mmff feature: v3__rd3d_autocorr2d_061,Local RDKit/Gasteiger/ETKDG/MMFF batch calculation,empty field in CSV,0,0,False,False,True
348,cheap__v3__rd3d_autocorr2d_062,feature,cheap_rdkit_gasteiger_etkdg_mmff,float32,descriptor_specific_or_dimensionless,cheap_rdkit_gasteiger_etkdg_mmff feature: v3__rd3d_autocorr2d_062,Local RDKit/Gasteiger/ETKDG/MMFF batch calculation,empty field in CSV,0,0,False,False,True
349,cheap__v3__rd3d_autocorr2d_063,feature,cheap_rdkit_gasteiger_etkdg_mmff,float32,descriptor_specific_or_dimensionless,cheap_rdkit_gasteiger_etkdg_mmff feature: v3__rd3d_autocorr2d_063,Local RDKit/Gasteiger/ETKDG/MMFF batch calculation,empty field in CSV,0,0,False,False,False
350,cheap__v3__rd3d_autocorr2d_064,feature,cheap_rdkit_gasteiger_etkdg_mmff,float32,descriptor_specific_or_dimensionless,cheap_rdkit_gasteiger_etkdg_mmff feature: v3__rd3d_autocorr2d_064,Local RDKit/Gasteiger/ETKDG/MMFF batch calculation,empty field in CSV,0,0,False,False,True
351,cheap__v3__rd3d_autocorr2d_065,feature,cheap_rdkit_gasteiger_etkdg_mmff,float32,descriptor_specific_or_dimensionless,cheap_rdkit_gasteiger_etkdg_mmff feature: v3__rd3d_autocorr2d_065,Local RDKit/Gasteiger/ETKDG/MMFF batch calculation,empty field in CSV,0,0,False,False,False
352,cheap__v3__rd3d_autocorr2d_066,feature,cheap_rdkit_gasteiger_etkdg_mmff,float32,descriptor_specific_or_dimensionless,cheap_rdkit_gasteiger_etkdg_mmff feature: v3__rd3d_autocorr2d_066,Local RDKit/Gasteiger/ETKDG/MMFF batch calculation,empty field in CSV,0,0,False,False,False
353,cheap__v3__rd3d_autocorr2d_067,feature,cheap_rdkit_gasteiger_etkdg_mmff,float32,descriptor_specific_or_dimensionless,cheap_rdkit_gasteiger_etkdg_mmff feature: v3__rd3d_autocorr2d_067,Local RDKit/Gasteiger/ETKDG/MMFF batch calculation,empty field in CSV,0,0,False,False,False
354,cheap__v3__rd3d_autocorr2d_068,feature,cheap_rdkit_gasteiger_etkdg_mmff,float32,descriptor_specific_or_dimensionless,cheap_rdkit_gasteiger_etkdg_mmff feature: v3__rd3d_autocorr2d_068,Local RDKit/Gasteiger/ETKDG/MMFF batch calculation,empty field in CSV,0,0,False,False,False
355,cheap__v3__rd3d_autocorr2d_069,feature,cheap_rdkit_gasteiger_etkdg_mmff,float32,descriptor_specific_or_dimensionless,cheap_rdkit_gasteiger_etkdg_mmff feature: v3__rd3d_autocorr2d_069,Local RDKit/Gasteiger/ETKDG/MMFF batch calculation,empty field in CSV,0,0,False,False,False
356,cheap__v3__rd3d_autocorr2d_070,feature,cheap_rdkit_gasteiger_etkdg_mmff,float32,descriptor_specific_or_dimensionless,cheap_rdkit_gasteiger_etkdg_mmff feature: v3__rd3d_autocorr2d_070,Local RDKit/Gasteiger/ETKDG/MMFF batch calculation,empty field in CSV,0,0,False,False,False
357,cheap__v3__rd3d_autocorr2d_071,feature,cheap_rdkit_gasteiger_etkdg_mmff,float32,descriptor_specific_or_dimensionless,cheap_rdkit_gasteiger_etkdg_mmff feature: v3__rd3d_autocorr2d_071,Local RDKit/Gasteiger/ETKDG/MMFF batch calculation,empty field in CSV,0,0,False,False,False
358,cheap__v3__rd3d_autocorr2d_072,feature,cheap_rdkit_gasteiger_etkdg_mmff,float32,descriptor_specific_or_dimensionless,cheap_rdkit_gasteiger_etkdg_mmff feature: v3__rd3d_autocorr2d_072,Local RDKit/Gasteiger/ETKDG/MMFF batch calculation,empty field in CSV,0,0,False,False,True
359,cheap__v3__rd3d_autocorr2d_073,feature,cheap_rdkit_gasteiger_etkdg_mmff,float32,descriptor_specific_or_dimensionless,cheap_rdkit_gasteiger_etkdg_mmff feature: v3__rd3d_autocorr2d_073,Local RDKit/Gasteiger/ETKDG/MMFF batch calculation,empty field in CSV,0,0,False,False,True
360,cheap__v3__rd3d_autocorr2d_074,feature,cheap_rdkit_gasteiger_etkdg_mmff,float32,descriptor_specific_or_dimensionless,cheap_rdkit_gasteiger_etkdg_mmff feature: v3__rd3d_autocorr2d_074,Local RDKit/Gasteiger/ETKDG/MMFF batch calculation,empty field in CSV,0,0,False,False,True
361,cheap__v3__rd3d_autocorr2d_075,feature,cheap_rdkit_gasteiger_etkdg_mmff,float32,descriptor_specific_or_dimensionless,cheap_rdkit_gasteiger_etkdg_mmff feature: v3__rd3d_autocorr2d_075,Local RDKit/Gasteiger/ETKDG/MMFF batch calculation,empty field in CSV,0,0,False,False,True
362,cheap__v3__rd3d_autocorr2d_076,feature,cheap_rdkit_gasteiger_etkdg_mmff,float32,descriptor_specific_or_dimensionless,cheap_rdkit_gasteiger_etkdg_mmff feature: v3__rd3d_autocorr2d_076,Local RDKit/Gasteiger/ETKDG/MMFF batch calculation,empty field in CSV,0,0,False,False,True
363,cheap__v3__rd3d_autocorr2d_077,feature,cheap_rdkit_gasteiger_etkdg_mmff,float32,descriptor_specific_or_dimensionless,cheap_rdkit_gasteiger_etkdg_mmff feature: v3__rd3d_autocorr2d_077,Local RDKit/Gasteiger/ETKDG/MMFF batch calculation,empty field in CSV,0,0,False,False,True
364,cheap__v3__rd3d_autocorr2d_078,feature,cheap_rdkit_gasteiger_etkdg_mmff,float32,descriptor_specific_or_dimensionless,cheap_rdkit_gasteiger_etkdg_mmff feature: v3__rd3d_autocorr2d_078,Local RDKit/Gasteiger/ETKDG/MMFF batch calculation,empty field in CSV,0,0,False,False,True
365,cheap__v3__rd3d_autocorr2d_079,feature,cheap_rdkit_gasteiger_etkdg_mmff,float32,descriptor_specific_or_dimensionless,cheap_rdkit_gasteiger_etkdg_mmff feature: v3__rd3d_autocorr2d_079,Local RDKit/Gasteiger/ETKDG/MMFF batch calculation,empty field in CSV,0,0,False,False,False
366,cheap__v3__rd3d_autocorr2d_080,feature,cheap_rdkit_gasteiger_etkdg_mmff,float32,descriptor_specific_or_dimensionless,cheap_rdkit_gasteiger_etkdg_mmff feature: v3__rd3d_autocorr2d_080,Local RDKit/Gasteiger/ETKDG/MMFF batch calculation,empty field in CSV,0,0,False,False,False
367,cheap__v3__rd3d_autocorr2d_081,feature,cheap_rdkit_gasteiger_etkdg_mmff,float32,descriptor_specific_or_dimensionless,cheap_rdkit_gasteiger_etkdg_mmff feature: v3__rd3d_autocorr2d_081,Local RDKit/Gasteiger/ETKDG/MMFF batch calculation,empty field in CSV,0,0,False,False,True
368,cheap__v3__rd3d_autocorr2d_082,feature,cheap_rdkit_gasteiger_etkdg_mmff,float32,descriptor_specific_or_dimensionless,cheap_rdkit_gasteiger_etkdg_mmff feature: v3__rd3d_autocorr2d_082,Local RDKit/Gasteiger/ETKDG/MMFF batch calculation,empty field in CSV,0,0,False,False,True
369,cheap__v3__rd3d_autocorr2d_083,feature,cheap_rdkit_gasteiger_etkdg_mmff,float32,descriptor_specific_or_dimensionless,cheap_rdkit_gasteiger_etkdg_mmff feature: v3__rd3d_autocorr2d_083,Local RDKit/Gasteiger/ETKDG/MMFF batch calculation,empty field in CSV,0,0,False,False,True
370,cheap__v3__rd3d_autocorr2d_084,feature,cheap_rdkit_gasteiger_etkdg_mmff,float32,descriptor_specific_or_dimensionless,cheap_rdkit_gasteiger_etkdg_mmff feature: v3__rd3d_autocorr2d_084,Local RDKit/Gasteiger/ETKDG/MMFF batch calculation,empty field in CSV,0,0,False,False,True
371,cheap__v3__rd3d_autocorr2d_085,feature,cheap_rdkit_gasteiger_etkdg_mmff,float32,descriptor_specific_or_dimensionless,cheap_rdkit_gasteiger_etkdg_mmff feature: v3__rd3d_autocorr2d_085,Local RDKit/Gasteiger/ETKDG/MMFF batch calculation,empty field in CSV,0,0,False,False,True
372,cheap__v3__rd3d_autocorr2d_086,feature,cheap_rdkit_gasteiger_etkdg_mmff,float32,descriptor_specific_or_dimensionless,cheap_rdkit_gasteiger_etkdg_mmff feature: v3__rd3d_autocorr2d_086,Local RDKit/Gasteiger/ETKDG/MMFF batch calculation,empty field in CSV,0,0,False,False,True
373,cheap__v3__rd3d_autocorr2d_087,feature,cheap_rdkit_gasteiger_etkdg_mmff,float32,descriptor_specific_or_dimensionless,cheap_rdkit_gasteiger_etkdg_mmff feature: v3__rd3d_autocorr2d_087,Local RDKit/Gasteiger/ETKDG/MMFF batch calculation,empty field in CSV,0,0,False,False,False
374,cheap__v3__rd3d_autocorr2d_088,feature,cheap_rdkit_gasteiger_etkdg_mmff,float32,descriptor_specific_or_dimensionless,cheap_rdkit_gasteiger_etkdg_mmff feature: v3__rd3d_autocorr2d_088,Local RDKit/Gasteiger/ETKDG/MMFF batch calculation,empty field in CSV,0,0,False,False,False
375,cheap__v3__rd3d_autocorr2d_089,feature,cheap_rdkit_gasteiger_etkdg_mmff,float32,descriptor_specific_or_dimensionless,cheap_rdkit_gasteiger_etkdg_mmff feature: v3__rd3d_autocorr2d_089,Local RDKit/Gasteiger/ETKDG/MMFF batch calculation,empty field in CSV,0,0,False,False,False
376,cheap__v3__rd3d_autocorr2d_090,feature,cheap_rdkit_gasteiger_etkdg_mmff,float32,descriptor_specific_or_dimensionless,cheap_rdkit_gasteiger_etkdg_mmff feature: v3__rd3d_autocorr2d_090,Local RDKit/Gasteiger/ETKDG/MMFF batch calculation,empty field in CSV,0,0,False,False,False
377,cheap__v3__rd3d_autocorr2d_091,feature,cheap_rdkit_gasteiger_etkdg_mmff,float32,descriptor_specific_or_dimensionless,cheap_rdkit_gasteiger_etkdg_mmff feature: v3__rd3d_autocorr2d_091,Local RDKit/Gasteiger/ETKDG/MMFF batch calculation,empty field in CSV,0,0,True,True,False
378,cheap__v3__rd3d_autocorr2d_092,feature,cheap_rdkit_gasteiger_etkdg_mmff,float32,descriptor_specific_or_dimensionless,cheap_rdkit_gasteiger_etkdg_mmff feature: v3__rd3d_autocorr2d_092,Local RDKit/Gasteiger/ETKDG/MMFF batch calculation,empty field in CSV,0,0,True,True,False
379,cheap__v3__rd3d_autocorr2d_093,feature,cheap_rdkit_gasteiger_etkdg_mmff,float32,descriptor_specific_or_dimensionless,cheap_rdkit_gasteiger_etkdg_mmff feature: v3__rd3d_autocorr2d_093,Local RDKit/Gasteiger/ETKDG/MMFF batch calculation,empty field in CSV,0,0,True,True,False
380,cheap__v3__rd3d_autocorr2d_094,feature,cheap_rdkit_gasteiger_etkdg_mmff,float32,descriptor_specific_or_dimensionless,cheap_rdkit_gasteiger_etkdg_mmff feature: v3__rd3d_autocorr2d_094,Local RDKit/Gasteiger/ETKDG/MMFF batch calculation,empty field in CSV,0,0,False,False,False
381,cheap__v3__rd3d_autocorr2d_095,feature,cheap_rdkit_gasteiger_etkdg_mmff,float32,descriptor_specific_or_dimensionless,cheap_rdkit_gasteiger_etkdg_mmff feature: v3__rd3d_autocorr2d_095,Local RDKit/Gasteiger/ETKDG/MMFF batch calculation,empty field in CSV,0,0,False,False,False
382,cheap__v3__rd3d_autocorr2d_096,feature,cheap_rdkit_gasteiger_etkdg_mmff,float32,descriptor_specific_or_dimensionless,cheap_rdkit_gasteiger_etkdg_mmff feature: v3__rd3d_autocorr2d_096,Local RDKit/Gasteiger/ETKDG/MMFF batch calculation,empty field in CSV,0,0,False,False,False
383,cheap__v3__rd3d_autocorr2d_097,feature,cheap_rdkit_gasteiger_etkdg_mmff,float32,descriptor_specific_or_dimensionless,cheap_rdkit_gasteiger_etkdg_mmff feature: v3__rd3d_autocorr2d_097,Local RDKit/Gasteiger/ETKDG/MMFF batch calculation,empty field in CSV,0,0,False,False,False
384,cheap__v3__rd3d_autocorr2d_098,feature,cheap_rdkit_gasteiger_etkdg_mmff,float32,descriptor_specific_or_dimensionless,cheap_rdkit_gasteiger_etkdg_mmff feature: v3__rd3d_autocorr2d_098,Local RDKit/Gasteiger/ETKDG/MMFF batch calculation,empty field in CSV,0,0,False,False,False
385,cheap__v3__rd3d_autocorr2d_099,feature,cheap_rdkit_gasteiger_etkdg_mmff,float32,descriptor_specific_or_dimensionless,cheap_rdkit_gasteiger_etkdg_mmff feature: v3__rd3d_autocorr2d_099,Local RDKit/Gasteiger/ETKDG/MMFF batch calculation,empty field in CSV,0,0,False,False,False
386,cheap__v3__rd3d_autocorr2d_100,feature,cheap_rdkit_gasteiger_etkdg_mmff,float32,descriptor_specific_or_dimensionless,cheap_rdkit_gasteiger_etkdg_mmff feature: v3__rd3d_autocorr2d_100,Local RDKit/Gasteiger/ETKDG/MMFF batch calculation,empty field in CSV,0,0,False,False,False
387,cheap__v3__rd3d_autocorr2d_101,feature,cheap_rdkit_gasteiger_etkdg_mmff,float32,descriptor_specific_or_dimensionless,cheap_rdkit_gasteiger_etkdg_mmff feature: v3__rd3d_autocorr2d_101,Local RDKit/Gasteiger/ETKDG/MMFF batch calculation,empty field in CSV,0,0,False,False,False
388,cheap__v3__rd3d_autocorr2d_102,feature,cheap_rdkit_gasteiger_etkdg_mmff,float32,descriptor_specific_or_dimensionless,cheap_rdkit_gasteiger_etkdg_mmff feature: v3__rd3d_autocorr2d_102,Local RDKit/Gasteiger/ETKDG/MMFF batch calculation,empty field in CSV,0,0,True,True,False
389,cheap__v3__rd3d_autocorr2d_103,feature,cheap_rdkit_gasteiger_etkdg_mmff,float32,descriptor_specific_or_dimensionless,cheap_rdkit_gasteiger_etkdg_mmff feature: v3__rd3d_autocorr2d_103,Local RDKit/Gasteiger/ETKDG/MMFF batch calculation,empty field in CSV,0,0,True,True,False
390,cheap__v3__rd3d_autocorr2d_104,feature,cheap_rdkit_gasteiger_etkdg_mmff,float32,descriptor_specific_or_dimensionless,cheap_rdkit_gasteiger_etkdg_mmff feature: v3__rd3d_autocorr2d_104,Local RDKit/Gasteiger/ETKDG/MMFF batch calculation,empty field in CSV,0,0,True,True,False
391,cheap__v3__rd3d_autocorr2d_105,feature,cheap_rdkit_gasteiger_etkdg_mmff,float32,descriptor_specific_or_dimensionless,cheap_rdkit_gasteiger_etkdg_mmff feature: v3__rd3d_autocorr2d_105,Local RDKit/Gasteiger/ETKDG/MMFF batch calculation,empty field in CSV,0,0,False,False,False
392,cheap__v3__rd3d_autocorr2d_106,feature,cheap_rdkit_gasteiger_etkdg_mmff,float32,descriptor_specific_or_dimensionless,cheap_rdkit_gasteiger_etkdg_mmff feature: v3__rd3d_autocorr2d_106,Local RDKit/Gasteiger/ETKDG/MMFF batch calculation,empty field in CSV,0,0,False,False,False
393,cheap__v3__rd3d_autocorr2d_107,feature,cheap_rdkit_gasteiger_etkdg_mmff,float32,descriptor_specific_or_dimensionless,cheap_rdkit_gasteiger_etkdg_mmff feature: v3__rd3d_autocorr2d_107,Local RDKit/Gasteiger/ETKDG/MMFF batch calculation,empty field in CSV,0,0,False,False,False
394,cheap__v3__rd3d_autocorr2d_108,feature,cheap_rdkit_gasteiger_etkdg_mmff,float32,descriptor_specific_or_dimensionless,cheap_rdkit_gasteiger_etkdg_mmff feature: v3__rd3d_autocorr2d_108,Local RDKit/Gasteiger/ETKDG/MMFF batch calculation,empty field in CSV,0,0,False,False,False
395,cheap__v3__rd3d_autocorr2d_109,feature,cheap_rdkit_gasteiger_etkdg_mmff,float32,descriptor_specific_or_dimensionless,cheap_rdkit_gasteiger_etkdg_mmff feature: v3__rd3d_autocorr2d_109,Local RDKit/Gasteiger/ETKDG/MMFF batch calculation,empty field in CSV,0,0,False,False,False
396,cheap__v3__rd3d_autocorr2d_110,feature,cheap_rdkit_gasteiger_etkdg_mmff,float32,descriptor_specific_or_dimensionless,cheap_rdkit_gasteiger_etkdg_mmff feature: v3__rd3d_autocorr2d_110,Local RDKit/Gasteiger/ETKDG/MMFF batch calculation,empty field in CSV,0,0,False,False,False
397,cheap__v3__rd3d_autocorr2d_111,feature,cheap_rdkit_gasteiger_etkdg_mmff,float32,descriptor_specific_or_dimensionless,cheap_rdkit_gasteiger_etkdg_mmff feature: v3__rd3d_autocorr2d_111,Local RDKit/Gasteiger/ETKDG/MMFF batch calculation,empty field in CSV,0,0,False,False,False
398,cheap__v3__rd3d_autocorr2d_112,feature,cheap_rdkit_gasteiger_etkdg_mmff,float32,descriptor_specific_or_dimensionless,cheap_rdkit_gasteiger_etkdg_mmff feature: v3__rd3d_autocorr2d_112,Local RDKit/Gasteiger/ETKDG/MMFF batch calculation,empty field in CSV,0,0,False,False,False
399,cheap__v3__rd3d_autocorr2d_113,feature,cheap_rdkit_gasteiger_etkdg_mmff,float32,descriptor_specific_or_dimensionless,cheap_rdkit_gasteiger_etkdg_mmff feature: v3__rd3d_autocorr2d_113,Local RDKit/Gasteiger/ETKDG/MMFF batch calculation,empty field in CSV,0,0,True,True,False
400,cheap__v3__rd3d_autocorr2d_114,feature,cheap_rdkit_gasteiger_etkdg_mmff,float32,descriptor_specific_or_dimensionless,cheap_rdkit_gasteiger_etkdg_mmff feature: v3__rd3d_autocorr2d_114,Local RDKit/Gasteiger/ETKDG/MMFF batch calculation,empty field in CSV,0,0,False,False,False
401,cheap__v3__rd3d_autocorr2d_115,feature,cheap_rdkit_gasteiger_etkdg_mmff,float32,descriptor_specific_or_dimensionless,cheap_rdkit_gasteiger_etkdg_mmff feature: v3__rd3d_autocorr2d_115,Local RDKit/Gasteiger/ETKDG/MMFF batch calculation,empty field in CSV,0,0,False,False,False
402,cheap__v3__rd3d_autocorr2d_116,feature,cheap_rdkit_gasteiger_etkdg_mmff,float32,descriptor_specific_or_dimensionless,cheap_rdkit_gasteiger_etkdg_mmff feature: v3__rd3d_autocorr2d_116,Local RDKit/Gasteiger/ETKDG/MMFF batch calculation,empty field in CSV,0,0,False,False,False
403,cheap__v3__rd3d_autocorr2d_117,feature,cheap_rdkit_gasteiger_etkdg_mmff,float32,descriptor_specific_or_dimensionless,cheap_rdkit_gasteiger_etkdg_mmff feature: v3__rd3d_autocorr2d_117,Local RDKit/Gasteiger/ETKDG/MMFF batch calculation,empty field in CSV,0,0,True,True,False
404,cheap__v3__rd3d_autocorr2d_118,feature,cheap_rdkit_gasteiger_etkdg_mmff,float32,descriptor_specific_or_dimensionless,cheap_rdkit_gasteiger_etkdg_mmff feature: v3__rd3d_autocorr2d_118,Local RDKit/Gasteiger/ETKDG/MMFF batch calculation,empty field in CSV,0,0,True,True,False
405,cheap__v3__rd3d_autocorr2d_119,feature,cheap_rdkit_gasteiger_etkdg_mmff,float32,descriptor_specific_or_dimensionless,cheap_rdkit_gasteiger_etkdg_mmff feature: v3__rd3d_autocorr2d_119,Local RDKit/Gasteiger/ETKDG/MMFF batch calculation,empty field in CSV,0,0,True,True,False
406,cheap__v3__rd3d_autocorr2d_120,feature,cheap_rdkit_gasteiger_etkdg_mmff,float32,descriptor_specific_or_dimensionless,cheap_rdkit_gasteiger_etkdg_mmff feature: v3__rd3d_autocorr2d_120,Local RDKit/Gasteiger/ETKDG/MMFF batch calculation,empty field in CSV,0,0,False,False,False
407,cheap__v3__rd3d_autocorr2d_121,feature,cheap_rdkit_gasteiger_etkdg_mmff,float32,descriptor_specific_or_dimensionless,cheap_rdkit_gasteiger_etkdg_mmff feature: v3__rd3d_autocorr2d_121,Local RDKit/Gasteiger/ETKDG/MMFF batch calculation,empty field in CSV,0,0,False,False,False
408,cheap__v3__rd3d_autocorr2d_122,feature,cheap_rdkit_gasteiger_etkdg_mmff,float32,descriptor_specific_or_dimensionless,cheap_rdkit_gasteiger_etkdg_mmff feature: v3__rd3d_autocorr2d_122,Local RDKit/Gasteiger/ETKDG/MMFF batch calculation,empty field in CSV,0,0,False,False,False
409,cheap__v3__rd3d_autocorr2d_123,feature,cheap_rdkit_gasteiger_etkdg_mmff,float32,descriptor_specific_or_dimensionless,cheap_rdkit_gasteiger_etkdg_mmff feature: v3__rd3d_autocorr2d_123,Local RDKit/Gasteiger/ETKDG/MMFF batch calculation,empty field in CSV,0,0,False,False,False
410,cheap__v3__rd3d_autocorr2d_124,feature,cheap_rdkit_gasteiger_etkdg_mmff,float32,descriptor_specific_or_dimensionless,cheap_rdkit_gasteiger_etkdg_mmff feature: v3__rd3d_autocorr2d_124,Local RDKit/Gasteiger/ETKDG/MMFF batch calculation,empty field in CSV,0,0,False,False,False
411,cheap__v3__rd3d_autocorr2d_125,feature,cheap_rdkit_gasteiger_etkdg_mmff,float32,descriptor_specific_or_dimensionless,cheap_rdkit_gasteiger_etkdg_mmff feature: v3__rd3d_autocorr2d_125,Local RDKit/Gasteiger/ETKDG/MMFF batch calculation,empty field in CSV,0,0,False,False,False
412,cheap__v3__rd3d_autocorr2d_126,feature,cheap_rdkit_gasteiger_etkdg_mmff,float32,descriptor_specific_or_dimensionless,cheap_rdkit_gasteiger_etkdg_mmff feature: v3__rd3d_autocorr2d_126,Local RDKit/Gasteiger/ETKDG/MMFF batch calculation,empty field in CSV,0,0,False,False,False
413,cheap__v3__rd3d_autocorr2d_127,feature,cheap_rdkit_gasteiger_etkdg_mmff,float32,descriptor_specific_or_dimensionless,cheap_rdkit_gasteiger_etkdg_mmff feature: v3__rd3d_autocorr2d_127,Local RDKit/Gasteiger/ETKDG/MMFF batch calculation,empty field in CSV,0,0,False,False,False
414,cheap__v3__rd3d_autocorr2d_128,feature,cheap_rdkit_gasteiger_etkdg_mmff,float32,descriptor_specific_or_dimensionless,cheap_rdkit_gasteiger_etkdg_mmff feature: v3__rd3d_autocorr2d_128,Local RDKit/Gasteiger/ETKDG/MMFF batch calculation,empty field in CSV,0,0,False,False,False
415,cheap__v3__rd3d_autocorr2d_129,feature,cheap_rdkit_gasteiger_etkdg_mmff,float32,descriptor_specific_or_dimensionless,cheap_rdkit_gasteiger_etkdg_mmff feature: v3__rd3d_autocorr2d_129,Local RDKit/Gasteiger/ETKDG/MMFF batch calculation,empty field in CSV,0,0,False,False,False
416,cheap__v3__rd3d_autocorr2d_130,feature,cheap_rdkit_gasteiger_etkdg_mmff,float32,descriptor_specific_or_dimensionless,cheap_rdkit_gasteiger_etkdg_mmff feature: v3__rd3d_autocorr2d_130,Local RDKit/Gasteiger/ETKDG/MMFF batch calculation,empty field in CSV,0,0,False,False,False
417,cheap__v3__rd3d_autocorr2d_131,feature,cheap_rdkit_gasteiger_etkdg_mmff,float32,descriptor_specific_or_dimensionless,cheap_rdkit_gasteiger_etkdg_mmff feature: v3__rd3d_autocorr2d_131,Local RDKit/Gasteiger/ETKDG/MMFF batch calculation,empty field in CSV,0,0,False,False,False
418,cheap__v3__rd3d_autocorr2d_132,feature,cheap_rdkit_gasteiger_etkdg_mmff,float32,descriptor_specific_or_dimensionless,cheap_rdkit_gasteiger_etkdg_mmff feature: v3__rd3d_autocorr2d_132,Local RDKit/Gasteiger/ETKDG/MMFF batch calculation,empty field in CSV,0,0,False,False,False
419,cheap__v3__rd3d_autocorr2d_133,feature,cheap_rdkit_gasteiger_etkdg_mmff,float32,descriptor_specific_or_dimensionless,cheap_rdkit_gasteiger_etkdg_mmff feature: v3__rd3d_autocorr2d_133,Local RDKit/Gasteiger/ETKDG/MMFF batch calculation,empty field in CSV,0,0,False,False,False
420,cheap__v3__rd3d_autocorr2d_134,feature,cheap_rdkit_gasteiger_etkdg_mmff,float32,descriptor_specific_or_dimensionless,cheap_rdkit_gasteiger_etkdg_mmff feature: v3__rd3d_autocorr2d_134,Local RDKit/Gasteiger/ETKDG/MMFF batch calculation,empty field in CSV,0,0,False,False,False
421,cheap__v3__rd3d_autocorr2d_135,feature,cheap_rdkit_gasteiger_etkdg_mmff,float32,descriptor_specific_or_dimensionless,cheap_rdkit_gasteiger_etkdg_mmff feature: v3__rd3d_autocorr2d_135,Local RDKit/Gasteiger/ETKDG/MMFF batch calculation,empty field in CSV,0,0,False,False,False
422,cheap__v3__rd3d_autocorr2d_136,feature,cheap_rdkit_gasteiger_etkdg_mmff,float32,descriptor_specific_or_dimensionless,cheap_rdkit_gasteiger_etkdg_mmff feature: v3__rd3d_autocorr2d_136,Local RDKit/Gasteiger/ETKDG/MMFF batch calculation,empty field in CSV,0,0,True,True,False
423,cheap__v3__rd3d_autocorr2d_137,feature,cheap_rdkit_gasteiger_etkdg_mmff,float32,descriptor_specific_or_dimensionless,cheap_rdkit_gasteiger_etkdg_mmff feature: v3__rd3d_autocorr2d_137,Local RDKit/Gasteiger/ETKDG/MMFF batch calculation,empty field in CSV,0,0,True,True,False
424,cheap__v3__rd3d_autocorr2d_138,feature,cheap_rdkit_gasteiger_etkdg_mmff,float32,descriptor_specific_or_dimensionless,cheap_rdkit_gasteiger_etkdg_mmff feature: v3__rd3d_autocorr2d_138,Local RDKit/Gasteiger/ETKDG/MMFF batch calculation,empty field in CSV,0,0,False,False,False
425,cheap__v3__rd3d_autocorr2d_139,feature,cheap_rdkit_gasteiger_etkdg_mmff,float32,descriptor_specific_or_dimensionless,cheap_rdkit_gasteiger_etkdg_mmff feature: v3__rd3d_autocorr2d_139,Local RDKit/Gasteiger/ETKDG/MMFF batch calculation,empty field in CSV,0,0,False,False,False
426,cheap__v3__rd3d_autocorr2d_140,feature,cheap_rdkit_gasteiger_etkdg_mmff,float32,descriptor_specific_or_dimensionless,cheap_rdkit_gasteiger_etkdg_mmff feature: v3__rd3d_autocorr2d_140,Local RDKit/Gasteiger/ETKDG/MMFF batch calculation,empty field in CSV,0,0,True,True,False
427,cheap__v3__rd3d_autocorr2d_141,feature,cheap_rdkit_gasteiger_etkdg_mmff,float32,descriptor_specific_or_dimensionless,cheap_rdkit_gasteiger_etkdg_mmff feature: v3__rd3d_autocorr2d_141,Local RDKit/Gasteiger/ETKDG/MMFF batch calculation,empty field in CSV,0,0,True,True,False
428,cheap__v3__rd3d_autocorr2d_142,feature,cheap_rdkit_gasteiger_etkdg_mmff,float32,descriptor_specific_or_dimensionless,cheap_rdkit_gasteiger_etkdg_mmff feature: v3__rd3d_autocorr2d_142,Local RDKit/Gasteiger/ETKDG/MMFF batch calculation,empty field in CSV,0,0,True,True,False
429,cheap__v3__rd3d_autocorr2d_143,feature,cheap_rdkit_gasteiger_etkdg_mmff,float32,descriptor_specific_or_dimensionless,cheap_rdkit_gasteiger_etkdg_mmff feature: v3__rd3d_autocorr2d_143,Local RDKit/Gasteiger/ETKDG/MMFF batch calculation,empty field in CSV,0,0,False,False,False
430,cheap__v3__rd3d_autocorr2d_144,feature,cheap_rdkit_gasteiger_etkdg_mmff,float32,descriptor_specific_or_dimensionless,cheap_rdkit_gasteiger_etkdg_mmff feature: v3__rd3d_autocorr2d_144,Local RDKit/Gasteiger/ETKDG/MMFF batch calculation,empty field in CSV,0,0,False,False,False
431,cheap__v3__rd3d_autocorr2d_145,feature,cheap_rdkit_gasteiger_etkdg_mmff,float32,descriptor_specific_or_dimensionless,cheap_rdkit_gasteiger_etkdg_mmff feature: v3__rd3d_autocorr2d_145,Local RDKit/Gasteiger/ETKDG/MMFF batch calculation,empty field in CSV,0,0,True,True,False
432,cheap__v3__rd3d_autocorr2d_146,feature,cheap_rdkit_gasteiger_etkdg_mmff,float32,descriptor_specific_or_dimensionless,cheap_rdkit_gasteiger_etkdg_mmff feature: v3__rd3d_autocorr2d_146,Local RDKit/Gasteiger/ETKDG/MMFF batch calculation,empty field in CSV,0,0,False,False,False
433,cheap__v3__rd3d_autocorr2d_147,feature,cheap_rdkit_gasteiger_etkdg_mmff,float32,descriptor_specific_or_dimensionless,cheap_rdkit_gasteiger_etkdg_mmff feature: v3__rd3d_autocorr2d_147,Local RDKit/Gasteiger/ETKDG/MMFF batch calculation,empty field in CSV,0,0,False,False,False
434,cheap__v3__rd3d_autocorr2d_148,feature,cheap_rdkit_gasteiger_etkdg_mmff,float32,descriptor_specific_or_dimensionless,cheap_rdkit_gasteiger_etkdg_mmff feature: v3__rd3d_autocorr2d_148,Local RDKit/Gasteiger/ETKDG/MMFF batch calculation,empty field in CSV,0,0,True,True,False
435,cheap__v3__rd3d_autocorr2d_149,feature,cheap_rdkit_gasteiger_etkdg_mmff,float32,descriptor_specific_or_dimensionless,cheap_rdkit_gasteiger_etkdg_mmff feature: v3__rd3d_autocorr2d_149,Local RDKit/Gasteiger/ETKDG/MMFF batch calculation,empty field in CSV,0,0,True,True,False
436,cheap__v3__rd3d_autocorr2d_150,feature,cheap_rdkit_gasteiger_etkdg_mmff,float32,descriptor_specific_or_dimensionless,cheap_rdkit_gasteiger_etkdg_mmff feature: v3__rd3d_autocorr2d_150,Local RDKit/Gasteiger/ETKDG/MMFF batch calculation,empty field in CSV,0,0,False,False,False
437,cheap__v3__rd3d_autocorr2d_151,feature,cheap_rdkit_gasteiger_etkdg_mmff,float32,descriptor_specific_or_dimensionless,cheap_rdkit_gasteiger_etkdg_mmff feature: v3__rd3d_autocorr2d_151,Local RDKit/Gasteiger/ETKDG/MMFF batch calculation,empty field in CSV,0,0,False,False,False
438,cheap__v3__rd3d_autocorr2d_152,feature,cheap_rdkit_gasteiger_etkdg_mmff,float32,descriptor_specific_or_dimensionless,cheap_rdkit_gasteiger_etkdg_mmff feature: v3__rd3d_autocorr2d_152,Local RDKit/Gasteiger/ETKDG/MMFF batch calculation,empty field in CSV,0,0,True,True,False
439,cheap__v3__rd3d_autocorr2d_153,feature,cheap_rdkit_gasteiger_etkdg_mmff,float32,descriptor_specific_or_dimensionless,cheap_rdkit_gasteiger_etkdg_mmff feature: v3__rd3d_autocorr2d_153,Local RDKit/Gasteiger/ETKDG/MMFF batch calculation,empty field in CSV,0,0,False,False,False
440,cheap__v3__rd3d_autocorr2d_154,feature,cheap_rdkit_gasteiger_etkdg_mmff,float32,descriptor_specific_or_dimensionless,cheap_rdkit_gasteiger_etkdg_mmff feature: v3__rd3d_autocorr2d_154,Local RDKit/Gasteiger/ETKDG/MMFF batch calculation,empty field in CSV,0,0,False,False,False
441,cheap__v3__rd3d_autocorr2d_155,feature,cheap_rdkit_gasteiger_etkdg_mmff,float32,descriptor_specific_or_dimensionless,cheap_rdkit_gasteiger_etkdg_mmff feature: v3__rd3d_autocorr2d_155,Local RDKit/Gasteiger/ETKDG/MMFF batch calculation,empty field in CSV,0,0,False,False,False
442,cheap__v3__rd3d_autocorr2d_156,feature,cheap_rdkit_gasteiger_etkdg_mmff,float32,descriptor_specific_or_dimensionless,cheap_rdkit_gasteiger_etkdg_mmff feature: v3__rd3d_autocorr2d_156,Local RDKit/Gasteiger/ETKDG/MMFF batch calculation,empty field in CSV,0,0,False,False,False
443,cheap__v3__rd3d_autocorr2d_157,feature,cheap_rdkit_gasteiger_etkdg_mmff,float32,descriptor_specific_or_dimensionless,cheap_rdkit_gasteiger_etkdg_mmff feature: v3__rd3d_autocorr2d_157,Local RDKit/Gasteiger/ETKDG/MMFF batch calculation,empty field in CSV,0,0,False,False,False
444,cheap__v3__rd3d_autocorr2d_158,feature,cheap_rdkit_gasteiger_etkdg_mmff,float32,descriptor_specific_or_dimensionless,cheap_rdkit_gasteiger_etkdg_mmff feature: v3__rd3d_autocorr2d_158,Local RDKit/Gasteiger/ETKDG/MMFF batch calculation,empty field in CSV,0,0,False,False,False
445,cheap__v3__rd3d_autocorr2d_159,feature,cheap_rdkit_gasteiger_etkdg_mmff,float32,descriptor_specific_or_dimensionless,cheap_rdkit_gasteiger_etkdg_mmff feature: v3__rd3d_autocorr2d_159,Local RDKit/Gasteiger/ETKDG/MMFF batch calculation,empty field in CSV,0,0,False,False,False
446,cheap__v3__rd3d_autocorr2d_160,feature,cheap_rdkit_gasteiger_etkdg_mmff,float32,descriptor_specific_or_dimensionless,cheap_rdkit_gasteiger_etkdg_mmff feature: v3__rd3d_autocorr2d_160,Local RDKit/Gasteiger/ETKDG/MMFF batch calculation,empty field in CSV,0,0,True,True,False
447,cheap__v3__rd3d_autocorr2d_161,feature,cheap_rdkit_gasteiger_etkdg_mmff,float32,descriptor_specific_or_dimensionless,cheap_rdkit_gasteiger_etkdg_mmff feature: v3__rd3d_autocorr2d_161,Local RDKit/Gasteiger/ETKDG/MMFF batch calculation,empty field in CSV,0,0,True,True,False
448,cheap__v3__rd3d_autocorr2d_162,feature,cheap_rdkit_gasteiger_etkdg_mmff,float32,descriptor_specific_or_dimensionless,cheap_rdkit_gasteiger_etkdg_mmff feature: v3__rd3d_autocorr2d_162,Local RDKit/Gasteiger/ETKDG/MMFF batch calculation,empty field in CSV,0,0,True,True,False
449,cheap__v3__rd3d_autocorr2d_163,feature,cheap_rdkit_gasteiger_etkdg_mmff,float32,descriptor_specific_or_dimensionless,cheap_rdkit_gasteiger_etkdg_mmff feature: v3__rd3d_autocorr2d_163,Local RDKit/Gasteiger/ETKDG/MMFF batch calculation,empty field in CSV,0,0,False,False,False
450,cheap__v3__rd3d_autocorr2d_164,feature,cheap_rdkit_gasteiger_etkdg_mmff,float32,descriptor_specific_or_dimensionless,cheap_rdkit_gasteiger_etkdg_mmff feature: v3__rd3d_autocorr2d_164,Local RDKit/Gasteiger/ETKDG/MMFF batch calculation,empty field in CSV,0,0,True,True,False
451,cheap__v3__rd3d_autocorr2d_165,feature,cheap_rdkit_gasteiger_etkdg_mmff,float32,descriptor_specific_or_dimensionless,cheap_rdkit_gasteiger_etkdg_mmff feature: v3__rd3d_autocorr2d_165,Local RDKit/Gasteiger/ETKDG/MMFF batch calculation,empty field in CSV,0,0,True,True,False
452,cheap__v3__rd3d_autocorr2d_166,feature,cheap_rdkit_gasteiger_etkdg_mmff,float32,descriptor_specific_or_dimensionless,cheap_rdkit_gasteiger_etkdg_mmff feature: v3__rd3d_autocorr2d_166,Local RDKit/Gasteiger/ETKDG/MMFF batch calculation,empty field in CSV,0,0,True,True,False
453,cheap__v3__rd3d_autocorr2d_167,feature,cheap_rdkit_gasteiger_etkdg_mmff,float32,descriptor_specific_or_dimensionless,cheap_rdkit_gasteiger_etkdg_mmff feature: v3__rd3d_autocorr2d_167,Local RDKit/Gasteiger/ETKDG/MMFF batch calculation,empty field in CSV,0,0,False,False,False
454,cheap__v3__rd3d_autocorr2d_168,feature,cheap_rdkit_gasteiger_etkdg_mmff,float32,descriptor_specific_or_dimensionless,cheap_rdkit_gasteiger_etkdg_mmff feature: v3__rd3d_autocorr2d_168,Local RDKit/Gasteiger/ETKDG/MMFF batch calculation,empty field in CSV,0,0,False,False,False
455,cheap__v3__rd3d_autocorr2d_169,feature,cheap_rdkit_gasteiger_etkdg_mmff,float32,descriptor_specific_or_dimensionless,cheap_rdkit_gasteiger_etkdg_mmff feature: v3__rd3d_autocorr2d_169,Local RDKit/Gasteiger/ETKDG/MMFF batch calculation,empty field in CSV,0,0,False,False,False
456,cheap__v3__rd3d_autocorr2d_170,feature,cheap_rdkit_gasteiger_etkdg_mmff,float32,descriptor_specific_or_dimensionless,cheap_rdkit_gasteiger_etkdg_mmff feature: v3__rd3d_autocorr2d_170,Local RDKit/Gasteiger/ETKDG/MMFF batch calculation,empty field in CSV,0,0,False,False,False
457,cheap__v3__rd3d_autocorr2d_171,feature,cheap_rdkit_gasteiger_etkdg_mmff,float32,descriptor_specific_or_dimensionless,cheap_rdkit_gasteiger_etkdg_mmff feature: v3__rd3d_autocorr2d_171,Local RDKit/Gasteiger/ETKDG/MMFF batch calculation,empty field in CSV,0,0,False,False,False
458,cheap__v3__rd3d_autocorr2d_172,feature,cheap_rdkit_gasteiger_etkdg_mmff,float32,descriptor_specific_or_dimensionless,cheap_rdkit_gasteiger_etkdg_mmff feature: v3__rd3d_autocorr2d_172,Local RDKit/Gasteiger/ETKDG/MMFF batch calculation,empty field in CSV,0,0,False,False,False
459,cheap__v3__rd3d_autocorr2d_173,feature,cheap_rdkit_gasteiger_etkdg_mmff,float32,descriptor_specific_or_dimensionless,cheap_rdkit_gasteiger_etkdg_mmff feature: v3__rd3d_autocorr2d_173,Local RDKit/Gasteiger/ETKDG/MMFF batch calculation,empty field in CSV,0,0,False,False,False
460,cheap__v3__rd3d_autocorr2d_174,feature,cheap_rdkit_gasteiger_etkdg_mmff,float32,descriptor_specific_or_dimensionless,cheap_rdkit_gasteiger_etkdg_mmff feature: v3__rd3d_autocorr2d_174,Local RDKit/Gasteiger/ETKDG/MMFF batch calculation,empty field in CSV,0,0,False,False,False
461,cheap__v3__rd3d_autocorr2d_175,feature,cheap_rdkit_gasteiger_etkdg_mmff,float32,descriptor_specific_or_dimensionless,cheap_rdkit_gasteiger_etkdg_mmff feature: v3__rd3d_autocorr2d_175,Local RDKit/Gasteiger/ETKDG/MMFF batch calculation,empty field in CSV,0,0,False,False,False
462,cheap__v3__rd3d_autocorr2d_176,feature,cheap_rdkit_gasteiger_etkdg_mmff,float32,descriptor_specific_or_dimensionless,cheap_rdkit_gasteiger_etkdg_mmff feature: v3__rd3d_autocorr2d_176,Local RDKit/Gasteiger/ETKDG/MMFF batch calculation,empty field in CSV,0,0,False,False,False
463,cheap__v3__rd3d_autocorr2d_177,feature,cheap_rdkit_gasteiger_etkdg_mmff,float32,descriptor_specific_or_dimensionless,cheap_rdkit_gasteiger_etkdg_mmff feature: v3__rd3d_autocorr2d_177,Local RDKit/Gasteiger/ETKDG/MMFF batch calculation,empty field in CSV,0,0,False,False,False
464,cheap__v3__rd3d_autocorr2d_178,feature,cheap_rdkit_gasteiger_etkdg_mmff,float32,descriptor_specific_or_dimensionless,cheap_rdkit_gasteiger_etkdg_mmff feature: v3__rd3d_autocorr2d_178,Local RDKit/Gasteiger/ETKDG/MMFF batch calculation,empty field in CSV,0,0,False,False,False
465,cheap__v3__rd3d_autocorr2d_179,feature,cheap_rdkit_gasteiger_etkdg_mmff,float32,descriptor_specific_or_dimensionless,cheap_rdkit_gasteiger_etkdg_mmff feature: v3__rd3d_autocorr2d_179,Local RDKit/Gasteiger/ETKDG/MMFF batch calculation,empty field in CSV,0,0,False,False,False
466,cheap__v3__rd3d_autocorr2d_180,feature,cheap_rdkit_gasteiger_etkdg_mmff,float32,descriptor_specific_or_dimensionless,cheap_rdkit_gasteiger_etkdg_mmff feature: v3__rd3d_autocorr2d_180,Local RDKit/Gasteiger/ETKDG/MMFF batch calculation,empty field in CSV,0,0,False,False,False
467,cheap__v3__rd3d_autocorr2d_181,feature,cheap_rdkit_gasteiger_etkdg_mmff,float32,descriptor_specific_or_dimensionless,cheap_rdkit_gasteiger_etkdg_mmff feature: v3__rd3d_autocorr2d_181,Local RDKit/Gasteiger/ETKDG/MMFF batch calculation,empty field in CSV,0,0,False,False,False
468,cheap__v3__rd3d_autocorr2d_182,feature,cheap_rdkit_gasteiger_etkdg_mmff,float32,descriptor_specific_or_dimensionless,cheap_rdkit_gasteiger_etkdg_mmff feature: v3__rd3d_autocorr2d_182,Local RDKit/Gasteiger/ETKDG/MMFF batch calculation,empty field in CSV,0,0,False,False,False
469,cheap__v3__rd3d_autocorr2d_183,feature,cheap_rdkit_gasteiger_etkdg_mmff,float32,descriptor_specific_or_dimensionless,cheap_rdkit_gasteiger_etkdg_mmff feature: v3__rd3d_autocorr2d_183,Local RDKit/Gasteiger/ETKDG/MMFF batch calculation,empty field in CSV,0,0,False,False,False
470,cheap__v3__rd3d_autocorr2d_184,feature,cheap_rdkit_gasteiger_etkdg_mmff,float32,descriptor_specific_or_dimensionless,cheap_rdkit_gasteiger_etkdg_mmff feature: v3__rd3d_autocorr2d_184,Local RDKit/Gasteiger/ETKDG/MMFF batch calculation,empty field in CSV,0,0,True,True,False
471,cheap__v3__rd3d_autocorr2d_185,feature,cheap_rdkit_gasteiger_etkdg_mmff,float32,descriptor_specific_or_dimensionless,cheap_rdkit_gasteiger_etkdg_mmff feature: v3__rd3d_autocorr2d_185,Local RDKit/Gasteiger/ETKDG/MMFF batch calculation,empty field in CSV,0,0,True,True,False
472,cheap__v3__rd3d_autocorr2d_186,feature,cheap_rdkit_gasteiger_etkdg_mmff,float32,descriptor_specific_or_dimensionless,cheap_rdkit_gasteiger_etkdg_mmff feature: v3__rd3d_autocorr2d_186,Local RDKit/Gasteiger/ETKDG/MMFF batch calculation,empty field in CSV,0,0,True,True,False
473,cheap__v3__rd3d_autocorr2d_187,feature,cheap_rdkit_gasteiger_etkdg_mmff,float32,descriptor_specific_or_dimensionless,cheap_rdkit_gasteiger_etkdg_mmff feature: v3__rd3d_autocorr2d_187,Local RDKit/Gasteiger/ETKDG/MMFF batch calculation,empty field in CSV,0,0,False,False,False
474,cheap__v3__rd3d_autocorr2d_188,feature,cheap_rdkit_gasteiger_etkdg_mmff,float32,descriptor_specific_or_dimensionless,cheap_rdkit_gasteiger_etkdg_mmff feature: v3__rd3d_autocorr2d_188,Local RDKit/Gasteiger/ETKDG/MMFF batch calculation,empty field in CSV,0,0,True,True,False
475,cheap__v3__rd3d_autocorr2d_189,feature,cheap_rdkit_gasteiger_etkdg_mmff,float32,descriptor_specific_or_dimensionless,cheap_rdkit_gasteiger_etkdg_mmff feature: v3__rd3d_autocorr2d_189,Local RDKit/Gasteiger/ETKDG/MMFF batch calculation,empty field in CSV,0,0,True,True,False
476,cheap__v3__rd3d_autocorr2d_190,feature,cheap_rdkit_gasteiger_etkdg_mmff,float32,descriptor_specific_or_dimensionless,cheap_rdkit_gasteiger_etkdg_mmff feature: v3__rd3d_autocorr2d_190,Local RDKit/Gasteiger/ETKDG/MMFF batch calculation,empty field in CSV,0,0,True,True,False
477,cheap__v3__rd3d_autocorr2d_191,feature,cheap_rdkit_gasteiger_etkdg_mmff,float32,descriptor_specific_or_dimensionless,cheap_rdkit_gasteiger_etkdg_mmff feature: v3__rd3d_autocorr2d_191,Local RDKit/Gasteiger/ETKDG/MMFF batch calculation,empty field in CSV,0,0,False,False,False
478,cheap__v3__rd3d_autocorr3d_000,feature,cheap_rdkit_gasteiger_etkdg_mmff,float32,descriptor_specific_or_dimensionless,cheap_rdkit_gasteiger_etkdg_mmff feature: v3__rd3d_autocorr3d_000,Local RDKit/Gasteiger/ETKDG/MMFF batch calculation,empty field in CSV,0,0,False,False,True
479,cheap__v3__rd3d_autocorr3d_001,feature,cheap_rdkit_gasteiger_etkdg_mmff,float32,descriptor_specific_or_dimensionless,cheap_rdkit_gasteiger_etkdg_mmff feature: v3__rd3d_autocorr3d_001,Local RDKit/Gasteiger/ETKDG/MMFF batch calculation,empty field in CSV,0,0,False,False,True
480,cheap__v3__rd3d_autocorr3d_002,feature,cheap_rdkit_gasteiger_etkdg_mmff,float32,descriptor_specific_or_dimensionless,cheap_rdkit_gasteiger_etkdg_mmff feature: v3__rd3d_autocorr3d_002,Local RDKit/Gasteiger/ETKDG/MMFF batch calculation,empty field in CSV,0,0,False,False,False
481,cheap__v3__rd3d_autocorr3d_003,feature,cheap_rdkit_gasteiger_etkdg_mmff,float32,descriptor_specific_or_dimensionless,cheap_rdkit_gasteiger_etkdg_mmff feature: v3__rd3d_autocorr3d_003,Local RDKit/Gasteiger/ETKDG/MMFF batch calculation,empty field in CSV,0,0,True,True,False
482,cheap__v3__rd3d_autocorr3d_004,feature,cheap_rdkit_gasteiger_etkdg_mmff,float32,descriptor_specific_or_dimensionless,cheap_rdkit_gasteiger_etkdg_mmff feature: v3__rd3d_autocorr3d_004,Local RDKit/Gasteiger/ETKDG/MMFF batch calculation,empty field in CSV,0,0,False,False,True
483,cheap__v3__rd3d_autocorr3d_005,feature,cheap_rdkit_gasteiger_etkdg_mmff,float32,descriptor_specific_or_dimensionless,cheap_rdkit_gasteiger_etkdg_mmff feature: v3__rd3d_autocorr3d_005,Local RDKit/Gasteiger/ETKDG/MMFF batch calculation,empty field in CSV,0,0,False,False,True
484,cheap__v3__rd3d_autocorr3d_006,feature,cheap_rdkit_gasteiger_etkdg_mmff,float32,descriptor_specific_or_dimensionless,cheap_rdkit_gasteiger_etkdg_mmff feature: v3__rd3d_autocorr3d_006,Local RDKit/Gasteiger/ETKDG/MMFF batch calculation,empty field in CSV,0,0,False,False,True
485,cheap__v3__rd3d_autocorr3d_007,feature,cheap_rdkit_gasteiger_etkdg_mmff,float32,descriptor_specific_or_dimensionless,cheap_rdkit_gasteiger_etkdg_mmff feature: v3__rd3d_autocorr3d_007,Local RDKit/Gasteiger/ETKDG/MMFF batch calculation,empty field in CSV,0,0,False,False,False
486,cheap__v3__rd3d_autocorr3d_008,feature,cheap_rdkit_gasteiger_etkdg_mmff,float32,descriptor_specific_or_dimensionless,cheap_rdkit_gasteiger_etkdg_mmff feature: v3__rd3d_autocorr3d_008,Local RDKit/Gasteiger/ETKDG/MMFF batch calculation,empty field in CSV,0,0,False,False,False
487,cheap__v3__rd3d_autocorr3d_009,feature,cheap_rdkit_gasteiger_etkdg_mmff,float32,descriptor_specific_or_dimensionless,cheap_rdkit_gasteiger_etkdg_mmff feature: v3__rd3d_autocorr3d_009,Local RDKit/Gasteiger/ETKDG/MMFF batch calculation,empty field in CSV,0,0,False,False,False
488,cheap__v3__rd3d_autocorr3d_010,feature,cheap_rdkit_gasteiger_etkdg_mmff,float32,descriptor_specific_or_dimensionless,cheap_rdkit_gasteiger_etkdg_mmff feature: v3__rd3d_autocorr3d_010,Local RDKit/Gasteiger/ETKDG/MMFF batch calculation,empty field in CSV,0,0,False,False,False
489,cheap__v3__rd3d_autocorr3d_011,feature,cheap_rdkit_gasteiger_etkdg_mmff,float32,descriptor_specific_or_dimensionless,cheap_rdkit_gasteiger_etkdg_mmff feature: v3__rd3d_autocorr3d_011,Local RDKit/Gasteiger/ETKDG/MMFF batch calculation,empty field in CSV,0,0,False,False,False
490,cheap__v3__rd3d_autocorr3d_012,feature,cheap_rdkit_gasteiger_etkdg_mmff,float32,descriptor_specific_or_dimensionless,cheap_rdkit_gasteiger_etkdg_mmff feature: v3__rd3d_autocorr3d_012,Local RDKit/Gasteiger/ETKDG/MMFF batch calculation,empty field in CSV,0,0,False,False,False
491,cheap__v3__rd3d_autocorr3d_013,feature,cheap_rdkit_gasteiger_etkdg_mmff,float32,descriptor_specific_or_dimensionless,cheap_rdkit_gasteiger_etkdg_mmff feature: v3__rd3d_autocorr3d_013,Local RDKit/Gasteiger/ETKDG/MMFF batch calculation,empty field in CSV,0,0,False,False,False
492,cheap__v3__rd3d_autocorr3d_014,feature,cheap_rdkit_gasteiger_etkdg_mmff,float32,descriptor_specific_or_dimensionless,cheap_rdkit_gasteiger_etkdg_mmff feature: v3__rd3d_autocorr3d_014,Local RDKit/Gasteiger/ETKDG/MMFF batch calculation,empty field in CSV,0,0,False,False,False
493,cheap__v3__rd3d_autocorr3d_015,feature,cheap_rdkit_gasteiger_etkdg_mmff,float32,descriptor_specific_or_dimensionless,cheap_rdkit_gasteiger_etkdg_mmff feature: v3__rd3d_autocorr3d_015,Local RDKit/Gasteiger/ETKDG/MMFF batch calculation,empty field in CSV,0,0,False,False,False
494,cheap__v3__rd3d_autocorr3d_016,feature,cheap_rdkit_gasteiger_etkdg_mmff,float32,descriptor_specific_or_dimensionless,cheap_rdkit_gasteiger_etkdg_mmff feature: v3__rd3d_autocorr3d_016,Local RDKit/Gasteiger/ETKDG/MMFF batch calculation,empty field in CSV,0,0,False,False,False
495,cheap__v3__rd3d_autocorr3d_017,feature,cheap_rdkit_gasteiger_etkdg_mmff,float32,descriptor_specific_or_dimensionless,cheap_rdkit_gasteiger_etkdg_mmff feature: v3__rd3d_autocorr3d_017,Local RDKit/Gasteiger/ETKDG/MMFF batch calculation,empty field in CSV,0,0,False,False,False
496,cheap__v3__rd3d_autocorr3d_018,feature,cheap_rdkit_gasteiger_etkdg_mmff,float32,descriptor_specific_or_dimensionless,cheap_rdkit_gasteiger_etkdg_mmff feature: v3__rd3d_autocorr3d_018,Local RDKit/Gasteiger/ETKDG/MMFF batch calculation,empty field in CSV,0,0,False,False,False
497,cheap__v3__rd3d_autocorr3d_019,feature,cheap_rdkit_gasteiger_etkdg_mmff,float32,descriptor_specific_or_dimensionless,cheap_rdkit_gasteiger_etkdg_mmff feature: v3__rd3d_autocorr3d_019,Local RDKit/Gasteiger/ETKDG/MMFF batch calculation,empty field in CSV,0,0,False,False,False
498,cheap__v3__rd3d_autocorr3d_020,feature,cheap_rdkit_gasteiger_etkdg_mmff,float32,descriptor_specific_or_dimensionless,cheap_rdkit_gasteiger_etkdg_mmff feature: v3__rd3d_autocorr3d_020,Local RDKit/Gasteiger/ETKDG/MMFF batch calculation,empty field in CSV,0,0,False,False,True
499,cheap__v3__rd3d_autocorr3d_021,feature,cheap_rdkit_gasteiger_etkdg_mmff,float32,descriptor_specific_or_dimensionless,cheap_rdkit_gasteiger_etkdg_mmff feature: v3__rd3d_autocorr3d_021,Local RDKit/Gasteiger/ETKDG/MMFF batch calculation,empty field in CSV,0,0,False,False,False
500,cheap__v3__rd3d_autocorr3d_022,feature,cheap_rdkit_gasteiger_etkdg_mmff,float32,descriptor_specific_or_dimensionless,cheap_rdkit_gasteiger_etkdg_mmff feature: v3__rd3d_autocorr3d_022,Local RDKit/Gasteiger/ETKDG/MMFF batch calculation,empty field in CSV,0,0,False,False,False
501,cheap__v3__rd3d_autocorr3d_023,feature,cheap_rdkit_gasteiger_etkdg_mmff,float32,descriptor_specific_or_dimensionless,cheap_rdkit_gasteiger_etkdg_mmff feature: v3__rd3d_autocorr3d_023,Local RDKit/Gasteiger/ETKDG/MMFF batch calculation,empty field in CSV,0,0,True,True,False
502,cheap__v3__rd3d_autocorr3d_024,feature,cheap_rdkit_gasteiger_etkdg_mmff,float32,descriptor_specific_or_dimensionless,cheap_rdkit_gasteiger_etkdg_mmff feature: v3__rd3d_autocorr3d_024,Local RDKit/Gasteiger/ETKDG/MMFF batch calculation,empty field in CSV,0,0,False,False,True
503,cheap__v3__rd3d_autocorr3d_025,feature,cheap_rdkit_gasteiger_etkdg_mmff,float32,descriptor_specific_or_dimensionless,cheap_rdkit_gasteiger_etkdg_mmff feature: v3__rd3d_autocorr3d_025,Local RDKit/Gasteiger/ETKDG/MMFF batch calculation,empty field in CSV,0,0,False,False,True
504,cheap__v3__rd3d_autocorr3d_026,feature,cheap_rdkit_gasteiger_etkdg_mmff,float32,descriptor_specific_or_dimensionless,cheap_rdkit_gasteiger_etkdg_mmff feature: v3__rd3d_autocorr3d_026,Local RDKit/Gasteiger/ETKDG/MMFF batch calculation,empty field in CSV,0,0,False,False,False
505,cheap__v3__rd3d_autocorr3d_027,feature,cheap_rdkit_gasteiger_etkdg_mmff,float32,descriptor_specific_or_dimensionless,cheap_rdkit_gasteiger_etkdg_mmff feature: v3__rd3d_autocorr3d_027,Local RDKit/Gasteiger/ETKDG/MMFF batch calculation,empty field in CSV,0,0,False,False,False
506,cheap__v3__rd3d_autocorr3d_028,feature,cheap_rdkit_gasteiger_etkdg_mmff,float32,descriptor_specific_or_dimensionless,cheap_rdkit_gasteiger_etkdg_mmff feature: v3__rd3d_autocorr3d_028,Local RDKit/Gasteiger/ETKDG/MMFF batch calculation,empty field in CSV,0,0,False,False,False
507,cheap__v3__rd3d_autocorr3d_029,feature,cheap_rdkit_gasteiger_etkdg_mmff,float32,descriptor_specific_or_dimensionless,cheap_rdkit_gasteiger_etkdg_mmff feature: v3__rd3d_autocorr3d_029,Local RDKit/Gasteiger/ETKDG/MMFF batch calculation,empty field in CSV,0,0,False,False,False
508,cheap__v3__rd3d_autocorr3d_030,feature,cheap_rdkit_gasteiger_etkdg_mmff,float32,descriptor_specific_or_dimensionless,cheap_rdkit_gasteiger_etkdg_mmff feature: v3__rd3d_autocorr3d_030,Local RDKit/Gasteiger/ETKDG/MMFF batch calculation,empty field in CSV,0,0,False,False,True
509,cheap__v3__rd3d_autocorr3d_031,feature,cheap_rdkit_gasteiger_etkdg_mmff,float32,descriptor_specific_or_dimensionless,cheap_rdkit_gasteiger_etkdg_mmff feature: v3__rd3d_autocorr3d_031,Local RDKit/Gasteiger/ETKDG/MMFF batch calculation,empty field in CSV,0,0,True,True,True
510,cheap__v3__rd3d_autocorr3d_032,feature,cheap_rdkit_gasteiger_etkdg_mmff,float32,descriptor_specific_or_dimensionless,cheap_rdkit_gasteiger_etkdg_mmff feature: v3__rd3d_autocorr3d_032,Local RDKit/Gasteiger/ETKDG/MMFF batch calculation,empty field in CSV,0,0,False,False,True
511,cheap__v3__rd3d_autocorr3d_033,feature,cheap_rdkit_gasteiger_etkdg_mmff,float32,descriptor_specific_or_dimensionless,cheap_rdkit_gasteiger_etkdg_mmff feature: v3__rd3d_autocorr3d_033,Local RDKit/Gasteiger/ETKDG/MMFF batch calculation,empty field in CSV,0,0,True,True,False
512,cheap__v3__rd3d_autocorr3d_034,feature,cheap_rdkit_gasteiger_etkdg_mmff,float32,descriptor_specific_or_dimensionless,cheap_rdkit_gasteiger_etkdg_mmff feature: v3__rd3d_autocorr3d_034,Local RDKit/Gasteiger/ETKDG/MMFF batch calculation,empty field in CSV,0,0,False,False,True
513,cheap__v3__rd3d_autocorr3d_035,feature,cheap_rdkit_gasteiger_etkdg_mmff,float32,descriptor_specific_or_dimensionless,cheap_rdkit_gasteiger_etkdg_mmff feature: v3__rd3d_autocorr3d_035,Local RDKit/Gasteiger/ETKDG/MMFF batch calculation,empty field in CSV,0,0,False,False,True
514,cheap__v3__rd3d_autocorr3d_036,feature,cheap_rdkit_gasteiger_etkdg_mmff,float32,descriptor_specific_or_dimensionless,cheap_rdkit_gasteiger_etkdg_mmff feature: v3__rd3d_autocorr3d_036,Local RDKit/Gasteiger/ETKDG/MMFF batch calculation,empty field in CSV,0,0,False,False,True
515,cheap__v3__rd3d_autocorr3d_037,feature,cheap_rdkit_gasteiger_etkdg_mmff,float32,descriptor_specific_or_dimensionless,cheap_rdkit_gasteiger_etkdg_mmff feature: v3__rd3d_autocorr3d_037,Local RDKit/Gasteiger/ETKDG/MMFF batch calculation,empty field in CSV,0,0,False,False,False
516,cheap__v3__rd3d_autocorr3d_038,feature,cheap_rdkit_gasteiger_etkdg_mmff,float32,descriptor_specific_or_dimensionless,cheap_rdkit_gasteiger_etkdg_mmff feature: v3__rd3d_autocorr3d_038,Local RDKit/Gasteiger/ETKDG/MMFF batch calculation,empty field in CSV,0,0,False,False,False
517,cheap__v3__rd3d_autocorr3d_039,feature,cheap_rdkit_gasteiger_etkdg_mmff,float32,descriptor_specific_or_dimensionless,cheap_rdkit_gasteiger_etkdg_mmff feature: v3__rd3d_autocorr3d_039,Local RDKit/Gasteiger/ETKDG/MMFF batch calculation,empty field in CSV,0,0,False,False,False
518,cheap__v3__rd3d_autocorr3d_040,feature,cheap_rdkit_gasteiger_etkdg_mmff,float32,descriptor_specific_or_dimensionless,cheap_rdkit_gasteiger_etkdg_mmff feature: v3__rd3d_autocorr3d_040,Local RDKit/Gasteiger/ETKDG/MMFF batch calculation,empty field in CSV,0,0,False,False,False
519,cheap__v3__rd3d_autocorr3d_041,feature,cheap_rdkit_gasteiger_etkdg_mmff,float32,descriptor_specific_or_dimensionless,cheap_rdkit_gasteiger_etkdg_mmff feature: v3__rd3d_autocorr3d_041,Local RDKit/Gasteiger/ETKDG/MMFF batch calculation,empty field in CSV,0,0,False,False,False
520,cheap__v3__rd3d_autocorr3d_042,feature,cheap_rdkit_gasteiger_etkdg_mmff,float32,descriptor_specific_or_dimensionless,cheap_rdkit_gasteiger_etkdg_mmff feature: v3__rd3d_autocorr3d_042,Local RDKit/Gasteiger/ETKDG/MMFF batch calculation,empty field in CSV,0,0,False,False,False
521,cheap__v3__rd3d_autocorr3d_043,feature,cheap_rdkit_gasteiger_etkdg_mmff,float32,descriptor_specific_or_dimensionless,cheap_rdkit_gasteiger_etkdg_mmff feature: v3__rd3d_autocorr3d_043,Local RDKit/Gasteiger/ETKDG/MMFF batch calculation,empty field in CSV,0,0,True,True,True
522,cheap__v3__rd3d_autocorr3d_044,feature,cheap_rdkit_gasteiger_etkdg_mmff,float32,descriptor_specific_or_dimensionless,cheap_rdkit_gasteiger_etkdg_mmff feature: v3__rd3d_autocorr3d_044,Local RDKit/Gasteiger/ETKDG/MMFF batch calculation,empty field in CSV,0,0,False,False,True
523,cheap__v3__rd3d_autocorr3d_045,feature,cheap_rdkit_gasteiger_etkdg_mmff,float32,descriptor_specific_or_dimensionless,cheap_rdkit_gasteiger_etkdg_mmff feature: v3__rd3d_autocorr3d_045,Local RDKit/Gasteiger/ETKDG/MMFF batch calculation,empty field in CSV,0,0,False,False,True
524,cheap__v3__rd3d_autocorr3d_046,feature,cheap_rdkit_gasteiger_etkdg_mmff,float32,descriptor_specific_or_dimensionless,cheap_rdkit_gasteiger_etkdg_mmff feature: v3__rd3d_autocorr3d_046,Local RDKit/Gasteiger/ETKDG/MMFF batch calculation,empty field in CSV,0,0,False,False,True
525,cheap__v3__rd3d_autocorr3d_047,feature,cheap_rdkit_gasteiger_etkdg_mmff,float32,descriptor_specific_or_dimensionless,cheap_rdkit_gasteiger_etkdg_mmff feature: v3__rd3d_autocorr3d_047,Local RDKit/Gasteiger/ETKDG/MMFF batch calculation,empty field in CSV,0,0,False,False,False
526,cheap__v3__rd3d_autocorr3d_048,feature,cheap_rdkit_gasteiger_etkdg_mmff,float32,descriptor_specific_or_dimensionless,cheap_rdkit_gasteiger_etkdg_mmff feature: v3__rd3d_autocorr3d_048,Local RDKit/Gasteiger/ETKDG/MMFF batch calculation,empty field in CSV,0,0,False,False,False
527,cheap__v3__rd3d_autocorr3d_049,feature,cheap_rdkit_gasteiger_etkdg_mmff,float32,descriptor_specific_or_dimensionless,cheap_rdkit_gasteiger_etkdg_mmff feature: v3__rd3d_autocorr3d_049,Local RDKit/Gasteiger/ETKDG/MMFF batch calculation,empty field in CSV,0,0,False,False,False
528,cheap__v3__rd3d_autocorr3d_050,feature,cheap_rdkit_gasteiger_etkdg_mmff,float32,descriptor_specific_or_dimensionless,cheap_rdkit_gasteiger_etkdg_mmff feature: v3__rd3d_autocorr3d_050,Local RDKit/Gasteiger/ETKDG/MMFF batch calculation,empty field in CSV,0,0,False,False,True
529,cheap__v3__rd3d_autocorr3d_051,feature,cheap_rdkit_gasteiger_etkdg_mmff,float32,descriptor_specific_or_dimensionless,cheap_rdkit_gasteiger_etkdg_mmff feature: v3__rd3d_autocorr3d_051,Local RDKit/Gasteiger/ETKDG/MMFF batch calculation,empty field in CSV,0,0,True,True,True
530,cheap__v3__rd3d_autocorr3d_052,feature,cheap_rdkit_gasteiger_etkdg_mmff,float32,descriptor_specific_or_dimensionless,cheap_rdkit_gasteiger_etkdg_mmff feature: v3__rd3d_autocorr3d_052,Local RDKit/Gasteiger/ETKDG/MMFF batch calculation,empty field in CSV,0,0,False,False,True
531,cheap__v3__rd3d_autocorr3d_053,feature,cheap_rdkit_gasteiger_etkdg_mmff,float32,descriptor_specific_or_dimensionless,cheap_rdkit_gasteiger_etkdg_mmff feature: v3__rd3d_autocorr3d_053,Local RDKit/Gasteiger/ETKDG/MMFF batch calculation,empty field in CSV,0,0,True,True,False
532,cheap__v3__rd3d_autocorr3d_054,feature,cheap_rdkit_gasteiger_etkdg_mmff,float32,descriptor_specific_or_dimensionless,cheap_rdkit_gasteiger_etkdg_mmff feature: v3__rd3d_autocorr3d_054,Local RDKit/Gasteiger/ETKDG/MMFF batch calculation,empty field in CSV,0,0,False,False,True
533,cheap__v3__rd3d_autocorr3d_055,feature,cheap_rdkit_gasteiger_etkdg_mmff,float32,descriptor_specific_or_dimensionless,cheap_rdkit_gasteiger_etkdg_mmff feature: v3__rd3d_autocorr3d_055,Local RDKit/Gasteiger/ETKDG/MMFF batch calculation,empty field in CSV,0,0,False,False,True
534,cheap__v3__rd3d_autocorr3d_056,feature,cheap_rdkit_gasteiger_etkdg_mmff,float32,descriptor_specific_or_dimensionless,cheap_rdkit_gasteiger_etkdg_mmff feature: v3__rd3d_autocorr3d_056,Local RDKit/Gasteiger/ETKDG/MMFF batch calculation,empty field in CSV,0,0,False,False,True
535,cheap__v3__rd3d_autocorr3d_057,feature,cheap_rdkit_gasteiger_etkdg_mmff,float32,descriptor_specific_or_dimensionless,cheap_rdkit_gasteiger_etkdg_mmff feature: v3__rd3d_autocorr3d_057,Local RDKit/Gasteiger/ETKDG/MMFF batch calculation,empty field in CSV,0,0,False,False,False
536,cheap__v3__rd3d_autocorr3d_058,feature,cheap_rdkit_gasteiger_etkdg_mmff,float32,descriptor_specific_or_dimensionless,cheap_rdkit_gasteiger_etkdg_mmff feature: v3__rd3d_autocorr3d_058,Local RDKit/Gasteiger/ETKDG/MMFF batch calculation,empty field in CSV,0,0,False,False,False
537,cheap__v3__rd3d_autocorr3d_059,feature,cheap_rdkit_gasteiger_etkdg_mmff,float32,descriptor_specific_or_dimensionless,cheap_rdkit_gasteiger_etkdg_mmff feature: v3__rd3d_autocorr3d_059,Local RDKit/Gasteiger/ETKDG/MMFF batch calculation,empty field in CSV,0,0,False,False,False
538,cheap__v3__rd3d_autocorr3d_060,feature,cheap_rdkit_gasteiger_etkdg_mmff,float32,descriptor_specific_or_dimensionless,cheap_rdkit_gasteiger_etkdg_mmff feature: v3__rd3d_autocorr3d_060,Local RDKit/Gasteiger/ETKDG/MMFF batch calculation,empty field in CSV,0,0,False,False,True
539,cheap__v3__rd3d_autocorr3d_061,feature,cheap_rdkit_gasteiger_etkdg_mmff,float32,descriptor_specific_or_dimensionless,cheap_rdkit_gasteiger_etkdg_mmff feature: v3__rd3d_autocorr3d_061,Local RDKit/Gasteiger/ETKDG/MMFF batch calculation,empty field in CSV,0,0,True,True,False
540,cheap__v3__rd3d_autocorr3d_062,feature,cheap_rdkit_gasteiger_etkdg_mmff,float32,descriptor_specific_or_dimensionless,cheap_rdkit_gasteiger_etkdg_mmff feature: v3__rd3d_autocorr3d_062,Local RDKit/Gasteiger/ETKDG/MMFF batch calculation,empty field in CSV,0,0,False,False,False
541,cheap__v3__rd3d_autocorr3d_063,feature,cheap_rdkit_gasteiger_etkdg_mmff,float32,descriptor_specific_or_dimensionless,cheap_rdkit_gasteiger_etkdg_mmff feature: v3__rd3d_autocorr3d_063,Local RDKit/Gasteiger/ETKDG/MMFF batch calculation,empty field in CSV,0,0,False,False,False
542,cheap__v3__rd3d_autocorr3d_064,feature,cheap_rdkit_gasteiger_etkdg_mmff,float32,descriptor_specific_or_dimensionless,cheap_rdkit_gasteiger_etkdg_mmff feature: v3__rd3d_autocorr3d_064,Local RDKit/Gasteiger/ETKDG/MMFF batch calculation,empty field in CSV,0,0,True,True,False
543,cheap__v3__rd3d_autocorr3d_065,feature,cheap_rdkit_gasteiger_etkdg_mmff,float32,descriptor_specific_or_dimensionless,cheap_rdkit_gasteiger_etkdg_mmff feature: v3__rd3d_autocorr3d_065,Local RDKit/Gasteiger/ETKDG/MMFF batch calculation,empty field in CSV,0,0,False,False,False
544,cheap__v3__rd3d_autocorr3d_066,feature,cheap_rdkit_gasteiger_etkdg_mmff,float32,descriptor_specific_or_dimensionless,cheap_rdkit_gasteiger_etkdg_mmff feature: v3__rd3d_autocorr3d_066,Local RDKit/Gasteiger/ETKDG/MMFF batch calculation,empty field in CSV,0,0,False,False,False
545,cheap__v3__rd3d_autocorr3d_067,feature,cheap_rdkit_gasteiger_etkdg_mmff,float32,descriptor_specific_or_dimensionless,cheap_rdkit_gasteiger_etkdg_mmff feature: v3__rd3d_autocorr3d_067,Local RDKit/Gasteiger/ETKDG/MMFF batch calculation,empty field in CSV,0,0,False,False,False
546,cheap__v3__rd3d_autocorr3d_068,feature,cheap_rdkit_gasteiger_etkdg_mmff,float32,descriptor_specific_or_dimensionless,cheap_rdkit_gasteiger_etkdg_mmff feature: v3__rd3d_autocorr3d_068,Local RDKit/Gasteiger/ETKDG/MMFF batch calculation,empty field in CSV,0,0,False,False,False
547,cheap__v3__rd3d_autocorr3d_069,feature,cheap_rdkit_gasteiger_etkdg_mmff,float32,descriptor_specific_or_dimensionless,cheap_rdkit_gasteiger_etkdg_mmff feature: v3__rd3d_autocorr3d_069,Local RDKit/Gasteiger/ETKDG/MMFF batch calculation,empty field in CSV,0,0,False,False,False
548,cheap__v3__rd3d_autocorr3d_070,feature,cheap_rdkit_gasteiger_etkdg_mmff,float32,descriptor_specific_or_dimensionless,cheap_rdkit_gasteiger_etkdg_mmff feature: v3__rd3d_autocorr3d_070,Local RDKit/Gasteiger/ETKDG/MMFF batch calculation,empty field in CSV,0,0,False,False,True
549,cheap__v3__rd3d_autocorr3d_071,feature,cheap_rdkit_gasteiger_etkdg_mmff,float32,descriptor_specific_or_dimensionless,cheap_rdkit_gasteiger_etkdg_mmff feature: v3__rd3d_autocorr3d_071,Local RDKit/Gasteiger/ETKDG/MMFF batch calculation,empty field in CSV,0,0,False,False,False
550,cheap__v3__rd3d_autocorr3d_072,feature,cheap_rdkit_gasteiger_etkdg_mmff,float32,descriptor_specific_or_dimensionless,cheap_rdkit_gasteiger_etkdg_mmff feature: v3__rd3d_autocorr3d_072,Local RDKit/Gasteiger/ETKDG/MMFF batch calculation,empty field in CSV,0,0,False,False,False
551,cheap__v3__rd3d_autocorr3d_073,feature,cheap_rdkit_gasteiger_etkdg_mmff,float32,descriptor_specific_or_dimensionless,cheap_rdkit_gasteiger_etkdg_mmff feature: v3__rd3d_autocorr3d_073,Local RDKit/Gasteiger/ETKDG/MMFF batch calculation,empty field in CSV,0,0,True,True,False
552,cheap__v3__rd3d_autocorr3d_074,feature,cheap_rdkit_gasteiger_etkdg_mmff,float32,descriptor_specific_or_dimensionless,cheap_rdkit_gasteiger_etkdg_mmff feature: v3__rd3d_autocorr3d_074,Local RDKit/Gasteiger/ETKDG/MMFF batch calculation,empty field in CSV,0,0,False,False,True
553,cheap__v3__rd3d_autocorr3d_075,feature,cheap_rdkit_gasteiger_etkdg_mmff,float32,descriptor_specific_or_dimensionless,cheap_rdkit_gasteiger_etkdg_mmff feature: v3__rd3d_autocorr3d_075,Local RDKit/Gasteiger/ETKDG/MMFF batch calculation,empty field in CSV,0,0,False,False,True
554,cheap__v3__rd3d_autocorr3d_076,feature,cheap_rdkit_gasteiger_etkdg_mmff,float32,descriptor_specific_or_dimensionless,cheap_rdkit_gasteiger_etkdg_mmff feature: v3__rd3d_autocorr3d_076,Local RDKit/Gasteiger/ETKDG/MMFF batch calculation,empty field in CSV,0,0,False,False,True
555,cheap__v3__rd3d_autocorr3d_077,feature,cheap_rdkit_gasteiger_etkdg_mmff,float32,descriptor_specific_or_dimensionless,cheap_rdkit_gasteiger_etkdg_mmff feature: v3__rd3d_autocorr3d_077,Local RDKit/Gasteiger/ETKDG/MMFF batch calculation,empty field in CSV,0,0,False,False,False
556,cheap__v3__rd3d_autocorr3d_078,feature,cheap_rdkit_gasteiger_etkdg_mmff,float32,descriptor_specific_or_dimensionless,cheap_rdkit_gasteiger_etkdg_mmff feature: v3__rd3d_autocorr3d_078,Local RDKit/Gasteiger/ETKDG/MMFF batch calculation,empty field in CSV,0,0,False,False,False
557,cheap__v3__rd3d_autocorr3d_079,feature,cheap_rdkit_gasteiger_etkdg_mmff,float32,descriptor_specific_or_dimensionless,cheap_rdkit_gasteiger_etkdg_mmff feature: v3__rd3d_autocorr3d_079,Local RDKit/Gasteiger/ETKDG/MMFF batch calculation,empty field in CSV,0,0,False,False,False
558,cheap__v3__rd3d_rdf_000,feature,cheap_rdkit_gasteiger_etkdg_mmff,float32,descriptor_specific_or_dimensionless,cheap_rdkit_gasteiger_etkdg_mmff feature: v3__rd3d_rdf_000,Local RDKit/Gasteiger/ETKDG/MMFF batch calculation,empty field in CSV,0,0,False,False,True
559,cheap__v3__rd3d_rdf_001,feature,cheap_rdkit_gasteiger_etkdg_mmff,float32,descriptor_specific_or_dimensionless,cheap_rdkit_gasteiger_etkdg_mmff feature: v3__rd3d_rdf_001,Local RDKit/Gasteiger/ETKDG/MMFF batch calculation,empty field in CSV,0,0,False,False,True
560,cheap__v3__rd3d_rdf_002,feature,cheap_rdkit_gasteiger_etkdg_mmff,float32,descriptor_specific_or_dimensionless,cheap_rdkit_gasteiger_etkdg_mmff feature: v3__rd3d_rdf_002,Local RDKit/Gasteiger/ETKDG/MMFF batch calculation,empty field in CSV,0,0,False,False,False
561,cheap__v3__rd3d_rdf_003,feature,cheap_rdkit_gasteiger_etkdg_mmff,float32,descriptor_specific_or_dimensionless,cheap_rdkit_gasteiger_etkdg_mmff feature: v3__rd3d_rdf_003,Local RDKit/Gasteiger/ETKDG/MMFF batch calculation,empty field in CSV,0,0,False,False,True
562,cheap__v3__rd3d_rdf_004,feature,cheap_rdkit_gasteiger_etkdg_mmff,float32,descriptor_specific_or_dimensionless,cheap_rdkit_gasteiger_etkdg_mmff feature: v3__rd3d_rdf_004,Local RDKit/Gasteiger/ETKDG/MMFF batch calculation,empty field in CSV,0,0,False,False,True
563,cheap__v3__rd3d_rdf_005,feature,cheap_rdkit_gasteiger_etkdg_mmff,float32,descriptor_specific_or_dimensionless,cheap_rdkit_gasteiger_etkdg_mmff feature: v3__rd3d_rdf_005,Local RDKit/Gasteiger/ETKDG/MMFF batch calculation,empty field in CSV,0,0,False,False,True
564,cheap__v3__rd3d_rdf_006,feature,cheap_rdkit_gasteiger_etkdg_mmff,float32,descriptor_specific_or_dimensionless,cheap_rdkit_gasteiger_etkdg_mmff feature: v3__rd3d_rdf_006,Local RDKit/Gasteiger/ETKDG/MMFF batch calculation,empty field in CSV,0,0,False,False,True
565,cheap__v3__rd3d_rdf_007,feature,cheap_rdkit_gasteiger_etkdg_mmff,float32,descriptor_specific_or_dimensionless,cheap_rdkit_gasteiger_etkdg_mmff feature: v3__rd3d_rdf_007,Local RDKit/Gasteiger/ETKDG/MMFF batch calculation,empty field in CSV,0,0,False,False,True
566,cheap__v3__rd3d_rdf_008,feature,cheap_rdkit_gasteiger_etkdg_mmff,float32,descriptor_specific_or_dimensionless,cheap_rdkit_gasteiger_etkdg_mmff feature: v3__rd3d_rdf_008,Local RDKit/Gasteiger/ETKDG/MMFF batch calculation,empty field in CSV,0,0,False,False,True
567,cheap__v3__rd3d_rdf_009,feature,cheap_rdkit_gasteiger_etkdg_mmff,float32,descriptor_specific_or_dimensionless,cheap_rdkit_gasteiger_etkdg_mmff feature: v3__rd3d_rdf_009,Local RDKit/Gasteiger/ETKDG/MMFF batch calculation,empty field in CSV,0,0,False,False,True
568,cheap__v3__rd3d_rdf_010,feature,cheap_rdkit_gasteiger_etkdg_mmff,float32,descriptor_specific_or_dimensionless,cheap_rdkit_gasteiger_etkdg_mmff feature: v3__rd3d_rdf_010,Local RDKit/Gasteiger/ETKDG/MMFF batch calculation,empty field in CSV,0,0,False,False,True
569,cheap__v3__rd3d_rdf_011,feature,cheap_rdkit_gasteiger_etkdg_mmff,float32,descriptor_specific_or_dimensionless,cheap_rdkit_gasteiger_etkdg_mmff feature: v3__rd3d_rdf_011,Local RDKit/Gasteiger/ETKDG/MMFF batch calculation,empty field in CSV,0,0,False,False,True
570,cheap__v3__rd3d_rdf_012,feature,cheap_rdkit_gasteiger_etkdg_mmff,float32,descriptor_specific_or_dimensionless,cheap_rdkit_gasteiger_etkdg_mmff feature: v3__rd3d_rdf_012,Local RDKit/Gasteiger/ETKDG/MMFF batch calculation,empty field in CSV,0,0,False,False,False
571,cheap__v3__rd3d_rdf_013,feature,cheap_rdkit_gasteiger_etkdg_mmff,float32,descriptor_specific_or_dimensionless,cheap_rdkit_gasteiger_etkdg_mmff feature: v3__rd3d_rdf_013,Local RDKit/Gasteiger/ETKDG/MMFF batch calculation,empty field in CSV,0,0,False,False,False
572,cheap__v3__rd3d_rdf_014,feature,cheap_rdkit_gasteiger_etkdg_mmff,float32,descriptor_specific_or_dimensionless,cheap_rdkit_gasteiger_etkdg_mmff feature: v3__rd3d_rdf_014,Local RDKit/Gasteiger/ETKDG/MMFF batch calculation,empty field in CSV,0,0,False,False,False
573,cheap__v3__rd3d_rdf_015,feature,cheap_rdkit_gasteiger_etkdg_mmff,float32,descriptor_specific_or_dimensionless,cheap_rdkit_gasteiger_etkdg_mmff feature: v3__rd3d_rdf_015,Local RDKit/Gasteiger/ETKDG/MMFF batch calculation,empty field in CSV,0,0,False,False,False
574,cheap__v3__rd3d_rdf_016,feature,cheap_rdkit_gasteiger_etkdg_mmff,float32,descriptor_specific_or_dimensionless,cheap_rdkit_gasteiger_etkdg_mmff feature: v3__rd3d_rdf_016,Local RDKit/Gasteiger/ETKDG/MMFF batch calculation,empty field in CSV,0,0,False,False,False
575,cheap__v3__rd3d_rdf_017,feature,cheap_rdkit_gasteiger_etkdg_mmff,float32,descriptor_specific_or_dimensionless,cheap_rdkit_gasteiger_etkdg_mmff feature: v3__rd3d_rdf_017,Local RDKit/Gasteiger/ETKDG/MMFF batch calculation,empty field in CSV,0,0,False,False,False
576,cheap__v3__rd3d_rdf_018,feature,cheap_rdkit_gasteiger_etkdg_mmff,float32,descriptor_specific_or_dimensionless,cheap_rdkit_gasteiger_etkdg_mmff feature: v3__rd3d_rdf_018,Local RDKit/Gasteiger/ETKDG/MMFF batch calculation,empty field in CSV,0,0,False,False,False
577,cheap__v3__rd3d_rdf_019,feature,cheap_rdkit_gasteiger_etkdg_mmff,float32,descriptor_specific_or_dimensionless,cheap_rdkit_gasteiger_etkdg_mmff feature: v3__rd3d_rdf_019,Local RDKit/Gasteiger/ETKDG/MMFF batch calculation,empty field in CSV,0,0,False,False,False
578,cheap__v3__rd3d_rdf_020,feature,cheap_rdkit_gasteiger_etkdg_mmff,float32,descriptor_specific_or_dimensionless,cheap_rdkit_gasteiger_etkdg_mmff feature: v3__rd3d_rdf_020,Local RDKit/Gasteiger/ETKDG/MMFF batch calculation,empty field in CSV,0,0,False,False,False
579,cheap__v3__rd3d_rdf_021,feature,cheap_rdkit_gasteiger_etkdg_mmff,float32,descriptor_specific_or_dimensionless,cheap_rdkit_gasteiger_etkdg_mmff feature: v3__rd3d_rdf_021,Local RDKit/Gasteiger/ETKDG/MMFF batch calculation,empty field in CSV,0,0,False,False,False
580,cheap__v3__rd3d_rdf_022,feature,cheap_rdkit_gasteiger_etkdg_mmff,float32,descriptor_specific_or_dimensionless,cheap_rdkit_gasteiger_etkdg_mmff feature: v3__rd3d_rdf_022,Local RDKit/Gasteiger/ETKDG/MMFF batch calculation,empty field in CSV,0,0,False,False,False
581,cheap__v3__rd3d_rdf_023,feature,cheap_rdkit_gasteiger_etkdg_mmff,float32,descriptor_specific_or_dimensionless,cheap_rdkit_gasteiger_etkdg_mmff feature: v3__rd3d_rdf_023,Local RDKit/Gasteiger/ETKDG/MMFF batch calculation,empty field in CSV,0,0,False,False,False
582,cheap__v3__rd3d_rdf_024,feature,cheap_rdkit_gasteiger_etkdg_mmff,float32,descriptor_specific_or_dimensionless,cheap_rdkit_gasteiger_etkdg_mmff feature: v3__rd3d_rdf_024,Local RDKit/Gasteiger/ETKDG/MMFF batch calculation,empty field in CSV,0,0,False,False,False
583,cheap__v3__rd3d_rdf_025,feature,cheap_rdkit_gasteiger_etkdg_mmff,float32,descriptor_specific_or_dimensionless,cheap_rdkit_gasteiger_etkdg_mmff feature: v3__rd3d_rdf_025,Local RDKit/Gasteiger/ETKDG/MMFF batch calculation,empty field in CSV,0,0,False,False,False
584,cheap__v3__rd3d_rdf_026,feature,cheap_rdkit_gasteiger_etkdg_mmff,float32,descriptor_specific_or_dimensionless,cheap_rdkit_gasteiger_etkdg_mmff feature: v3__rd3d_rdf_026,Local RDKit/Gasteiger/ETKDG/MMFF batch calculation,empty field in CSV,0,0,False,False,False
585,cheap__v3__rd3d_rdf_027,feature,cheap_rdkit_gasteiger_etkdg_mmff,float32,descriptor_specific_or_dimensionless,cheap_rdkit_gasteiger_etkdg_mmff feature: v3__rd3d_rdf_027,Local RDKit/Gasteiger/ETKDG/MMFF batch calculation,empty field in CSV,0,0,False,False,False
586,cheap__v3__rd3d_rdf_028,feature,cheap_rdkit_gasteiger_etkdg_mmff,float32,descriptor_specific_or_dimensionless,cheap_rdkit_gasteiger_etkdg_mmff feature: v3__rd3d_rdf_028,Local RDKit/Gasteiger/ETKDG/MMFF batch calculation,empty field in CSV,0,0,False,False,False
587,cheap__v3__rd3d_rdf_029,feature,cheap_rdkit_gasteiger_etkdg_mmff,float32,descriptor_specific_or_dimensionless,cheap_rdkit_gasteiger_etkdg_mmff feature: v3__rd3d_rdf_029,Local RDKit/Gasteiger/ETKDG/MMFF batch calculation,empty field in CSV,0,0,False,False,False
588,cheap__v3__rd3d_rdf_030,feature,cheap_rdkit_gasteiger_etkdg_mmff,float32,descriptor_specific_or_dimensionless,cheap_rdkit_gasteiger_etkdg_mmff feature: v3__rd3d_rdf_030,Local RDKit/Gasteiger/ETKDG/MMFF batch calculation,empty field in CSV,0,0,True,True,True
589,cheap__v3__rd3d_rdf_031,feature,cheap_rdkit_gasteiger_etkdg_mmff,float32,descriptor_specific_or_dimensionless,cheap_rdkit_gasteiger_etkdg_mmff feature: v3__rd3d_rdf_031,Local RDKit/Gasteiger/ETKDG/MMFF batch calculation,empty field in CSV,0,0,False,False,True
590,cheap__v3__rd3d_rdf_032,feature,cheap_rdkit_gasteiger_etkdg_mmff,float32,descriptor_specific_or_dimensionless,cheap_rdkit_gasteiger_etkdg_mmff feature: v3__rd3d_rdf_032,Local RDKit/Gasteiger/ETKDG/MMFF batch calculation,empty field in CSV,0,0,False,False,False
591,cheap__v3__rd3d_rdf_033,feature,cheap_rdkit_gasteiger_etkdg_mmff,float32,descriptor_specific_or_dimensionless,cheap_rdkit_gasteiger_etkdg_mmff feature: v3__rd3d_rdf_033,Local RDKit/Gasteiger/ETKDG/MMFF batch calculation,empty field in CSV,0,0,False,False,False
592,cheap__v3__rd3d_rdf_034,feature,cheap_rdkit_gasteiger_etkdg_mmff,float32,descriptor_specific_or_dimensionless,cheap_rdkit_gasteiger_etkdg_mmff feature: v3__rd3d_rdf_034,Local RDKit/Gasteiger/ETKDG/MMFF batch calculation,empty field in CSV,0,0,False,False,False
593,cheap__v3__rd3d_rdf_035,feature,cheap_rdkit_gasteiger_etkdg_mmff,float32,descriptor_specific_or_dimensionless,cheap_rdkit_gasteiger_etkdg_mmff feature: v3__rd3d_rdf_035,Local RDKit/Gasteiger/ETKDG/MMFF batch calculation,empty field in CSV,0,0,False,False,False
594,cheap__v3__rd3d_rdf_036,feature,cheap_rdkit_gasteiger_etkdg_mmff,float32,descriptor_specific_or_dimensionless,cheap_rdkit_gasteiger_etkdg_mmff feature: v3__rd3d_rdf_036,Local RDKit/Gasteiger/ETKDG/MMFF batch calculation,empty field in CSV,0,0,False,False,False
595,cheap__v3__rd3d_rdf_037,feature,cheap_rdkit_gasteiger_etkdg_mmff,float32,descriptor_specific_or_dimensionless,cheap_rdkit_gasteiger_etkdg_mmff feature: v3__rd3d_rdf_037,Local RDKit/Gasteiger/ETKDG/MMFF batch calculation,empty field in CSV,0,0,False,False,False
596,cheap__v3__rd3d_rdf_038,feature,cheap_rdkit_gasteiger_etkdg_mmff,float32,descriptor_specific_or_dimensionless,cheap_rdkit_gasteiger_etkdg_mmff feature: v3__rd3d_rdf_038,Local RDKit/Gasteiger/ETKDG/MMFF batch calculation,empty field in CSV,0,0,False,False,False
597,cheap__v3__rd3d_rdf_039,feature,cheap_rdkit_gasteiger_etkdg_mmff,float32,descriptor_specific_or_dimensionless,cheap_rdkit_gasteiger_etkdg_mmff feature: v3__rd3d_rdf_039,Local RDKit/Gasteiger/ETKDG/MMFF batch calculation,empty field in CSV,0,0,False,False,False
598,cheap__v3__rd3d_rdf_040,feature,cheap_rdkit_gasteiger_etkdg_mmff,float32,descriptor_specific_or_dimensionless,cheap_rdkit_gasteiger_etkdg_mmff feature: v3__rd3d_rdf_040,Local RDKit/Gasteiger/ETKDG/MMFF batch calculation,empty field in CSV,0,0,False,False,False
599,cheap__v3__rd3d_rdf_041,feature,cheap_rdkit_gasteiger_etkdg_mmff,float32,descriptor_specific_or_dimensionless,cheap_rdkit_gasteiger_etkdg_mmff feature: v3__rd3d_rdf_041,Local RDKit/Gasteiger/ETKDG/MMFF batch calculation,empty field in CSV,0,0,False,False,False
600,cheap__v3__rd3d_rdf_042,feature,cheap_rdkit_gasteiger_etkdg_mmff,float32,descriptor_specific_or_dimensionless,cheap_rdkit_gasteiger_etkdg_mmff feature: v3__rd3d_rdf_042,Local RDKit/Gasteiger/ETKDG/MMFF batch calculation,empty field in CSV,0,0,False,False,False
601,cheap__v3__rd3d_rdf_043,feature,cheap_rdkit_gasteiger_etkdg_mmff,float32,descriptor_specific_or_dimensionless,cheap_rdkit_gasteiger_etkdg_mmff feature: v3__rd3d_rdf_043,Local RDKit/Gasteiger/ETKDG/MMFF batch calculation,empty field in CSV,0,0,False,False,False
602,cheap__v3__rd3d_rdf_044,feature,cheap_rdkit_gasteiger_etkdg_mmff,float32,descriptor_specific_or_dimensionless,cheap_rdkit_gasteiger_etkdg_mmff feature: v3__rd3d_rdf_044,Local RDKit/Gasteiger/ETKDG/MMFF batch calculation,empty field in CSV,0,0,False,False,False
603,cheap__v3__rd3d_rdf_045,feature,cheap_rdkit_gasteiger_etkdg_mmff,float32,descriptor_specific_or_dimensionless,cheap_rdkit_gasteiger_etkdg_mmff feature: v3__rd3d_rdf_045,Local RDKit/Gasteiger/ETKDG/MMFF batch calculation,empty field in CSV,0,0,False,False,False
604,cheap__v3__rd3d_rdf_046,feature,cheap_rdkit_gasteiger_etkdg_mmff,float32,descriptor_specific_or_dimensionless,cheap_rdkit_gasteiger_etkdg_mmff feature: v3__rd3d_rdf_046,Local RDKit/Gasteiger/ETKDG/MMFF batch calculation,empty field in CSV,0,0,False,False,False
605,cheap__v3__rd3d_rdf_047,feature,cheap_rdkit_gasteiger_etkdg_mmff,float32,descriptor_specific_or_dimensionless,cheap_rdkit_gasteiger_etkdg_mmff feature: v3__rd3d_rdf_047,Local RDKit/Gasteiger/ETKDG/MMFF batch calculation,empty field in CSV,0,0,False,False,False
606,cheap__v3__rd3d_rdf_048,feature,cheap_rdkit_gasteiger_etkdg_mmff,float32,descriptor_specific_or_dimensionless,cheap_rdkit_gasteiger_etkdg_mmff feature: v3__rd3d_rdf_048,Local RDKit/Gasteiger/ETKDG/MMFF batch calculation,empty field in CSV,0,0,False,False,False
607,cheap__v3__rd3d_rdf_049,feature,cheap_rdkit_gasteiger_etkdg_mmff,float32,descriptor_specific_or_dimensionless,cheap_rdkit_gasteiger_etkdg_mmff feature: v3__rd3d_rdf_049,Local RDKit/Gasteiger/ETKDG/MMFF batch calculation,empty field in CSV,0,0,False,False,False
608,cheap__v3__rd3d_rdf_050,feature,cheap_rdkit_gasteiger_etkdg_mmff,float32,descriptor_specific_or_dimensionless,cheap_rdkit_gasteiger_etkdg_mmff feature: v3__rd3d_rdf_050,Local RDKit/Gasteiger/ETKDG/MMFF batch calculation,empty field in CSV,0,0,False,False,False
609,cheap__v3__rd3d_rdf_051,feature,cheap_rdkit_gasteiger_etkdg_mmff,float32,descriptor_specific_or_dimensionless,cheap_rdkit_gasteiger_etkdg_mmff feature: v3__rd3d_rdf_051,Local RDKit/Gasteiger/ETKDG/MMFF batch calculation,empty field in CSV,0,0,False,False,False
610,cheap__v3__rd3d_rdf_052,feature,cheap_rdkit_gasteiger_etkdg_mmff,float32,descriptor_specific_or_dimensionless,cheap_rdkit_gasteiger_etkdg_mmff feature: v3__rd3d_rdf_052,Local RDKit/Gasteiger/ETKDG/MMFF batch calculation,empty field in CSV,0,0,False,False,False
611,cheap__v3__rd3d_rdf_053,feature,cheap_rdkit_gasteiger_etkdg_mmff,float32,descriptor_specific_or_dimensionless,cheap_rdkit_gasteiger_etkdg_mmff feature: v3__rd3d_rdf_053,Local RDKit/Gasteiger/ETKDG/MMFF batch calculation,empty field in CSV,0,0,False,False,False
612,cheap__v3__rd3d_rdf_054,feature,cheap_rdkit_gasteiger_etkdg_mmff,float32,descriptor_specific_or_dimensionless,cheap_rdkit_gasteiger_etkdg_mmff feature: v3__rd3d_rdf_054,Local RDKit/Gasteiger/ETKDG/MMFF batch calculation,empty field in CSV,0,0,False,False,False
613,cheap__v3__rd3d_rdf_055,feature,cheap_rdkit_gasteiger_etkdg_mmff,float32,descriptor_specific_or_dimensionless,cheap_rdkit_gasteiger_etkdg_mmff feature: v3__rd3d_rdf_055,Local RDKit/Gasteiger/ETKDG/MMFF batch calculation,empty field in CSV,0,0,False,False,False
614,cheap__v3__rd3d_rdf_056,feature,cheap_rdkit_gasteiger_etkdg_mmff,float32,descriptor_specific_or_dimensionless,cheap_rdkit_gasteiger_etkdg_mmff feature: v3__rd3d_rdf_056,Local RDKit/Gasteiger/ETKDG/MMFF batch calculation,empty field in CSV,0,0,False,False,False
615,cheap__v3__rd3d_rdf_057,feature,cheap_rdkit_gasteiger_etkdg_mmff,float32,descriptor_specific_or_dimensionless,cheap_rdkit_gasteiger_etkdg_mmff feature: v3__rd3d_rdf_057,Local RDKit/Gasteiger/ETKDG/MMFF batch calculation,empty field in CSV,0,0,False,False,False
616,cheap__v3__rd3d_rdf_058,feature,cheap_rdkit_gasteiger_etkdg_mmff,float32,descriptor_specific_or_dimensionless,cheap_rdkit_gasteiger_etkdg_mmff feature: v3__rd3d_rdf_058,Local RDKit/Gasteiger/ETKDG/MMFF batch calculation,empty field in CSV,0,0,False,False,False
617,cheap__v3__rd3d_rdf_059,feature,cheap_rdkit_gasteiger_etkdg_mmff,float32,descriptor_specific_or_dimensionless,cheap_rdkit_gasteiger_etkdg_mmff feature: v3__rd3d_rdf_059,Local RDKit/Gasteiger/ETKDG/MMFF batch calculation,empty field in CSV,0,0,False,False,False
618,cheap__v3__rd3d_rdf_060,feature,cheap_rdkit_gasteiger_etkdg_mmff,float32,descriptor_specific_or_dimensionless,cheap_rdkit_gasteiger_etkdg_mmff feature: v3__rd3d_rdf_060,Local RDKit/Gasteiger/ETKDG/MMFF batch calculation,empty field in CSV,0,0,False,False,True
619,cheap__v3__rd3d_rdf_061,feature,cheap_rdkit_gasteiger_etkdg_mmff,float32,descriptor_specific_or_dimensionless,cheap_rdkit_gasteiger_etkdg_mmff feature: v3__rd3d_rdf_061,Local RDKit/Gasteiger/ETKDG/MMFF batch calculation,empty field in CSV,0,0,False,False,True
620,cheap__v3__rd3d_rdf_062,feature,cheap_rdkit_gasteiger_etkdg_mmff,float32,descriptor_specific_or_dimensionless,cheap_rdkit_gasteiger_etkdg_mmff feature: v3__rd3d_rdf_062,Local RDKit/Gasteiger/ETKDG/MMFF batch calculation,empty field in CSV,0,0,False,False,False
621,cheap__v3__rd3d_rdf_063,feature,cheap_rdkit_gasteiger_etkdg_mmff,float32,descriptor_specific_or_dimensionless,cheap_rdkit_gasteiger_etkdg_mmff feature: v3__rd3d_rdf_063,Local RDKit/Gasteiger/ETKDG/MMFF batch calculation,empty field in CSV,0,0,False,False,True
622,cheap__v3__rd3d_rdf_064,feature,cheap_rdkit_gasteiger_etkdg_mmff,float32,descriptor_specific_or_dimensionless,cheap_rdkit_gasteiger_etkdg_mmff feature: v3__rd3d_rdf_064,Local RDKit/Gasteiger/ETKDG/MMFF batch calculation,empty field in CSV,0,0,False,False,True
623,cheap__v3__rd3d_rdf_065,feature,cheap_rdkit_gasteiger_etkdg_mmff,float32,descriptor_specific_or_dimensionless,cheap_rdkit_gasteiger_etkdg_mmff feature: v3__rd3d_rdf_065,Local RDKit/Gasteiger/ETKDG/MMFF batch calculation,empty field in CSV,0,0,True,True,True
624,cheap__v3__rd3d_rdf_066,feature,cheap_rdkit_gasteiger_etkdg_mmff,float32,descriptor_specific_or_dimensionless,cheap_rdkit_gasteiger_etkdg_mmff feature: v3__rd3d_rdf_066,Local RDKit/Gasteiger/ETKDG/MMFF batch calculation,empty field in CSV,0,0,False,False,True
625,cheap__v3__rd3d_rdf_067,feature,cheap_rdkit_gasteiger_etkdg_mmff,float32,descriptor_specific_or_dimensionless,cheap_rdkit_gasteiger_etkdg_mmff feature: v3__rd3d_rdf_067,Local RDKit/Gasteiger/ETKDG/MMFF batch calculation,empty field in CSV,0,0,False,False,True
626,cheap__v3__rd3d_rdf_068,feature,cheap_rdkit_gasteiger_etkdg_mmff,float32,descriptor_specific_or_dimensionless,cheap_rdkit_gasteiger_etkdg_mmff feature: v3__rd3d_rdf_068,Local RDKit/Gasteiger/ETKDG/MMFF batch calculation,empty field in CSV,0,0,False,False,True
627,cheap__v3__rd3d_rdf_069,feature,cheap_rdkit_gasteiger_etkdg_mmff,float32,descriptor_specific_or_dimensionless,cheap_rdkit_gasteiger_etkdg_mmff feature: v3__rd3d_rdf_069,Local RDKit/Gasteiger/ETKDG/MMFF batch calculation,empty field in CSV,0,0,False,False,True
628,cheap__v3__rd3d_rdf_070,feature,cheap_rdkit_gasteiger_etkdg_mmff,float32,descriptor_specific_or_dimensionless,cheap_rdkit_gasteiger_etkdg_mmff feature: v3__rd3d_rdf_070,Local RDKit/Gasteiger/ETKDG/MMFF batch calculation,empty field in CSV,0,0,False,False,True
629,cheap__v3__rd3d_rdf_071,feature,cheap_rdkit_gasteiger_etkdg_mmff,float32,descriptor_specific_or_dimensionless,cheap_rdkit_gasteiger_etkdg_mmff feature: v3__rd3d_rdf_071,Local RDKit/Gasteiger/ETKDG/MMFF batch calculation,empty field in CSV,0,0,False,False,False
630,cheap__v3__rd3d_rdf_072,feature,cheap_rdkit_gasteiger_etkdg_mmff,float32,descriptor_specific_or_dimensionless,cheap_rdkit_gasteiger_etkdg_mmff feature: v3__rd3d_rdf_072,Local RDKit/Gasteiger/ETKDG/MMFF batch calculation,empty field in CSV,0,0,False,False,False
631,cheap__v3__rd3d_rdf_073,feature,cheap_rdkit_gasteiger_etkdg_mmff,float32,descriptor_specific_or_dimensionless,cheap_rdkit_gasteiger_etkdg_mmff feature: v3__rd3d_rdf_073,Local RDKit/Gasteiger/ETKDG/MMFF batch calculation,empty field in CSV,0,0,False,False,False
632,cheap__v3__rd3d_rdf_074,feature,cheap_rdkit_gasteiger_etkdg_mmff,float32,descriptor_specific_or_dimensionless,cheap_rdkit_gasteiger_etkdg_mmff feature: v3__rd3d_rdf_074,Local RDKit/Gasteiger/ETKDG/MMFF batch calculation,empty field in CSV,0,0,False,False,False
633,cheap__v3__rd3d_rdf_075,feature,cheap_rdkit_gasteiger_etkdg_mmff,float32,descriptor_specific_or_dimensionless,cheap_rdkit_gasteiger_etkdg_mmff feature: v3__rd3d_rdf_075,Local RDKit/Gasteiger/ETKDG/MMFF batch calculation,empty field in CSV,0,0,False,False,False
634,cheap__v3__rd3d_rdf_076,feature,cheap_rdkit_gasteiger_etkdg_mmff,float32,descriptor_specific_or_dimensionless,cheap_rdkit_gasteiger_etkdg_mmff feature: v3__rd3d_rdf_076,Local RDKit/Gasteiger/ETKDG/MMFF batch calculation,empty field in CSV,0,0,False,False,False
635,cheap__v3__rd3d_rdf_077,feature,cheap_rdkit_gasteiger_etkdg_mmff,float32,descriptor_specific_or_dimensionless,cheap_rdkit_gasteiger_etkdg_mmff feature: v3__rd3d_rdf_077,Local RDKit/Gasteiger/ETKDG/MMFF batch calculation,empty field in CSV,0,0,False,False,False
636,cheap__v3__rd3d_rdf_078,feature,cheap_rdkit_gasteiger_etkdg_mmff,float32,descriptor_specific_or_dimensionless,cheap_rdkit_gasteiger_etkdg_mmff feature: v3__rd3d_rdf_078,Local RDKit/Gasteiger/ETKDG/MMFF batch calculation,empty field in CSV,0,0,False,False,False
637,cheap__v3__rd3d_rdf_079,feature,cheap_rdkit_gasteiger_etkdg_mmff,float32,descriptor_specific_or_dimensionless,cheap_rdkit_gasteiger_etkdg_mmff feature: v3__rd3d_rdf_079,Local RDKit/Gasteiger/ETKDG/MMFF batch calculation,empty field in CSV,0,0,False,False,False
638,cheap__v3__rd3d_rdf_080,feature,cheap_rdkit_gasteiger_etkdg_mmff,float32,descriptor_specific_or_dimensionless,cheap_rdkit_gasteiger_etkdg_mmff feature: v3__rd3d_rdf_080,Local RDKit/Gasteiger/ETKDG/MMFF batch calculation,empty field in CSV,0,0,False,False,False
639,cheap__v3__rd3d_rdf_081,feature,cheap_rdkit_gasteiger_etkdg_mmff,float32,descriptor_specific_or_dimensionless,cheap_rdkit_gasteiger_etkdg_mmff feature: v3__rd3d_rdf_081,Local RDKit/Gasteiger/ETKDG/MMFF batch calculation,empty field in CSV,0,0,False,False,False
640,cheap__v3__rd3d_rdf_082,feature,cheap_rdkit_gasteiger_etkdg_mmff,float32,descriptor_specific_or_dimensionless,cheap_rdkit_gasteiger_etkdg_mmff feature: v3__rd3d_rdf_082,Local RDKit/Gasteiger/ETKDG/MMFF batch calculation,empty field in CSV,0,0,False,False,False
641,cheap__v3__rd3d_rdf_083,feature,cheap_rdkit_gasteiger_etkdg_mmff,float32,descriptor_specific_or_dimensionless,cheap_rdkit_gasteiger_etkdg_mmff feature: v3__rd3d_rdf_083,Local RDKit/Gasteiger/ETKDG/MMFF batch calculation,empty field in CSV,0,0,False,False,False
642,cheap__v3__rd3d_rdf_084,feature,cheap_rdkit_gasteiger_etkdg_mmff,float32,descriptor_specific_or_dimensionless,cheap_rdkit_gasteiger_etkdg_mmff feature: v3__rd3d_rdf_084,Local RDKit/Gasteiger/ETKDG/MMFF batch calculation,empty field in CSV,0,0,False,False,False
643,cheap__v3__rd3d_rdf_085,feature,cheap_rdkit_gasteiger_etkdg_mmff,float32,descriptor_specific_or_dimensionless,cheap_rdkit_gasteiger_etkdg_mmff feature: v3__rd3d_rdf_085,Local RDKit/Gasteiger/ETKDG/MMFF batch calculation,empty field in CSV,0,0,False,False,False
644,cheap__v3__rd3d_rdf_086,feature,cheap_rdkit_gasteiger_etkdg_mmff,float32,descriptor_specific_or_dimensionless,cheap_rdkit_gasteiger_etkdg_mmff feature: v3__rd3d_rdf_086,Local RDKit/Gasteiger/ETKDG/MMFF batch calculation,empty field in CSV,0,0,False,False,False
645,cheap__v3__rd3d_rdf_087,feature,cheap_rdkit_gasteiger_etkdg_mmff,float32,descriptor_specific_or_dimensionless,cheap_rdkit_gasteiger_etkdg_mmff feature: v3__rd3d_rdf_087,Local RDKit/Gasteiger/ETKDG/MMFF batch calculation,empty field in CSV,0,0,False,False,False
646,cheap__v3__rd3d_rdf_088,feature,cheap_rdkit_gasteiger_etkdg_mmff,float32,descriptor_specific_or_dimensionless,cheap_rdkit_gasteiger_etkdg_mmff feature: v3__rd3d_rdf_088,Local RDKit/Gasteiger/ETKDG/MMFF batch calculation,empty field in CSV,0,0,False,False,False
647,cheap__v3__rd3d_rdf_089,feature,cheap_rdkit_gasteiger_etkdg_mmff,float32,descriptor_specific_or_dimensionless,cheap_rdkit_gasteiger_etkdg_mmff feature: v3__rd3d_rdf_089,Local RDKit/Gasteiger/ETKDG/MMFF batch calculation,empty field in CSV,0,0,False,False,False
648,cheap__v3__rd3d_rdf_090,feature,cheap_rdkit_gasteiger_etkdg_mmff,float32,descriptor_specific_or_dimensionless,cheap_rdkit_gasteiger_etkdg_mmff feature: v3__rd3d_rdf_090,Local RDKit/Gasteiger/ETKDG/MMFF batch calculation,empty field in CSV,0,0,False,False,True
649,cheap__v3__rd3d_rdf_091,feature,cheap_rdkit_gasteiger_etkdg_mmff,float32,descriptor_specific_or_dimensionless,cheap_rdkit_gasteiger_etkdg_mmff feature: v3__rd3d_rdf_091,Local RDKit/Gasteiger/ETKDG/MMFF batch calculation,empty field in CSV,0,0,False,False,True
650,cheap__v3__rd3d_rdf_092,feature,cheap_rdkit_gasteiger_etkdg_mmff,float32,descriptor_specific_or_dimensionless,cheap_rdkit_gasteiger_etkdg_mmff feature: v3__rd3d_rdf_092,Local RDKit/Gasteiger/ETKDG/MMFF batch calculation,empty field in CSV,0,0,False,False,False
651,cheap__v3__rd3d_rdf_093,feature,cheap_rdkit_gasteiger_etkdg_mmff,float32,descriptor_specific_or_dimensionless,cheap_rdkit_gasteiger_etkdg_mmff feature: v3__rd3d_rdf_093,Local RDKit/Gasteiger/ETKDG/MMFF batch calculation,empty field in CSV,0,0,False,False,True
652,cheap__v3__rd3d_rdf_094,feature,cheap_rdkit_gasteiger_etkdg_mmff,float32,descriptor_specific_or_dimensionless,cheap_rdkit_gasteiger_etkdg_mmff feature: v3__rd3d_rdf_094,Local RDKit/Gasteiger/ETKDG/MMFF batch calculation,empty field in CSV,0,0,False,False,True
653,cheap__v3__rd3d_rdf_095,feature,cheap_rdkit_gasteiger_etkdg_mmff,float32,descriptor_specific_or_dimensionless,cheap_rdkit_gasteiger_etkdg_mmff feature: v3__rd3d_rdf_095,Local RDKit/Gasteiger/ETKDG/MMFF batch calculation,empty field in CSV,0,0,False,False,True
654,cheap__v3__rd3d_rdf_096,feature,cheap_rdkit_gasteiger_etkdg_mmff,float32,descriptor_specific_or_dimensionless,cheap_rdkit_gasteiger_etkdg_mmff feature: v3__rd3d_rdf_096,Local RDKit/Gasteiger/ETKDG/MMFF batch calculation,empty field in CSV,0,0,False,False,True
655,cheap__v3__rd3d_rdf_097,feature,cheap_rdkit_gasteiger_etkdg_mmff,float32,descriptor_specific_or_dimensionless,cheap_rdkit_gasteiger_etkdg_mmff feature: v3__rd3d_rdf_097,Local RDKit/Gasteiger/ETKDG/MMFF batch calculation,empty field in CSV,0,0,False,False,True
656,cheap__v3__rd3d_rdf_098,feature,cheap_rdkit_gasteiger_etkdg_mmff,float32,descriptor_specific_or_dimensionless,cheap_rdkit_gasteiger_etkdg_mmff feature: v3__rd3d_rdf_098,Local RDKit/Gasteiger/ETKDG/MMFF batch calculation,empty field in CSV,0,0,False,False,True
657,cheap__v3__rd3d_rdf_099,feature,cheap_rdkit_gasteiger_etkdg_mmff,float32,descriptor_specific_or_dimensionless,cheap_rdkit_gasteiger_etkdg_mmff feature: v3__rd3d_rdf_099,Local RDKit/Gasteiger/ETKDG/MMFF batch calculation,empty field in CSV,0,0,False,False,True
658,cheap__v3__rd3d_rdf_100,feature,cheap_rdkit_gasteiger_etkdg_mmff,float32,descriptor_specific_or_dimensionless,cheap_rdkit_gasteiger_etkdg_mmff feature: v3__rd3d_rdf_100,Local RDKit/Gasteiger/ETKDG/MMFF batch calculation,empty field in CSV,0,0,False,False,True
659,cheap__v3__rd3d_rdf_101,feature,cheap_rdkit_gasteiger_etkdg_mmff,float32,descriptor_specific_or_dimensionless,cheap_rdkit_gasteiger_etkdg_mmff feature: v3__rd3d_rdf_101,Local RDKit/Gasteiger/ETKDG/MMFF batch calculation,empty field in CSV,0,0,False,False,True
660,cheap__v3__rd3d_rdf_102,feature,cheap_rdkit_gasteiger_etkdg_mmff,float32,descriptor_specific_or_dimensionless,cheap_rdkit_gasteiger_etkdg_mmff feature: v3__rd3d_rdf_102,Local RDKit/Gasteiger/ETKDG/MMFF batch calculation,empty field in CSV,0,0,False,False,False
661,cheap__v3__rd3d_rdf_103,feature,cheap_rdkit_gasteiger_etkdg_mmff,float32,descriptor_specific_or_dimensionless,cheap_rdkit_gasteiger_etkdg_mmff feature: v3__rd3d_rdf_103,Local RDKit/Gasteiger/ETKDG/MMFF batch calculation,empty field in CSV,0,0,False,False,False
662,cheap__v3__rd3d_rdf_104,feature,cheap_rdkit_gasteiger_etkdg_mmff,float32,descriptor_specific_or_dimensionless,cheap_rdkit_gasteiger_etkdg_mmff feature: v3__rd3d_rdf_104,Local RDKit/Gasteiger/ETKDG/MMFF batch calculation,empty field in CSV,0,0,False,False,False
663,cheap__v3__rd3d_rdf_105,feature,cheap_rdkit_gasteiger_etkdg_mmff,float32,descriptor_specific_or_dimensionless,cheap_rdkit_gasteiger_etkdg_mmff feature: v3__rd3d_rdf_105,Local RDKit/Gasteiger/ETKDG/MMFF batch calculation,empty field in CSV,0,0,False,False,False
664,cheap__v3__rd3d_rdf_106,feature,cheap_rdkit_gasteiger_etkdg_mmff,float32,descriptor_specific_or_dimensionless,cheap_rdkit_gasteiger_etkdg_mmff feature: v3__rd3d_rdf_106,Local RDKit/Gasteiger/ETKDG/MMFF batch calculation,empty field in CSV,0,0,False,False,False
665,cheap__v3__rd3d_rdf_107,feature,cheap_rdkit_gasteiger_etkdg_mmff,float32,descriptor_specific_or_dimensionless,cheap_rdkit_gasteiger_etkdg_mmff feature: v3__rd3d_rdf_107,Local RDKit/Gasteiger/ETKDG/MMFF batch calculation,empty field in CSV,0,0,False,False,False
666,cheap__v3__rd3d_rdf_108,feature,cheap_rdkit_gasteiger_etkdg_mmff,float32,descriptor_specific_or_dimensionless,cheap_rdkit_gasteiger_etkdg_mmff feature: v3__rd3d_rdf_108,Local RDKit/Gasteiger/ETKDG/MMFF batch calculation,empty field in CSV,0,0,False,False,False
667,cheap__v3__rd3d_rdf_109,feature,cheap_rdkit_gasteiger_etkdg_mmff,float32,descriptor_specific_or_dimensionless,cheap_rdkit_gasteiger_etkdg_mmff feature: v3__rd3d_rdf_109,Local RDKit/Gasteiger/ETKDG/MMFF batch calculation,empty field in CSV,0,0,False,False,False
668,cheap__v3__rd3d_rdf_110,feature,cheap_rdkit_gasteiger_etkdg_mmff,float32,descriptor_specific_or_dimensionless,cheap_rdkit_gasteiger_etkdg_mmff feature: v3__rd3d_rdf_110,Local RDKit/Gasteiger/ETKDG/MMFF batch calculation,empty field in CSV,0,0,False,False,False
669,cheap__v3__rd3d_rdf_111,feature,cheap_rdkit_gasteiger_etkdg_mmff,float32,descriptor_specific_or_dimensionless,cheap_rdkit_gasteiger_etkdg_mmff feature: v3__rd3d_rdf_111,Local RDKit/Gasteiger/ETKDG/MMFF batch calculation,empty field in CSV,0,0,False,False,False
670,cheap__v3__rd3d_rdf_112,feature,cheap_rdkit_gasteiger_etkdg_mmff,float32,descriptor_specific_or_dimensionless,cheap_rdkit_gasteiger_etkdg_mmff feature: v3__rd3d_rdf_112,Local RDKit/Gasteiger/ETKDG/MMFF batch calculation,empty field in CSV,0,0,False,False,False
671,cheap__v3__rd3d_rdf_113,feature,cheap_rdkit_gasteiger_etkdg_mmff,float32,descriptor_specific_or_dimensionless,cheap_rdkit_gasteiger_etkdg_mmff feature: v3__rd3d_rdf_113,Local RDKit/Gasteiger/ETKDG/MMFF batch calculation,empty field in CSV,0,0,False,False,False
672,cheap__v3__rd3d_rdf_114,feature,cheap_rdkit_gasteiger_etkdg_mmff,float32,descriptor_specific_or_dimensionless,cheap_rdkit_gasteiger_etkdg_mmff feature: v3__rd3d_rdf_114,Local RDKit/Gasteiger/ETKDG/MMFF batch calculation,empty field in CSV,0,0,False,False,False
673,cheap__v3__rd3d_rdf_115,feature,cheap_rdkit_gasteiger_etkdg_mmff,float32,descriptor_specific_or_dimensionless,cheap_rdkit_gasteiger_etkdg_mmff feature: v3__rd3d_rdf_115,Local RDKit/Gasteiger/ETKDG/MMFF batch calculation,empty field in CSV,0,0,False,False,False
674,cheap__v3__rd3d_rdf_116,feature,cheap_rdkit_gasteiger_etkdg_mmff,float32,descriptor_specific_or_dimensionless,cheap_rdkit_gasteiger_etkdg_mmff feature: v3__rd3d_rdf_116,Local RDKit/Gasteiger/ETKDG/MMFF batch calculation,empty field in CSV,0,0,False,False,False
675,cheap__v3__rd3d_rdf_117,feature,cheap_rdkit_gasteiger_etkdg_mmff,float32,descriptor_specific_or_dimensionless,cheap_rdkit_gasteiger_etkdg_mmff feature: v3__rd3d_rdf_117,Local RDKit/Gasteiger/ETKDG/MMFF batch calculation,empty field in CSV,0,0,False,False,False
676,cheap__v3__rd3d_rdf_118,feature,cheap_rdkit_gasteiger_etkdg_mmff,float32,descriptor_specific_or_dimensionless,cheap_rdkit_gasteiger_etkdg_mmff feature: v3__rd3d_rdf_118,Local RDKit/Gasteiger/ETKDG/MMFF batch calculation,empty field in CSV,0,0,False,False,False
677,cheap__v3__rd3d_rdf_119,feature,cheap_rdkit_gasteiger_etkdg_mmff,float32,descriptor_specific_or_dimensionless,cheap_rdkit_gasteiger_etkdg_mmff feature: v3__rd3d_rdf_119,Local RDKit/Gasteiger/ETKDG/MMFF batch calculation,empty field in CSV,0,0,False,False,False
678,cheap__v3__rd3d_rdf_120,feature,cheap_rdkit_gasteiger_etkdg_mmff,float32,descriptor_specific_or_dimensionless,cheap_rdkit_gasteiger_etkdg_mmff feature: v3__rd3d_rdf_120,Local RDKit/Gasteiger/ETKDG/MMFF batch calculation,empty field in CSV,0,0,False,False,True
679,cheap__v3__rd3d_rdf_121,feature,cheap_rdkit_gasteiger_etkdg_mmff,float32,descriptor_specific_or_dimensionless,cheap_rdkit_gasteiger_etkdg_mmff feature: v3__rd3d_rdf_121,Local RDKit/Gasteiger/ETKDG/MMFF batch calculation,empty field in CSV,0,0,False,False,True
680,cheap__v3__rd3d_rdf_122,feature,cheap_rdkit_gasteiger_etkdg_mmff,float32,descriptor_specific_or_dimensionless,cheap_rdkit_gasteiger_etkdg_mmff feature: v3__rd3d_rdf_122,Local RDKit/Gasteiger/ETKDG/MMFF batch calculation,empty field in CSV,0,0,False,False,False
681,cheap__v3__rd3d_rdf_123,feature,cheap_rdkit_gasteiger_etkdg_mmff,float32,descriptor_specific_or_dimensionless,cheap_rdkit_gasteiger_etkdg_mmff feature: v3__rd3d_rdf_123,Local RDKit/Gasteiger/ETKDG/MMFF batch calculation,empty field in CSV,0,0,False,False,True
682,cheap__v3__rd3d_rdf_124,feature,cheap_rdkit_gasteiger_etkdg_mmff,float32,descriptor_specific_or_dimensionless,cheap_rdkit_gasteiger_etkdg_mmff feature: v3__rd3d_rdf_124,Local RDKit/Gasteiger/ETKDG/MMFF batch calculation,empty field in CSV,0,0,False,False,True
683,cheap__v3__rd3d_rdf_125,feature,cheap_rdkit_gasteiger_etkdg_mmff,float32,descriptor_specific_or_dimensionless,cheap_rdkit_gasteiger_etkdg_mmff feature: v3__rd3d_rdf_125,Local RDKit/Gasteiger/ETKDG/MMFF batch calculation,empty field in CSV,0,0,False,False,True
684,cheap__v3__rd3d_rdf_126,feature,cheap_rdkit_gasteiger_etkdg_mmff,float32,descriptor_specific_or_dimensionless,cheap_rdkit_gasteiger_etkdg_mmff feature: v3__rd3d_rdf_126,Local RDKit/Gasteiger/ETKDG/MMFF batch calculation,empty field in CSV,0,0,False,False,True
685,cheap__v3__rd3d_rdf_127,feature,cheap_rdkit_gasteiger_etkdg_mmff,float32,descriptor_specific_or_dimensionless,cheap_rdkit_gasteiger_etkdg_mmff feature: v3__rd3d_rdf_127,Local RDKit/Gasteiger/ETKDG/MMFF batch calculation,empty field in CSV,0,0,False,False,True
686,cheap__v3__rd3d_rdf_128,feature,cheap_rdkit_gasteiger_etkdg_mmff,float32,descriptor_specific_or_dimensionless,cheap_rdkit_gasteiger_etkdg_mmff feature: v3__rd3d_rdf_128,Local RDKit/Gasteiger/ETKDG/MMFF batch calculation,empty field in CSV,0,0,False,False,True
687,cheap__v3__rd3d_rdf_129,feature,cheap_rdkit_gasteiger_etkdg_mmff,float32,descriptor_specific_or_dimensionless,cheap_rdkit_gasteiger_etkdg_mmff feature: v3__rd3d_rdf_129,Local RDKit/Gasteiger/ETKDG/MMFF batch calculation,empty field in CSV,0,0,False,False,True
688,cheap__v3__rd3d_rdf_130,feature,cheap_rdkit_gasteiger_etkdg_mmff,float32,descriptor_specific_or_dimensionless,cheap_rdkit_gasteiger_etkdg_mmff feature: v3__rd3d_rdf_130,Local RDKit/Gasteiger/ETKDG/MMFF batch calculation,empty field in CSV,0,0,False,False,True
689,cheap__v3__rd3d_rdf_131,feature,cheap_rdkit_gasteiger_etkdg_mmff,float32,descriptor_specific_or_dimensionless,cheap_rdkit_gasteiger_etkdg_mmff feature: v3__rd3d_rdf_131,Local RDKit/Gasteiger/ETKDG/MMFF batch calculation,empty field in CSV,0,0,False,False,False
690,cheap__v3__rd3d_rdf_132,feature,cheap_rdkit_gasteiger_etkdg_mmff,float32,descriptor_specific_or_dimensionless,cheap_rdkit_gasteiger_etkdg_mmff feature: v3__rd3d_rdf_132,Local RDKit/Gasteiger/ETKDG/MMFF batch calculation,empty field in CSV,0,0,False,False,False
691,cheap__v3__rd3d_rdf_133,feature,cheap_rdkit_gasteiger_etkdg_mmff,float32,descriptor_specific_or_dimensionless,cheap_rdkit_gasteiger_etkdg_mmff feature: v3__rd3d_rdf_133,Local RDKit/Gasteiger/ETKDG/MMFF batch calculation,empty field in CSV,0,0,False,False,False
692,cheap__v3__rd3d_rdf_134,feature,cheap_rdkit_gasteiger_etkdg_mmff,float32,descriptor_specific_or_dimensionless,cheap_rdkit_gasteiger_etkdg_mmff feature: v3__rd3d_rdf_134,Local RDKit/Gasteiger/ETKDG/MMFF batch calculation,empty field in CSV,0,0,False,False,False
693,cheap__v3__rd3d_rdf_135,feature,cheap_rdkit_gasteiger_etkdg_mmff,float32,descriptor_specific_or_dimensionless,cheap_rdkit_gasteiger_etkdg_mmff feature: v3__rd3d_rdf_135,Local RDKit/Gasteiger/ETKDG/MMFF batch calculation,empty field in CSV,0,0,False,False,False
694,cheap__v3__rd3d_rdf_136,feature,cheap_rdkit_gasteiger_etkdg_mmff,float32,descriptor_specific_or_dimensionless,cheap_rdkit_gasteiger_etkdg_mmff feature: v3__rd3d_rdf_136,Local RDKit/Gasteiger/ETKDG/MMFF batch calculation,empty field in CSV,0,0,False,False,False
695,cheap__v3__rd3d_rdf_137,feature,cheap_rdkit_gasteiger_etkdg_mmff,float32,descriptor_specific_or_dimensionless,cheap_rdkit_gasteiger_etkdg_mmff feature: v3__rd3d_rdf_137,Local RDKit/Gasteiger/ETKDG/MMFF batch calculation,empty field in CSV,0,0,False,False,False
696,cheap__v3__rd3d_rdf_138,feature,cheap_rdkit_gasteiger_etkdg_mmff,float32,descriptor_specific_or_dimensionless,cheap_rdkit_gasteiger_etkdg_mmff feature: v3__rd3d_rdf_138,Local RDKit/Gasteiger/ETKDG/MMFF batch calculation,empty field in CSV,0,0,False,False,False
697,cheap__v3__rd3d_rdf_139,feature,cheap_rdkit_gasteiger_etkdg_mmff,float32,descriptor_specific_or_dimensionless,cheap_rdkit_gasteiger_etkdg_mmff feature: v3__rd3d_rdf_139,Local RDKit/Gasteiger/ETKDG/MMFF batch calculation,empty field in CSV,0,0,False,False,False
698,cheap__v3__rd3d_rdf_140,feature,cheap_rdkit_gasteiger_etkdg_mmff,float32,descriptor_specific_or_dimensionless,cheap_rdkit_gasteiger_etkdg_mmff feature: v3__rd3d_rdf_140,Local RDKit/Gasteiger/ETKDG/MMFF batch calculation,empty field in CSV,0,0,False,False,False
699,cheap__v3__rd3d_rdf_141,feature,cheap_rdkit_gasteiger_etkdg_mmff,float32,descriptor_specific_or_dimensionless,cheap_rdkit_gasteiger_etkdg_mmff feature: v3__rd3d_rdf_141,Local RDKit/Gasteiger/ETKDG/MMFF batch calculation,empty field in CSV,0,0,False,False,False
700,cheap__v3__rd3d_rdf_142,feature,cheap_rdkit_gasteiger_etkdg_mmff,float32,descriptor_specific_or_dimensionless,cheap_rdkit_gasteiger_etkdg_mmff feature: v3__rd3d_rdf_142,Local RDKit/Gasteiger/ETKDG/MMFF batch calculation,empty field in CSV,0,0,False,False,False
701,cheap__v3__rd3d_rdf_143,feature,cheap_rdkit_gasteiger_etkdg_mmff,float32,descriptor_specific_or_dimensionless,cheap_rdkit_gasteiger_etkdg_mmff feature: v3__rd3d_rdf_143,Local RDKit/Gasteiger/ETKDG/MMFF batch calculation,empty field in CSV,0,0,False,False,False
702,cheap__v3__rd3d_rdf_144,feature,cheap_rdkit_gasteiger_etkdg_mmff,float32,descriptor_specific_or_dimensionless,cheap_rdkit_gasteiger_etkdg_mmff feature: v3__rd3d_rdf_144,Local RDKit/Gasteiger/ETKDG/MMFF batch calculation,empty field in CSV,0,0,False,False,False
703,cheap__v3__rd3d_rdf_145,feature,cheap_rdkit_gasteiger_etkdg_mmff,float32,descriptor_specific_or_dimensionless,cheap_rdkit_gasteiger_etkdg_mmff feature: v3__rd3d_rdf_145,Local RDKit/Gasteiger/ETKDG/MMFF batch calculation,empty field in CSV,0,0,False,False,False
704,cheap__v3__rd3d_rdf_146,feature,cheap_rdkit_gasteiger_etkdg_mmff,float32,descriptor_specific_or_dimensionless,cheap_rdkit_gasteiger_etkdg_mmff feature: v3__rd3d_rdf_146,Local RDKit/Gasteiger/ETKDG/MMFF batch calculation,empty field in CSV,0,0,False,False,False
705,cheap__v3__rd3d_rdf_147,feature,cheap_rdkit_gasteiger_etkdg_mmff,float32,descriptor_specific_or_dimensionless,cheap_rdkit_gasteiger_etkdg_mmff feature: v3__rd3d_rdf_147,Local RDKit/Gasteiger/ETKDG/MMFF batch calculation,empty field in CSV,0,0,False,False,False
706,cheap__v3__rd3d_rdf_148,feature,cheap_rdkit_gasteiger_etkdg_mmff,float32,descriptor_specific_or_dimensionless,cheap_rdkit_gasteiger_etkdg_mmff feature: v3__rd3d_rdf_148,Local RDKit/Gasteiger/ETKDG/MMFF batch calculation,empty field in CSV,0,0,False,False,False
707,cheap__v3__rd3d_rdf_149,feature,cheap_rdkit_gasteiger_etkdg_mmff,float32,descriptor_specific_or_dimensionless,cheap_rdkit_gasteiger_etkdg_mmff feature: v3__rd3d_rdf_149,Local RDKit/Gasteiger/ETKDG/MMFF batch calculation,empty field in CSV,0,0,False,False,False
708,cheap__v3__rd3d_rdf_150,feature,cheap_rdkit_gasteiger_etkdg_mmff,float32,descriptor_specific_or_dimensionless,cheap_rdkit_gasteiger_etkdg_mmff feature: v3__rd3d_rdf_150,Local RDKit/Gasteiger/ETKDG/MMFF batch calculation,empty field in CSV,0,0,False,False,True
709,cheap__v3__rd3d_rdf_151,feature,cheap_rdkit_gasteiger_etkdg_mmff,float32,descriptor_specific_or_dimensionless,cheap_rdkit_gasteiger_etkdg_mmff feature: v3__rd3d_rdf_151,Local RDKit/Gasteiger/ETKDG/MMFF batch calculation,empty field in CSV,0,0,False,False,True
710,cheap__v3__rd3d_rdf_152,feature,cheap_rdkit_gasteiger_etkdg_mmff,float32,descriptor_specific_or_dimensionless,cheap_rdkit_gasteiger_etkdg_mmff feature: v3__rd3d_rdf_152,Local RDKit/Gasteiger/ETKDG/MMFF batch calculation,empty field in CSV,0,0,False,False,False
711,cheap__v3__rd3d_rdf_153,feature,cheap_rdkit_gasteiger_etkdg_mmff,float32,descriptor_specific_or_dimensionless,cheap_rdkit_gasteiger_etkdg_mmff feature: v3__rd3d_rdf_153,Local RDKit/Gasteiger/ETKDG/MMFF batch calculation,empty field in CSV,0,0,False,False,True
712,cheap__v3__rd3d_rdf_154,feature,cheap_rdkit_gasteiger_etkdg_mmff,float32,descriptor_specific_or_dimensionless,cheap_rdkit_gasteiger_etkdg_mmff feature: v3__rd3d_rdf_154,Local RDKit/Gasteiger/ETKDG/MMFF batch calculation,empty field in CSV,0,0,False,False,True
713,cheap__v3__rd3d_rdf_155,feature,cheap_rdkit_gasteiger_etkdg_mmff,float32,descriptor_specific_or_dimensionless,cheap_rdkit_gasteiger_etkdg_mmff feature: v3__rd3d_rdf_155,Local RDKit/Gasteiger/ETKDG/MMFF batch calculation,empty field in CSV,0,0,False,False,True
714,cheap__v3__rd3d_rdf_156,feature,cheap_rdkit_gasteiger_etkdg_mmff,float32,descriptor_specific_or_dimensionless,cheap_rdkit_gasteiger_etkdg_mmff feature: v3__rd3d_rdf_156,Local RDKit/Gasteiger/ETKDG/MMFF batch calculation,empty field in CSV,0,0,False,False,True
715,cheap__v3__rd3d_rdf_157,feature,cheap_rdkit_gasteiger_etkdg_mmff,float32,descriptor_specific_or_dimensionless,cheap_rdkit_gasteiger_etkdg_mmff feature: v3__rd3d_rdf_157,Local RDKit/Gasteiger/ETKDG/MMFF batch calculation,empty field in CSV,0,0,False,False,True
716,cheap__v3__rd3d_rdf_158,feature,cheap_rdkit_gasteiger_etkdg_mmff,float32,descriptor_specific_or_dimensionless,cheap_rdkit_gasteiger_etkdg_mmff feature: v3__rd3d_rdf_158,Local RDKit/Gasteiger/ETKDG/MMFF batch calculation,empty field in CSV,0,0,False,False,True
717,cheap__v3__rd3d_rdf_159,feature,cheap_rdkit_gasteiger_etkdg_mmff,float32,descriptor_specific_or_dimensionless,cheap_rdkit_gasteiger_etkdg_mmff feature: v3__rd3d_rdf_159,Local RDKit/Gasteiger/ETKDG/MMFF batch calculation,empty field in CSV,0,0,False,False,True
718,cheap__v3__rd3d_rdf_160,feature,cheap_rdkit_gasteiger_etkdg_mmff,float32,descriptor_specific_or_dimensionless,cheap_rdkit_gasteiger_etkdg_mmff feature: v3__rd3d_rdf_160,Local RDKit/Gasteiger/ETKDG/MMFF batch calculation,empty field in CSV,0,0,False,False,True
719,cheap__v3__rd3d_rdf_161,feature,cheap_rdkit_gasteiger_etkdg_mmff,float32,descriptor_specific_or_dimensionless,cheap_rdkit_gasteiger_etkdg_mmff feature: v3__rd3d_rdf_161,Local RDKit/Gasteiger/ETKDG/MMFF batch calculation,empty field in CSV,0,0,False,False,True
720,cheap__v3__rd3d_rdf_162,feature,cheap_rdkit_gasteiger_etkdg_mmff,float32,descriptor_specific_or_dimensionless,cheap_rdkit_gasteiger_etkdg_mmff feature: v3__rd3d_rdf_162,Local RDKit/Gasteiger/ETKDG/MMFF batch calculation,empty field in CSV,0,0,False,False,False
721,cheap__v3__rd3d_rdf_163,feature,cheap_rdkit_gasteiger_etkdg_mmff,float32,descriptor_specific_or_dimensionless,cheap_rdkit_gasteiger_etkdg_mmff feature: v3__rd3d_rdf_163,Local RDKit/Gasteiger/ETKDG/MMFF batch calculation,empty field in CSV,0,0,False,False,False
722,cheap__v3__rd3d_rdf_164,feature,cheap_rdkit_gasteiger_etkdg_mmff,float32,descriptor_specific_or_dimensionless,cheap_rdkit_gasteiger_etkdg_mmff feature: v3__rd3d_rdf_164,Local RDKit/Gasteiger/ETKDG/MMFF batch calculation,empty field in CSV,0,0,False,False,False
723,cheap__v3__rd3d_rdf_165,feature,cheap_rdkit_gasteiger_etkdg_mmff,float32,descriptor_specific_or_dimensionless,cheap_rdkit_gasteiger_etkdg_mmff feature: v3__rd3d_rdf_165,Local RDKit/Gasteiger/ETKDG/MMFF batch calculation,empty field in CSV,0,0,False,False,False
724,cheap__v3__rd3d_rdf_166,feature,cheap_rdkit_gasteiger_etkdg_mmff,float32,descriptor_specific_or_dimensionless,cheap_rdkit_gasteiger_etkdg_mmff feature: v3__rd3d_rdf_166,Local RDKit/Gasteiger/ETKDG/MMFF batch calculation,empty field in CSV,0,0,False,False,False
725,cheap__v3__rd3d_rdf_167,feature,cheap_rdkit_gasteiger_etkdg_mmff,float32,descriptor_specific_or_dimensionless,cheap_rdkit_gasteiger_etkdg_mmff feature: v3__rd3d_rdf_167,Local RDKit/Gasteiger/ETKDG/MMFF batch calculation,empty field in CSV,0,0,False,False,False
726,cheap__v3__rd3d_rdf_168,feature,cheap_rdkit_gasteiger_etkdg_mmff,float32,descriptor_specific_or_dimensionless,cheap_rdkit_gasteiger_etkdg_mmff feature: v3__rd3d_rdf_168,Local RDKit/Gasteiger/ETKDG/MMFF batch calculation,empty field in CSV,0,0,False,False,False
727,cheap__v3__rd3d_rdf_169,feature,cheap_rdkit_gasteiger_etkdg_mmff,float32,descriptor_specific_or_dimensionless,cheap_rdkit_gasteiger_etkdg_mmff feature: v3__rd3d_rdf_169,Local RDKit/Gasteiger/ETKDG/MMFF batch calculation,empty field in CSV,0,0,False,False,False
728,cheap__v3__rd3d_rdf_170,feature,cheap_rdkit_gasteiger_etkdg_mmff,float32,descriptor_specific_or_dimensionless,cheap_rdkit_gasteiger_etkdg_mmff feature: v3__rd3d_rdf_170,Local RDKit/Gasteiger/ETKDG/MMFF batch calculation,empty field in CSV,0,0,False,False,False
729,cheap__v3__rd3d_rdf_171,feature,cheap_rdkit_gasteiger_etkdg_mmff,float32,descriptor_specific_or_dimensionless,cheap_rdkit_gasteiger_etkdg_mmff feature: v3__rd3d_rdf_171,Local RDKit/Gasteiger/ETKDG/MMFF batch calculation,empty field in CSV,0,0,False,False,False
730,cheap__v3__rd3d_rdf_172,feature,cheap_rdkit_gasteiger_etkdg_mmff,float32,descriptor_specific_or_dimensionless,cheap_rdkit_gasteiger_etkdg_mmff feature: v3__rd3d_rdf_172,Local RDKit/Gasteiger/ETKDG/MMFF batch calculation,empty field in CSV,0,0,False,False,False
731,cheap__v3__rd3d_rdf_173,feature,cheap_rdkit_gasteiger_etkdg_mmff,float32,descriptor_specific_or_dimensionless,cheap_rdkit_gasteiger_etkdg_mmff feature: v3__rd3d_rdf_173,Local RDKit/Gasteiger/ETKDG/MMFF batch calculation,empty field in CSV,0,0,False,False,False
732,cheap__v3__rd3d_rdf_174,feature,cheap_rdkit_gasteiger_etkdg_mmff,float32,descriptor_specific_or_dimensionless,cheap_rdkit_gasteiger_etkdg_mmff feature: v3__rd3d_rdf_174,Local RDKit/Gasteiger/ETKDG/MMFF batch calculation,empty field in CSV,0,0,False,False,False
733,cheap__v3__rd3d_rdf_175,feature,cheap_rdkit_gasteiger_etkdg_mmff,float32,descriptor_specific_or_dimensionless,cheap_rdkit_gasteiger_etkdg_mmff feature: v3__rd3d_rdf_175,Local RDKit/Gasteiger/ETKDG/MMFF batch calculation,empty field in CSV,0,0,False,False,False
734,cheap__v3__rd3d_rdf_176,feature,cheap_rdkit_gasteiger_etkdg_mmff,float32,descriptor_specific_or_dimensionless,cheap_rdkit_gasteiger_etkdg_mmff feature: v3__rd3d_rdf_176,Local RDKit/Gasteiger/ETKDG/MMFF batch calculation,empty field in CSV,0,0,False,False,False
735,cheap__v3__rd3d_rdf_177,feature,cheap_rdkit_gasteiger_etkdg_mmff,float32,descriptor_specific_or_dimensionless,cheap_rdkit_gasteiger_etkdg_mmff feature: v3__rd3d_rdf_177,Local RDKit/Gasteiger/ETKDG/MMFF batch calculation,empty field in CSV,0,0,False,False,False
736,cheap__v3__rd3d_rdf_178,feature,cheap_rdkit_gasteiger_etkdg_mmff,float32,descriptor_specific_or_dimensionless,cheap_rdkit_gasteiger_etkdg_mmff feature: v3__rd3d_rdf_178,Local RDKit/Gasteiger/ETKDG/MMFF batch calculation,empty field in CSV,0,0,False,False,False
737,cheap__v3__rd3d_rdf_179,feature,cheap_rdkit_gasteiger_etkdg_mmff,float32,descriptor_specific_or_dimensionless,cheap_rdkit_gasteiger_etkdg_mmff feature: v3__rd3d_rdf_179,Local RDKit/Gasteiger/ETKDG/MMFF batch calculation,empty field in CSV,0,0,False,False,False
738,cheap__v3__rd3d_rdf_180,feature,cheap_rdkit_gasteiger_etkdg_mmff,float32,descriptor_specific_or_dimensionless,cheap_rdkit_gasteiger_etkdg_mmff feature: v3__rd3d_rdf_180,Local RDKit/Gasteiger/ETKDG/MMFF batch calculation,empty field in CSV,0,0,False,False,False
739,cheap__v3__rd3d_rdf_181,feature,cheap_rdkit_gasteiger_etkdg_mmff,float32,descriptor_specific_or_dimensionless,cheap_rdkit_gasteiger_etkdg_mmff feature: v3__rd3d_rdf_181,Local RDKit/Gasteiger/ETKDG/MMFF batch calculation,empty field in CSV,0,0,False,False,False
740,cheap__v3__rd3d_rdf_182,feature,cheap_rdkit_gasteiger_etkdg_mmff,float32,descriptor_specific_or_dimensionless,cheap_rdkit_gasteiger_etkdg_mmff feature: v3__rd3d_rdf_182,Local RDKit/Gasteiger/ETKDG/MMFF batch calculation,empty field in CSV,0,0,False,False,False
741,cheap__v3__rd3d_rdf_183,feature,cheap_rdkit_gasteiger_etkdg_mmff,float32,descriptor_specific_or_dimensionless,cheap_rdkit_gasteiger_etkdg_mmff feature: v3__rd3d_rdf_183,Local RDKit/Gasteiger/ETKDG/MMFF batch calculation,empty field in CSV,0,0,False,False,False
742,cheap__v3__rd3d_rdf_184,feature,cheap_rdkit_gasteiger_etkdg_mmff,float32,descriptor_specific_or_dimensionless,cheap_rdkit_gasteiger_etkdg_mmff feature: v3__rd3d_rdf_184,Local RDKit/Gasteiger/ETKDG/MMFF batch calculation,empty field in CSV,0,0,False,False,False
743,cheap__v3__rd3d_rdf_185,feature,cheap_rdkit_gasteiger_etkdg_mmff,float32,descriptor_specific_or_dimensionless,cheap_rdkit_gasteiger_etkdg_mmff feature: v3__rd3d_rdf_185,Local RDKit/Gasteiger/ETKDG/MMFF batch calculation,empty field in CSV,0,0,True,True,False
744,cheap__v3__rd3d_rdf_186,feature,cheap_rdkit_gasteiger_etkdg_mmff,float32,descriptor_specific_or_dimensionless,cheap_rdkit_gasteiger_etkdg_mmff feature: v3__rd3d_rdf_186,Local RDKit/Gasteiger/ETKDG/MMFF batch calculation,empty field in CSV,0,0,False,False,False
745,cheap__v3__rd3d_rdf_187,feature,cheap_rdkit_gasteiger_etkdg_mmff,float32,descriptor_specific_or_dimensionless,cheap_rdkit_gasteiger_etkdg_mmff feature: v3__rd3d_rdf_187,Local RDKit/Gasteiger/ETKDG/MMFF batch calculation,empty field in CSV,0,0,False,False,False
746,cheap__v3__rd3d_rdf_188,feature,cheap_rdkit_gasteiger_etkdg_mmff,float32,descriptor_specific_or_dimensionless,cheap_rdkit_gasteiger_etkdg_mmff feature: v3__rd3d_rdf_188,Local RDKit/Gasteiger/ETKDG/MMFF batch calculation,empty field in CSV,0,0,False,False,False
747,cheap__v3__rd3d_rdf_189,feature,cheap_rdkit_gasteiger_etkdg_mmff,float32,descriptor_specific_or_dimensionless,cheap_rdkit_gasteiger_etkdg_mmff feature: v3__rd3d_rdf_189,Local RDKit/Gasteiger/ETKDG/MMFF batch calculation,empty field in CSV,0,0,False,False,False
748,cheap__v3__rd3d_rdf_190,feature,cheap_rdkit_gasteiger_etkdg_mmff,float32,descriptor_specific_or_dimensionless,cheap_rdkit_gasteiger_etkdg_mmff feature: v3__rd3d_rdf_190,Local RDKit/Gasteiger/ETKDG/MMFF batch calculation,empty field in CSV,0,0,False,False,False
749,cheap__v3__rd3d_rdf_191,feature,cheap_rdkit_gasteiger_etkdg_mmff,float32,descriptor_specific_or_dimensionless,cheap_rdkit_gasteiger_etkdg_mmff feature: v3__rd3d_rdf_191,Local RDKit/Gasteiger/ETKDG/MMFF batch calculation,empty field in CSV,0,0,False,False,False
750,cheap__v3__rd3d_rdf_192,feature,cheap_rdkit_gasteiger_etkdg_mmff,float32,descriptor_specific_or_dimensionless,cheap_rdkit_gasteiger_etkdg_mmff feature: v3__rd3d_rdf_192,Local RDKit/Gasteiger/ETKDG/MMFF batch calculation,empty field in CSV,0,0,False,False,False
751,cheap__v3__rd3d_rdf_193,feature,cheap_rdkit_gasteiger_etkdg_mmff,float32,descriptor_specific_or_dimensionless,cheap_rdkit_gasteiger_etkdg_mmff feature: v3__rd3d_rdf_193,Local RDKit/Gasteiger/ETKDG/MMFF batch calculation,empty field in CSV,0,0,False,False,False
752,cheap__v3__rd3d_rdf_194,feature,cheap_rdkit_gasteiger_etkdg_mmff,float32,descriptor_specific_or_dimensionless,cheap_rdkit_gasteiger_etkdg_mmff feature: v3__rd3d_rdf_194,Local RDKit/Gasteiger/ETKDG/MMFF batch calculation,empty field in CSV,0,0,False,False,False
753,cheap__v3__rd3d_rdf_195,feature,cheap_rdkit_gasteiger_etkdg_mmff,float32,descriptor_specific_or_dimensionless,cheap_rdkit_gasteiger_etkdg_mmff feature: v3__rd3d_rdf_195,Local RDKit/Gasteiger/ETKDG/MMFF batch calculation,empty field in CSV,0,0,False,False,False
754,cheap__v3__rd3d_rdf_196,feature,cheap_rdkit_gasteiger_etkdg_mmff,float32,descriptor_specific_or_dimensionless,cheap_rdkit_gasteiger_etkdg_mmff feature: v3__rd3d_rdf_196,Local RDKit/Gasteiger/ETKDG/MMFF batch calculation,empty field in CSV,0,0,False,False,False
755,cheap__v3__rd3d_rdf_197,feature,cheap_rdkit_gasteiger_etkdg_mmff,float32,descriptor_specific_or_dimensionless,cheap_rdkit_gasteiger_etkdg_mmff feature: v3__rd3d_rdf_197,Local RDKit/Gasteiger/ETKDG/MMFF batch calculation,empty field in CSV,0,0,False,False,False
756,cheap__v3__rd3d_rdf_198,feature,cheap_rdkit_gasteiger_etkdg_mmff,float32,descriptor_specific_or_dimensionless,cheap_rdkit_gasteiger_etkdg_mmff feature: v3__rd3d_rdf_198,Local RDKit/Gasteiger/ETKDG/MMFF batch calculation,empty field in CSV,0,0,False,False,False
757,cheap__v3__rd3d_rdf_199,feature,cheap_rdkit_gasteiger_etkdg_mmff,float32,descriptor_specific_or_dimensionless,cheap_rdkit_gasteiger_etkdg_mmff feature: v3__rd3d_rdf_199,Local RDKit/Gasteiger/ETKDG/MMFF batch calculation,empty field in CSV,0,0,False,False,False
758,cheap__v3__rd3d_rdf_200,feature,cheap_rdkit_gasteiger_etkdg_mmff,float32,descriptor_specific_or_dimensionless,cheap_rdkit_gasteiger_etkdg_mmff feature: v3__rd3d_rdf_200,Local RDKit/Gasteiger/ETKDG/MMFF batch calculation,empty field in CSV,0,0,False,False,False
759,cheap__v3__rd3d_rdf_201,feature,cheap_rdkit_gasteiger_etkdg_mmff,float32,descriptor_specific_or_dimensionless,cheap_rdkit_gasteiger_etkdg_mmff feature: v3__rd3d_rdf_201,Local RDKit/Gasteiger/ETKDG/MMFF batch calculation,empty field in CSV,0,0,False,False,False
760,cheap__v3__rd3d_rdf_202,feature,cheap_rdkit_gasteiger_etkdg_mmff,float32,descriptor_specific_or_dimensionless,cheap_rdkit_gasteiger_etkdg_mmff feature: v3__rd3d_rdf_202,Local RDKit/Gasteiger/ETKDG/MMFF batch calculation,empty field in CSV,0,0,False,False,False
761,cheap__v3__rd3d_rdf_203,feature,cheap_rdkit_gasteiger_etkdg_mmff,float32,descriptor_specific_or_dimensionless,cheap_rdkit_gasteiger_etkdg_mmff feature: v3__rd3d_rdf_203,Local RDKit/Gasteiger/ETKDG/MMFF batch calculation,empty field in CSV,0,0,False,False,False
762,cheap__v3__rd3d_rdf_204,feature,cheap_rdkit_gasteiger_etkdg_mmff,float32,descriptor_specific_or_dimensionless,cheap_rdkit_gasteiger_etkdg_mmff feature: v3__rd3d_rdf_204,Local RDKit/Gasteiger/ETKDG/MMFF batch calculation,empty field in CSV,0,0,False,False,False
763,cheap__v3__rd3d_rdf_205,feature,cheap_rdkit_gasteiger_etkdg_mmff,float32,descriptor_specific_or_dimensionless,cheap_rdkit_gasteiger_etkdg_mmff feature: v3__rd3d_rdf_205,Local RDKit/Gasteiger/ETKDG/MMFF batch calculation,empty field in CSV,0,0,False,False,False
764,cheap__v3__rd3d_rdf_206,feature,cheap_rdkit_gasteiger_etkdg_mmff,float32,descriptor_specific_or_dimensionless,cheap_rdkit_gasteiger_etkdg_mmff feature: v3__rd3d_rdf_206,Local RDKit/Gasteiger/ETKDG/MMFF batch calculation,empty field in CSV,0,0,False,False,False
765,cheap__v3__rd3d_rdf_207,feature,cheap_rdkit_gasteiger_etkdg_mmff,float32,descriptor_specific_or_dimensionless,cheap_rdkit_gasteiger_etkdg_mmff feature: v3__rd3d_rdf_207,Local RDKit/Gasteiger/ETKDG/MMFF batch calculation,empty field in CSV,0,0,False,False,False
766,cheap__v3__rd3d_rdf_208,feature,cheap_rdkit_gasteiger_etkdg_mmff,float32,descriptor_specific_or_dimensionless,cheap_rdkit_gasteiger_etkdg_mmff feature: v3__rd3d_rdf_208,Local RDKit/Gasteiger/ETKDG/MMFF batch calculation,empty field in CSV,0,0,False,False,False
767,cheap__v3__rd3d_rdf_209,feature,cheap_rdkit_gasteiger_etkdg_mmff,float32,descriptor_specific_or_dimensionless,cheap_rdkit_gasteiger_etkdg_mmff feature: v3__rd3d_rdf_209,Local RDKit/Gasteiger/ETKDG/MMFF batch calculation,empty field in CSV,0,0,False,False,False
768,cheap__v3__rd3d_morse_000,feature,cheap_rdkit_gasteiger_etkdg_mmff,float32,descriptor_specific_or_dimensionless,cheap_rdkit_gasteiger_etkdg_mmff feature: v3__rd3d_morse_000,Local RDKit/Gasteiger/ETKDG/MMFF batch calculation,empty field in CSV,0,0,False,False,True
769,cheap__v3__rd3d_morse_001,feature,cheap_rdkit_gasteiger_etkdg_mmff,float32,descriptor_specific_or_dimensionless,cheap_rdkit_gasteiger_etkdg_mmff feature: v3__rd3d_morse_001,Local RDKit/Gasteiger/ETKDG/MMFF batch calculation,empty field in CSV,0,0,False,False,True
770,cheap__v3__rd3d_morse_002,feature,cheap_rdkit_gasteiger_etkdg_mmff,float32,descriptor_specific_or_dimensionless,cheap_rdkit_gasteiger_etkdg_mmff feature: v3__rd3d_morse_002,Local RDKit/Gasteiger/ETKDG/MMFF batch calculation,empty field in CSV,0,0,False,False,False
771,cheap__v3__rd3d_morse_003,feature,cheap_rdkit_gasteiger_etkdg_mmff,float32,descriptor_specific_or_dimensionless,cheap_rdkit_gasteiger_etkdg_mmff feature: v3__rd3d_morse_003,Local RDKit/Gasteiger/ETKDG/MMFF batch calculation,empty field in CSV,0,0,False,False,False
772,cheap__v3__rd3d_morse_004,feature,cheap_rdkit_gasteiger_etkdg_mmff,float32,descriptor_specific_or_dimensionless,cheap_rdkit_gasteiger_etkdg_mmff feature: v3__rd3d_morse_004,Local RDKit/Gasteiger/ETKDG/MMFF batch calculation,empty field in CSV,0,0,False,False,True
773,cheap__v3__rd3d_morse_005,feature,cheap_rdkit_gasteiger_etkdg_mmff,float32,descriptor_specific_or_dimensionless,cheap_rdkit_gasteiger_etkdg_mmff feature: v3__rd3d_morse_005,Local RDKit/Gasteiger/ETKDG/MMFF batch calculation,empty field in CSV,0,0,False,False,False
774,cheap__v3__rd3d_morse_006,feature,cheap_rdkit_gasteiger_etkdg_mmff,float32,descriptor_specific_or_dimensionless,cheap_rdkit_gasteiger_etkdg_mmff feature: v3__rd3d_morse_006,Local RDKit/Gasteiger/ETKDG/MMFF batch calculation,empty field in CSV,0,0,False,False,False
775,cheap__v3__rd3d_morse_007,feature,cheap_rdkit_gasteiger_etkdg_mmff,float32,descriptor_specific_or_dimensionless,cheap_rdkit_gasteiger_etkdg_mmff feature: v3__rd3d_morse_007,Local RDKit/Gasteiger/ETKDG/MMFF batch calculation,empty field in CSV,0,0,False,False,False
776,cheap__v3__rd3d_morse_008,feature,cheap_rdkit_gasteiger_etkdg_mmff,float32,descriptor_specific_or_dimensionless,cheap_rdkit_gasteiger_etkdg_mmff feature: v3__rd3d_morse_008,Local RDKit/Gasteiger/ETKDG/MMFF batch calculation,empty field in CSV,0,0,False,False,False
777,cheap__v3__rd3d_morse_009,feature,cheap_rdkit_gasteiger_etkdg_mmff,float32,descriptor_specific_or_dimensionless,cheap_rdkit_gasteiger_etkdg_mmff feature: v3__rd3d_morse_009,Local RDKit/Gasteiger/ETKDG/MMFF batch calculation,empty field in CSV,0,0,False,False,False
778,cheap__v3__rd3d_morse_010,feature,cheap_rdkit_gasteiger_etkdg_mmff,float32,descriptor_specific_or_dimensionless,cheap_rdkit_gasteiger_etkdg_mmff feature: v3__rd3d_morse_010,Local RDKit/Gasteiger/ETKDG/MMFF batch calculation,empty field in CSV,0,0,False,False,True
779,cheap__v3__rd3d_morse_011,feature,cheap_rdkit_gasteiger_etkdg_mmff,float32,descriptor_specific_or_dimensionless,cheap_rdkit_gasteiger_etkdg_mmff feature: v3__rd3d_morse_011,Local RDKit/Gasteiger/ETKDG/MMFF batch calculation,empty field in CSV,0,0,False,False,True
780,cheap__v3__rd3d_morse_012,feature,cheap_rdkit_gasteiger_etkdg_mmff,float32,descriptor_specific_or_dimensionless,cheap_rdkit_gasteiger_etkdg_mmff feature: v3__rd3d_morse_012,Local RDKit/Gasteiger/ETKDG/MMFF batch calculation,empty field in CSV,0,0,False,False,True
781,cheap__v3__rd3d_morse_013,feature,cheap_rdkit_gasteiger_etkdg_mmff,float32,descriptor_specific_or_dimensionless,cheap_rdkit_gasteiger_etkdg_mmff feature: v3__rd3d_morse_013,Local RDKit/Gasteiger/ETKDG/MMFF batch calculation,empty field in CSV,0,0,False,False,True
782,cheap__v3__rd3d_morse_014,feature,cheap_rdkit_gasteiger_etkdg_mmff,float32,descriptor_specific_or_dimensionless,cheap_rdkit_gasteiger_etkdg_mmff feature: v3__rd3d_morse_014,Local RDKit/Gasteiger/ETKDG/MMFF batch calculation,empty field in CSV,0,0,False,False,False
783,cheap__v3__rd3d_morse_015,feature,cheap_rdkit_gasteiger_etkdg_mmff,float32,descriptor_specific_or_dimensionless,cheap_rdkit_gasteiger_etkdg_mmff feature: v3__rd3d_morse_015,Local RDKit/Gasteiger/ETKDG/MMFF batch calculation,empty field in CSV,0,0,False,False,False
784,cheap__v3__rd3d_morse_016,feature,cheap_rdkit_gasteiger_etkdg_mmff,float32,descriptor_specific_or_dimensionless,cheap_rdkit_gasteiger_etkdg_mmff feature: v3__rd3d_morse_016,Local RDKit/Gasteiger/ETKDG/MMFF batch calculation,empty field in CSV,0,0,False,False,True
785,cheap__v3__rd3d_morse_017,feature,cheap_rdkit_gasteiger_etkdg_mmff,float32,descriptor_specific_or_dimensionless,cheap_rdkit_gasteiger_etkdg_mmff feature: v3__rd3d_morse_017,Local RDKit/Gasteiger/ETKDG/MMFF batch calculation,empty field in CSV,0,0,False,False,True
786,cheap__v3__rd3d_morse_018,feature,cheap_rdkit_gasteiger_etkdg_mmff,float32,descriptor_specific_or_dimensionless,cheap_rdkit_gasteiger_etkdg_mmff feature: v3__rd3d_morse_018,Local RDKit/Gasteiger/ETKDG/MMFF batch calculation,empty field in CSV,0,0,False,False,True
787,cheap__v3__rd3d_morse_019,feature,cheap_rdkit_gasteiger_etkdg_mmff,float32,descriptor_specific_or_dimensionless,cheap_rdkit_gasteiger_etkdg_mmff feature: v3__rd3d_morse_019,Local RDKit/Gasteiger/ETKDG/MMFF batch calculation,empty field in CSV,0,0,False,False,True
788,cheap__v3__rd3d_morse_020,feature,cheap_rdkit_gasteiger_etkdg_mmff,float32,descriptor_specific_or_dimensionless,cheap_rdkit_gasteiger_etkdg_mmff feature: v3__rd3d_morse_020,Local RDKit/Gasteiger/ETKDG/MMFF batch calculation,empty field in CSV,0,0,False,False,True
789,cheap__v3__rd3d_morse_021,feature,cheap_rdkit_gasteiger_etkdg_mmff,float32,descriptor_specific_or_dimensionless,cheap_rdkit_gasteiger_etkdg_mmff feature: v3__rd3d_morse_021,Local RDKit/Gasteiger/ETKDG/MMFF batch calculation,empty field in CSV,0,0,False,False,False
790,cheap__v3__rd3d_morse_022,feature,cheap_rdkit_gasteiger_etkdg_mmff,float32,descriptor_specific_or_dimensionless,cheap_rdkit_gasteiger_etkdg_mmff feature: v3__rd3d_morse_022,Local RDKit/Gasteiger/ETKDG/MMFF batch calculation,empty field in CSV,0,0,False,False,False
791,cheap__v3__rd3d_morse_023,feature,cheap_rdkit_gasteiger_etkdg_mmff,float32,descriptor_specific_or_dimensionless,cheap_rdkit_gasteiger_etkdg_mmff feature: v3__rd3d_morse_023,Local RDKit/Gasteiger/ETKDG/MMFF batch calculation,empty field in CSV,0,0,False,False,False
792,cheap__v3__rd3d_morse_024,feature,cheap_rdkit_gasteiger_etkdg_mmff,float32,descriptor_specific_or_dimensionless,cheap_rdkit_gasteiger_etkdg_mmff feature: v3__rd3d_morse_024,Local RDKit/Gasteiger/ETKDG/MMFF batch calculation,empty field in CSV,0,0,False,False,False
793,cheap__v3__rd3d_morse_025,feature,cheap_rdkit_gasteiger_etkdg_mmff,float32,descriptor_specific_or_dimensionless,cheap_rdkit_gasteiger_etkdg_mmff feature: v3__rd3d_morse_025,Local RDKit/Gasteiger/ETKDG/MMFF batch calculation,empty field in CSV,0,0,True,True,False
794,cheap__v3__rd3d_morse_026,feature,cheap_rdkit_gasteiger_etkdg_mmff,float32,descriptor_specific_or_dimensionless,cheap_rdkit_gasteiger_etkdg_mmff feature: v3__rd3d_morse_026,Local RDKit/Gasteiger/ETKDG/MMFF batch calculation,empty field in CSV,0,0,False,False,False
795,cheap__v3__rd3d_morse_027,feature,cheap_rdkit_gasteiger_etkdg_mmff,float32,descriptor_specific_or_dimensionless,cheap_rdkit_gasteiger_etkdg_mmff feature: v3__rd3d_morse_027,Local RDKit/Gasteiger/ETKDG/MMFF batch calculation,empty field in CSV,0,0,False,False,False
796,cheap__v3__rd3d_morse_028,feature,cheap_rdkit_gasteiger_etkdg_mmff,float32,descriptor_specific_or_dimensionless,cheap_rdkit_gasteiger_etkdg_mmff feature: v3__rd3d_morse_028,Local RDKit/Gasteiger/ETKDG/MMFF batch calculation,empty field in CSV,0,0,False,False,True
797,cheap__v3__rd3d_morse_029,feature,cheap_rdkit_gasteiger_etkdg_mmff,float32,descriptor_specific_or_dimensionless,cheap_rdkit_gasteiger_etkdg_mmff feature: v3__rd3d_morse_029,Local RDKit/Gasteiger/ETKDG/MMFF batch calculation,empty field in CSV,0,0,True,True,False
798,cheap__v3__rd3d_morse_030,feature,cheap_rdkit_gasteiger_etkdg_mmff,float32,descriptor_specific_or_dimensionless,cheap_rdkit_gasteiger_etkdg_mmff feature: v3__rd3d_morse_030,Local RDKit/Gasteiger/ETKDG/MMFF batch calculation,empty field in CSV,0,0,False,False,True
799,cheap__v3__rd3d_morse_031,feature,cheap_rdkit_gasteiger_etkdg_mmff,float32,descriptor_specific_or_dimensionless,cheap_rdkit_gasteiger_etkdg_mmff feature: v3__rd3d_morse_031,Local RDKit/Gasteiger/ETKDG/MMFF batch calculation,empty field in CSV,0,0,False,False,False
800,cheap__v3__rd3d_morse_032,feature,cheap_rdkit_gasteiger_etkdg_mmff,float32,descriptor_specific_or_dimensionless,cheap_rdkit_gasteiger_etkdg_mmff feature: v3__rd3d_morse_032,Local RDKit/Gasteiger/ETKDG/MMFF batch calculation,empty field in CSV,0,0,False,False,True
801,cheap__v3__rd3d_morse_033,feature,cheap_rdkit_gasteiger_etkdg_mmff,float32,descriptor_specific_or_dimensionless,cheap_rdkit_gasteiger_etkdg_mmff feature: v3__rd3d_morse_033,Local RDKit/Gasteiger/ETKDG/MMFF batch calculation,empty field in CSV,0,0,False,False,False
802,cheap__v3__rd3d_morse_034,feature,cheap_rdkit_gasteiger_etkdg_mmff,float32,descriptor_specific_or_dimensionless,cheap_rdkit_gasteiger_etkdg_mmff feature: v3__rd3d_morse_034,Local RDKit/Gasteiger/ETKDG/MMFF batch calculation,empty field in CSV,0,0,True,True,False
803,cheap__v3__rd3d_morse_035,feature,cheap_rdkit_gasteiger_etkdg_mmff,float32,descriptor_specific_or_dimensionless,cheap_rdkit_gasteiger_etkdg_mmff feature: v3__rd3d_morse_035,Local RDKit/Gasteiger/ETKDG/MMFF batch calculation,empty field in CSV,0,0,False,False,False
804,cheap__v3__rd3d_morse_036,feature,cheap_rdkit_gasteiger_etkdg_mmff,float32,descriptor_specific_or_dimensionless,cheap_rdkit_gasteiger_etkdg_mmff feature: v3__rd3d_morse_036,Local RDKit/Gasteiger/ETKDG/MMFF batch calculation,empty field in CSV,0,0,False,False,False
805,cheap__v3__rd3d_morse_037,feature,cheap_rdkit_gasteiger_etkdg_mmff,float32,descriptor_specific_or_dimensionless,cheap_rdkit_gasteiger_etkdg_mmff feature: v3__rd3d_morse_037,Local RDKit/Gasteiger/ETKDG/MMFF batch calculation,empty field in CSV,0,0,False,False,False
806,cheap__v3__rd3d_morse_038,feature,cheap_rdkit_gasteiger_etkdg_mmff,float32,descriptor_specific_or_dimensionless,cheap_rdkit_gasteiger_etkdg_mmff feature: v3__rd3d_morse_038,Local RDKit/Gasteiger/ETKDG/MMFF batch calculation,empty field in CSV,0,0,False,False,False
807,cheap__v3__rd3d_morse_039,feature,cheap_rdkit_gasteiger_etkdg_mmff,float32,descriptor_specific_or_dimensionless,cheap_rdkit_gasteiger_etkdg_mmff feature: v3__rd3d_morse_039,Local RDKit/Gasteiger/ETKDG/MMFF batch calculation,empty field in CSV,0,0,False,False,False
808,cheap__v3__rd3d_morse_040,feature,cheap_rdkit_gasteiger_etkdg_mmff,float32,descriptor_specific_or_dimensionless,cheap_rdkit_gasteiger_etkdg_mmff feature: v3__rd3d_morse_040,Local RDKit/Gasteiger/ETKDG/MMFF batch calculation,empty field in CSV,0,0,False,False,False
809,cheap__v3__rd3d_morse_041,feature,cheap_rdkit_gasteiger_etkdg_mmff,float32,descriptor_specific_or_dimensionless,cheap_rdkit_gasteiger_etkdg_mmff feature: v3__rd3d_morse_041,Local RDKit/Gasteiger/ETKDG/MMFF batch calculation,empty field in CSV,0,0,False,False,False
810,cheap__v3__rd3d_morse_042,feature,cheap_rdkit_gasteiger_etkdg_mmff,float32,descriptor_specific_or_dimensionless,cheap_rdkit_gasteiger_etkdg_mmff feature: v3__rd3d_morse_042,Local RDKit/Gasteiger/ETKDG/MMFF batch calculation,empty field in CSV,0,0,False,False,False
811,cheap__v3__rd3d_morse_043,feature,cheap_rdkit_gasteiger_etkdg_mmff,float32,descriptor_specific_or_dimensionless,cheap_rdkit_gasteiger_etkdg_mmff feature: v3__rd3d_morse_043,Local RDKit/Gasteiger/ETKDG/MMFF batch calculation,empty field in CSV,0,0,False,False,False
812,cheap__v3__rd3d_morse_044,feature,cheap_rdkit_gasteiger_etkdg_mmff,float32,descriptor_specific_or_dimensionless,cheap_rdkit_gasteiger_etkdg_mmff feature: v3__rd3d_morse_044,Local RDKit/Gasteiger/ETKDG/MMFF batch calculation,empty field in CSV,0,0,False,False,False
813,cheap__v3__rd3d_morse_045,feature,cheap_rdkit_gasteiger_etkdg_mmff,float32,descriptor_specific_or_dimensionless,cheap_rdkit_gasteiger_etkdg_mmff feature: v3__rd3d_morse_045,Local RDKit/Gasteiger/ETKDG/MMFF batch calculation,empty field in CSV,0,0,False,False,False
814,cheap__v3__rd3d_morse_046,feature,cheap_rdkit_gasteiger_etkdg_mmff,float32,descriptor_specific_or_dimensionless,cheap_rdkit_gasteiger_etkdg_mmff feature: v3__rd3d_morse_046,Local RDKit/Gasteiger/ETKDG/MMFF batch calculation,empty field in CSV,0,0,False,False,False
815,cheap__v3__rd3d_morse_047,feature,cheap_rdkit_gasteiger_etkdg_mmff,float32,descriptor_specific_or_dimensionless,cheap_rdkit_gasteiger_etkdg_mmff feature: v3__rd3d_morse_047,Local RDKit/Gasteiger/ETKDG/MMFF batch calculation,empty field in CSV,0,0,False,False,False
816,cheap__v3__rd3d_morse_048,feature,cheap_rdkit_gasteiger_etkdg_mmff,float32,descriptor_specific_or_dimensionless,cheap_rdkit_gasteiger_etkdg_mmff feature: v3__rd3d_morse_048,Local RDKit/Gasteiger/ETKDG/MMFF batch calculation,empty field in CSV,0,0,False,False,False
817,cheap__v3__rd3d_morse_049,feature,cheap_rdkit_gasteiger_etkdg_mmff,float32,descriptor_specific_or_dimensionless,cheap_rdkit_gasteiger_etkdg_mmff feature: v3__rd3d_morse_049,Local RDKit/Gasteiger/ETKDG/MMFF batch calculation,empty field in CSV,0,0,False,False,False
818,cheap__v3__rd3d_morse_050,feature,cheap_rdkit_gasteiger_etkdg_mmff,float32,descriptor_specific_or_dimensionless,cheap_rdkit_gasteiger_etkdg_mmff feature: v3__rd3d_morse_050,Local RDKit/Gasteiger/ETKDG/MMFF batch calculation,empty field in CSV,0,0,False,False,False
819,cheap__v3__rd3d_morse_051,feature,cheap_rdkit_gasteiger_etkdg_mmff,float32,descriptor_specific_or_dimensionless,cheap_rdkit_gasteiger_etkdg_mmff feature: v3__rd3d_morse_051,Local RDKit/Gasteiger/ETKDG/MMFF batch calculation,empty field in CSV,0,0,False,False,False
820,cheap__v3__rd3d_morse_052,feature,cheap_rdkit_gasteiger_etkdg_mmff,float32,descriptor_specific_or_dimensionless,cheap_rdkit_gasteiger_etkdg_mmff feature: v3__rd3d_morse_052,Local RDKit/Gasteiger/ETKDG/MMFF batch calculation,empty field in CSV,0,0,False,False,False
821,cheap__v3__rd3d_morse_053,feature,cheap_rdkit_gasteiger_etkdg_mmff,float32,descriptor_specific_or_dimensionless,cheap_rdkit_gasteiger_etkdg_mmff feature: v3__rd3d_morse_053,Local RDKit/Gasteiger/ETKDG/MMFF batch calculation,empty field in CSV,0,0,False,False,False
822,cheap__v3__rd3d_morse_054,feature,cheap_rdkit_gasteiger_etkdg_mmff,float32,descriptor_specific_or_dimensionless,cheap_rdkit_gasteiger_etkdg_mmff feature: v3__rd3d_morse_054,Local RDKit/Gasteiger/ETKDG/MMFF batch calculation,empty field in CSV,0,0,False,False,False
823,cheap__v3__rd3d_morse_055,feature,cheap_rdkit_gasteiger_etkdg_mmff,float32,descriptor_specific_or_dimensionless,cheap_rdkit_gasteiger_etkdg_mmff feature: v3__rd3d_morse_055,Local RDKit/Gasteiger/ETKDG/MMFF batch calculation,empty field in CSV,0,0,True,True,False
824,cheap__v3__rd3d_morse_056,feature,cheap_rdkit_gasteiger_etkdg_mmff,float32,descriptor_specific_or_dimensionless,cheap_rdkit_gasteiger_etkdg_mmff feature: v3__rd3d_morse_056,Local RDKit/Gasteiger/ETKDG/MMFF batch calculation,empty field in CSV,0,0,False,False,False
825,cheap__v3__rd3d_morse_057,feature,cheap_rdkit_gasteiger_etkdg_mmff,float32,descriptor_specific_or_dimensionless,cheap_rdkit_gasteiger_etkdg_mmff feature: v3__rd3d_morse_057,Local RDKit/Gasteiger/ETKDG/MMFF batch calculation,empty field in CSV,0,0,False,False,False
826,cheap__v3__rd3d_morse_058,feature,cheap_rdkit_gasteiger_etkdg_mmff,float32,descriptor_specific_or_dimensionless,cheap_rdkit_gasteiger_etkdg_mmff feature: v3__rd3d_morse_058,Local RDKit/Gasteiger/ETKDG/MMFF batch calculation,empty field in CSV,0,0,False,False,False
827,cheap__v3__rd3d_morse_059,feature,cheap_rdkit_gasteiger_etkdg_mmff,float32,descriptor_specific_or_dimensionless,cheap_rdkit_gasteiger_etkdg_mmff feature: v3__rd3d_morse_059,Local RDKit/Gasteiger/ETKDG/MMFF batch calculation,empty field in CSV,0,0,False,False,False
828,cheap__v3__rd3d_morse_060,feature,cheap_rdkit_gasteiger_etkdg_mmff,float32,descriptor_specific_or_dimensionless,cheap_rdkit_gasteiger_etkdg_mmff feature: v3__rd3d_morse_060,Local RDKit/Gasteiger/ETKDG/MMFF batch calculation,empty field in CSV,0,0,False,False,False
829,cheap__v3__rd3d_morse_061,feature,cheap_rdkit_gasteiger_etkdg_mmff,float32,descriptor_specific_or_dimensionless,cheap_rdkit_gasteiger_etkdg_mmff feature: v3__rd3d_morse_061,Local RDKit/Gasteiger/ETKDG/MMFF batch calculation,empty field in CSV,0,0,False,False,False
830,cheap__v3__rd3d_morse_062,feature,cheap_rdkit_gasteiger_etkdg_mmff,float32,descriptor_specific_or_dimensionless,cheap_rdkit_gasteiger_etkdg_mmff feature: v3__rd3d_morse_062,Local RDKit/Gasteiger/ETKDG/MMFF batch calculation,empty field in CSV,0,0,False,False,False
831,cheap__v3__rd3d_morse_063,feature,cheap_rdkit_gasteiger_etkdg_mmff,float32,descriptor_specific_or_dimensionless,cheap_rdkit_gasteiger_etkdg_mmff feature: v3__rd3d_morse_063,Local RDKit/Gasteiger/ETKDG/MMFF batch calculation,empty field in CSV,0,0,False,False,False
832,cheap__v3__rd3d_morse_064,feature,cheap_rdkit_gasteiger_etkdg_mmff,float32,descriptor_specific_or_dimensionless,cheap_rdkit_gasteiger_etkdg_mmff feature: v3__rd3d_morse_064,Local RDKit/Gasteiger/ETKDG/MMFF batch calculation,empty field in CSV,0,0,False,False,True
833,cheap__v3__rd3d_morse_065,feature,cheap_rdkit_gasteiger_etkdg_mmff,float32,descriptor_specific_or_dimensionless,cheap_rdkit_gasteiger_etkdg_mmff feature: v3__rd3d_morse_065,Local RDKit/Gasteiger/ETKDG/MMFF batch calculation,empty field in CSV,0,0,False,False,True
834,cheap__v3__rd3d_morse_066,feature,cheap_rdkit_gasteiger_etkdg_mmff,float32,descriptor_specific_or_dimensionless,cheap_rdkit_gasteiger_etkdg_mmff feature: v3__rd3d_morse_066,Local RDKit/Gasteiger/ETKDG/MMFF batch calculation,empty field in CSV,0,0,False,False,False
835,cheap__v3__rd3d_morse_067,feature,cheap_rdkit_gasteiger_etkdg_mmff,float32,descriptor_specific_or_dimensionless,cheap_rdkit_gasteiger_etkdg_mmff feature: v3__rd3d_morse_067,Local RDKit/Gasteiger/ETKDG/MMFF batch calculation,empty field in CSV,0,0,False,False,False
836,cheap__v3__rd3d_morse_068,feature,cheap_rdkit_gasteiger_etkdg_mmff,float32,descriptor_specific_or_dimensionless,cheap_rdkit_gasteiger_etkdg_mmff feature: v3__rd3d_morse_068,Local RDKit/Gasteiger/ETKDG/MMFF batch calculation,empty field in CSV,0,0,False,False,True
837,cheap__v3__rd3d_morse_069,feature,cheap_rdkit_gasteiger_etkdg_mmff,float32,descriptor_specific_or_dimensionless,cheap_rdkit_gasteiger_etkdg_mmff feature: v3__rd3d_morse_069,Local RDKit/Gasteiger/ETKDG/MMFF batch calculation,empty field in CSV,0,0,False,False,False
838,cheap__v3__rd3d_morse_070,feature,cheap_rdkit_gasteiger_etkdg_mmff,float32,descriptor_specific_or_dimensionless,cheap_rdkit_gasteiger_etkdg_mmff feature: v3__rd3d_morse_070,Local RDKit/Gasteiger/ETKDG/MMFF batch calculation,empty field in CSV,0,0,False,False,False
839,cheap__v3__rd3d_morse_071,feature,cheap_rdkit_gasteiger_etkdg_mmff,float32,descriptor_specific_or_dimensionless,cheap_rdkit_gasteiger_etkdg_mmff feature: v3__rd3d_morse_071,Local RDKit/Gasteiger/ETKDG/MMFF batch calculation,empty field in CSV,0,0,False,False,False
840,cheap__v3__rd3d_morse_072,feature,cheap_rdkit_gasteiger_etkdg_mmff,float32,descriptor_specific_or_dimensionless,cheap_rdkit_gasteiger_etkdg_mmff feature: v3__rd3d_morse_072,Local RDKit/Gasteiger/ETKDG/MMFF batch calculation,empty field in CSV,0,0,False,False,False
841,cheap__v3__rd3d_morse_073,feature,cheap_rdkit_gasteiger_etkdg_mmff,float32,descriptor_specific_or_dimensionless,cheap_rdkit_gasteiger_etkdg_mmff feature: v3__rd3d_morse_073,Local RDKit/Gasteiger/ETKDG/MMFF batch calculation,empty field in CSV,0,0,False,False,False
842,cheap__v3__rd3d_morse_074,feature,cheap_rdkit_gasteiger_etkdg_mmff,float32,descriptor_specific_or_dimensionless,cheap_rdkit_gasteiger_etkdg_mmff feature: v3__rd3d_morse_074,Local RDKit/Gasteiger/ETKDG/MMFF batch calculation,empty field in CSV,0,0,False,False,False
843,cheap__v3__rd3d_morse_075,feature,cheap_rdkit_gasteiger_etkdg_mmff,float32,descriptor_specific_or_dimensionless,cheap_rdkit_gasteiger_etkdg_mmff feature: v3__rd3d_morse_075,Local RDKit/Gasteiger/ETKDG/MMFF batch calculation,empty field in CSV,0,0,False,False,False
844,cheap__v3__rd3d_morse_076,feature,cheap_rdkit_gasteiger_etkdg_mmff,float32,descriptor_specific_or_dimensionless,cheap_rdkit_gasteiger_etkdg_mmff feature: v3__rd3d_morse_076,Local RDKit/Gasteiger/ETKDG/MMFF batch calculation,empty field in CSV,0,0,False,False,False
845,cheap__v3__rd3d_morse_077,feature,cheap_rdkit_gasteiger_etkdg_mmff,float32,descriptor_specific_or_dimensionless,cheap_rdkit_gasteiger_etkdg_mmff feature: v3__rd3d_morse_077,Local RDKit/Gasteiger/ETKDG/MMFF batch calculation,empty field in CSV,0,0,False,False,False
846,cheap__v3__rd3d_morse_078,feature,cheap_rdkit_gasteiger_etkdg_mmff,float32,descriptor_specific_or_dimensionless,cheap_rdkit_gasteiger_etkdg_mmff feature: v3__rd3d_morse_078,Local RDKit/Gasteiger/ETKDG/MMFF batch calculation,empty field in CSV,0,0,False,False,False
847,cheap__v3__rd3d_morse_079,feature,cheap_rdkit_gasteiger_etkdg_mmff,float32,descriptor_specific_or_dimensionless,cheap_rdkit_gasteiger_etkdg_mmff feature: v3__rd3d_morse_079,Local RDKit/Gasteiger/ETKDG/MMFF batch calculation,empty field in CSV,0,0,False,False,False
848,cheap__v3__rd3d_morse_080,feature,cheap_rdkit_gasteiger_etkdg_mmff,float32,descriptor_specific_or_dimensionless,cheap_rdkit_gasteiger_etkdg_mmff feature: v3__rd3d_morse_080,Local RDKit/Gasteiger/ETKDG/MMFF batch calculation,empty field in CSV,0,0,False,False,True
849,cheap__v3__rd3d_morse_081,feature,cheap_rdkit_gasteiger_etkdg_mmff,float32,descriptor_specific_or_dimensionless,cheap_rdkit_gasteiger_etkdg_mmff feature: v3__rd3d_morse_081,Local RDKit/Gasteiger/ETKDG/MMFF batch calculation,empty field in CSV,0,0,False,False,False
850,cheap__v3__rd3d_morse_082,feature,cheap_rdkit_gasteiger_etkdg_mmff,float32,descriptor_specific_or_dimensionless,cheap_rdkit_gasteiger_etkdg_mmff feature: v3__rd3d_morse_082,Local RDKit/Gasteiger/ETKDG/MMFF batch calculation,empty field in CSV,0,0,False,False,True
851,cheap__v3__rd3d_morse_083,feature,cheap_rdkit_gasteiger_etkdg_mmff,float32,descriptor_specific_or_dimensionless,cheap_rdkit_gasteiger_etkdg_mmff feature: v3__rd3d_morse_083,Local RDKit/Gasteiger/ETKDG/MMFF batch calculation,empty field in CSV,0,0,False,False,False
852,cheap__v3__rd3d_morse_084,feature,cheap_rdkit_gasteiger_etkdg_mmff,float32,descriptor_specific_or_dimensionless,cheap_rdkit_gasteiger_etkdg_mmff feature: v3__rd3d_morse_084,Local RDKit/Gasteiger/ETKDG/MMFF batch calculation,empty field in CSV,0,0,False,False,False
853,cheap__v3__rd3d_morse_085,feature,cheap_rdkit_gasteiger_etkdg_mmff,float32,descriptor_specific_or_dimensionless,cheap_rdkit_gasteiger_etkdg_mmff feature: v3__rd3d_morse_085,Local RDKit/Gasteiger/ETKDG/MMFF batch calculation,empty field in CSV,0,0,False,False,False
854,cheap__v3__rd3d_morse_086,feature,cheap_rdkit_gasteiger_etkdg_mmff,float32,descriptor_specific_or_dimensionless,cheap_rdkit_gasteiger_etkdg_mmff feature: v3__rd3d_morse_086,Local RDKit/Gasteiger/ETKDG/MMFF batch calculation,empty field in CSV,0,0,False,False,False
855,cheap__v3__rd3d_morse_087,feature,cheap_rdkit_gasteiger_etkdg_mmff,float32,descriptor_specific_or_dimensionless,cheap_rdkit_gasteiger_etkdg_mmff feature: v3__rd3d_morse_087,Local RDKit/Gasteiger/ETKDG/MMFF batch calculation,empty field in CSV,0,0,True,True,False
856,cheap__v3__rd3d_morse_088,feature,cheap_rdkit_gasteiger_etkdg_mmff,float32,descriptor_specific_or_dimensionless,cheap_rdkit_gasteiger_etkdg_mmff feature: v3__rd3d_morse_088,Local RDKit/Gasteiger/ETKDG/MMFF batch calculation,empty field in CSV,0,0,False,False,False
857,cheap__v3__rd3d_morse_089,feature,cheap_rdkit_gasteiger_etkdg_mmff,float32,descriptor_specific_or_dimensionless,cheap_rdkit_gasteiger_etkdg_mmff feature: v3__rd3d_morse_089,Local RDKit/Gasteiger/ETKDG/MMFF batch calculation,empty field in CSV,0,0,True,True,False
858,cheap__v3__rd3d_morse_090,feature,cheap_rdkit_gasteiger_etkdg_mmff,float32,descriptor_specific_or_dimensionless,cheap_rdkit_gasteiger_etkdg_mmff feature: v3__rd3d_morse_090,Local RDKit/Gasteiger/ETKDG/MMFF batch calculation,empty field in CSV,0,0,False,False,False
859,cheap__v3__rd3d_morse_091,feature,cheap_rdkit_gasteiger_etkdg_mmff,float32,descriptor_specific_or_dimensionless,cheap_rdkit_gasteiger_etkdg_mmff feature: v3__rd3d_morse_091,Local RDKit/Gasteiger/ETKDG/MMFF batch calculation,empty field in CSV,0,0,False,False,False
860,cheap__v3__rd3d_morse_092,feature,cheap_rdkit_gasteiger_etkdg_mmff,float32,descriptor_specific_or_dimensionless,cheap_rdkit_gasteiger_etkdg_mmff feature: v3__rd3d_morse_092,Local RDKit/Gasteiger/ETKDG/MMFF batch calculation,empty field in CSV,0,0,False,False,False
861,cheap__v3__rd3d_morse_093,feature,cheap_rdkit_gasteiger_etkdg_mmff,float32,descriptor_specific_or_dimensionless,cheap_rdkit_gasteiger_etkdg_mmff feature: v3__rd3d_morse_093,Local RDKit/Gasteiger/ETKDG/MMFF batch calculation,empty field in CSV,0,0,False,False,False
862,cheap__v3__rd3d_morse_094,feature,cheap_rdkit_gasteiger_etkdg_mmff,float32,descriptor_specific_or_dimensionless,cheap_rdkit_gasteiger_etkdg_mmff feature: v3__rd3d_morse_094,Local RDKit/Gasteiger/ETKDG/MMFF batch calculation,empty field in CSV,0,0,False,False,False
863,cheap__v3__rd3d_morse_095,feature,cheap_rdkit_gasteiger_etkdg_mmff,float32,descriptor_specific_or_dimensionless,cheap_rdkit_gasteiger_etkdg_mmff feature: v3__rd3d_morse_095,Local RDKit/Gasteiger/ETKDG/MMFF batch calculation,empty field in CSV,0,0,False,False,False
864,cheap__v3__rd3d_morse_096,feature,cheap_rdkit_gasteiger_etkdg_mmff,float32,descriptor_specific_or_dimensionless,cheap_rdkit_gasteiger_etkdg_mmff feature: v3__rd3d_morse_096,Local RDKit/Gasteiger/ETKDG/MMFF batch calculation,empty field in CSV,0,0,False,False,True
865,cheap__v3__rd3d_morse_097,feature,cheap_rdkit_gasteiger_etkdg_mmff,float32,descriptor_specific_or_dimensionless,cheap_rdkit_gasteiger_etkdg_mmff feature: v3__rd3d_morse_097,Local RDKit/Gasteiger/ETKDG/MMFF batch calculation,empty field in CSV,0,0,False,False,False
866,cheap__v3__rd3d_morse_098,feature,cheap_rdkit_gasteiger_etkdg_mmff,float32,descriptor_specific_or_dimensionless,cheap_rdkit_gasteiger_etkdg_mmff feature: v3__rd3d_morse_098,Local RDKit/Gasteiger/ETKDG/MMFF batch calculation,empty field in CSV,0,0,False,False,False
867,cheap__v3__rd3d_morse_099,feature,cheap_rdkit_gasteiger_etkdg_mmff,float32,descriptor_specific_or_dimensionless,cheap_rdkit_gasteiger_etkdg_mmff feature: v3__rd3d_morse_099,Local RDKit/Gasteiger/ETKDG/MMFF batch calculation,empty field in CSV,0,0,False,False,False
868,cheap__v3__rd3d_morse_100,feature,cheap_rdkit_gasteiger_etkdg_mmff,float32,descriptor_specific_or_dimensionless,cheap_rdkit_gasteiger_etkdg_mmff feature: v3__rd3d_morse_100,Local RDKit/Gasteiger/ETKDG/MMFF batch calculation,empty field in CSV,0,0,False,False,True
869,cheap__v3__rd3d_morse_101,feature,cheap_rdkit_gasteiger_etkdg_mmff,float32,descriptor_specific_or_dimensionless,cheap_rdkit_gasteiger_etkdg_mmff feature: v3__rd3d_morse_101,Local RDKit/Gasteiger/ETKDG/MMFF batch calculation,empty field in CSV,0,0,False,False,False
870,cheap__v3__rd3d_morse_102,feature,cheap_rdkit_gasteiger_etkdg_mmff,float32,descriptor_specific_or_dimensionless,cheap_rdkit_gasteiger_etkdg_mmff feature: v3__rd3d_morse_102,Local RDKit/Gasteiger/ETKDG/MMFF batch calculation,empty field in CSV,0,0,False,False,False
871,cheap__v3__rd3d_morse_103,feature,cheap_rdkit_gasteiger_etkdg_mmff,float32,descriptor_specific_or_dimensionless,cheap_rdkit_gasteiger_etkdg_mmff feature: v3__rd3d_morse_103,Local RDKit/Gasteiger/ETKDG/MMFF batch calculation,empty field in CSV,0,0,False,False,False
872,cheap__v3__rd3d_morse_104,feature,cheap_rdkit_gasteiger_etkdg_mmff,float32,descriptor_specific_or_dimensionless,cheap_rdkit_gasteiger_etkdg_mmff feature: v3__rd3d_morse_104,Local RDKit/Gasteiger/ETKDG/MMFF batch calculation,empty field in CSV,0,0,False,False,False
873,cheap__v3__rd3d_morse_105,feature,cheap_rdkit_gasteiger_etkdg_mmff,float32,descriptor_specific_or_dimensionless,cheap_rdkit_gasteiger_etkdg_mmff feature: v3__rd3d_morse_105,Local RDKit/Gasteiger/ETKDG/MMFF batch calculation,empty field in CSV,0,0,False,False,False
874,cheap__v3__rd3d_morse_106,feature,cheap_rdkit_gasteiger_etkdg_mmff,float32,descriptor_specific_or_dimensionless,cheap_rdkit_gasteiger_etkdg_mmff feature: v3__rd3d_morse_106,Local RDKit/Gasteiger/ETKDG/MMFF batch calculation,empty field in CSV,0,0,False,False,True
875,cheap__v3__rd3d_morse_107,feature,cheap_rdkit_gasteiger_etkdg_mmff,float32,descriptor_specific_or_dimensionless,cheap_rdkit_gasteiger_etkdg_mmff feature: v3__rd3d_morse_107,Local RDKit/Gasteiger/ETKDG/MMFF batch calculation,empty field in CSV,0,0,False,False,True
876,cheap__v3__rd3d_morse_108,feature,cheap_rdkit_gasteiger_etkdg_mmff,float32,descriptor_specific_or_dimensionless,cheap_rdkit_gasteiger_etkdg_mmff feature: v3__rd3d_morse_108,Local RDKit/Gasteiger/ETKDG/MMFF batch calculation,empty field in CSV,0,0,False,False,False
877,cheap__v3__rd3d_morse_109,feature,cheap_rdkit_gasteiger_etkdg_mmff,float32,descriptor_specific_or_dimensionless,cheap_rdkit_gasteiger_etkdg_mmff feature: v3__rd3d_morse_109,Local RDKit/Gasteiger/ETKDG/MMFF batch calculation,empty field in CSV,0,0,False,False,True
878,cheap__v3__rd3d_morse_110,feature,cheap_rdkit_gasteiger_etkdg_mmff,float32,descriptor_specific_or_dimensionless,cheap_rdkit_gasteiger_etkdg_mmff feature: v3__rd3d_morse_110,Local RDKit/Gasteiger/ETKDG/MMFF batch calculation,empty field in CSV,0,0,False,False,False
879,cheap__v3__rd3d_morse_111,feature,cheap_rdkit_gasteiger_etkdg_mmff,float32,descriptor_specific_or_dimensionless,cheap_rdkit_gasteiger_etkdg_mmff feature: v3__rd3d_morse_111,Local RDKit/Gasteiger/ETKDG/MMFF batch calculation,empty field in CSV,0,0,False,False,False
880,cheap__v3__rd3d_morse_112,feature,cheap_rdkit_gasteiger_etkdg_mmff,float32,descriptor_specific_or_dimensionless,cheap_rdkit_gasteiger_etkdg_mmff feature: v3__rd3d_morse_112,Local RDKit/Gasteiger/ETKDG/MMFF batch calculation,empty field in CSV,0,0,False,False,True
881,cheap__v3__rd3d_morse_113,feature,cheap_rdkit_gasteiger_etkdg_mmff,float32,descriptor_specific_or_dimensionless,cheap_rdkit_gasteiger_etkdg_mmff feature: v3__rd3d_morse_113,Local RDKit/Gasteiger/ETKDG/MMFF batch calculation,empty field in CSV,0,0,False,False,False
882,cheap__v3__rd3d_morse_114,feature,cheap_rdkit_gasteiger_etkdg_mmff,float32,descriptor_specific_or_dimensionless,cheap_rdkit_gasteiger_etkdg_mmff feature: v3__rd3d_morse_114,Local RDKit/Gasteiger/ETKDG/MMFF batch calculation,empty field in CSV,0,0,False,False,True
883,cheap__v3__rd3d_morse_115,feature,cheap_rdkit_gasteiger_etkdg_mmff,float32,descriptor_specific_or_dimensionless,cheap_rdkit_gasteiger_etkdg_mmff feature: v3__rd3d_morse_115,Local RDKit/Gasteiger/ETKDG/MMFF batch calculation,empty field in CSV,0,0,False,False,True
884,cheap__v3__rd3d_morse_116,feature,cheap_rdkit_gasteiger_etkdg_mmff,float32,descriptor_specific_or_dimensionless,cheap_rdkit_gasteiger_etkdg_mmff feature: v3__rd3d_morse_116,Local RDKit/Gasteiger/ETKDG/MMFF batch calculation,empty field in CSV,0,0,False,False,True
885,cheap__v3__rd3d_morse_117,feature,cheap_rdkit_gasteiger_etkdg_mmff,float32,descriptor_specific_or_dimensionless,cheap_rdkit_gasteiger_etkdg_mmff feature: v3__rd3d_morse_117,Local RDKit/Gasteiger/ETKDG/MMFF batch calculation,empty field in CSV,0,0,False,False,False
886,cheap__v3__rd3d_morse_118,feature,cheap_rdkit_gasteiger_etkdg_mmff,float32,descriptor_specific_or_dimensionless,cheap_rdkit_gasteiger_etkdg_mmff feature: v3__rd3d_morse_118,Local RDKit/Gasteiger/ETKDG/MMFF batch calculation,empty field in CSV,0,0,False,False,False
887,cheap__v3__rd3d_morse_119,feature,cheap_rdkit_gasteiger_etkdg_mmff,float32,descriptor_specific_or_dimensionless,cheap_rdkit_gasteiger_etkdg_mmff feature: v3__rd3d_morse_119,Local RDKit/Gasteiger/ETKDG/MMFF batch calculation,empty field in CSV,0,0,False,False,False
888,cheap__v3__rd3d_morse_120,feature,cheap_rdkit_gasteiger_etkdg_mmff,float32,descriptor_specific_or_dimensionless,cheap_rdkit_gasteiger_etkdg_mmff feature: v3__rd3d_morse_120,Local RDKit/Gasteiger/ETKDG/MMFF batch calculation,empty field in CSV,0,0,False,False,False
889,cheap__v3__rd3d_morse_121,feature,cheap_rdkit_gasteiger_etkdg_mmff,float32,descriptor_specific_or_dimensionless,cheap_rdkit_gasteiger_etkdg_mmff feature: v3__rd3d_morse_121,Local RDKit/Gasteiger/ETKDG/MMFF batch calculation,empty field in CSV,0,0,True,True,False
890,cheap__v3__rd3d_morse_122,feature,cheap_rdkit_gasteiger_etkdg_mmff,float32,descriptor_specific_or_dimensionless,cheap_rdkit_gasteiger_etkdg_mmff feature: v3__rd3d_morse_122,Local RDKit/Gasteiger/ETKDG/MMFF batch calculation,empty field in CSV,0,0,False,False,False
891,cheap__v3__rd3d_morse_123,feature,cheap_rdkit_gasteiger_etkdg_mmff,float32,descriptor_specific_or_dimensionless,cheap_rdkit_gasteiger_etkdg_mmff feature: v3__rd3d_morse_123,Local RDKit/Gasteiger/ETKDG/MMFF batch calculation,empty field in CSV,0,0,False,False,False
892,cheap__v3__rd3d_morse_124,feature,cheap_rdkit_gasteiger_etkdg_mmff,float32,descriptor_specific_or_dimensionless,cheap_rdkit_gasteiger_etkdg_mmff feature: v3__rd3d_morse_124,Local RDKit/Gasteiger/ETKDG/MMFF batch calculation,empty field in CSV,0,0,False,False,True
893,cheap__v3__rd3d_morse_125,feature,cheap_rdkit_gasteiger_etkdg_mmff,float32,descriptor_specific_or_dimensionless,cheap_rdkit_gasteiger_etkdg_mmff feature: v3__rd3d_morse_125,Local RDKit/Gasteiger/ETKDG/MMFF batch calculation,empty field in CSV,0,0,True,True,False
894,cheap__v3__rd3d_morse_126,feature,cheap_rdkit_gasteiger_etkdg_mmff,float32,descriptor_specific_or_dimensionless,cheap_rdkit_gasteiger_etkdg_mmff feature: v3__rd3d_morse_126,Local RDKit/Gasteiger/ETKDG/MMFF batch calculation,empty field in CSV,0,0,False,False,True
895,cheap__v3__rd3d_morse_127,feature,cheap_rdkit_gasteiger_etkdg_mmff,float32,descriptor_specific_or_dimensionless,cheap_rdkit_gasteiger_etkdg_mmff feature: v3__rd3d_morse_127,Local RDKit/Gasteiger/ETKDG/MMFF batch calculation,empty field in CSV,0,0,False,False,False
896,cheap__v3__rd3d_morse_128,feature,cheap_rdkit_gasteiger_etkdg_mmff,float32,descriptor_specific_or_dimensionless,cheap_rdkit_gasteiger_etkdg_mmff feature: v3__rd3d_morse_128,Local RDKit/Gasteiger/ETKDG/MMFF batch calculation,empty field in CSV,0,0,False,False,True
897,cheap__v3__rd3d_morse_129,feature,cheap_rdkit_gasteiger_etkdg_mmff,float32,descriptor_specific_or_dimensionless,cheap_rdkit_gasteiger_etkdg_mmff feature: v3__rd3d_morse_129,Local RDKit/Gasteiger/ETKDG/MMFF batch calculation,empty field in CSV,0,0,False,False,True
898,cheap__v3__rd3d_morse_130,feature,cheap_rdkit_gasteiger_etkdg_mmff,float32,descriptor_specific_or_dimensionless,cheap_rdkit_gasteiger_etkdg_mmff feature: v3__rd3d_morse_130,Local RDKit/Gasteiger/ETKDG/MMFF batch calculation,empty field in CSV,0,0,False,False,False
899,cheap__v3__rd3d_morse_131,feature,cheap_rdkit_gasteiger_etkdg_mmff,float32,descriptor_specific_or_dimensionless,cheap_rdkit_gasteiger_etkdg_mmff feature: v3__rd3d_morse_131,Local RDKit/Gasteiger/ETKDG/MMFF batch calculation,empty field in CSV,0,0,False,False,False
900,cheap__v3__rd3d_morse_132,feature,cheap_rdkit_gasteiger_etkdg_mmff,float32,descriptor_specific_or_dimensionless,cheap_rdkit_gasteiger_etkdg_mmff feature: v3__rd3d_morse_132,Local RDKit/Gasteiger/ETKDG/MMFF batch calculation,empty field in CSV,0,0,False,False,True
901,cheap__v3__rd3d_morse_133,feature,cheap_rdkit_gasteiger_etkdg_mmff,float32,descriptor_specific_or_dimensionless,cheap_rdkit_gasteiger_etkdg_mmff feature: v3__rd3d_morse_133,Local RDKit/Gasteiger/ETKDG/MMFF batch calculation,empty field in CSV,0,0,False,False,False
902,cheap__v3__rd3d_morse_134,feature,cheap_rdkit_gasteiger_etkdg_mmff,float32,descriptor_specific_or_dimensionless,cheap_rdkit_gasteiger_etkdg_mmff feature: v3__rd3d_morse_134,Local RDKit/Gasteiger/ETKDG/MMFF batch calculation,empty field in CSV,0,0,False,False,False
903,cheap__v3__rd3d_morse_135,feature,cheap_rdkit_gasteiger_etkdg_mmff,float32,descriptor_specific_or_dimensionless,cheap_rdkit_gasteiger_etkdg_mmff feature: v3__rd3d_morse_135,Local RDKit/Gasteiger/ETKDG/MMFF batch calculation,empty field in CSV,0,0,True,True,False
904,cheap__v3__rd3d_morse_136,feature,cheap_rdkit_gasteiger_etkdg_mmff,float32,descriptor_specific_or_dimensionless,cheap_rdkit_gasteiger_etkdg_mmff feature: v3__rd3d_morse_136,Local RDKit/Gasteiger/ETKDG/MMFF batch calculation,empty field in CSV,0,0,False,False,False
905,cheap__v3__rd3d_morse_137,feature,cheap_rdkit_gasteiger_etkdg_mmff,float32,descriptor_specific_or_dimensionless,cheap_rdkit_gasteiger_etkdg_mmff feature: v3__rd3d_morse_137,Local RDKit/Gasteiger/ETKDG/MMFF batch calculation,empty field in CSV,0,0,False,False,False
906,cheap__v3__rd3d_morse_138,feature,cheap_rdkit_gasteiger_etkdg_mmff,float32,descriptor_specific_or_dimensionless,cheap_rdkit_gasteiger_etkdg_mmff feature: v3__rd3d_morse_138,Local RDKit/Gasteiger/ETKDG/MMFF batch calculation,empty field in CSV,0,0,False,False,False
907,cheap__v3__rd3d_morse_139,feature,cheap_rdkit_gasteiger_etkdg_mmff,float32,descriptor_specific_or_dimensionless,cheap_rdkit_gasteiger_etkdg_mmff feature: v3__rd3d_morse_139,Local RDKit/Gasteiger/ETKDG/MMFF batch calculation,empty field in CSV,0,0,False,False,False
908,cheap__v3__rd3d_morse_140,feature,cheap_rdkit_gasteiger_etkdg_mmff,float32,descriptor_specific_or_dimensionless,cheap_rdkit_gasteiger_etkdg_mmff feature: v3__rd3d_morse_140,Local RDKit/Gasteiger/ETKDG/MMFF batch calculation,empty field in CSV,0,0,False,False,False
909,cheap__v3__rd3d_morse_141,feature,cheap_rdkit_gasteiger_etkdg_mmff,float32,descriptor_specific_or_dimensionless,cheap_rdkit_gasteiger_etkdg_mmff feature: v3__rd3d_morse_141,Local RDKit/Gasteiger/ETKDG/MMFF batch calculation,empty field in CSV,0,0,False,False,False
910,cheap__v3__rd3d_morse_142,feature,cheap_rdkit_gasteiger_etkdg_mmff,float32,descriptor_specific_or_dimensionless,cheap_rdkit_gasteiger_etkdg_mmff feature: v3__rd3d_morse_142,Local RDKit/Gasteiger/ETKDG/MMFF batch calculation,empty field in CSV,0,0,False,False,False
911,cheap__v3__rd3d_morse_143,feature,cheap_rdkit_gasteiger_etkdg_mmff,float32,descriptor_specific_or_dimensionless,cheap_rdkit_gasteiger_etkdg_mmff feature: v3__rd3d_morse_143,Local RDKit/Gasteiger/ETKDG/MMFF batch calculation,empty field in CSV,0,0,False,False,False
912,cheap__v3__rd3d_morse_144,feature,cheap_rdkit_gasteiger_etkdg_mmff,float32,descriptor_specific_or_dimensionless,cheap_rdkit_gasteiger_etkdg_mmff feature: v3__rd3d_morse_144,Local RDKit/Gasteiger/ETKDG/MMFF batch calculation,empty field in CSV,0,0,False,False,True
913,cheap__v3__rd3d_morse_145,feature,cheap_rdkit_gasteiger_etkdg_mmff,float32,descriptor_specific_or_dimensionless,cheap_rdkit_gasteiger_etkdg_mmff feature: v3__rd3d_morse_145,Local RDKit/Gasteiger/ETKDG/MMFF batch calculation,empty field in CSV,0,0,False,False,False
914,cheap__v3__rd3d_morse_146,feature,cheap_rdkit_gasteiger_etkdg_mmff,float32,descriptor_specific_or_dimensionless,cheap_rdkit_gasteiger_etkdg_mmff feature: v3__rd3d_morse_146,Local RDKit/Gasteiger/ETKDG/MMFF batch calculation,empty field in CSV,0,0,False,False,True
915,cheap__v3__rd3d_morse_147,feature,cheap_rdkit_gasteiger_etkdg_mmff,float32,descriptor_specific_or_dimensionless,cheap_rdkit_gasteiger_etkdg_mmff feature: v3__rd3d_morse_147,Local RDKit/Gasteiger/ETKDG/MMFF batch calculation,empty field in CSV,0,0,False,False,False
916,cheap__v3__rd3d_morse_148,feature,cheap_rdkit_gasteiger_etkdg_mmff,float32,descriptor_specific_or_dimensionless,cheap_rdkit_gasteiger_etkdg_mmff feature: v3__rd3d_morse_148,Local RDKit/Gasteiger/ETKDG/MMFF batch calculation,empty field in CSV,0,0,False,False,True
917,cheap__v3__rd3d_morse_149,feature,cheap_rdkit_gasteiger_etkdg_mmff,float32,descriptor_specific_or_dimensionless,cheap_rdkit_gasteiger_etkdg_mmff feature: v3__rd3d_morse_149,Local RDKit/Gasteiger/ETKDG/MMFF batch calculation,empty field in CSV,0,0,False,False,False
918,cheap__v3__rd3d_morse_150,feature,cheap_rdkit_gasteiger_etkdg_mmff,float32,descriptor_specific_or_dimensionless,cheap_rdkit_gasteiger_etkdg_mmff feature: v3__rd3d_morse_150,Local RDKit/Gasteiger/ETKDG/MMFF batch calculation,empty field in CSV,0,0,False,False,False
919,cheap__v3__rd3d_morse_151,feature,cheap_rdkit_gasteiger_etkdg_mmff,float32,descriptor_specific_or_dimensionless,cheap_rdkit_gasteiger_etkdg_mmff feature: v3__rd3d_morse_151,Local RDKit/Gasteiger/ETKDG/MMFF batch calculation,empty field in CSV,0,0,True,True,False
920,cheap__v3__rd3d_morse_152,feature,cheap_rdkit_gasteiger_etkdg_mmff,float32,descriptor_specific_or_dimensionless,cheap_rdkit_gasteiger_etkdg_mmff feature: v3__rd3d_morse_152,Local RDKit/Gasteiger/ETKDG/MMFF batch calculation,empty field in CSV,0,0,False,False,False
921,cheap__v3__rd3d_morse_153,feature,cheap_rdkit_gasteiger_etkdg_mmff,float32,descriptor_specific_or_dimensionless,cheap_rdkit_gasteiger_etkdg_mmff feature: v3__rd3d_morse_153,Local RDKit/Gasteiger/ETKDG/MMFF batch calculation,empty field in CSV,0,0,True,True,False
922,cheap__v3__rd3d_morse_154,feature,cheap_rdkit_gasteiger_etkdg_mmff,float32,descriptor_specific_or_dimensionless,cheap_rdkit_gasteiger_etkdg_mmff feature: v3__rd3d_morse_154,Local RDKit/Gasteiger/ETKDG/MMFF batch calculation,empty field in CSV,0,0,False,False,False
923,cheap__v3__rd3d_morse_155,feature,cheap_rdkit_gasteiger_etkdg_mmff,float32,descriptor_specific_or_dimensionless,cheap_rdkit_gasteiger_etkdg_mmff feature: v3__rd3d_morse_155,Local RDKit/Gasteiger/ETKDG/MMFF batch calculation,empty field in CSV,0,0,False,False,False
924,cheap__v3__rd3d_morse_156,feature,cheap_rdkit_gasteiger_etkdg_mmff,float32,descriptor_specific_or_dimensionless,cheap_rdkit_gasteiger_etkdg_mmff feature: v3__rd3d_morse_156,Local RDKit/Gasteiger/ETKDG/MMFF batch calculation,empty field in CSV,0,0,False,False,False
925,cheap__v3__rd3d_morse_157,feature,cheap_rdkit_gasteiger_etkdg_mmff,float32,descriptor_specific_or_dimensionless,cheap_rdkit_gasteiger_etkdg_mmff feature: v3__rd3d_morse_157,Local RDKit/Gasteiger/ETKDG/MMFF batch calculation,empty field in CSV,0,0,False,False,False
926,cheap__v3__rd3d_morse_158,feature,cheap_rdkit_gasteiger_etkdg_mmff,float32,descriptor_specific_or_dimensionless,cheap_rdkit_gasteiger_etkdg_mmff feature: v3__rd3d_morse_158,Local RDKit/Gasteiger/ETKDG/MMFF batch calculation,empty field in CSV,0,0,False,False,True
927,cheap__v3__rd3d_morse_159,feature,cheap_rdkit_gasteiger_etkdg_mmff,float32,descriptor_specific_or_dimensionless,cheap_rdkit_gasteiger_etkdg_mmff feature: v3__rd3d_morse_159,Local RDKit/Gasteiger/ETKDG/MMFF batch calculation,empty field in CSV,0,0,False,False,False
928,cheap__v3__rd3d_morse_160,feature,cheap_rdkit_gasteiger_etkdg_mmff,float32,descriptor_specific_or_dimensionless,cheap_rdkit_gasteiger_etkdg_mmff feature: v3__rd3d_morse_160,Local RDKit/Gasteiger/ETKDG/MMFF batch calculation,empty field in CSV,0,0,False,False,True
929,cheap__v3__rd3d_morse_161,feature,cheap_rdkit_gasteiger_etkdg_mmff,float32,descriptor_specific_or_dimensionless,cheap_rdkit_gasteiger_etkdg_mmff feature: v3__rd3d_morse_161,Local RDKit/Gasteiger/ETKDG/MMFF batch calculation,empty field in CSV,0,0,False,False,False
930,cheap__v3__rd3d_morse_162,feature,cheap_rdkit_gasteiger_etkdg_mmff,float32,descriptor_specific_or_dimensionless,cheap_rdkit_gasteiger_etkdg_mmff feature: v3__rd3d_morse_162,Local RDKit/Gasteiger/ETKDG/MMFF batch calculation,empty field in CSV,0,0,False,False,False
931,cheap__v3__rd3d_morse_163,feature,cheap_rdkit_gasteiger_etkdg_mmff,float32,descriptor_specific_or_dimensionless,cheap_rdkit_gasteiger_etkdg_mmff feature: v3__rd3d_morse_163,Local RDKit/Gasteiger/ETKDG/MMFF batch calculation,empty field in CSV,0,0,False,False,False
932,cheap__v3__rd3d_morse_164,feature,cheap_rdkit_gasteiger_etkdg_mmff,float32,descriptor_specific_or_dimensionless,cheap_rdkit_gasteiger_etkdg_mmff feature: v3__rd3d_morse_164,Local RDKit/Gasteiger/ETKDG/MMFF batch calculation,empty field in CSV,0,0,False,False,True
933,cheap__v3__rd3d_morse_165,feature,cheap_rdkit_gasteiger_etkdg_mmff,float32,descriptor_specific_or_dimensionless,cheap_rdkit_gasteiger_etkdg_mmff feature: v3__rd3d_morse_165,Local RDKit/Gasteiger/ETKDG/MMFF batch calculation,empty field in CSV,0,0,False,False,False
934,cheap__v3__rd3d_morse_166,feature,cheap_rdkit_gasteiger_etkdg_mmff,float32,descriptor_specific_or_dimensionless,cheap_rdkit_gasteiger_etkdg_mmff feature: v3__rd3d_morse_166,Local RDKit/Gasteiger/ETKDG/MMFF batch calculation,empty field in CSV,0,0,False,False,False
935,cheap__v3__rd3d_morse_167,feature,cheap_rdkit_gasteiger_etkdg_mmff,float32,descriptor_specific_or_dimensionless,cheap_rdkit_gasteiger_etkdg_mmff feature: v3__rd3d_morse_167,Local RDKit/Gasteiger/ETKDG/MMFF batch calculation,empty field in CSV,0,0,False,False,False
936,cheap__v3__rd3d_morse_168,feature,cheap_rdkit_gasteiger_etkdg_mmff,float32,descriptor_specific_or_dimensionless,cheap_rdkit_gasteiger_etkdg_mmff feature: v3__rd3d_morse_168,Local RDKit/Gasteiger/ETKDG/MMFF batch calculation,empty field in CSV,0,0,False,False,False
937,cheap__v3__rd3d_morse_169,feature,cheap_rdkit_gasteiger_etkdg_mmff,float32,descriptor_specific_or_dimensionless,cheap_rdkit_gasteiger_etkdg_mmff feature: v3__rd3d_morse_169,Local RDKit/Gasteiger/ETKDG/MMFF batch calculation,empty field in CSV,0,0,False,False,False
938,cheap__v3__rd3d_morse_170,feature,cheap_rdkit_gasteiger_etkdg_mmff,float32,descriptor_specific_or_dimensionless,cheap_rdkit_gasteiger_etkdg_mmff feature: v3__rd3d_morse_170,Local RDKit/Gasteiger/ETKDG/MMFF batch calculation,empty field in CSV,0,0,False,False,True
939,cheap__v3__rd3d_morse_171,feature,cheap_rdkit_gasteiger_etkdg_mmff,float32,descriptor_specific_or_dimensionless,cheap_rdkit_gasteiger_etkdg_mmff feature: v3__rd3d_morse_171,Local RDKit/Gasteiger/ETKDG/MMFF batch calculation,empty field in CSV,0,0,False,False,False
940,cheap__v3__rd3d_morse_172,feature,cheap_rdkit_gasteiger_etkdg_mmff,float32,descriptor_specific_or_dimensionless,cheap_rdkit_gasteiger_etkdg_mmff feature: v3__rd3d_morse_172,Local RDKit/Gasteiger/ETKDG/MMFF batch calculation,empty field in CSV,0,0,False,False,True
941,cheap__v3__rd3d_morse_173,feature,cheap_rdkit_gasteiger_etkdg_mmff,float32,descriptor_specific_or_dimensionless,cheap_rdkit_gasteiger_etkdg_mmff feature: v3__rd3d_morse_173,Local RDKit/Gasteiger/ETKDG/MMFF batch calculation,empty field in CSV,0,0,False,False,True
942,cheap__v3__rd3d_morse_174,feature,cheap_rdkit_gasteiger_etkdg_mmff,float32,descriptor_specific_or_dimensionless,cheap_rdkit_gasteiger_etkdg_mmff feature: v3__rd3d_morse_174,Local RDKit/Gasteiger/ETKDG/MMFF batch calculation,empty field in CSV,0,0,False,False,False
943,cheap__v3__rd3d_morse_175,feature,cheap_rdkit_gasteiger_etkdg_mmff,float32,descriptor_specific_or_dimensionless,cheap_rdkit_gasteiger_etkdg_mmff feature: v3__rd3d_morse_175,Local RDKit/Gasteiger/ETKDG/MMFF batch calculation,empty field in CSV,0,0,False,False,False
944,cheap__v3__rd3d_morse_176,feature,cheap_rdkit_gasteiger_etkdg_mmff,float32,descriptor_specific_or_dimensionless,cheap_rdkit_gasteiger_etkdg_mmff feature: v3__rd3d_morse_176,Local RDKit/Gasteiger/ETKDG/MMFF batch calculation,empty field in CSV,0,0,False,False,True
945,cheap__v3__rd3d_morse_177,feature,cheap_rdkit_gasteiger_etkdg_mmff,float32,descriptor_specific_or_dimensionless,cheap_rdkit_gasteiger_etkdg_mmff feature: v3__rd3d_morse_177,Local RDKit/Gasteiger/ETKDG/MMFF batch calculation,empty field in CSV,0,0,False,False,True
946,cheap__v3__rd3d_morse_178,feature,cheap_rdkit_gasteiger_etkdg_mmff,float32,descriptor_specific_or_dimensionless,cheap_rdkit_gasteiger_etkdg_mmff feature: v3__rd3d_morse_178,Local RDKit/Gasteiger/ETKDG/MMFF batch calculation,empty field in CSV,0,0,False,False,True
947,cheap__v3__rd3d_morse_179,feature,cheap_rdkit_gasteiger_etkdg_mmff,float32,descriptor_specific_or_dimensionless,cheap_rdkit_gasteiger_etkdg_mmff feature: v3__rd3d_morse_179,Local RDKit/Gasteiger/ETKDG/MMFF batch calculation,empty field in CSV,0,0,False,False,True
948,cheap__v3__rd3d_morse_180,feature,cheap_rdkit_gasteiger_etkdg_mmff,float32,descriptor_specific_or_dimensionless,cheap_rdkit_gasteiger_etkdg_mmff feature: v3__rd3d_morse_180,Local RDKit/Gasteiger/ETKDG/MMFF batch calculation,empty field in CSV,0,0,False,False,True
949,cheap__v3__rd3d_morse_181,feature,cheap_rdkit_gasteiger_etkdg_mmff,float32,descriptor_specific_or_dimensionless,cheap_rdkit_gasteiger_etkdg_mmff feature: v3__rd3d_morse_181,Local RDKit/Gasteiger/ETKDG/MMFF batch calculation,empty field in CSV,0,0,False,False,False
950,cheap__v3__rd3d_morse_182,feature,cheap_rdkit_gasteiger_etkdg_mmff,float32,descriptor_specific_or_dimensionless,cheap_rdkit_gasteiger_etkdg_mmff feature: v3__rd3d_morse_182,Local RDKit/Gasteiger/ETKDG/MMFF batch calculation,empty field in CSV,0,0,False,False,False
951,cheap__v3__rd3d_morse_183,feature,cheap_rdkit_gasteiger_etkdg_mmff,float32,descriptor_specific_or_dimensionless,cheap_rdkit_gasteiger_etkdg_mmff feature: v3__rd3d_morse_183,Local RDKit/Gasteiger/ETKDG/MMFF batch calculation,empty field in CSV,0,0,False,False,False
952,cheap__v3__rd3d_morse_184,feature,cheap_rdkit_gasteiger_etkdg_mmff,float32,descriptor_specific_or_dimensionless,cheap_rdkit_gasteiger_etkdg_mmff feature: v3__rd3d_morse_184,Local RDKit/Gasteiger/ETKDG/MMFF batch calculation,empty field in CSV,0,0,False,False,False
953,cheap__v3__rd3d_morse_185,feature,cheap_rdkit_gasteiger_etkdg_mmff,float32,descriptor_specific_or_dimensionless,cheap_rdkit_gasteiger_etkdg_mmff feature: v3__rd3d_morse_185,Local RDKit/Gasteiger/ETKDG/MMFF batch calculation,empty field in CSV,0,0,True,True,False
954,cheap__v3__rd3d_morse_186,feature,cheap_rdkit_gasteiger_etkdg_mmff,float32,descriptor_specific_or_dimensionless,cheap_rdkit_gasteiger_etkdg_mmff feature: v3__rd3d_morse_186,Local RDKit/Gasteiger/ETKDG/MMFF batch calculation,empty field in CSV,0,0,False,False,False
955,cheap__v3__rd3d_morse_187,feature,cheap_rdkit_gasteiger_etkdg_mmff,float32,descriptor_specific_or_dimensionless,cheap_rdkit_gasteiger_etkdg_mmff feature: v3__rd3d_morse_187,Local RDKit/Gasteiger/ETKDG/MMFF batch calculation,empty field in CSV,0,0,False,False,False
956,cheap__v3__rd3d_morse_188,feature,cheap_rdkit_gasteiger_etkdg_mmff,float32,descriptor_specific_or_dimensionless,cheap_rdkit_gasteiger_etkdg_mmff feature: v3__rd3d_morse_188,Local RDKit/Gasteiger/ETKDG/MMFF batch calculation,empty field in CSV,0,0,False,False,True
957,cheap__v3__rd3d_morse_189,feature,cheap_rdkit_gasteiger_etkdg_mmff,float32,descriptor_specific_or_dimensionless,cheap_rdkit_gasteiger_etkdg_mmff feature: v3__rd3d_morse_189,Local RDKit/Gasteiger/ETKDG/MMFF batch calculation,empty field in CSV,0,0,True,True,False
958,cheap__v3__rd3d_morse_190,feature,cheap_rdkit_gasteiger_etkdg_mmff,float32,descriptor_specific_or_dimensionless,cheap_rdkit_gasteiger_etkdg_mmff feature: v3__rd3d_morse_190,Local RDKit/Gasteiger/ETKDG/MMFF batch calculation,empty field in CSV,0,0,False,False,True
959,cheap__v3__rd3d_morse_191,feature,cheap_rdkit_gasteiger_etkdg_mmff,float32,descriptor_specific_or_dimensionless,cheap_rdkit_gasteiger_etkdg_mmff feature: v3__rd3d_morse_191,Local RDKit/Gasteiger/ETKDG/MMFF batch calculation,empty field in CSV,0,0,False,False,False
960,cheap__v3__rd3d_morse_192,feature,cheap_rdkit_gasteiger_etkdg_mmff,float32,descriptor_specific_or_dimensionless,cheap_rdkit_gasteiger_etkdg_mmff feature: v3__rd3d_morse_192,Local RDKit/Gasteiger/ETKDG/MMFF batch calculation,empty field in CSV,0,0,True,True,False
961,cheap__v3__rd3d_morse_193,feature,cheap_rdkit_gasteiger_etkdg_mmff,float32,descriptor_specific_or_dimensionless,cheap_rdkit_gasteiger_etkdg_mmff feature: v3__rd3d_morse_193,Local RDKit/Gasteiger/ETKDG/MMFF batch calculation,empty field in CSV,0,0,True,True,False
962,cheap__v3__rd3d_morse_194,feature,cheap_rdkit_gasteiger_etkdg_mmff,float32,descriptor_specific_or_dimensionless,cheap_rdkit_gasteiger_etkdg_mmff feature: v3__rd3d_morse_194,Local RDKit/Gasteiger/ETKDG/MMFF batch calculation,empty field in CSV,0,0,True,True,False
963,cheap__v3__rd3d_morse_195,feature,cheap_rdkit_gasteiger_etkdg_mmff,float32,descriptor_specific_or_dimensionless,cheap_rdkit_gasteiger_etkdg_mmff feature: v3__rd3d_morse_195,Local RDKit/Gasteiger/ETKDG/MMFF batch calculation,empty field in CSV,0,0,False,False,False
964,cheap__v3__rd3d_morse_196,feature,cheap_rdkit_gasteiger_etkdg_mmff,float32,descriptor_specific_or_dimensionless,cheap_rdkit_gasteiger_etkdg_mmff feature: v3__rd3d_morse_196,Local RDKit/Gasteiger/ETKDG/MMFF batch calculation,empty field in CSV,0,0,True,True,False
965,cheap__v3__rd3d_morse_197,feature,cheap_rdkit_gasteiger_etkdg_mmff,float32,descriptor_specific_or_dimensionless,cheap_rdkit_gasteiger_etkdg_mmff feature: v3__rd3d_morse_197,Local RDKit/Gasteiger/ETKDG/MMFF batch calculation,empty field in CSV,0,0,False,False,False
966,cheap__v3__rd3d_morse_198,feature,cheap_rdkit_gasteiger_etkdg_mmff,float32,descriptor_specific_or_dimensionless,cheap_rdkit_gasteiger_etkdg_mmff feature: v3__rd3d_morse_198,Local RDKit/Gasteiger/ETKDG/MMFF batch calculation,empty field in CSV,0,0,False,False,False
967,cheap__v3__rd3d_morse_199,feature,cheap_rdkit_gasteiger_etkdg_mmff,float32,descriptor_specific_or_dimensionless,cheap_rdkit_gasteiger_etkdg_mmff feature: v3__rd3d_morse_199,Local RDKit/Gasteiger/ETKDG/MMFF batch calculation,empty field in CSV,0,0,False,False,False
968,cheap__v3__rd3d_morse_200,feature,cheap_rdkit_gasteiger_etkdg_mmff,float32,descriptor_specific_or_dimensionless,cheap_rdkit_gasteiger_etkdg_mmff feature: v3__rd3d_morse_200,Local RDKit/Gasteiger/ETKDG/MMFF batch calculation,empty field in CSV,0,0,False,False,False
969,cheap__v3__rd3d_morse_201,feature,cheap_rdkit_gasteiger_etkdg_mmff,float32,descriptor_specific_or_dimensionless,cheap_rdkit_gasteiger_etkdg_mmff feature: v3__rd3d_morse_201,Local RDKit/Gasteiger/ETKDG/MMFF batch calculation,empty field in CSV,0,0,True,True,False
970,cheap__v3__rd3d_morse_202,feature,cheap_rdkit_gasteiger_etkdg_mmff,float32,descriptor_specific_or_dimensionless,cheap_rdkit_gasteiger_etkdg_mmff feature: v3__rd3d_morse_202,Local RDKit/Gasteiger/ETKDG/MMFF batch calculation,empty field in CSV,0,0,True,True,False
971,cheap__v3__rd3d_morse_203,feature,cheap_rdkit_gasteiger_etkdg_mmff,float32,descriptor_specific_or_dimensionless,cheap_rdkit_gasteiger_etkdg_mmff feature: v3__rd3d_morse_203,Local RDKit/Gasteiger/ETKDG/MMFF batch calculation,empty field in CSV,0,0,False,False,False
972,cheap__v3__rd3d_morse_204,feature,cheap_rdkit_gasteiger_etkdg_mmff,float32,descriptor_specific_or_dimensionless,cheap_rdkit_gasteiger_etkdg_mmff feature: v3__rd3d_morse_204,Local RDKit/Gasteiger/ETKDG/MMFF batch calculation,empty field in CSV,0,0,False,False,False
973,cheap__v3__rd3d_morse_205,feature,cheap_rdkit_gasteiger_etkdg_mmff,float32,descriptor_specific_or_dimensionless,cheap_rdkit_gasteiger_etkdg_mmff feature: v3__rd3d_morse_205,Local RDKit/Gasteiger/ETKDG/MMFF batch calculation,empty field in CSV,0,0,True,True,False
974,cheap__v3__rd3d_morse_206,feature,cheap_rdkit_gasteiger_etkdg_mmff,float32,descriptor_specific_or_dimensionless,cheap_rdkit_gasteiger_etkdg_mmff feature: v3__rd3d_morse_206,Local RDKit/Gasteiger/ETKDG/MMFF batch calculation,empty field in CSV,0,0,True,True,False
975,cheap__v3__rd3d_morse_207,feature,cheap_rdkit_gasteiger_etkdg_mmff,float32,descriptor_specific_or_dimensionless,cheap_rdkit_gasteiger_etkdg_mmff feature: v3__rd3d_morse_207,Local RDKit/Gasteiger/ETKDG/MMFF batch calculation,empty field in CSV,0,0,False,False,False
976,cheap__v3__rd3d_morse_208,feature,cheap_rdkit_gasteiger_etkdg_mmff,float32,descriptor_specific_or_dimensionless,cheap_rdkit_gasteiger_etkdg_mmff feature: v3__rd3d_morse_208,Local RDKit/Gasteiger/ETKDG/MMFF batch calculation,empty field in CSV,0,0,False,False,False
977,cheap__v3__rd3d_morse_209,feature,cheap_rdkit_gasteiger_etkdg_mmff,float32,descriptor_specific_or_dimensionless,cheap_rdkit_gasteiger_etkdg_mmff feature: v3__rd3d_morse_209,Local RDKit/Gasteiger/ETKDG/MMFF batch calculation,empty field in CSV,0,0,True,True,False
978,cheap__v3__rd3d_morse_210,feature,cheap_rdkit_gasteiger_etkdg_mmff,float32,descriptor_specific_or_dimensionless,cheap_rdkit_gasteiger_etkdg_mmff feature: v3__rd3d_morse_210,Local RDKit/Gasteiger/ETKDG/MMFF batch calculation,empty field in CSV,0,0,False,False,False
979,cheap__v3__rd3d_morse_211,feature,cheap_rdkit_gasteiger_etkdg_mmff,float32,descriptor_specific_or_dimensionless,cheap_rdkit_gasteiger_etkdg_mmff feature: v3__rd3d_morse_211,Local RDKit/Gasteiger/ETKDG/MMFF batch calculation,empty field in CSV,0,0,True,True,False
980,cheap__v3__rd3d_morse_212,feature,cheap_rdkit_gasteiger_etkdg_mmff,float32,descriptor_specific_or_dimensionless,cheap_rdkit_gasteiger_etkdg_mmff feature: v3__rd3d_morse_212,Local RDKit/Gasteiger/ETKDG/MMFF batch calculation,empty field in CSV,0,0,False,False,False
981,cheap__v3__rd3d_morse_213,feature,cheap_rdkit_gasteiger_etkdg_mmff,float32,descriptor_specific_or_dimensionless,cheap_rdkit_gasteiger_etkdg_mmff feature: v3__rd3d_morse_213,Local RDKit/Gasteiger/ETKDG/MMFF batch calculation,empty field in CSV,0,0,False,False,False
982,cheap__v3__rd3d_morse_214,feature,cheap_rdkit_gasteiger_etkdg_mmff,float32,descriptor_specific_or_dimensionless,cheap_rdkit_gasteiger_etkdg_mmff feature: v3__rd3d_morse_214,Local RDKit/Gasteiger/ETKDG/MMFF batch calculation,empty field in CSV,0,0,True,True,False
983,cheap__v3__rd3d_morse_215,feature,cheap_rdkit_gasteiger_etkdg_mmff,float32,descriptor_specific_or_dimensionless,cheap_rdkit_gasteiger_etkdg_mmff feature: v3__rd3d_morse_215,Local RDKit/Gasteiger/ETKDG/MMFF batch calculation,empty field in CSV,0,0,True,True,False
984,cheap__v3__rd3d_morse_216,feature,cheap_rdkit_gasteiger_etkdg_mmff,float32,descriptor_specific_or_dimensionless,cheap_rdkit_gasteiger_etkdg_mmff feature: v3__rd3d_morse_216,Local RDKit/Gasteiger/ETKDG/MMFF batch calculation,empty field in CSV,0,0,True,True,False
985,cheap__v3__rd3d_morse_217,feature,cheap_rdkit_gasteiger_etkdg_mmff,float32,descriptor_specific_or_dimensionless,cheap_rdkit_gasteiger_etkdg_mmff feature: v3__rd3d_morse_217,Local RDKit/Gasteiger/ETKDG/MMFF batch calculation,empty field in CSV,0,0,False,False,False
986,cheap__v3__rd3d_morse_218,feature,cheap_rdkit_gasteiger_etkdg_mmff,float32,descriptor_specific_or_dimensionless,cheap_rdkit_gasteiger_etkdg_mmff feature: v3__rd3d_morse_218,Local RDKit/Gasteiger/ETKDG/MMFF batch calculation,empty field in CSV,0,0,False,False,False
987,cheap__v3__rd3d_morse_219,feature,cheap_rdkit_gasteiger_etkdg_mmff,float32,descriptor_specific_or_dimensionless,cheap_rdkit_gasteiger_etkdg_mmff feature: v3__rd3d_morse_219,Local RDKit/Gasteiger/ETKDG/MMFF batch calculation,empty field in CSV,0,0,False,False,False
988,cheap__v3__rd3d_morse_220,feature,cheap_rdkit_gasteiger_etkdg_mmff,float32,descriptor_specific_or_dimensionless,cheap_rdkit_gasteiger_etkdg_mmff feature: v3__rd3d_morse_220,Local RDKit/Gasteiger/ETKDG/MMFF batch calculation,empty field in CSV,0,0,True,True,False
989,cheap__v3__rd3d_morse_221,feature,cheap_rdkit_gasteiger_etkdg_mmff,float32,descriptor_specific_or_dimensionless,cheap_rdkit_gasteiger_etkdg_mmff feature: v3__rd3d_morse_221,Local RDKit/Gasteiger/ETKDG/MMFF batch calculation,empty field in CSV,0,0,False,False,False
990,cheap__v3__rd3d_morse_222,feature,cheap_rdkit_gasteiger_etkdg_mmff,float32,descriptor_specific_or_dimensionless,cheap_rdkit_gasteiger_etkdg_mmff feature: v3__rd3d_morse_222,Local RDKit/Gasteiger/ETKDG/MMFF batch calculation,empty field in CSV,0,0,True,True,False
991,cheap__v3__rd3d_morse_223,feature,cheap_rdkit_gasteiger_etkdg_mmff,float32,descriptor_specific_or_dimensionless,cheap_rdkit_gasteiger_etkdg_mmff feature: v3__rd3d_morse_223,Local RDKit/Gasteiger/ETKDG/MMFF batch calculation,empty field in CSV,0,0,False,False,False
992,cheap__v3__rd3d_whim_000,feature,cheap_rdkit_gasteiger_etkdg_mmff,float32,descriptor_specific_or_dimensionless,cheap_rdkit_gasteiger_etkdg_mmff feature: v3__rd3d_whim_000,Local RDKit/Gasteiger/ETKDG/MMFF batch calculation,empty field in CSV,0,0,False,False,True
993,cheap__v3__rd3d_whim_001,feature,cheap_rdkit_gasteiger_etkdg_mmff,float32,descriptor_specific_or_dimensionless,cheap_rdkit_gasteiger_etkdg_mmff feature: v3__rd3d_whim_001,Local RDKit/Gasteiger/ETKDG/MMFF batch calculation,empty field in CSV,0,0,False,False,True
994,cheap__v3__rd3d_whim_002,feature,cheap_rdkit_gasteiger_etkdg_mmff,float32,descriptor_specific_or_dimensionless,cheap_rdkit_gasteiger_etkdg_mmff feature: v3__rd3d_whim_002,Local RDKit/Gasteiger/ETKDG/MMFF batch calculation,empty field in CSV,0,0,False,False,False
995,cheap__v3__rd3d_whim_003,feature,cheap_rdkit_gasteiger_etkdg_mmff,float32,descriptor_specific_or_dimensionless,cheap_rdkit_gasteiger_etkdg_mmff feature: v3__rd3d_whim_003,Local RDKit/Gasteiger/ETKDG/MMFF batch calculation,empty field in CSV,0,0,False,False,False
996,cheap__v3__rd3d_whim_004,feature,cheap_rdkit_gasteiger_etkdg_mmff,float32,descriptor_specific_or_dimensionless,cheap_rdkit_gasteiger_etkdg_mmff feature: v3__rd3d_whim_004,Local RDKit/Gasteiger/ETKDG/MMFF batch calculation,empty field in CSV,0,0,False,False,False
997,cheap__v3__rd3d_whim_005,feature,cheap_rdkit_gasteiger_etkdg_mmff,float32,descriptor_specific_or_dimensionless,cheap_rdkit_gasteiger_etkdg_mmff feature: v3__rd3d_whim_005,Local RDKit/Gasteiger/ETKDG/MMFF batch calculation,empty field in CSV,0,0,False,False,False
998,cheap__v3__rd3d_whim_006,feature,cheap_rdkit_gasteiger_etkdg_mmff,float32,descriptor_specific_or_dimensionless,cheap_rdkit_gasteiger_etkdg_mmff feature: v3__rd3d_whim_006,Local RDKit/Gasteiger/ETKDG/MMFF batch calculation,empty field in CSV,0,0,False,False,False
999,cheap__v3__rd3d_whim_007,feature,cheap_rdkit_gasteiger_etkdg_mmff,float32,descriptor_specific_or_dimensionless,cheap_rdkit_gasteiger_etkdg_mmff feature: v3__rd3d_whim_007,Local RDKit/Gasteiger/ETKDG/MMFF batch calculation,empty field in CSV,0,0,False,False,False
1000,cheap__v3__rd3d_whim_008,feature,cheap_rdkit_gasteiger_etkdg_mmff,float32,descriptor_specific_or_dimensionless,cheap_rdkit_gasteiger_etkdg_mmff feature: v3__rd3d_whim_008,Local RDKit/Gasteiger/ETKDG/MMFF batch calculation,empty field in CSV,0,0,True,True,False
1001,cheap__v3__rd3d_whim_009,feature,cheap_rdkit_gasteiger_etkdg_mmff,float32,descriptor_specific_or_dimensionless,cheap_rdkit_gasteiger_etkdg_mmff feature: v3__rd3d_whim_009,Local RDKit/Gasteiger/ETKDG/MMFF batch calculation,empty field in CSV,0,0,False,False,False
1002,cheap__v3__rd3d_whim_010,feature,cheap_rdkit_gasteiger_etkdg_mmff,float32,descriptor_specific_or_dimensionless,cheap_rdkit_gasteiger_etkdg_mmff feature: v3__rd3d_whim_010,Local RDKit/Gasteiger/ETKDG/MMFF batch calculation,empty field in CSV,0,0,False,False,False
1003,cheap__v3__rd3d_whim_011,feature,cheap_rdkit_gasteiger_etkdg_mmff,float32,descriptor_specific_or_dimensionless,cheap_rdkit_gasteiger_etkdg_mmff feature: v3__rd3d_whim_011,Local RDKit/Gasteiger/ETKDG/MMFF batch calculation,empty field in CSV,0,0,False,False,False
1004,cheap__v3__rd3d_whim_012,feature,cheap_rdkit_gasteiger_etkdg_mmff,float32,descriptor_specific_or_dimensionless,cheap_rdkit_gasteiger_etkdg_mmff feature: v3__rd3d_whim_012,Local RDKit/Gasteiger/ETKDG/MMFF batch calculation,empty field in CSV,0,0,True,True,False
1005,cheap__v3__rd3d_whim_013,feature,cheap_rdkit_gasteiger_etkdg_mmff,float32,descriptor_specific_or_dimensionless,cheap_rdkit_gasteiger_etkdg_mmff feature: v3__rd3d_whim_013,Local RDKit/Gasteiger/ETKDG/MMFF batch calculation,empty field in CSV,0,0,False,False,False
1006,cheap__v3__rd3d_whim_014,feature,cheap_rdkit_gasteiger_etkdg_mmff,float32,descriptor_specific_or_dimensionless,cheap_rdkit_gasteiger_etkdg_mmff feature: v3__rd3d_whim_014,Local RDKit/Gasteiger/ETKDG/MMFF batch calculation,empty field in CSV,0,0,False,False,False
1007,cheap__v3__rd3d_whim_015,feature,cheap_rdkit_gasteiger_etkdg_mmff,float32,descriptor_specific_or_dimensionless,cheap_rdkit_gasteiger_etkdg_mmff feature: v3__rd3d_whim_015,Local RDKit/Gasteiger/ETKDG/MMFF batch calculation,empty field in CSV,0,0,False,False,False
1008,cheap__v3__rd3d_whim_016,feature,cheap_rdkit_gasteiger_etkdg_mmff,float32,descriptor_specific_or_dimensionless,cheap_rdkit_gasteiger_etkdg_mmff feature: v3__rd3d_whim_016,Local RDKit/Gasteiger/ETKDG/MMFF batch calculation,empty field in CSV,0,0,False,False,False
1009,cheap__v3__rd3d_whim_017,feature,cheap_rdkit_gasteiger_etkdg_mmff,float32,descriptor_specific_or_dimensionless,cheap_rdkit_gasteiger_etkdg_mmff feature: v3__rd3d_whim_017,Local RDKit/Gasteiger/ETKDG/MMFF batch calculation,empty field in CSV,0,0,False,False,False
1010,cheap__v3__rd3d_whim_018,feature,cheap_rdkit_gasteiger_etkdg_mmff,float32,descriptor_specific_or_dimensionless,cheap_rdkit_gasteiger_etkdg_mmff feature: v3__rd3d_whim_018,Local RDKit/Gasteiger/ETKDG/MMFF batch calculation,empty field in CSV,0,0,False,False,False
1011,cheap__v3__rd3d_whim_019,feature,cheap_rdkit_gasteiger_etkdg_mmff,float32,descriptor_specific_or_dimensionless,cheap_rdkit_gasteiger_etkdg_mmff feature: v3__rd3d_whim_019,Local RDKit/Gasteiger/ETKDG/MMFF batch calculation,empty field in CSV,0,0,False,False,False
1012,cheap__v3__rd3d_whim_020,feature,cheap_rdkit_gasteiger_etkdg_mmff,float32,descriptor_specific_or_dimensionless,cheap_rdkit_gasteiger_etkdg_mmff feature: v3__rd3d_whim_020,Local RDKit/Gasteiger/ETKDG/MMFF batch calculation,empty field in CSV,0,0,False,False,False
1013,cheap__v3__rd3d_whim_021,feature,cheap_rdkit_gasteiger_etkdg_mmff,float32,descriptor_specific_or_dimensionless,cheap_rdkit_gasteiger_etkdg_mmff feature: v3__rd3d_whim_021,Local RDKit/Gasteiger/ETKDG/MMFF batch calculation,empty field in CSV,0,0,False,False,False
1014,cheap__v3__rd3d_whim_022,feature,cheap_rdkit_gasteiger_etkdg_mmff,float32,descriptor_specific_or_dimensionless,cheap_rdkit_gasteiger_etkdg_mmff feature: v3__rd3d_whim_022,Local RDKit/Gasteiger/ETKDG/MMFF batch calculation,empty field in CSV,0,0,False,False,True
1015,cheap__v3__rd3d_whim_023,feature,cheap_rdkit_gasteiger_etkdg_mmff,float32,descriptor_specific_or_dimensionless,cheap_rdkit_gasteiger_etkdg_mmff feature: v3__rd3d_whim_023,Local RDKit/Gasteiger/ETKDG/MMFF batch calculation,empty field in CSV,0,0,False,False,True
1016,cheap__v3__rd3d_whim_024,feature,cheap_rdkit_gasteiger_etkdg_mmff,float32,descriptor_specific_or_dimensionless,cheap_rdkit_gasteiger_etkdg_mmff feature: v3__rd3d_whim_024,Local RDKit/Gasteiger/ETKDG/MMFF batch calculation,empty field in CSV,0,0,False,False,False
1017,cheap__v3__rd3d_whim_025,feature,cheap_rdkit_gasteiger_etkdg_mmff,float32,descriptor_specific_or_dimensionless,cheap_rdkit_gasteiger_etkdg_mmff feature: v3__rd3d_whim_025,Local RDKit/Gasteiger/ETKDG/MMFF batch calculation,empty field in CSV,0,0,False,False,False
1018,cheap__v3__rd3d_whim_026,feature,cheap_rdkit_gasteiger_etkdg_mmff,float32,descriptor_specific_or_dimensionless,cheap_rdkit_gasteiger_etkdg_mmff feature: v3__rd3d_whim_026,Local RDKit/Gasteiger/ETKDG/MMFF batch calculation,empty field in CSV,0,0,False,False,False
1019,cheap__v3__rd3d_whim_027,feature,cheap_rdkit_gasteiger_etkdg_mmff,float32,descriptor_specific_or_dimensionless,cheap_rdkit_gasteiger_etkdg_mmff feature: v3__rd3d_whim_027,Local RDKit/Gasteiger/ETKDG/MMFF batch calculation,empty field in CSV,0,0,False,False,False
1020,cheap__v3__rd3d_whim_028,feature,cheap_rdkit_gasteiger_etkdg_mmff,float32,descriptor_specific_or_dimensionless,cheap_rdkit_gasteiger_etkdg_mmff feature: v3__rd3d_whim_028,Local RDKit/Gasteiger/ETKDG/MMFF batch calculation,empty field in CSV,0,0,False,False,False
1021,cheap__v3__rd3d_whim_029,feature,cheap_rdkit_gasteiger_etkdg_mmff,float32,descriptor_specific_or_dimensionless,cheap_rdkit_gasteiger_etkdg_mmff feature: v3__rd3d_whim_029,Local RDKit/Gasteiger/ETKDG/MMFF batch calculation,empty field in CSV,0,0,False,False,False
1022,cheap__v3__rd3d_whim_030,feature,cheap_rdkit_gasteiger_etkdg_mmff,float32,descriptor_specific_or_dimensionless,cheap_rdkit_gasteiger_etkdg_mmff feature: v3__rd3d_whim_030,Local RDKit/Gasteiger/ETKDG/MMFF batch calculation,empty field in CSV,0,0,False,False,False
1023,cheap__v3__rd3d_whim_031,feature,cheap_rdkit_gasteiger_etkdg_mmff,float32,descriptor_specific_or_dimensionless,cheap_rdkit_gasteiger_etkdg_mmff feature: v3__rd3d_whim_031,Local RDKit/Gasteiger/ETKDG/MMFF batch calculation,empty field in CSV,0,0,False,False,False
1024,cheap__v3__rd3d_whim_032,feature,cheap_rdkit_gasteiger_etkdg_mmff,float32,descriptor_specific_or_dimensionless,cheap_rdkit_gasteiger_etkdg_mmff feature: v3__rd3d_whim_032,Local RDKit/Gasteiger/ETKDG/MMFF batch calculation,empty field in CSV,0,0,False,False,False
1025,cheap__v3__rd3d_whim_033,feature,cheap_rdkit_gasteiger_etkdg_mmff,float32,descriptor_specific_or_dimensionless,cheap_rdkit_gasteiger_etkdg_mmff feature: v3__rd3d_whim_033,Local RDKit/Gasteiger/ETKDG/MMFF batch calculation,empty field in CSV,0,0,False,False,True
1026,cheap__v3__rd3d_whim_034,feature,cheap_rdkit_gasteiger_etkdg_mmff,float32,descriptor_specific_or_dimensionless,cheap_rdkit_gasteiger_etkdg_mmff feature: v3__rd3d_whim_034,Local RDKit/Gasteiger/ETKDG/MMFF batch calculation,empty field in CSV,0,0,False,False,True
1027,cheap__v3__rd3d_whim_035,feature,cheap_rdkit_gasteiger_etkdg_mmff,float32,descriptor_specific_or_dimensionless,cheap_rdkit_gasteiger_etkdg_mmff feature: v3__rd3d_whim_035,Local RDKit/Gasteiger/ETKDG/MMFF batch calculation,empty field in CSV,0,0,False,False,False
1028,cheap__v3__rd3d_whim_036,feature,cheap_rdkit_gasteiger_etkdg_mmff,float32,descriptor_specific_or_dimensionless,cheap_rdkit_gasteiger_etkdg_mmff feature: v3__rd3d_whim_036,Local RDKit/Gasteiger/ETKDG/MMFF batch calculation,empty field in CSV,0,0,False,False,False
1029,cheap__v3__rd3d_whim_037,feature,cheap_rdkit_gasteiger_etkdg_mmff,float32,descriptor_specific_or_dimensionless,cheap_rdkit_gasteiger_etkdg_mmff feature: v3__rd3d_whim_037,Local RDKit/Gasteiger/ETKDG/MMFF batch calculation,empty field in CSV,0,0,False,False,False
1030,cheap__v3__rd3d_whim_038,feature,cheap_rdkit_gasteiger_etkdg_mmff,float32,descriptor_specific_or_dimensionless,cheap_rdkit_gasteiger_etkdg_mmff feature: v3__rd3d_whim_038,Local RDKit/Gasteiger/ETKDG/MMFF batch calculation,empty field in CSV,0,0,False,False,False
1031,cheap__v3__rd3d_whim_039,feature,cheap_rdkit_gasteiger_etkdg_mmff,float32,descriptor_specific_or_dimensionless,cheap_rdkit_gasteiger_etkdg_mmff feature: v3__rd3d_whim_039,Local RDKit/Gasteiger/ETKDG/MMFF batch calculation,empty field in CSV,0,0,False,False,False
1032,cheap__v3__rd3d_whim_040,feature,cheap_rdkit_gasteiger_etkdg_mmff,float32,descriptor_specific_or_dimensionless,cheap_rdkit_gasteiger_etkdg_mmff feature: v3__rd3d_whim_040,Local RDKit/Gasteiger/ETKDG/MMFF batch calculation,empty field in CSV,0,0,False,False,False
1033,cheap__v3__rd3d_whim_041,feature,cheap_rdkit_gasteiger_etkdg_mmff,float32,descriptor_specific_or_dimensionless,cheap_rdkit_gasteiger_etkdg_mmff feature: v3__rd3d_whim_041,Local RDKit/Gasteiger/ETKDG/MMFF batch calculation,empty field in CSV,0,0,False,False,False
1034,cheap__v3__rd3d_whim_042,feature,cheap_rdkit_gasteiger_etkdg_mmff,float32,descriptor_specific_or_dimensionless,cheap_rdkit_gasteiger_etkdg_mmff feature: v3__rd3d_whim_042,Local RDKit/Gasteiger/ETKDG/MMFF batch calculation,empty field in CSV,0,0,False,False,False
1035,cheap__v3__rd3d_whim_043,feature,cheap_rdkit_gasteiger_etkdg_mmff,float32,descriptor_specific_or_dimensionless,cheap_rdkit_gasteiger_etkdg_mmff feature: v3__rd3d_whim_043,Local RDKit/Gasteiger/ETKDG/MMFF batch calculation,empty field in CSV,0,0,False,False,False
1036,cheap__v3__rd3d_whim_044,feature,cheap_rdkit_gasteiger_etkdg_mmff,float32,descriptor_specific_or_dimensionless,cheap_rdkit_gasteiger_etkdg_mmff feature: v3__rd3d_whim_044,Local RDKit/Gasteiger/ETKDG/MMFF batch calculation,empty field in CSV,0,0,False,False,True
1037,cheap__v3__rd3d_whim_045,feature,cheap_rdkit_gasteiger_etkdg_mmff,float32,descriptor_specific_or_dimensionless,cheap_rdkit_gasteiger_etkdg_mmff feature: v3__rd3d_whim_045,Local RDKit/Gasteiger/ETKDG/MMFF batch calculation,empty field in CSV,0,0,False,False,True
1038,cheap__v3__rd3d_whim_046,feature,cheap_rdkit_gasteiger_etkdg_mmff,float32,descriptor_specific_or_dimensionless,cheap_rdkit_gasteiger_etkdg_mmff feature: v3__rd3d_whim_046,Local RDKit/Gasteiger/ETKDG/MMFF batch calculation,empty field in CSV,0,0,False,False,False
1039,cheap__v3__rd3d_whim_047,feature,cheap_rdkit_gasteiger_etkdg_mmff,float32,descriptor_specific_or_dimensionless,cheap_rdkit_gasteiger_etkdg_mmff feature: v3__rd3d_whim_047,Local RDKit/Gasteiger/ETKDG/MMFF batch calculation,empty field in CSV,0,0,False,False,False
1040,cheap__v3__rd3d_whim_048,feature,cheap_rdkit_gasteiger_etkdg_mmff,float32,descriptor_specific_or_dimensionless,cheap_rdkit_gasteiger_etkdg_mmff feature: v3__rd3d_whim_048,Local RDKit/Gasteiger/ETKDG/MMFF batch calculation,empty field in CSV,0,0,False,False,False
1041,cheap__v3__rd3d_whim_049,feature,cheap_rdkit_gasteiger_etkdg_mmff,float32,descriptor_specific_or_dimensionless,cheap_rdkit_gasteiger_etkdg_mmff feature: v3__rd3d_whim_049,Local RDKit/Gasteiger/ETKDG/MMFF batch calculation,empty field in CSV,0,0,False,False,False
1042,cheap__v3__rd3d_whim_050,feature,cheap_rdkit_gasteiger_etkdg_mmff,float32,descriptor_specific_or_dimensionless,cheap_rdkit_gasteiger_etkdg_mmff feature: v3__rd3d_whim_050,Local RDKit/Gasteiger/ETKDG/MMFF batch calculation,empty field in CSV,0,0,False,False,False
1043,cheap__v3__rd3d_whim_051,feature,cheap_rdkit_gasteiger_etkdg_mmff,float32,descriptor_specific_or_dimensionless,cheap_rdkit_gasteiger_etkdg_mmff feature: v3__rd3d_whim_051,Local RDKit/Gasteiger/ETKDG/MMFF batch calculation,empty field in CSV,0,0,False,False,False
1044,cheap__v3__rd3d_whim_052,feature,cheap_rdkit_gasteiger_etkdg_mmff,float32,descriptor_specific_or_dimensionless,cheap_rdkit_gasteiger_etkdg_mmff feature: v3__rd3d_whim_052,Local RDKit/Gasteiger/ETKDG/MMFF batch calculation,empty field in CSV,0,0,False,False,False
1045,cheap__v3__rd3d_whim_053,feature,cheap_rdkit_gasteiger_etkdg_mmff,float32,descriptor_specific_or_dimensionless,cheap_rdkit_gasteiger_etkdg_mmff feature: v3__rd3d_whim_053,Local RDKit/Gasteiger/ETKDG/MMFF batch calculation,empty field in CSV,0,0,False,False,False
1046,cheap__v3__rd3d_whim_054,feature,cheap_rdkit_gasteiger_etkdg_mmff,float32,descriptor_specific_or_dimensionless,cheap_rdkit_gasteiger_etkdg_mmff feature: v3__rd3d_whim_054,Local RDKit/Gasteiger/ETKDG/MMFF batch calculation,empty field in CSV,0,0,False,False,False
1047,cheap__v3__rd3d_whim_055,feature,cheap_rdkit_gasteiger_etkdg_mmff,float32,descriptor_specific_or_dimensionless,cheap_rdkit_gasteiger_etkdg_mmff feature: v3__rd3d_whim_055,Local RDKit/Gasteiger/ETKDG/MMFF batch calculation,empty field in CSV,0,0,False,False,True
1048,cheap__v3__rd3d_whim_056,feature,cheap_rdkit_gasteiger_etkdg_mmff,float32,descriptor_specific_or_dimensionless,cheap_rdkit_gasteiger_etkdg_mmff feature: v3__rd3d_whim_056,Local RDKit/Gasteiger/ETKDG/MMFF batch calculation,empty field in CSV,0,0,False,False,True
1049,cheap__v3__rd3d_whim_057,feature,cheap_rdkit_gasteiger_etkdg_mmff,float32,descriptor_specific_or_dimensionless,cheap_rdkit_gasteiger_etkdg_mmff feature: v3__rd3d_whim_057,Local RDKit/Gasteiger/ETKDG/MMFF batch calculation,empty field in CSV,0,0,False,False,False
1050,cheap__v3__rd3d_whim_058,feature,cheap_rdkit_gasteiger_etkdg_mmff,float32,descriptor_specific_or_dimensionless,cheap_rdkit_gasteiger_etkdg_mmff feature: v3__rd3d_whim_058,Local RDKit/Gasteiger/ETKDG/MMFF batch calculation,empty field in CSV,0,0,False,False,False
1051,cheap__v3__rd3d_whim_059,feature,cheap_rdkit_gasteiger_etkdg_mmff,float32,descriptor_specific_or_dimensionless,cheap_rdkit_gasteiger_etkdg_mmff feature: v3__rd3d_whim_059,Local RDKit/Gasteiger/ETKDG/MMFF batch calculation,empty field in CSV,0,0,False,False,False
1052,cheap__v3__rd3d_whim_060,feature,cheap_rdkit_gasteiger_etkdg_mmff,float32,descriptor_specific_or_dimensionless,cheap_rdkit_gasteiger_etkdg_mmff feature: v3__rd3d_whim_060,Local RDKit/Gasteiger/ETKDG/MMFF batch calculation,empty field in CSV,0,0,False,False,False
1053,cheap__v3__rd3d_whim_061,feature,cheap_rdkit_gasteiger_etkdg_mmff,float32,descriptor_specific_or_dimensionless,cheap_rdkit_gasteiger_etkdg_mmff feature: v3__rd3d_whim_061,Local RDKit/Gasteiger/ETKDG/MMFF batch calculation,empty field in CSV,0,0,False,False,False
1054,cheap__v3__rd3d_whim_062,feature,cheap_rdkit_gasteiger_etkdg_mmff,float32,descriptor_specific_or_dimensionless,cheap_rdkit_gasteiger_etkdg_mmff feature: v3__rd3d_whim_062,Local RDKit/Gasteiger/ETKDG/MMFF batch calculation,empty field in CSV,0,0,False,False,False
1055,cheap__v3__rd3d_whim_063,feature,cheap_rdkit_gasteiger_etkdg_mmff,float32,descriptor_specific_or_dimensionless,cheap_rdkit_gasteiger_etkdg_mmff feature: v3__rd3d_whim_063,Local RDKit/Gasteiger/ETKDG/MMFF batch calculation,empty field in CSV,0,0,True,True,False
1056,cheap__v3__rd3d_whim_064,feature,cheap_rdkit_gasteiger_etkdg_mmff,float32,descriptor_specific_or_dimensionless,cheap_rdkit_gasteiger_etkdg_mmff feature: v3__rd3d_whim_064,Local RDKit/Gasteiger/ETKDG/MMFF batch calculation,empty field in CSV,0,0,False,False,False
1057,cheap__v3__rd3d_whim_065,feature,cheap_rdkit_gasteiger_etkdg_mmff,float32,descriptor_specific_or_dimensionless,cheap_rdkit_gasteiger_etkdg_mmff feature: v3__rd3d_whim_065,Local RDKit/Gasteiger/ETKDG/MMFF batch calculation,empty field in CSV,0,0,False,False,False
1058,cheap__v3__rd3d_whim_066,feature,cheap_rdkit_gasteiger_etkdg_mmff,float32,descriptor_specific_or_dimensionless,cheap_rdkit_gasteiger_etkdg_mmff feature: v3__rd3d_whim_066,Local RDKit/Gasteiger/ETKDG/MMFF batch calculation,empty field in CSV,0,0,True,True,False
1059,cheap__v3__rd3d_whim_067,feature,cheap_rdkit_gasteiger_etkdg_mmff,float32,descriptor_specific_or_dimensionless,cheap_rdkit_gasteiger_etkdg_mmff feature: v3__rd3d_whim_067,Local RDKit/Gasteiger/ETKDG/MMFF batch calculation,empty field in CSV,0,0,True,True,False
1060,cheap__v3__rd3d_whim_068,feature,cheap_rdkit_gasteiger_etkdg_mmff,float32,descriptor_specific_or_dimensionless,cheap_rdkit_gasteiger_etkdg_mmff feature: v3__rd3d_whim_068,Local RDKit/Gasteiger/ETKDG/MMFF batch calculation,empty field in CSV,0,0,False,False,False
1061,cheap__v3__rd3d_whim_069,feature,cheap_rdkit_gasteiger_etkdg_mmff,float32,descriptor_specific_or_dimensionless,cheap_rdkit_gasteiger_etkdg_mmff feature: v3__rd3d_whim_069,Local RDKit/Gasteiger/ETKDG/MMFF batch calculation,empty field in CSV,0,0,False,False,False
1062,cheap__v3__rd3d_whim_070,feature,cheap_rdkit_gasteiger_etkdg_mmff,float32,descriptor_specific_or_dimensionless,cheap_rdkit_gasteiger_etkdg_mmff feature: v3__rd3d_whim_070,Local RDKit/Gasteiger/ETKDG/MMFF batch calculation,empty field in CSV,0,0,False,False,False
1063,cheap__v3__rd3d_whim_071,feature,cheap_rdkit_gasteiger_etkdg_mmff,float32,descriptor_specific_or_dimensionless,cheap_rdkit_gasteiger_etkdg_mmff feature: v3__rd3d_whim_071,Local RDKit/Gasteiger/ETKDG/MMFF batch calculation,empty field in CSV,0,0,False,False,False
1064,cheap__v3__rd3d_whim_072,feature,cheap_rdkit_gasteiger_etkdg_mmff,float32,descriptor_specific_or_dimensionless,cheap_rdkit_gasteiger_etkdg_mmff feature: v3__rd3d_whim_072,Local RDKit/Gasteiger/ETKDG/MMFF batch calculation,empty field in CSV,0,0,False,False,False
1065,cheap__v3__rd3d_whim_073,feature,cheap_rdkit_gasteiger_etkdg_mmff,float32,descriptor_specific_or_dimensionless,cheap_rdkit_gasteiger_etkdg_mmff feature: v3__rd3d_whim_073,Local RDKit/Gasteiger/ETKDG/MMFF batch calculation,empty field in CSV,0,0,False,False,False
1066,cheap__v3__rd3d_whim_074,feature,cheap_rdkit_gasteiger_etkdg_mmff,float32,descriptor_specific_or_dimensionless,cheap_rdkit_gasteiger_etkdg_mmff feature: v3__rd3d_whim_074,Local RDKit/Gasteiger/ETKDG/MMFF batch calculation,empty field in CSV,0,0,True,True,False
1067,cheap__v3__rd3d_whim_075,feature,cheap_rdkit_gasteiger_etkdg_mmff,float32,descriptor_specific_or_dimensionless,cheap_rdkit_gasteiger_etkdg_mmff feature: v3__rd3d_whim_075,Local RDKit/Gasteiger/ETKDG/MMFF batch calculation,empty field in CSV,0,0,False,False,False
1068,cheap__v3__rd3d_whim_076,feature,cheap_rdkit_gasteiger_etkdg_mmff,float32,descriptor_specific_or_dimensionless,cheap_rdkit_gasteiger_etkdg_mmff feature: v3__rd3d_whim_076,Local RDKit/Gasteiger/ETKDG/MMFF batch calculation,empty field in CSV,0,0,False,False,False
1069,cheap__v3__rd3d_whim_077,feature,cheap_rdkit_gasteiger_etkdg_mmff,float32,descriptor_specific_or_dimensionless,cheap_rdkit_gasteiger_etkdg_mmff feature: v3__rd3d_whim_077,Local RDKit/Gasteiger/ETKDG/MMFF batch calculation,empty field in CSV,0,0,False,False,True
1070,cheap__v3__rd3d_whim_078,feature,cheap_rdkit_gasteiger_etkdg_mmff,float32,descriptor_specific_or_dimensionless,cheap_rdkit_gasteiger_etkdg_mmff feature: v3__rd3d_whim_078,Local RDKit/Gasteiger/ETKDG/MMFF batch calculation,empty field in CSV,0,0,True,True,True
1071,cheap__v3__rd3d_whim_079,feature,cheap_rdkit_gasteiger_etkdg_mmff,float32,descriptor_specific_or_dimensionless,cheap_rdkit_gasteiger_etkdg_mmff feature: v3__rd3d_whim_079,Local RDKit/Gasteiger/ETKDG/MMFF batch calculation,empty field in CSV,0,0,False,False,True
1072,cheap__v3__rd3d_whim_080,feature,cheap_rdkit_gasteiger_etkdg_mmff,float32,descriptor_specific_or_dimensionless,cheap_rdkit_gasteiger_etkdg_mmff feature: v3__rd3d_whim_080,Local RDKit/Gasteiger/ETKDG/MMFF batch calculation,empty field in CSV,0,0,False,False,True
1073,cheap__v3__rd3d_whim_081,feature,cheap_rdkit_gasteiger_etkdg_mmff,float32,descriptor_specific_or_dimensionless,cheap_rdkit_gasteiger_etkdg_mmff feature: v3__rd3d_whim_081,Local RDKit/Gasteiger/ETKDG/MMFF batch calculation,empty field in CSV,0,0,False,False,True
1074,cheap__v3__rd3d_whim_082,feature,cheap_rdkit_gasteiger_etkdg_mmff,float32,descriptor_specific_or_dimensionless,cheap_rdkit_gasteiger_etkdg_mmff feature: v3__rd3d_whim_082,Local RDKit/Gasteiger/ETKDG/MMFF batch calculation,empty field in CSV,0,0,False,False,True
1075,cheap__v3__rd3d_whim_083,feature,cheap_rdkit_gasteiger_etkdg_mmff,float32,descriptor_specific_or_dimensionless,cheap_rdkit_gasteiger_etkdg_mmff feature: v3__rd3d_whim_083,Local RDKit/Gasteiger/ETKDG/MMFF batch calculation,empty field in CSV,0,0,True,True,True
1076,cheap__v3__rd3d_whim_084,feature,cheap_rdkit_gasteiger_etkdg_mmff,float32,descriptor_specific_or_dimensionless,cheap_rdkit_gasteiger_etkdg_mmff feature: v3__rd3d_whim_084,Local RDKit/Gasteiger/ETKDG/MMFF batch calculation,empty field in CSV,0,0,False,False,True
1077,cheap__v3__rd3d_whim_085,feature,cheap_rdkit_gasteiger_etkdg_mmff,float32,descriptor_specific_or_dimensionless,cheap_rdkit_gasteiger_etkdg_mmff feature: v3__rd3d_whim_085,Local RDKit/Gasteiger/ETKDG/MMFF batch calculation,empty field in CSV,0,0,True,True,True
1078,cheap__v3__rd3d_whim_086,feature,cheap_rdkit_gasteiger_etkdg_mmff,float32,descriptor_specific_or_dimensionless,cheap_rdkit_gasteiger_etkdg_mmff feature: v3__rd3d_whim_086,Local RDKit/Gasteiger/ETKDG/MMFF batch calculation,empty field in CSV,0,0,False,False,True
1079,cheap__v3__rd3d_whim_087,feature,cheap_rdkit_gasteiger_etkdg_mmff,float32,descriptor_specific_or_dimensionless,cheap_rdkit_gasteiger_etkdg_mmff feature: v3__rd3d_whim_087,Local RDKit/Gasteiger/ETKDG/MMFF batch calculation,empty field in CSV,0,0,False,False,True
1080,cheap__v3__rd3d_whim_088,feature,cheap_rdkit_gasteiger_etkdg_mmff,float32,descriptor_specific_or_dimensionless,cheap_rdkit_gasteiger_etkdg_mmff feature: v3__rd3d_whim_088,Local RDKit/Gasteiger/ETKDG/MMFF batch calculation,empty field in CSV,0,0,False,False,True
1081,cheap__v3__rd3d_whim_089,feature,cheap_rdkit_gasteiger_etkdg_mmff,float32,descriptor_specific_or_dimensionless,cheap_rdkit_gasteiger_etkdg_mmff feature: v3__rd3d_whim_089,Local RDKit/Gasteiger/ETKDG/MMFF batch calculation,empty field in CSV,0,0,False,False,True
1082,cheap__v3__rd3d_whim_090,feature,cheap_rdkit_gasteiger_etkdg_mmff,float32,descriptor_specific_or_dimensionless,cheap_rdkit_gasteiger_etkdg_mmff feature: v3__rd3d_whim_090,Local RDKit/Gasteiger/ETKDG/MMFF batch calculation,empty field in CSV,0,0,True,True,True
1083,cheap__v3__rd3d_whim_091,feature,cheap_rdkit_gasteiger_etkdg_mmff,float32,descriptor_specific_or_dimensionless,cheap_rdkit_gasteiger_etkdg_mmff feature: v3__rd3d_whim_091,Local RDKit/Gasteiger/ETKDG/MMFF batch calculation,empty field in CSV,0,0,False,False,False
1084,cheap__v3__rd3d_whim_092,feature,cheap_rdkit_gasteiger_etkdg_mmff,float32,descriptor_specific_or_dimensionless,cheap_rdkit_gasteiger_etkdg_mmff feature: v3__rd3d_whim_092,Local RDKit/Gasteiger/ETKDG/MMFF batch calculation,empty field in CSV,0,0,False,False,False
1085,cheap__v3__rd3d_whim_093,feature,cheap_rdkit_gasteiger_etkdg_mmff,float32,descriptor_specific_or_dimensionless,cheap_rdkit_gasteiger_etkdg_mmff feature: v3__rd3d_whim_093,Local RDKit/Gasteiger/ETKDG/MMFF batch calculation,empty field in CSV,0,0,False,False,False
1086,cheap__v3__rd3d_whim_094,feature,cheap_rdkit_gasteiger_etkdg_mmff,float32,descriptor_specific_or_dimensionless,cheap_rdkit_gasteiger_etkdg_mmff feature: v3__rd3d_whim_094,Local RDKit/Gasteiger/ETKDG/MMFF batch calculation,empty field in CSV,0,0,False,False,False
1087,cheap__v3__rd3d_whim_095,feature,cheap_rdkit_gasteiger_etkdg_mmff,float32,descriptor_specific_or_dimensionless,cheap_rdkit_gasteiger_etkdg_mmff feature: v3__rd3d_whim_095,Local RDKit/Gasteiger/ETKDG/MMFF batch calculation,empty field in CSV,0,0,False,False,False
1088,cheap__v3__rd3d_whim_096,feature,cheap_rdkit_gasteiger_etkdg_mmff,float32,descriptor_specific_or_dimensionless,cheap_rdkit_gasteiger_etkdg_mmff feature: v3__rd3d_whim_096,Local RDKit/Gasteiger/ETKDG/MMFF batch calculation,empty field in CSV,0,0,False,False,False
1089,cheap__v3__rd3d_whim_097,feature,cheap_rdkit_gasteiger_etkdg_mmff,float32,descriptor_specific_or_dimensionless,cheap_rdkit_gasteiger_etkdg_mmff feature: v3__rd3d_whim_097,Local RDKit/Gasteiger/ETKDG/MMFF batch calculation,empty field in CSV,0,0,False,False,False
1090,cheap__v3__rd3d_whim_098,feature,cheap_rdkit_gasteiger_etkdg_mmff,float32,descriptor_specific_or_dimensionless,cheap_rdkit_gasteiger_etkdg_mmff feature: v3__rd3d_whim_098,Local RDKit/Gasteiger/ETKDG/MMFF batch calculation,empty field in CSV,0,0,False,False,False
1091,cheap__v3__rd3d_whim_099,feature,cheap_rdkit_gasteiger_etkdg_mmff,float32,descriptor_specific_or_dimensionless,cheap_rdkit_gasteiger_etkdg_mmff feature: v3__rd3d_whim_099,Local RDKit/Gasteiger/ETKDG/MMFF batch calculation,empty field in CSV,0,0,False,False,False
1092,cheap__v3__rd3d_whim_100,feature,cheap_rdkit_gasteiger_etkdg_mmff,float32,descriptor_specific_or_dimensionless,cheap_rdkit_gasteiger_etkdg_mmff feature: v3__rd3d_whim_100,Local RDKit/Gasteiger/ETKDG/MMFF batch calculation,empty field in CSV,0,0,False,False,False
1093,cheap__v3__rd3d_whim_101,feature,cheap_rdkit_gasteiger_etkdg_mmff,float32,descriptor_specific_or_dimensionless,cheap_rdkit_gasteiger_etkdg_mmff feature: v3__rd3d_whim_101,Local RDKit/Gasteiger/ETKDG/MMFF batch calculation,empty field in CSV,0,0,False,False,False
1094,cheap__v3__rd3d_whim_102,feature,cheap_rdkit_gasteiger_etkdg_mmff,float32,descriptor_specific_or_dimensionless,cheap_rdkit_gasteiger_etkdg_mmff feature: v3__rd3d_whim_102,Local RDKit/Gasteiger/ETKDG/MMFF batch calculation,empty field in CSV,0,0,False,False,False
1095,cheap__v3__rd3d_whim_103,feature,cheap_rdkit_gasteiger_etkdg_mmff,float32,descriptor_specific_or_dimensionless,cheap_rdkit_gasteiger_etkdg_mmff feature: v3__rd3d_whim_103,Local RDKit/Gasteiger/ETKDG/MMFF batch calculation,empty field in CSV,0,0,False,False,False
1096,cheap__v3__rd3d_whim_104,feature,cheap_rdkit_gasteiger_etkdg_mmff,float32,descriptor_specific_or_dimensionless,cheap_rdkit_gasteiger_etkdg_mmff feature: v3__rd3d_whim_104,Local RDKit/Gasteiger/ETKDG/MMFF batch calculation,empty field in CSV,0,0,False,False,False
1097,cheap__v3__rd3d_whim_105,feature,cheap_rdkit_gasteiger_etkdg_mmff,float32,descriptor_specific_or_dimensionless,cheap_rdkit_gasteiger_etkdg_mmff feature: v3__rd3d_whim_105,Local RDKit/Gasteiger/ETKDG/MMFF batch calculation,empty field in CSV,0,0,False,False,False
1098,cheap__v3__rd3d_whim_106,feature,cheap_rdkit_gasteiger_etkdg_mmff,float32,descriptor_specific_or_dimensionless,cheap_rdkit_gasteiger_etkdg_mmff feature: v3__rd3d_whim_106,Local RDKit/Gasteiger/ETKDG/MMFF batch calculation,empty field in CSV,0,0,True,True,False
1099,cheap__v3__rd3d_whim_107,feature,cheap_rdkit_gasteiger_etkdg_mmff,float32,descriptor_specific_or_dimensionless,cheap_rdkit_gasteiger_etkdg_mmff feature: v3__rd3d_whim_107,Local RDKit/Gasteiger/ETKDG/MMFF batch calculation,empty field in CSV,0,0,False,False,True
1100,cheap__v3__rd3d_whim_108,feature,cheap_rdkit_gasteiger_etkdg_mmff,float32,descriptor_specific_or_dimensionless,cheap_rdkit_gasteiger_etkdg_mmff feature: v3__rd3d_whim_108,Local RDKit/Gasteiger/ETKDG/MMFF batch calculation,empty field in CSV,0,0,True,True,True
1101,cheap__v3__rd3d_whim_109,feature,cheap_rdkit_gasteiger_etkdg_mmff,float32,descriptor_specific_or_dimensionless,cheap_rdkit_gasteiger_etkdg_mmff feature: v3__rd3d_whim_109,Local RDKit/Gasteiger/ETKDG/MMFF batch calculation,empty field in CSV,0,0,False,False,True
1102,cheap__v3__rd3d_whim_110,feature,cheap_rdkit_gasteiger_etkdg_mmff,float32,descriptor_specific_or_dimensionless,cheap_rdkit_gasteiger_etkdg_mmff feature: v3__rd3d_whim_110,Local RDKit/Gasteiger/ETKDG/MMFF batch calculation,empty field in CSV,0,0,False,False,True
1103,cheap__v3__rd3d_whim_111,feature,cheap_rdkit_gasteiger_etkdg_mmff,float32,descriptor_specific_or_dimensionless,cheap_rdkit_gasteiger_etkdg_mmff feature: v3__rd3d_whim_111,Local RDKit/Gasteiger/ETKDG/MMFF batch calculation,empty field in CSV,0,0,False,False,True
1104,cheap__v3__rd3d_whim_112,feature,cheap_rdkit_gasteiger_etkdg_mmff,float32,descriptor_specific_or_dimensionless,cheap_rdkit_gasteiger_etkdg_mmff feature: v3__rd3d_whim_112,Local RDKit/Gasteiger/ETKDG/MMFF batch calculation,empty field in CSV,0,0,False,False,True
1105,cheap__v3__rd3d_whim_113,feature,cheap_rdkit_gasteiger_etkdg_mmff,float32,descriptor_specific_or_dimensionless,cheap_rdkit_gasteiger_etkdg_mmff feature: v3__rd3d_whim_113,Local RDKit/Gasteiger/ETKDG/MMFF batch calculation,empty field in CSV,0,0,True,True,True
1106,cheap__v3__rd3d_getaway_000,feature,cheap_rdkit_gasteiger_etkdg_mmff,float32,descriptor_specific_or_dimensionless,cheap_rdkit_gasteiger_etkdg_mmff feature: v3__rd3d_getaway_000,Local RDKit/Gasteiger/ETKDG/MMFF batch calculation,empty field in CSV,0,0,True,True,True
1107,cheap__v3__rd3d_getaway_001,feature,cheap_rdkit_gasteiger_etkdg_mmff,float32,descriptor_specific_or_dimensionless,cheap_rdkit_gasteiger_etkdg_mmff feature: v3__rd3d_getaway_001,Local RDKit/Gasteiger/ETKDG/MMFF batch calculation,empty field in CSV,0,0,False,False,False
1108,cheap__v3__rd3d_getaway_002,feature,cheap_rdkit_gasteiger_etkdg_mmff,float32,descriptor_specific_or_dimensionless,cheap_rdkit_gasteiger_etkdg_mmff feature: v3__rd3d_getaway_002,Local RDKit/Gasteiger/ETKDG/MMFF batch calculation,empty field in CSV,0,0,False,False,True
1109,cheap__v3__rd3d_getaway_003,feature,cheap_rdkit_gasteiger_etkdg_mmff,float32,descriptor_specific_or_dimensionless,cheap_rdkit_gasteiger_etkdg_mmff feature: v3__rd3d_getaway_003,Local RDKit/Gasteiger/ETKDG/MMFF batch calculation,empty field in CSV,0,0,False,False,True
1110,cheap__v3__rd3d_getaway_004,feature,cheap_rdkit_gasteiger_etkdg_mmff,float32,descriptor_specific_or_dimensionless,cheap_rdkit_gasteiger_etkdg_mmff feature: v3__rd3d_getaway_004,Local RDKit/Gasteiger/ETKDG/MMFF batch calculation,empty field in CSV,0,0,False,False,False
1111,cheap__v3__rd3d_getaway_005,feature,cheap_rdkit_gasteiger_etkdg_mmff,float32,descriptor_specific_or_dimensionless,cheap_rdkit_gasteiger_etkdg_mmff feature: v3__rd3d_getaway_005,Local RDKit/Gasteiger/ETKDG/MMFF batch calculation,empty field in CSV,0,0,False,False,True
1112,cheap__v3__rd3d_getaway_006,feature,cheap_rdkit_gasteiger_etkdg_mmff,float32,descriptor_specific_or_dimensionless,cheap_rdkit_gasteiger_etkdg_mmff feature: v3__rd3d_getaway_006,Local RDKit/Gasteiger/ETKDG/MMFF batch calculation,empty field in CSV,0,0,False,False,True
1113,cheap__v3__rd3d_getaway_007,feature,cheap_rdkit_gasteiger_etkdg_mmff,float32,descriptor_specific_or_dimensionless,cheap_rdkit_gasteiger_etkdg_mmff feature: v3__rd3d_getaway_007,Local RDKit/Gasteiger/ETKDG/MMFF batch calculation,empty field in CSV,0,0,False,False,True
1114,cheap__v3__rd3d_getaway_008,feature,cheap_rdkit_gasteiger_etkdg_mmff,float32,descriptor_specific_or_dimensionless,cheap_rdkit_gasteiger_etkdg_mmff feature: v3__rd3d_getaway_008,Local RDKit/Gasteiger/ETKDG/MMFF batch calculation,empty field in CSV,0,0,False,False,True
1115,cheap__v3__rd3d_getaway_009,feature,cheap_rdkit_gasteiger_etkdg_mmff,float32,descriptor_specific_or_dimensionless,cheap_rdkit_gasteiger_etkdg_mmff feature: v3__rd3d_getaway_009,Local RDKit/Gasteiger/ETKDG/MMFF batch calculation,empty field in CSV,0,0,False,False,True
1116,cheap__v3__rd3d_getaway_010,feature,cheap_rdkit_gasteiger_etkdg_mmff,float32,descriptor_specific_or_dimensionless,cheap_rdkit_gasteiger_etkdg_mmff feature: v3__rd3d_getaway_010,Local RDKit/Gasteiger/ETKDG/MMFF batch calculation,empty field in CSV,0,0,False,False,False
1117,cheap__v3__rd3d_getaway_011,feature,cheap_rdkit_gasteiger_etkdg_mmff,float32,descriptor_specific_or_dimensionless,cheap_rdkit_gasteiger_etkdg_mmff feature: v3__rd3d_getaway_011,Local RDKit/Gasteiger/ETKDG/MMFF batch calculation,empty field in CSV,0,0,False,False,False
1118,cheap__v3__rd3d_getaway_012,feature,cheap_rdkit_gasteiger_etkdg_mmff,float32,descriptor_specific_or_dimensionless,cheap_rdkit_gasteiger_etkdg_mmff feature: v3__rd3d_getaway_012,Local RDKit/Gasteiger/ETKDG/MMFF batch calculation,empty field in CSV,0,0,False,False,False
1119,cheap__v3__rd3d_getaway_013,feature,cheap_rdkit_gasteiger_etkdg_mmff,float32,descriptor_specific_or_dimensionless,cheap_rdkit_gasteiger_etkdg_mmff feature: v3__rd3d_getaway_013,Local RDKit/Gasteiger/ETKDG/MMFF batch calculation,empty field in CSV,0,0,False,False,True
1120,cheap__v3__rd3d_getaway_014,feature,cheap_rdkit_gasteiger_etkdg_mmff,float32,descriptor_specific_or_dimensionless,cheap_rdkit_gasteiger_etkdg_mmff feature: v3__rd3d_getaway_014,Local RDKit/Gasteiger/ETKDG/MMFF batch calculation,empty field in CSV,0,0,False,False,True
1121,cheap__v3__rd3d_getaway_015,feature,cheap_rdkit_gasteiger_etkdg_mmff,float32,descriptor_specific_or_dimensionless,cheap_rdkit_gasteiger_etkdg_mmff feature: v3__rd3d_getaway_015,Local RDKit/Gasteiger/ETKDG/MMFF batch calculation,empty field in CSV,0,0,False,False,False
1122,cheap__v3__rd3d_getaway_016,feature,cheap_rdkit_gasteiger_etkdg_mmff,float32,descriptor_specific_or_dimensionless,cheap_rdkit_gasteiger_etkdg_mmff feature: v3__rd3d_getaway_016,Local RDKit/Gasteiger/ETKDG/MMFF batch calculation,empty field in CSV,0,0,True,True,False
1123,cheap__v3__rd3d_getaway_017,feature,cheap_rdkit_gasteiger_etkdg_mmff,float32,descriptor_specific_or_dimensionless,cheap_rdkit_gasteiger_etkdg_mmff feature: v3__rd3d_getaway_017,Local RDKit/Gasteiger/ETKDG/MMFF batch calculation,empty field in CSV,0,0,False,False,False
1124,cheap__v3__rd3d_getaway_018,feature,cheap_rdkit_gasteiger_etkdg_mmff,float32,descriptor_specific_or_dimensionless,cheap_rdkit_gasteiger_etkdg_mmff feature: v3__rd3d_getaway_018,Local RDKit/Gasteiger/ETKDG/MMFF batch calculation,empty field in CSV,0,0,True,True,False
1125,cheap__v3__rd3d_getaway_019,feature,cheap_rdkit_gasteiger_etkdg_mmff,float32,descriptor_specific_or_dimensionless,cheap_rdkit_gasteiger_etkdg_mmff feature: v3__rd3d_getaway_019,Local RDKit/Gasteiger/ETKDG/MMFF batch calculation,empty field in CSV,0,0,False,False,False
1126,cheap__v3__rd3d_getaway_020,feature,cheap_rdkit_gasteiger_etkdg_mmff,float32,descriptor_specific_or_dimensionless,cheap_rdkit_gasteiger_etkdg_mmff feature: v3__rd3d_getaway_020,Local RDKit/Gasteiger/ETKDG/MMFF batch calculation,empty field in CSV,0,0,False,False,True
1127,cheap__v3__rd3d_getaway_021,feature,cheap_rdkit_gasteiger_etkdg_mmff,float32,descriptor_specific_or_dimensionless,cheap_rdkit_gasteiger_etkdg_mmff feature: v3__rd3d_getaway_021,Local RDKit/Gasteiger/ETKDG/MMFF batch calculation,empty field in CSV,0,0,False,False,True
1128,cheap__v3__rd3d_getaway_022,feature,cheap_rdkit_gasteiger_etkdg_mmff,float32,descriptor_specific_or_dimensionless,cheap_rdkit_gasteiger_etkdg_mmff feature: v3__rd3d_getaway_022,Local RDKit/Gasteiger/ETKDG/MMFF batch calculation,empty field in CSV,0,0,False,False,False
1129,cheap__v3__rd3d_getaway_023,feature,cheap_rdkit_gasteiger_etkdg_mmff,float32,descriptor_specific_or_dimensionless,cheap_rdkit_gasteiger_etkdg_mmff feature: v3__rd3d_getaway_023,Local RDKit/Gasteiger/ETKDG/MMFF batch calculation,empty field in CSV,0,0,False,False,False
1130,cheap__v3__rd3d_getaway_024,feature,cheap_rdkit_gasteiger_etkdg_mmff,float32,descriptor_specific_or_dimensionless,cheap_rdkit_gasteiger_etkdg_mmff feature: v3__rd3d_getaway_024,Local RDKit/Gasteiger/ETKDG/MMFF batch calculation,empty field in CSV,0,0,False,False,False
1131,cheap__v3__rd3d_getaway_025,feature,cheap_rdkit_gasteiger_etkdg_mmff,float32,descriptor_specific_or_dimensionless,cheap_rdkit_gasteiger_etkdg_mmff feature: v3__rd3d_getaway_025,Local RDKit/Gasteiger/ETKDG/MMFF batch calculation,empty field in CSV,0,0,True,True,False
1132,cheap__v3__rd3d_getaway_026,feature,cheap_rdkit_gasteiger_etkdg_mmff,float32,descriptor_specific_or_dimensionless,cheap_rdkit_gasteiger_etkdg_mmff feature: v3__rd3d_getaway_026,Local RDKit/Gasteiger/ETKDG/MMFF batch calculation,empty field in CSV,0,0,False,False,False
1133,cheap__v3__rd3d_getaway_027,feature,cheap_rdkit_gasteiger_etkdg_mmff,float32,descriptor_specific_or_dimensionless,cheap_rdkit_gasteiger_etkdg_mmff feature: v3__rd3d_getaway_027,Local RDKit/Gasteiger/ETKDG/MMFF batch calculation,empty field in CSV,0,0,False,False,False
1134,cheap__v3__rd3d_getaway_028,feature,cheap_rdkit_gasteiger_etkdg_mmff,float32,descriptor_specific_or_dimensionless,cheap_rdkit_gasteiger_etkdg_mmff feature: v3__rd3d_getaway_028,Local RDKit/Gasteiger/ETKDG/MMFF batch calculation,empty field in CSV,0,0,False,False,False
1135,cheap__v3__rd3d_getaway_029,feature,cheap_rdkit_gasteiger_etkdg_mmff,float32,descriptor_specific_or_dimensionless,cheap_rdkit_gasteiger_etkdg_mmff feature: v3__rd3d_getaway_029,Local RDKit/Gasteiger/ETKDG/MMFF batch calculation,empty field in CSV,0,0,False,False,False
1136,cheap__v3__rd3d_getaway_030,feature,cheap_rdkit_gasteiger_etkdg_mmff,float32,descriptor_specific_or_dimensionless,cheap_rdkit_gasteiger_etkdg_mmff feature: v3__rd3d_getaway_030,Local RDKit/Gasteiger/ETKDG/MMFF batch calculation,empty field in CSV,0,0,False,False,False
1137,cheap__v3__rd3d_getaway_031,feature,cheap_rdkit_gasteiger_etkdg_mmff,float32,descriptor_specific_or_dimensionless,cheap_rdkit_gasteiger_etkdg_mmff feature: v3__rd3d_getaway_031,Local RDKit/Gasteiger/ETKDG/MMFF batch calculation,empty field in CSV,0,0,False,False,False
1138,cheap__v3__rd3d_getaway_032,feature,cheap_rdkit_gasteiger_etkdg_mmff,float32,descriptor_specific_or_dimensionless,cheap_rdkit_gasteiger_etkdg_mmff feature: v3__rd3d_getaway_032,Local RDKit/Gasteiger/ETKDG/MMFF batch calculation,empty field in CSV,0,0,False,False,False
1139,cheap__v3__rd3d_getaway_033,feature,cheap_rdkit_gasteiger_etkdg_mmff,float32,descriptor_specific_or_dimensionless,cheap_rdkit_gasteiger_etkdg_mmff feature: v3__rd3d_getaway_033,Local RDKit/Gasteiger/ETKDG/MMFF batch calculation,empty field in CSV,0,0,False,False,False
1140,cheap__v3__rd3d_getaway_034,feature,cheap_rdkit_gasteiger_etkdg_mmff,float32,descriptor_specific_or_dimensionless,cheap_rdkit_gasteiger_etkdg_mmff feature: v3__rd3d_getaway_034,Local RDKit/Gasteiger/ETKDG/MMFF batch calculation,empty field in CSV,0,0,False,False,False
1141,cheap__v3__rd3d_getaway_035,feature,cheap_rdkit_gasteiger_etkdg_mmff,float32,descriptor_specific_or_dimensionless,cheap_rdkit_gasteiger_etkdg_mmff feature: v3__rd3d_getaway_035,Local RDKit/Gasteiger/ETKDG/MMFF batch calculation,empty field in CSV,0,0,False,False,False
1142,cheap__v3__rd3d_getaway_036,feature,cheap_rdkit_gasteiger_etkdg_mmff,float32,descriptor_specific_or_dimensionless,cheap_rdkit_gasteiger_etkdg_mmff feature: v3__rd3d_getaway_036,Local RDKit/Gasteiger/ETKDG/MMFF batch calculation,empty field in CSV,0,0,False,False,False
1143,cheap__v3__rd3d_getaway_037,feature,cheap_rdkit_gasteiger_etkdg_mmff,float32,descriptor_specific_or_dimensionless,cheap_rdkit_gasteiger_etkdg_mmff feature: v3__rd3d_getaway_037,Local RDKit/Gasteiger/ETKDG/MMFF batch calculation,empty field in CSV,0,0,False,False,False
1144,cheap__v3__rd3d_getaway_038,feature,cheap_rdkit_gasteiger_etkdg_mmff,float32,descriptor_specific_or_dimensionless,cheap_rdkit_gasteiger_etkdg_mmff feature: v3__rd3d_getaway_038,Local RDKit/Gasteiger/ETKDG/MMFF batch calculation,empty field in CSV,0,0,False,False,False
1145,cheap__v3__rd3d_getaway_039,feature,cheap_rdkit_gasteiger_etkdg_mmff,float32,descriptor_specific_or_dimensionless,cheap_rdkit_gasteiger_etkdg_mmff feature: v3__rd3d_getaway_039,Local RDKit/Gasteiger/ETKDG/MMFF batch calculation,empty field in CSV,0,0,False,False,False
1146,cheap__v3__rd3d_getaway_040,feature,cheap_rdkit_gasteiger_etkdg_mmff,float32,descriptor_specific_or_dimensionless,cheap_rdkit_gasteiger_etkdg_mmff feature: v3__rd3d_getaway_040,Local RDKit/Gasteiger/ETKDG/MMFF batch calculation,empty field in CSV,0,0,False,False,False
1147,cheap__v3__rd3d_getaway_041,feature,cheap_rdkit_gasteiger_etkdg_mmff,float32,descriptor_specific_or_dimensionless,cheap_rdkit_gasteiger_etkdg_mmff feature: v3__rd3d_getaway_041,Local RDKit/Gasteiger/ETKDG/MMFF batch calculation,empty field in CSV,0,0,False,False,False
1148,cheap__v3__rd3d_getaway_042,feature,cheap_rdkit_gasteiger_etkdg_mmff,float32,descriptor_specific_or_dimensionless,cheap_rdkit_gasteiger_etkdg_mmff feature: v3__rd3d_getaway_042,Local RDKit/Gasteiger/ETKDG/MMFF batch calculation,empty field in CSV,0,0,False,False,False
1149,cheap__v3__rd3d_getaway_043,feature,cheap_rdkit_gasteiger_etkdg_mmff,float32,descriptor_specific_or_dimensionless,cheap_rdkit_gasteiger_etkdg_mmff feature: v3__rd3d_getaway_043,Local RDKit/Gasteiger/ETKDG/MMFF batch calculation,empty field in CSV,0,0,False,False,False
1150,cheap__v3__rd3d_getaway_044,feature,cheap_rdkit_gasteiger_etkdg_mmff,float32,descriptor_specific_or_dimensionless,cheap_rdkit_gasteiger_etkdg_mmff feature: v3__rd3d_getaway_044,Local RDKit/Gasteiger/ETKDG/MMFF batch calculation,empty field in CSV,0,0,False,False,False
1151,cheap__v3__rd3d_getaway_045,feature,cheap_rdkit_gasteiger_etkdg_mmff,float32,descriptor_specific_or_dimensionless,cheap_rdkit_gasteiger_etkdg_mmff feature: v3__rd3d_getaway_045,Local RDKit/Gasteiger/ETKDG/MMFF batch calculation,empty field in CSV,0,0,True,True,True
1152,cheap__v3__rd3d_getaway_046,feature,cheap_rdkit_gasteiger_etkdg_mmff,float32,descriptor_specific_or_dimensionless,cheap_rdkit_gasteiger_etkdg_mmff feature: v3__rd3d_getaway_046,Local RDKit/Gasteiger/ETKDG/MMFF batch calculation,empty field in CSV,0,0,False,False,True
1153,cheap__v3__rd3d_getaway_047,feature,cheap_rdkit_gasteiger_etkdg_mmff,float32,descriptor_specific_or_dimensionless,cheap_rdkit_gasteiger_etkdg_mmff feature: v3__rd3d_getaway_047,Local RDKit/Gasteiger/ETKDG/MMFF batch calculation,empty field in CSV,0,0,False,False,True
1154,cheap__v3__rd3d_getaway_048,feature,cheap_rdkit_gasteiger_etkdg_mmff,float32,descriptor_specific_or_dimensionless,cheap_rdkit_gasteiger_etkdg_mmff feature: v3__rd3d_getaway_048,Local RDKit/Gasteiger/ETKDG/MMFF batch calculation,empty field in CSV,0,0,False,False,False
1155,cheap__v3__rd3d_getaway_049,feature,cheap_rdkit_gasteiger_etkdg_mmff,float32,descriptor_specific_or_dimensionless,cheap_rdkit_gasteiger_etkdg_mmff feature: v3__rd3d_getaway_049,Local RDKit/Gasteiger/ETKDG/MMFF batch calculation,empty field in CSV,0,0,False,False,False
1156,cheap__v3__rd3d_getaway_050,feature,cheap_rdkit_gasteiger_etkdg_mmff,float32,descriptor_specific_or_dimensionless,cheap_rdkit_gasteiger_etkdg_mmff feature: v3__rd3d_getaway_050,Local RDKit/Gasteiger/ETKDG/MMFF batch calculation,empty field in CSV,0,0,False,False,False
1157,cheap__v3__rd3d_getaway_051,feature,cheap_rdkit_gasteiger_etkdg_mmff,float32,descriptor_specific_or_dimensionless,cheap_rdkit_gasteiger_etkdg_mmff feature: v3__rd3d_getaway_051,Local RDKit/Gasteiger/ETKDG/MMFF batch calculation,empty field in CSV,0,0,False,False,False
1158,cheap__v3__rd3d_getaway_052,feature,cheap_rdkit_gasteiger_etkdg_mmff,float32,descriptor_specific_or_dimensionless,cheap_rdkit_gasteiger_etkdg_mmff feature: v3__rd3d_getaway_052,Local RDKit/Gasteiger/ETKDG/MMFF batch calculation,empty field in CSV,0,0,False,False,False
1159,cheap__v3__rd3d_getaway_053,feature,cheap_rdkit_gasteiger_etkdg_mmff,float32,descriptor_specific_or_dimensionless,cheap_rdkit_gasteiger_etkdg_mmff feature: v3__rd3d_getaway_053,Local RDKit/Gasteiger/ETKDG/MMFF batch calculation,empty field in CSV,0,0,True,True,True
1160,cheap__v3__rd3d_getaway_054,feature,cheap_rdkit_gasteiger_etkdg_mmff,float32,descriptor_specific_or_dimensionless,cheap_rdkit_gasteiger_etkdg_mmff feature: v3__rd3d_getaway_054,Local RDKit/Gasteiger/ETKDG/MMFF batch calculation,empty field in CSV,0,0,False,False,False
1161,cheap__v3__rd3d_getaway_055,feature,cheap_rdkit_gasteiger_etkdg_mmff,float32,descriptor_specific_or_dimensionless,cheap_rdkit_gasteiger_etkdg_mmff feature: v3__rd3d_getaway_055,Local RDKit/Gasteiger/ETKDG/MMFF batch calculation,empty field in CSV,0,0,False,False,False
1162,cheap__v3__rd3d_getaway_056,feature,cheap_rdkit_gasteiger_etkdg_mmff,float32,descriptor_specific_or_dimensionless,cheap_rdkit_gasteiger_etkdg_mmff feature: v3__rd3d_getaway_056,Local RDKit/Gasteiger/ETKDG/MMFF batch calculation,empty field in CSV,0,0,False,False,False
1163,cheap__v3__rd3d_getaway_057,feature,cheap_rdkit_gasteiger_etkdg_mmff,float32,descriptor_specific_or_dimensionless,cheap_rdkit_gasteiger_etkdg_mmff feature: v3__rd3d_getaway_057,Local RDKit/Gasteiger/ETKDG/MMFF batch calculation,empty field in CSV,0,0,False,False,False
1164,cheap__v3__rd3d_getaway_058,feature,cheap_rdkit_gasteiger_etkdg_mmff,float32,descriptor_specific_or_dimensionless,cheap_rdkit_gasteiger_etkdg_mmff feature: v3__rd3d_getaway_058,Local RDKit/Gasteiger/ETKDG/MMFF batch calculation,empty field in CSV,0,0,True,True,False
1165,cheap__v3__rd3d_getaway_059,feature,cheap_rdkit_gasteiger_etkdg_mmff,float32,descriptor_specific_or_dimensionless,cheap_rdkit_gasteiger_etkdg_mmff feature: v3__rd3d_getaway_059,Local RDKit/Gasteiger/ETKDG/MMFF batch calculation,empty field in CSV,0,0,True,True,False
1166,cheap__v3__rd3d_getaway_060,feature,cheap_rdkit_gasteiger_etkdg_mmff,float32,descriptor_specific_or_dimensionless,cheap_rdkit_gasteiger_etkdg_mmff feature: v3__rd3d_getaway_060,Local RDKit/Gasteiger/ETKDG/MMFF batch calculation,empty field in CSV,0,0,False,False,True
1167,cheap__v3__rd3d_getaway_061,feature,cheap_rdkit_gasteiger_etkdg_mmff,float32,descriptor_specific_or_dimensionless,cheap_rdkit_gasteiger_etkdg_mmff feature: v3__rd3d_getaway_061,Local RDKit/Gasteiger/ETKDG/MMFF batch calculation,empty field in CSV,0,0,False,False,False
1168,cheap__v3__rd3d_getaway_062,feature,cheap_rdkit_gasteiger_etkdg_mmff,float32,descriptor_specific_or_dimensionless,cheap_rdkit_gasteiger_etkdg_mmff feature: v3__rd3d_getaway_062,Local RDKit/Gasteiger/ETKDG/MMFF batch calculation,empty field in CSV,0,0,False,False,False
1169,cheap__v3__rd3d_getaway_063,feature,cheap_rdkit_gasteiger_etkdg_mmff,float32,descriptor_specific_or_dimensionless,cheap_rdkit_gasteiger_etkdg_mmff feature: v3__rd3d_getaway_063,Local RDKit/Gasteiger/ETKDG/MMFF batch calculation,empty field in CSV,0,0,False,False,False
1170,cheap__v3__rd3d_getaway_064,feature,cheap_rdkit_gasteiger_etkdg_mmff,float32,descriptor_specific_or_dimensionless,cheap_rdkit_gasteiger_etkdg_mmff feature: v3__rd3d_getaway_064,Local RDKit/Gasteiger/ETKDG/MMFF batch calculation,empty field in CSV,0,0,False,False,False
1171,cheap__v3__rd3d_getaway_065,feature,cheap_rdkit_gasteiger_etkdg_mmff,float32,descriptor_specific_or_dimensionless,cheap_rdkit_gasteiger_etkdg_mmff feature: v3__rd3d_getaway_065,Local RDKit/Gasteiger/ETKDG/MMFF batch calculation,empty field in CSV,0,0,False,False,True
1172,cheap__v3__rd3d_getaway_066,feature,cheap_rdkit_gasteiger_etkdg_mmff,float32,descriptor_specific_or_dimensionless,cheap_rdkit_gasteiger_etkdg_mmff feature: v3__rd3d_getaway_066,Local RDKit/Gasteiger/ETKDG/MMFF batch calculation,empty field in CSV,0,0,False,False,True
1173,cheap__v3__rd3d_getaway_067,feature,cheap_rdkit_gasteiger_etkdg_mmff,float32,descriptor_specific_or_dimensionless,cheap_rdkit_gasteiger_etkdg_mmff feature: v3__rd3d_getaway_067,Local RDKit/Gasteiger/ETKDG/MMFF batch calculation,empty field in CSV,0,0,False,False,True
1174,cheap__v3__rd3d_getaway_068,feature,cheap_rdkit_gasteiger_etkdg_mmff,float32,descriptor_specific_or_dimensionless,cheap_rdkit_gasteiger_etkdg_mmff feature: v3__rd3d_getaway_068,Local RDKit/Gasteiger/ETKDG/MMFF batch calculation,empty field in CSV,0,0,False,False,False
1175,cheap__v3__rd3d_getaway_069,feature,cheap_rdkit_gasteiger_etkdg_mmff,float32,descriptor_specific_or_dimensionless,cheap_rdkit_gasteiger_etkdg_mmff feature: v3__rd3d_getaway_069,Local RDKit/Gasteiger/ETKDG/MMFF batch calculation,empty field in CSV,0,0,False,False,True
1176,cheap__v3__rd3d_getaway_070,feature,cheap_rdkit_gasteiger_etkdg_mmff,float32,descriptor_specific_or_dimensionless,cheap_rdkit_gasteiger_etkdg_mmff feature: v3__rd3d_getaway_070,Local RDKit/Gasteiger/ETKDG/MMFF batch calculation,empty field in CSV,0,0,False,False,False
1177,cheap__v3__rd3d_getaway_071,feature,cheap_rdkit_gasteiger_etkdg_mmff,float32,descriptor_specific_or_dimensionless,cheap_rdkit_gasteiger_etkdg_mmff feature: v3__rd3d_getaway_071,Local RDKit/Gasteiger/ETKDG/MMFF batch calculation,empty field in CSV,0,0,False,False,False
1178,cheap__v3__rd3d_getaway_072,feature,cheap_rdkit_gasteiger_etkdg_mmff,float32,descriptor_specific_or_dimensionless,cheap_rdkit_gasteiger_etkdg_mmff feature: v3__rd3d_getaway_072,Local RDKit/Gasteiger/ETKDG/MMFF batch calculation,empty field in CSV,0,0,False,False,False
1179,cheap__v3__rd3d_getaway_073,feature,cheap_rdkit_gasteiger_etkdg_mmff,float32,descriptor_specific_or_dimensionless,cheap_rdkit_gasteiger_etkdg_mmff feature: v3__rd3d_getaway_073,Local RDKit/Gasteiger/ETKDG/MMFF batch calculation,empty field in CSV,0,0,False,False,True
1180,cheap__v3__rd3d_getaway_074,feature,cheap_rdkit_gasteiger_etkdg_mmff,float32,descriptor_specific_or_dimensionless,cheap_rdkit_gasteiger_etkdg_mmff feature: v3__rd3d_getaway_074,Local RDKit/Gasteiger/ETKDG/MMFF batch calculation,empty field in CSV,0,0,False,False,True
1181,cheap__v3__rd3d_getaway_075,feature,cheap_rdkit_gasteiger_etkdg_mmff,float32,descriptor_specific_or_dimensionless,cheap_rdkit_gasteiger_etkdg_mmff feature: v3__rd3d_getaway_075,Local RDKit/Gasteiger/ETKDG/MMFF batch calculation,empty field in CSV,0,0,False,False,False
1182,cheap__v3__rd3d_getaway_076,feature,cheap_rdkit_gasteiger_etkdg_mmff,float32,descriptor_specific_or_dimensionless,cheap_rdkit_gasteiger_etkdg_mmff feature: v3__rd3d_getaway_076,Local RDKit/Gasteiger/ETKDG/MMFF batch calculation,empty field in CSV,0,0,True,True,True
1183,cheap__v3__rd3d_getaway_077,feature,cheap_rdkit_gasteiger_etkdg_mmff,float32,descriptor_specific_or_dimensionless,cheap_rdkit_gasteiger_etkdg_mmff feature: v3__rd3d_getaway_077,Local RDKit/Gasteiger/ETKDG/MMFF batch calculation,empty field in CSV,0,0,False,False,False
1184,cheap__v3__rd3d_getaway_078,feature,cheap_rdkit_gasteiger_etkdg_mmff,float32,descriptor_specific_or_dimensionless,cheap_rdkit_gasteiger_etkdg_mmff feature: v3__rd3d_getaway_078,Local RDKit/Gasteiger/ETKDG/MMFF batch calculation,empty field in CSV,0,0,True,True,False
1185,cheap__v3__rd3d_getaway_079,feature,cheap_rdkit_gasteiger_etkdg_mmff,float32,descriptor_specific_or_dimensionless,cheap_rdkit_gasteiger_etkdg_mmff feature: v3__rd3d_getaway_079,Local RDKit/Gasteiger/ETKDG/MMFF batch calculation,empty field in CSV,0,0,True,True,False
1186,cheap__v3__rd3d_getaway_080,feature,cheap_rdkit_gasteiger_etkdg_mmff,float32,descriptor_specific_or_dimensionless,cheap_rdkit_gasteiger_etkdg_mmff feature: v3__rd3d_getaway_080,Local RDKit/Gasteiger/ETKDG/MMFF batch calculation,empty field in CSV,0,0,False,False,True
1187,cheap__v3__rd3d_getaway_081,feature,cheap_rdkit_gasteiger_etkdg_mmff,float32,descriptor_specific_or_dimensionless,cheap_rdkit_gasteiger_etkdg_mmff feature: v3__rd3d_getaway_081,Local RDKit/Gasteiger/ETKDG/MMFF batch calculation,empty field in CSV,0,0,False,False,False
1188,cheap__v3__rd3d_getaway_082,feature,cheap_rdkit_gasteiger_etkdg_mmff,float32,descriptor_specific_or_dimensionless,cheap_rdkit_gasteiger_etkdg_mmff feature: v3__rd3d_getaway_082,Local RDKit/Gasteiger/ETKDG/MMFF batch calculation,empty field in CSV,0,0,False,False,False
1189,cheap__v3__rd3d_getaway_083,feature,cheap_rdkit_gasteiger_etkdg_mmff,float32,descriptor_specific_or_dimensionless,cheap_rdkit_gasteiger_etkdg_mmff feature: v3__rd3d_getaway_083,Local RDKit/Gasteiger/ETKDG/MMFF batch calculation,empty field in CSV,0,0,False,False,False
1190,cheap__v3__rd3d_getaway_084,feature,cheap_rdkit_gasteiger_etkdg_mmff,float32,descriptor_specific_or_dimensionless,cheap_rdkit_gasteiger_etkdg_mmff feature: v3__rd3d_getaway_084,Local RDKit/Gasteiger/ETKDG/MMFF batch calculation,empty field in CSV,0,0,False,False,False
1191,cheap__v3__rd3d_getaway_085,feature,cheap_rdkit_gasteiger_etkdg_mmff,float32,descriptor_specific_or_dimensionless,cheap_rdkit_gasteiger_etkdg_mmff feature: v3__rd3d_getaway_085,Local RDKit/Gasteiger/ETKDG/MMFF batch calculation,empty field in CSV,0,0,False,False,True
1192,cheap__v3__rd3d_getaway_086,feature,cheap_rdkit_gasteiger_etkdg_mmff,float32,descriptor_specific_or_dimensionless,cheap_rdkit_gasteiger_etkdg_mmff feature: v3__rd3d_getaway_086,Local RDKit/Gasteiger/ETKDG/MMFF batch calculation,empty field in CSV,0,0,False,False,True
1193,cheap__v3__rd3d_getaway_087,feature,cheap_rdkit_gasteiger_etkdg_mmff,float32,descriptor_specific_or_dimensionless,cheap_rdkit_gasteiger_etkdg_mmff feature: v3__rd3d_getaway_087,Local RDKit/Gasteiger/ETKDG/MMFF batch calculation,empty field in CSV,0,0,False,False,True
1194,cheap__v3__rd3d_getaway_088,feature,cheap_rdkit_gasteiger_etkdg_mmff,float32,descriptor_specific_or_dimensionless,cheap_rdkit_gasteiger_etkdg_mmff feature: v3__rd3d_getaway_088,Local RDKit/Gasteiger/ETKDG/MMFF batch calculation,empty field in CSV,0,0,False,False,True
1195,cheap__v3__rd3d_getaway_089,feature,cheap_rdkit_gasteiger_etkdg_mmff,float32,descriptor_specific_or_dimensionless,cheap_rdkit_gasteiger_etkdg_mmff feature: v3__rd3d_getaway_089,Local RDKit/Gasteiger/ETKDG/MMFF batch calculation,empty field in CSV,0,0,False,False,True
1196,cheap__v3__rd3d_getaway_090,feature,cheap_rdkit_gasteiger_etkdg_mmff,float32,descriptor_specific_or_dimensionless,cheap_rdkit_gasteiger_etkdg_mmff feature: v3__rd3d_getaway_090,Local RDKit/Gasteiger/ETKDG/MMFF batch calculation,empty field in CSV,0,0,False,False,True
1197,cheap__v3__rd3d_getaway_091,feature,cheap_rdkit_gasteiger_etkdg_mmff,float32,descriptor_specific_or_dimensionless,cheap_rdkit_gasteiger_etkdg_mmff feature: v3__rd3d_getaway_091,Local RDKit/Gasteiger/ETKDG/MMFF batch calculation,empty field in CSV,0,0,False,False,False
1198,cheap__v3__rd3d_getaway_092,feature,cheap_rdkit_gasteiger_etkdg_mmff,float32,descriptor_specific_or_dimensionless,cheap_rdkit_gasteiger_etkdg_mmff feature: v3__rd3d_getaway_092,Local RDKit/Gasteiger/ETKDG/MMFF batch calculation,empty field in CSV,0,0,False,False,False
1199,cheap__v3__rd3d_getaway_093,feature,cheap_rdkit_gasteiger_etkdg_mmff,float32,descriptor_specific_or_dimensionless,cheap_rdkit_gasteiger_etkdg_mmff feature: v3__rd3d_getaway_093,Local RDKit/Gasteiger/ETKDG/MMFF batch calculation,empty field in CSV,0,0,False,False,True
1200,cheap__v3__rd3d_getaway_094,feature,cheap_rdkit_gasteiger_etkdg_mmff,float32,descriptor_specific_or_dimensionless,cheap_rdkit_gasteiger_etkdg_mmff feature: v3__rd3d_getaway_094,Local RDKit/Gasteiger/ETKDG/MMFF batch calculation,empty field in CSV,0,0,False,False,False
1201,cheap__v3__rd3d_getaway_095,feature,cheap_rdkit_gasteiger_etkdg_mmff,float32,descriptor_specific_or_dimensionless,cheap_rdkit_gasteiger_etkdg_mmff feature: v3__rd3d_getaway_095,Local RDKit/Gasteiger/ETKDG/MMFF batch calculation,empty field in CSV,0,0,False,False,False
1202,cheap__v3__rd3d_getaway_096,feature,cheap_rdkit_gasteiger_etkdg_mmff,float32,descriptor_specific_or_dimensionless,cheap_rdkit_gasteiger_etkdg_mmff feature: v3__rd3d_getaway_096,Local RDKit/Gasteiger/ETKDG/MMFF batch calculation,empty field in CSV,0,0,False,False,False
1203,cheap__v3__rd3d_getaway_097,feature,cheap_rdkit_gasteiger_etkdg_mmff,float32,descriptor_specific_or_dimensionless,cheap_rdkit_gasteiger_etkdg_mmff feature: v3__rd3d_getaway_097,Local RDKit/Gasteiger/ETKDG/MMFF batch calculation,empty field in CSV,0,0,False,False,False
1204,cheap__v3__rd3d_getaway_098,feature,cheap_rdkit_gasteiger_etkdg_mmff,float32,descriptor_specific_or_dimensionless,cheap_rdkit_gasteiger_etkdg_mmff feature: v3__rd3d_getaway_098,Local RDKit/Gasteiger/ETKDG/MMFF batch calculation,empty field in CSV,0,0,True,True,False
1205,cheap__v3__rd3d_getaway_099,feature,cheap_rdkit_gasteiger_etkdg_mmff,float32,descriptor_specific_or_dimensionless,cheap_rdkit_gasteiger_etkdg_mmff feature: v3__rd3d_getaway_099,Local RDKit/Gasteiger/ETKDG/MMFF batch calculation,empty field in CSV,0,0,True,True,True
1206,cheap__v3__rd3d_getaway_100,feature,cheap_rdkit_gasteiger_etkdg_mmff,float32,descriptor_specific_or_dimensionless,cheap_rdkit_gasteiger_etkdg_mmff feature: v3__rd3d_getaway_100,Local RDKit/Gasteiger/ETKDG/MMFF batch calculation,empty field in CSV,0,0,False,False,True
1207,cheap__v3__rd3d_getaway_101,feature,cheap_rdkit_gasteiger_etkdg_mmff,float32,descriptor_specific_or_dimensionless,cheap_rdkit_gasteiger_etkdg_mmff feature: v3__rd3d_getaway_101,Local RDKit/Gasteiger/ETKDG/MMFF batch calculation,empty field in CSV,0,0,False,False,True
1208,cheap__v3__rd3d_getaway_102,feature,cheap_rdkit_gasteiger_etkdg_mmff,float32,descriptor_specific_or_dimensionless,cheap_rdkit_gasteiger_etkdg_mmff feature: v3__rd3d_getaway_102,Local RDKit/Gasteiger/ETKDG/MMFF batch calculation,empty field in CSV,0,0,False,False,False
1209,cheap__v3__rd3d_getaway_103,feature,cheap_rdkit_gasteiger_etkdg_mmff,float32,descriptor_specific_or_dimensionless,cheap_rdkit_gasteiger_etkdg_mmff feature: v3__rd3d_getaway_103,Local RDKit/Gasteiger/ETKDG/MMFF batch calculation,empty field in CSV,0,0,False,False,False
1210,cheap__v3__rd3d_getaway_104,feature,cheap_rdkit_gasteiger_etkdg_mmff,float32,descriptor_specific_or_dimensionless,cheap_rdkit_gasteiger_etkdg_mmff feature: v3__rd3d_getaway_104,Local RDKit/Gasteiger/ETKDG/MMFF batch calculation,empty field in CSV,0,0,False,False,False
1211,cheap__v3__rd3d_getaway_105,feature,cheap_rdkit_gasteiger_etkdg_mmff,float32,descriptor_specific_or_dimensionless,cheap_rdkit_gasteiger_etkdg_mmff feature: v3__rd3d_getaway_105,Local RDKit/Gasteiger/ETKDG/MMFF batch calculation,empty field in CSV,0,0,False,False,True
1212,cheap__v3__rd3d_getaway_106,feature,cheap_rdkit_gasteiger_etkdg_mmff,float32,descriptor_specific_or_dimensionless,cheap_rdkit_gasteiger_etkdg_mmff feature: v3__rd3d_getaway_106,Local RDKit/Gasteiger/ETKDG/MMFF batch calculation,empty field in CSV,0,0,False,False,True
1213,cheap__v3__rd3d_getaway_107,feature,cheap_rdkit_gasteiger_etkdg_mmff,float32,descriptor_specific_or_dimensionless,cheap_rdkit_gasteiger_etkdg_mmff feature: v3__rd3d_getaway_107,Local RDKit/Gasteiger/ETKDG/MMFF batch calculation,empty field in CSV,0,0,False,False,True
1214,cheap__v3__rd3d_getaway_108,feature,cheap_rdkit_gasteiger_etkdg_mmff,float32,descriptor_specific_or_dimensionless,cheap_rdkit_gasteiger_etkdg_mmff feature: v3__rd3d_getaway_108,Local RDKit/Gasteiger/ETKDG/MMFF batch calculation,empty field in CSV,0,0,False,False,False
1215,cheap__v3__rd3d_getaway_109,feature,cheap_rdkit_gasteiger_etkdg_mmff,float32,descriptor_specific_or_dimensionless,cheap_rdkit_gasteiger_etkdg_mmff feature: v3__rd3d_getaway_109,Local RDKit/Gasteiger/ETKDG/MMFF batch calculation,empty field in CSV,0,0,False,False,True
1216,cheap__v3__rd3d_getaway_110,feature,cheap_rdkit_gasteiger_etkdg_mmff,float32,descriptor_specific_or_dimensionless,cheap_rdkit_gasteiger_etkdg_mmff feature: v3__rd3d_getaway_110,Local RDKit/Gasteiger/ETKDG/MMFF batch calculation,empty field in CSV,0,0,False,False,False
1217,cheap__v3__rd3d_getaway_111,feature,cheap_rdkit_gasteiger_etkdg_mmff,float32,descriptor_specific_or_dimensionless,cheap_rdkit_gasteiger_etkdg_mmff feature: v3__rd3d_getaway_111,Local RDKit/Gasteiger/ETKDG/MMFF batch calculation,empty field in CSV,0,0,False,False,False
1218,cheap__v3__rd3d_getaway_112,feature,cheap_rdkit_gasteiger_etkdg_mmff,float32,descriptor_specific_or_dimensionless,cheap_rdkit_gasteiger_etkdg_mmff feature: v3__rd3d_getaway_112,Local RDKit/Gasteiger/ETKDG/MMFF batch calculation,empty field in CSV,0,0,False,False,False
1219,cheap__v3__rd3d_getaway_113,feature,cheap_rdkit_gasteiger_etkdg_mmff,float32,descriptor_specific_or_dimensionless,cheap_rdkit_gasteiger_etkdg_mmff feature: v3__rd3d_getaway_113,Local RDKit/Gasteiger/ETKDG/MMFF batch calculation,empty field in CSV,0,0,False,False,True
1220,cheap__v3__rd3d_getaway_114,feature,cheap_rdkit_gasteiger_etkdg_mmff,float32,descriptor_specific_or_dimensionless,cheap_rdkit_gasteiger_etkdg_mmff feature: v3__rd3d_getaway_114,Local RDKit/Gasteiger/ETKDG/MMFF batch calculation,empty field in CSV,0,0,False,False,True
1221,cheap__v3__rd3d_getaway_115,feature,cheap_rdkit_gasteiger_etkdg_mmff,float32,descriptor_specific_or_dimensionless,cheap_rdkit_gasteiger_etkdg_mmff feature: v3__rd3d_getaway_115,Local RDKit/Gasteiger/ETKDG/MMFF batch calculation,empty field in CSV,0,0,False,False,False
1222,cheap__v3__rd3d_getaway_116,feature,cheap_rdkit_gasteiger_etkdg_mmff,float32,descriptor_specific_or_dimensionless,cheap_rdkit_gasteiger_etkdg_mmff feature: v3__rd3d_getaway_116,Local RDKit/Gasteiger/ETKDG/MMFF batch calculation,empty field in CSV,0,0,True,True,True
1223,cheap__v3__rd3d_getaway_117,feature,cheap_rdkit_gasteiger_etkdg_mmff,float32,descriptor_specific_or_dimensionless,cheap_rdkit_gasteiger_etkdg_mmff feature: v3__rd3d_getaway_117,Local RDKit/Gasteiger/ETKDG/MMFF batch calculation,empty field in CSV,0,0,False,False,False
1224,cheap__v3__rd3d_getaway_118,feature,cheap_rdkit_gasteiger_etkdg_mmff,float32,descriptor_specific_or_dimensionless,cheap_rdkit_gasteiger_etkdg_mmff feature: v3__rd3d_getaway_118,Local RDKit/Gasteiger/ETKDG/MMFF batch calculation,empty field in CSV,0,0,True,True,False
1225,cheap__v3__rd3d_getaway_119,feature,cheap_rdkit_gasteiger_etkdg_mmff,float32,descriptor_specific_or_dimensionless,cheap_rdkit_gasteiger_etkdg_mmff feature: v3__rd3d_getaway_119,Local RDKit/Gasteiger/ETKDG/MMFF batch calculation,empty field in CSV,0,0,False,False,False
1226,cheap__v3__rd3d_getaway_120,feature,cheap_rdkit_gasteiger_etkdg_mmff,float32,descriptor_specific_or_dimensionless,cheap_rdkit_gasteiger_etkdg_mmff feature: v3__rd3d_getaway_120,Local RDKit/Gasteiger/ETKDG/MMFF batch calculation,empty field in CSV,0,0,False,False,True
1227,cheap__v3__rd3d_getaway_121,feature,cheap_rdkit_gasteiger_etkdg_mmff,float32,descriptor_specific_or_dimensionless,cheap_rdkit_gasteiger_etkdg_mmff feature: v3__rd3d_getaway_121,Local RDKit/Gasteiger/ETKDG/MMFF batch calculation,empty field in CSV,0,0,False,False,False
1228,cheap__v3__rd3d_getaway_122,feature,cheap_rdkit_gasteiger_etkdg_mmff,float32,descriptor_specific_or_dimensionless,cheap_rdkit_gasteiger_etkdg_mmff feature: v3__rd3d_getaway_122,Local RDKit/Gasteiger/ETKDG/MMFF batch calculation,empty field in CSV,0,0,False,False,False
1229,cheap__v3__rd3d_getaway_123,feature,cheap_rdkit_gasteiger_etkdg_mmff,float32,descriptor_specific_or_dimensionless,cheap_rdkit_gasteiger_etkdg_mmff feature: v3__rd3d_getaway_123,Local RDKit/Gasteiger/ETKDG/MMFF batch calculation,empty field in CSV,0,0,False,False,False
1230,cheap__v3__rd3d_getaway_124,feature,cheap_rdkit_gasteiger_etkdg_mmff,float32,descriptor_specific_or_dimensionless,cheap_rdkit_gasteiger_etkdg_mmff feature: v3__rd3d_getaway_124,Local RDKit/Gasteiger/ETKDG/MMFF batch calculation,empty field in CSV,0,0,False,False,True
1231,cheap__v3__rd3d_getaway_125,feature,cheap_rdkit_gasteiger_etkdg_mmff,float32,descriptor_specific_or_dimensionless,cheap_rdkit_gasteiger_etkdg_mmff feature: v3__rd3d_getaway_125,Local RDKit/Gasteiger/ETKDG/MMFF batch calculation,empty field in CSV,0,0,True,True,False
1232,cheap__v3__rd3d_getaway_126,feature,cheap_rdkit_gasteiger_etkdg_mmff,float32,descriptor_specific_or_dimensionless,cheap_rdkit_gasteiger_etkdg_mmff feature: v3__rd3d_getaway_126,Local RDKit/Gasteiger/ETKDG/MMFF batch calculation,empty field in CSV,0,0,False,False,False
1233,cheap__v3__rd3d_getaway_127,feature,cheap_rdkit_gasteiger_etkdg_mmff,float32,descriptor_specific_or_dimensionless,cheap_rdkit_gasteiger_etkdg_mmff feature: v3__rd3d_getaway_127,Local RDKit/Gasteiger/ETKDG/MMFF batch calculation,empty field in CSV,0,0,False,False,False
1234,cheap__v3__rd3d_getaway_128,feature,cheap_rdkit_gasteiger_etkdg_mmff,float32,descriptor_specific_or_dimensionless,cheap_rdkit_gasteiger_etkdg_mmff feature: v3__rd3d_getaway_128,Local RDKit/Gasteiger/ETKDG/MMFF batch calculation,empty field in CSV,0,0,False,False,False
1235,cheap__v3__rd3d_getaway_129,feature,cheap_rdkit_gasteiger_etkdg_mmff,float32,descriptor_specific_or_dimensionless,cheap_rdkit_gasteiger_etkdg_mmff feature: v3__rd3d_getaway_129,Local RDKit/Gasteiger/ETKDG/MMFF batch calculation,empty field in CSV,0,0,False,False,False
1236,cheap__v3__rd3d_getaway_130,feature,cheap_rdkit_gasteiger_etkdg_mmff,float32,descriptor_specific_or_dimensionless,cheap_rdkit_gasteiger_etkdg_mmff feature: v3__rd3d_getaway_130,Local RDKit/Gasteiger/ETKDG/MMFF batch calculation,empty field in CSV,0,0,False,False,False
1237,cheap__v3__rd3d_getaway_131,feature,cheap_rdkit_gasteiger_etkdg_mmff,float32,descriptor_specific_or_dimensionless,cheap_rdkit_gasteiger_etkdg_mmff feature: v3__rd3d_getaway_131,Local RDKit/Gasteiger/ETKDG/MMFF batch calculation,empty field in CSV,0,0,False,False,False
1238,cheap__v3__rd3d_getaway_132,feature,cheap_rdkit_gasteiger_etkdg_mmff,float32,descriptor_specific_or_dimensionless,cheap_rdkit_gasteiger_etkdg_mmff feature: v3__rd3d_getaway_132,Local RDKit/Gasteiger/ETKDG/MMFF batch calculation,empty field in CSV,0,0,False,False,False
1239,cheap__v3__rd3d_getaway_133,feature,cheap_rdkit_gasteiger_etkdg_mmff,float32,descriptor_specific_or_dimensionless,cheap_rdkit_gasteiger_etkdg_mmff feature: v3__rd3d_getaway_133,Local RDKit/Gasteiger/ETKDG/MMFF batch calculation,empty field in CSV,0,0,False,False,False
1240,cheap__v3__rd3d_getaway_134,feature,cheap_rdkit_gasteiger_etkdg_mmff,float32,descriptor_specific_or_dimensionless,cheap_rdkit_gasteiger_etkdg_mmff feature: v3__rd3d_getaway_134,Local RDKit/Gasteiger/ETKDG/MMFF batch calculation,empty field in CSV,0,0,False,False,True
1241,cheap__v3__rd3d_getaway_135,feature,cheap_rdkit_gasteiger_etkdg_mmff,float32,descriptor_specific_or_dimensionless,cheap_rdkit_gasteiger_etkdg_mmff feature: v3__rd3d_getaway_135,Local RDKit/Gasteiger/ETKDG/MMFF batch calculation,empty field in CSV,0,0,True,True,False
1242,cheap__v3__rd3d_getaway_136,feature,cheap_rdkit_gasteiger_etkdg_mmff,float32,descriptor_specific_or_dimensionless,cheap_rdkit_gasteiger_etkdg_mmff feature: v3__rd3d_getaway_136,Local RDKit/Gasteiger/ETKDG/MMFF batch calculation,empty field in CSV,0,0,True,True,False
1243,cheap__v3__rd3d_getaway_137,feature,cheap_rdkit_gasteiger_etkdg_mmff,float32,descriptor_specific_or_dimensionless,cheap_rdkit_gasteiger_etkdg_mmff feature: v3__rd3d_getaway_137,Local RDKit/Gasteiger/ETKDG/MMFF batch calculation,empty field in CSV,0,0,False,False,False
1244,cheap__v3__rd3d_getaway_138,feature,cheap_rdkit_gasteiger_etkdg_mmff,float32,descriptor_specific_or_dimensionless,cheap_rdkit_gasteiger_etkdg_mmff feature: v3__rd3d_getaway_138,Local RDKit/Gasteiger/ETKDG/MMFF batch calculation,empty field in CSV,0,0,False,False,False
1245,cheap__v3__rd3d_getaway_139,feature,cheap_rdkit_gasteiger_etkdg_mmff,float32,descriptor_specific_or_dimensionless,cheap_rdkit_gasteiger_etkdg_mmff feature: v3__rd3d_getaway_139,Local RDKit/Gasteiger/ETKDG/MMFF batch calculation,empty field in CSV,0,0,True,True,False
1246,cheap__v3__rd3d_getaway_140,feature,cheap_rdkit_gasteiger_etkdg_mmff,float32,descriptor_specific_or_dimensionless,cheap_rdkit_gasteiger_etkdg_mmff feature: v3__rd3d_getaway_140,Local RDKit/Gasteiger/ETKDG/MMFF batch calculation,empty field in CSV,0,0,True,True,False
1247,cheap__v3__rd3d_getaway_141,feature,cheap_rdkit_gasteiger_etkdg_mmff,float32,descriptor_specific_or_dimensionless,cheap_rdkit_gasteiger_etkdg_mmff feature: v3__rd3d_getaway_141,Local RDKit/Gasteiger/ETKDG/MMFF batch calculation,empty field in CSV,0,0,False,False,False
1248,cheap__v3__rd3d_getaway_142,feature,cheap_rdkit_gasteiger_etkdg_mmff,float32,descriptor_specific_or_dimensionless,cheap_rdkit_gasteiger_etkdg_mmff feature: v3__rd3d_getaway_142,Local RDKit/Gasteiger/ETKDG/MMFF batch calculation,empty field in CSV,0,0,False,False,False
1249,cheap__v3__rd3d_getaway_143,feature,cheap_rdkit_gasteiger_etkdg_mmff,float32,descriptor_specific_or_dimensionless,cheap_rdkit_gasteiger_etkdg_mmff feature: v3__rd3d_getaway_143,Local RDKit/Gasteiger/ETKDG/MMFF batch calculation,empty field in CSV,0,0,False,False,False
1250,cheap__v3__rd3d_getaway_144,feature,cheap_rdkit_gasteiger_etkdg_mmff,float32,descriptor_specific_or_dimensionless,cheap_rdkit_gasteiger_etkdg_mmff feature: v3__rd3d_getaway_144,Local RDKit/Gasteiger/ETKDG/MMFF batch calculation,empty field in CSV,0,0,False,False,True
1251,cheap__v3__rd3d_getaway_145,feature,cheap_rdkit_gasteiger_etkdg_mmff,float32,descriptor_specific_or_dimensionless,cheap_rdkit_gasteiger_etkdg_mmff feature: v3__rd3d_getaway_145,Local RDKit/Gasteiger/ETKDG/MMFF batch calculation,empty field in CSV,0,0,False,False,False
1252,cheap__v3__rd3d_getaway_146,feature,cheap_rdkit_gasteiger_etkdg_mmff,float32,descriptor_specific_or_dimensionless,cheap_rdkit_gasteiger_etkdg_mmff feature: v3__rd3d_getaway_146,Local RDKit/Gasteiger/ETKDG/MMFF batch calculation,empty field in CSV,0,0,False,False,False
1253,cheap__v3__rd3d_getaway_147,feature,cheap_rdkit_gasteiger_etkdg_mmff,float32,descriptor_specific_or_dimensionless,cheap_rdkit_gasteiger_etkdg_mmff feature: v3__rd3d_getaway_147,Local RDKit/Gasteiger/ETKDG/MMFF batch calculation,empty field in CSV,0,0,False,False,True
1254,cheap__v3__rd3d_getaway_148,feature,cheap_rdkit_gasteiger_etkdg_mmff,float32,descriptor_specific_or_dimensionless,cheap_rdkit_gasteiger_etkdg_mmff feature: v3__rd3d_getaway_148,Local RDKit/Gasteiger/ETKDG/MMFF batch calculation,empty field in CSV,0,0,True,True,False
1255,cheap__v3__rd3d_getaway_149,feature,cheap_rdkit_gasteiger_etkdg_mmff,float32,descriptor_specific_or_dimensionless,cheap_rdkit_gasteiger_etkdg_mmff feature: v3__rd3d_getaway_149,Local RDKit/Gasteiger/ETKDG/MMFF batch calculation,empty field in CSV,0,0,False,False,False
1256,cheap__v3__rd3d_getaway_150,feature,cheap_rdkit_gasteiger_etkdg_mmff,float32,descriptor_specific_or_dimensionless,cheap_rdkit_gasteiger_etkdg_mmff feature: v3__rd3d_getaway_150,Local RDKit/Gasteiger/ETKDG/MMFF batch calculation,empty field in CSV,0,0,False,False,True
1257,cheap__v3__rd3d_getaway_151,feature,cheap_rdkit_gasteiger_etkdg_mmff,float32,descriptor_specific_or_dimensionless,cheap_rdkit_gasteiger_etkdg_mmff feature: v3__rd3d_getaway_151,Local RDKit/Gasteiger/ETKDG/MMFF batch calculation,empty field in CSV,0,0,False,False,True
1258,cheap__v3__rd3d_getaway_152,feature,cheap_rdkit_gasteiger_etkdg_mmff,float32,descriptor_specific_or_dimensionless,cheap_rdkit_gasteiger_etkdg_mmff feature: v3__rd3d_getaway_152,Local RDKit/Gasteiger/ETKDG/MMFF batch calculation,empty field in CSV,0,0,False,False,True
1259,cheap__v3__rd3d_getaway_153,feature,cheap_rdkit_gasteiger_etkdg_mmff,float32,descriptor_specific_or_dimensionless,cheap_rdkit_gasteiger_etkdg_mmff feature: v3__rd3d_getaway_153,Local RDKit/Gasteiger/ETKDG/MMFF batch calculation,empty field in CSV,0,0,False,False,True
1260,cheap__v3__rd3d_getaway_154,feature,cheap_rdkit_gasteiger_etkdg_mmff,float32,descriptor_specific_or_dimensionless,cheap_rdkit_gasteiger_etkdg_mmff feature: v3__rd3d_getaway_154,Local RDKit/Gasteiger/ETKDG/MMFF batch calculation,empty field in CSV,0,0,False,False,False
1261,cheap__v3__rd3d_getaway_155,feature,cheap_rdkit_gasteiger_etkdg_mmff,float32,descriptor_specific_or_dimensionless,cheap_rdkit_gasteiger_etkdg_mmff feature: v3__rd3d_getaway_155,Local RDKit/Gasteiger/ETKDG/MMFF batch calculation,empty field in CSV,0,0,False,False,True
1262,cheap__v3__rd3d_getaway_156,feature,cheap_rdkit_gasteiger_etkdg_mmff,float32,descriptor_specific_or_dimensionless,cheap_rdkit_gasteiger_etkdg_mmff feature: v3__rd3d_getaway_156,Local RDKit/Gasteiger/ETKDG/MMFF batch calculation,empty field in CSV,0,0,False,False,False
1263,cheap__v3__rd3d_getaway_157,feature,cheap_rdkit_gasteiger_etkdg_mmff,float32,descriptor_specific_or_dimensionless,cheap_rdkit_gasteiger_etkdg_mmff feature: v3__rd3d_getaway_157,Local RDKit/Gasteiger/ETKDG/MMFF batch calculation,empty field in CSV,0,0,False,False,True
1264,cheap__v3__rd3d_getaway_158,feature,cheap_rdkit_gasteiger_etkdg_mmff,float32,descriptor_specific_or_dimensionless,cheap_rdkit_gasteiger_etkdg_mmff feature: v3__rd3d_getaway_158,Local RDKit/Gasteiger/ETKDG/MMFF batch calculation,empty field in CSV,0,0,False,False,True
1265,cheap__v3__rd3d_getaway_159,feature,cheap_rdkit_gasteiger_etkdg_mmff,float32,descriptor_specific_or_dimensionless,cheap_rdkit_gasteiger_etkdg_mmff feature: v3__rd3d_getaway_159,Local RDKit/Gasteiger/ETKDG/MMFF batch calculation,empty field in CSV,0,0,False,False,True
1266,cheap__v3__rd3d_getaway_160,feature,cheap_rdkit_gasteiger_etkdg_mmff,float32,descriptor_specific_or_dimensionless,cheap_rdkit_gasteiger_etkdg_mmff feature: v3__rd3d_getaway_160,Local RDKit/Gasteiger/ETKDG/MMFF batch calculation,empty field in CSV,0,0,True,True,False
1267,cheap__v3__rd3d_getaway_161,feature,cheap_rdkit_gasteiger_etkdg_mmff,float32,descriptor_specific_or_dimensionless,cheap_rdkit_gasteiger_etkdg_mmff feature: v3__rd3d_getaway_161,Local RDKit/Gasteiger/ETKDG/MMFF batch calculation,empty field in CSV,0,0,False,False,False
1268,cheap__v3__rd3d_getaway_162,feature,cheap_rdkit_gasteiger_etkdg_mmff,float32,descriptor_specific_or_dimensionless,cheap_rdkit_gasteiger_etkdg_mmff feature: v3__rd3d_getaway_162,Local RDKit/Gasteiger/ETKDG/MMFF batch calculation,empty field in CSV,0,0,False,False,False
1269,cheap__v3__rd3d_getaway_163,feature,cheap_rdkit_gasteiger_etkdg_mmff,float32,descriptor_specific_or_dimensionless,cheap_rdkit_gasteiger_etkdg_mmff feature: v3__rd3d_getaway_163,Local RDKit/Gasteiger/ETKDG/MMFF batch calculation,empty field in CSV,0,0,False,False,False
1270,cheap__v3__rd3d_getaway_164,feature,cheap_rdkit_gasteiger_etkdg_mmff,float32,descriptor_specific_or_dimensionless,cheap_rdkit_gasteiger_etkdg_mmff feature: v3__rd3d_getaway_164,Local RDKit/Gasteiger/ETKDG/MMFF batch calculation,empty field in CSV,0,0,False,False,False
1271,cheap__v3__rd3d_getaway_165,feature,cheap_rdkit_gasteiger_etkdg_mmff,float32,descriptor_specific_or_dimensionless,cheap_rdkit_gasteiger_etkdg_mmff feature: v3__rd3d_getaway_165,Local RDKit/Gasteiger/ETKDG/MMFF batch calculation,empty field in CSV,0,0,False,False,False
1272,cheap__v3__rd3d_getaway_166,feature,cheap_rdkit_gasteiger_etkdg_mmff,float32,descriptor_specific_or_dimensionless,cheap_rdkit_gasteiger_etkdg_mmff feature: v3__rd3d_getaway_166,Local RDKit/Gasteiger/ETKDG/MMFF batch calculation,empty field in CSV,0,0,False,False,False
1273,cheap__v3__rd3d_getaway_167,feature,cheap_rdkit_gasteiger_etkdg_mmff,float32,descriptor_specific_or_dimensionless,cheap_rdkit_gasteiger_etkdg_mmff feature: v3__rd3d_getaway_167,Local RDKit/Gasteiger/ETKDG/MMFF batch calculation,empty field in CSV,0,0,False,False,False
1274,cheap__v3__rd3d_getaway_168,feature,cheap_rdkit_gasteiger_etkdg_mmff,float32,descriptor_specific_or_dimensionless,cheap_rdkit_gasteiger_etkdg_mmff feature: v3__rd3d_getaway_168,Local RDKit/Gasteiger/ETKDG/MMFF batch calculation,empty field in CSV,0,0,False,False,False
1275,cheap__v3__rd3d_getaway_169,feature,cheap_rdkit_gasteiger_etkdg_mmff,float32,descriptor_specific_or_dimensionless,cheap_rdkit_gasteiger_etkdg_mmff feature: v3__rd3d_getaway_169,Local RDKit/Gasteiger/ETKDG/MMFF batch calculation,empty field in CSV,0,0,False,False,False
1276,cheap__v3__rd3d_getaway_170,feature,cheap_rdkit_gasteiger_etkdg_mmff,float32,descriptor_specific_or_dimensionless,cheap_rdkit_gasteiger_etkdg_mmff feature: v3__rd3d_getaway_170,Local RDKit/Gasteiger/ETKDG/MMFF batch calculation,empty field in CSV,0,0,False,False,False
1277,cheap__v3__rd3d_getaway_171,feature,cheap_rdkit_gasteiger_etkdg_mmff,float32,descriptor_specific_or_dimensionless,cheap_rdkit_gasteiger_etkdg_mmff feature: v3__rd3d_getaway_171,Local RDKit/Gasteiger/ETKDG/MMFF batch calculation,empty field in CSV,0,0,False,False,False
1278,cheap__v3__rd3d_getaway_172,feature,cheap_rdkit_gasteiger_etkdg_mmff,float32,descriptor_specific_or_dimensionless,cheap_rdkit_gasteiger_etkdg_mmff feature: v3__rd3d_getaway_172,Local RDKit/Gasteiger/ETKDG/MMFF batch calculation,empty field in CSV,0,0,False,False,False
1279,cheap__v3__rd3d_getaway_173,feature,cheap_rdkit_gasteiger_etkdg_mmff,float32,descriptor_specific_or_dimensionless,cheap_rdkit_gasteiger_etkdg_mmff feature: v3__rd3d_getaway_173,Local RDKit/Gasteiger/ETKDG/MMFF batch calculation,empty field in CSV,0,0,False,False,False
1280,cheap__v3__rd3d_getaway_174,feature,cheap_rdkit_gasteiger_etkdg_mmff,float32,descriptor_specific_or_dimensionless,cheap_rdkit_gasteiger_etkdg_mmff feature: v3__rd3d_getaway_174,Local RDKit/Gasteiger/ETKDG/MMFF batch calculation,empty field in CSV,0,0,False,False,False
1281,cheap__v3__rd3d_getaway_175,feature,cheap_rdkit_gasteiger_etkdg_mmff,float32,descriptor_specific_or_dimensionless,cheap_rdkit_gasteiger_etkdg_mmff feature: v3__rd3d_getaway_175,Local RDKit/Gasteiger/ETKDG/MMFF batch calculation,empty field in CSV,0,0,False,False,False
1282,cheap__v3__rd3d_getaway_176,feature,cheap_rdkit_gasteiger_etkdg_mmff,float32,descriptor_specific_or_dimensionless,cheap_rdkit_gasteiger_etkdg_mmff feature: v3__rd3d_getaway_176,Local RDKit/Gasteiger/ETKDG/MMFF batch calculation,empty field in CSV,0,0,False,False,False
1283,cheap__v3__rd3d_getaway_177,feature,cheap_rdkit_gasteiger_etkdg_mmff,float32,descriptor_specific_or_dimensionless,cheap_rdkit_gasteiger_etkdg_mmff feature: v3__rd3d_getaway_177,Local RDKit/Gasteiger/ETKDG/MMFF batch calculation,empty field in CSV,0,0,False,False,False
1284,cheap__v3__rd3d_getaway_178,feature,cheap_rdkit_gasteiger_etkdg_mmff,float32,descriptor_specific_or_dimensionless,cheap_rdkit_gasteiger_etkdg_mmff feature: v3__rd3d_getaway_178,Local RDKit/Gasteiger/ETKDG/MMFF batch calculation,empty field in CSV,0,0,False,False,False
1285,cheap__v3__rd3d_getaway_179,feature,cheap_rdkit_gasteiger_etkdg_mmff,float32,descriptor_specific_or_dimensionless,cheap_rdkit_gasteiger_etkdg_mmff feature: v3__rd3d_getaway_179,Local RDKit/Gasteiger/ETKDG/MMFF batch calculation,empty field in CSV,0,0,False,False,False
1286,cheap__v3__rd3d_getaway_180,feature,cheap_rdkit_gasteiger_etkdg_mmff,float32,descriptor_specific_or_dimensionless,cheap_rdkit_gasteiger_etkdg_mmff feature: v3__rd3d_getaway_180,Local RDKit/Gasteiger/ETKDG/MMFF batch calculation,empty field in CSV,0,0,False,False,False
1287,cheap__v3__rd3d_getaway_181,feature,cheap_rdkit_gasteiger_etkdg_mmff,float32,descriptor_specific_or_dimensionless,cheap_rdkit_gasteiger_etkdg_mmff feature: v3__rd3d_getaway_181,Local RDKit/Gasteiger/ETKDG/MMFF batch calculation,empty field in CSV,0,0,False,False,False
1288,cheap__v3__rd3d_getaway_182,feature,cheap_rdkit_gasteiger_etkdg_mmff,float32,descriptor_specific_or_dimensionless,cheap_rdkit_gasteiger_etkdg_mmff feature: v3__rd3d_getaway_182,Local RDKit/Gasteiger/ETKDG/MMFF batch calculation,empty field in CSV,0,0,False,False,False
1289,cheap__v3__rd3d_getaway_183,feature,cheap_rdkit_gasteiger_etkdg_mmff,float32,descriptor_specific_or_dimensionless,cheap_rdkit_gasteiger_etkdg_mmff feature: v3__rd3d_getaway_183,Local RDKit/Gasteiger/ETKDG/MMFF batch calculation,empty field in CSV,0,0,True,True,False
1290,cheap__v3__rd3d_getaway_184,feature,cheap_rdkit_gasteiger_etkdg_mmff,float32,descriptor_specific_or_dimensionless,cheap_rdkit_gasteiger_etkdg_mmff feature: v3__rd3d_getaway_184,Local RDKit/Gasteiger/ETKDG/MMFF batch calculation,empty field in CSV,0,0,False,False,False
1291,cheap__v3__rd3d_getaway_185,feature,cheap_rdkit_gasteiger_etkdg_mmff,float32,descriptor_specific_or_dimensionless,cheap_rdkit_gasteiger_etkdg_mmff feature: v3__rd3d_getaway_185,Local RDKit/Gasteiger/ETKDG/MMFF batch calculation,empty field in CSV,0,0,True,True,False
1292,cheap__v3__rd3d_getaway_186,feature,cheap_rdkit_gasteiger_etkdg_mmff,float32,descriptor_specific_or_dimensionless,cheap_rdkit_gasteiger_etkdg_mmff feature: v3__rd3d_getaway_186,Local RDKit/Gasteiger/ETKDG/MMFF batch calculation,empty field in CSV,0,0,True,True,True
1293,cheap__v3__rd3d_getaway_187,feature,cheap_rdkit_gasteiger_etkdg_mmff,float32,descriptor_specific_or_dimensionless,cheap_rdkit_gasteiger_etkdg_mmff feature: v3__rd3d_getaway_187,Local RDKit/Gasteiger/ETKDG/MMFF batch calculation,empty field in CSV,0,0,False,False,True
1294,cheap__v3__rd3d_getaway_188,feature,cheap_rdkit_gasteiger_etkdg_mmff,float32,descriptor_specific_or_dimensionless,cheap_rdkit_gasteiger_etkdg_mmff feature: v3__rd3d_getaway_188,Local RDKit/Gasteiger/ETKDG/MMFF batch calculation,empty field in CSV,0,0,False,False,True
1295,cheap__v3__rd3d_getaway_189,feature,cheap_rdkit_gasteiger_etkdg_mmff,float32,descriptor_specific_or_dimensionless,cheap_rdkit_gasteiger_etkdg_mmff feature: v3__rd3d_getaway_189,Local RDKit/Gasteiger/ETKDG/MMFF batch calculation,empty field in CSV,0,0,False,False,True
1296,cheap__v3__rd3d_getaway_190,feature,cheap_rdkit_gasteiger_etkdg_mmff,float32,descriptor_specific_or_dimensionless,cheap_rdkit_gasteiger_etkdg_mmff feature: v3__rd3d_getaway_190,Local RDKit/Gasteiger/ETKDG/MMFF batch calculation,empty field in CSV,0,0,False,False,False
1297,cheap__v3__rd3d_getaway_191,feature,cheap_rdkit_gasteiger_etkdg_mmff,float32,descriptor_specific_or_dimensionless,cheap_rdkit_gasteiger_etkdg_mmff feature: v3__rd3d_getaway_191,Local RDKit/Gasteiger/ETKDG/MMFF batch calculation,empty field in CSV,0,0,True,True,True
1298,cheap__v3__rd3d_getaway_192,feature,cheap_rdkit_gasteiger_etkdg_mmff,float32,descriptor_specific_or_dimensionless,cheap_rdkit_gasteiger_etkdg_mmff feature: v3__rd3d_getaway_192,Local RDKit/Gasteiger/ETKDG/MMFF batch calculation,empty field in CSV,0,0,True,True,False
1299,cheap__v3__rd3d_getaway_193,feature,cheap_rdkit_gasteiger_etkdg_mmff,float32,descriptor_specific_or_dimensionless,cheap_rdkit_gasteiger_etkdg_mmff feature: v3__rd3d_getaway_193,Local RDKit/Gasteiger/ETKDG/MMFF batch calculation,empty field in CSV,0,0,False,False,False
1300,cheap__v3__rd3d_getaway_194,feature,cheap_rdkit_gasteiger_etkdg_mmff,float32,descriptor_specific_or_dimensionless,cheap_rdkit_gasteiger_etkdg_mmff feature: v3__rd3d_getaway_194,Local RDKit/Gasteiger/ETKDG/MMFF batch calculation,empty field in CSV,0,0,False,False,False
1301,cheap__v3__rd3d_getaway_195,feature,cheap_rdkit_gasteiger_etkdg_mmff,float32,descriptor_specific_or_dimensionless,cheap_rdkit_gasteiger_etkdg_mmff feature: v3__rd3d_getaway_195,Local RDKit/Gasteiger/ETKDG/MMFF batch calculation,empty field in CSV,0,0,False,False,False
1302,cheap__v3__rd3d_getaway_196,feature,cheap_rdkit_gasteiger_etkdg_mmff,float32,descriptor_specific_or_dimensionless,cheap_rdkit_gasteiger_etkdg_mmff feature: v3__rd3d_getaway_196,Local RDKit/Gasteiger/ETKDG/MMFF batch calculation,empty field in CSV,0,0,True,True,False
1303,cheap__v3__rd3d_getaway_197,feature,cheap_rdkit_gasteiger_etkdg_mmff,float32,descriptor_specific_or_dimensionless,cheap_rdkit_gasteiger_etkdg_mmff feature: v3__rd3d_getaway_197,Local RDKit/Gasteiger/ETKDG/MMFF batch calculation,empty field in CSV,0,0,True,True,False
1304,cheap__v3__rd3d_getaway_198,feature,cheap_rdkit_gasteiger_etkdg_mmff,float32,descriptor_specific_or_dimensionless,cheap_rdkit_gasteiger_etkdg_mmff feature: v3__rd3d_getaway_198,Local RDKit/Gasteiger/ETKDG/MMFF batch calculation,empty field in CSV,0,0,False,False,False
1305,cheap__v3__rd3d_getaway_199,feature,cheap_rdkit_gasteiger_etkdg_mmff,float32,descriptor_specific_or_dimensionless,cheap_rdkit_gasteiger_etkdg_mmff feature: v3__rd3d_getaway_199,Local RDKit/Gasteiger/ETKDG/MMFF batch calculation,empty field in CSV,0,0,False,False,False
1306,cheap__v3__rd3d_getaway_200,feature,cheap_rdkit_gasteiger_etkdg_mmff,float32,descriptor_specific_or_dimensionless,cheap_rdkit_gasteiger_etkdg_mmff feature: v3__rd3d_getaway_200,Local RDKit/Gasteiger/ETKDG/MMFF batch calculation,empty field in CSV,0,0,True,True,False
1307,cheap__v3__rd3d_getaway_201,feature,cheap_rdkit_gasteiger_etkdg_mmff,float32,descriptor_specific_or_dimensionless,cheap_rdkit_gasteiger_etkdg_mmff feature: v3__rd3d_getaway_201,Local RDKit/Gasteiger/ETKDG/MMFF batch calculation,empty field in CSV,0,0,False,False,False
1308,cheap__v3__rd3d_getaway_202,feature,cheap_rdkit_gasteiger_etkdg_mmff,float32,descriptor_specific_or_dimensionless,cheap_rdkit_gasteiger_etkdg_mmff feature: v3__rd3d_getaway_202,Local RDKit/Gasteiger/ETKDG/MMFF batch calculation,empty field in CSV,0,0,True,True,False
1309,cheap__v3__rd3d_getaway_203,feature,cheap_rdkit_gasteiger_etkdg_mmff,float32,descriptor_specific_or_dimensionless,cheap_rdkit_gasteiger_etkdg_mmff feature: v3__rd3d_getaway_203,Local RDKit/Gasteiger/ETKDG/MMFF batch calculation,empty field in CSV,0,0,False,False,False
1310,cheap__v3__rd3d_getaway_204,feature,cheap_rdkit_gasteiger_etkdg_mmff,float32,descriptor_specific_or_dimensionless,cheap_rdkit_gasteiger_etkdg_mmff feature: v3__rd3d_getaway_204,Local RDKit/Gasteiger/ETKDG/MMFF batch calculation,empty field in CSV,0,0,False,False,False
1311,cheap__v3__rd3d_getaway_205,feature,cheap_rdkit_gasteiger_etkdg_mmff,float32,descriptor_specific_or_dimensionless,cheap_rdkit_gasteiger_etkdg_mmff feature: v3__rd3d_getaway_205,Local RDKit/Gasteiger/ETKDG/MMFF batch calculation,empty field in CSV,0,0,False,False,True
1312,cheap__v3__rd3d_getaway_206,feature,cheap_rdkit_gasteiger_etkdg_mmff,float32,descriptor_specific_or_dimensionless,cheap_rdkit_gasteiger_etkdg_mmff feature: v3__rd3d_getaway_206,Local RDKit/Gasteiger/ETKDG/MMFF batch calculation,empty field in CSV,0,0,False,False,True
1313,cheap__v3__rd3d_getaway_207,feature,cheap_rdkit_gasteiger_etkdg_mmff,float32,descriptor_specific_or_dimensionless,cheap_rdkit_gasteiger_etkdg_mmff feature: v3__rd3d_getaway_207,Local RDKit/Gasteiger/ETKDG/MMFF batch calculation,empty field in CSV,0,0,False,False,True
1314,cheap__v3__rd3d_getaway_208,feature,cheap_rdkit_gasteiger_etkdg_mmff,float32,descriptor_specific_or_dimensionless,cheap_rdkit_gasteiger_etkdg_mmff feature: v3__rd3d_getaway_208,Local RDKit/Gasteiger/ETKDG/MMFF batch calculation,empty field in CSV,0,0,False,False,False
1315,cheap__v3__rd3d_getaway_209,feature,cheap_rdkit_gasteiger_etkdg_mmff,float32,descriptor_specific_or_dimensionless,cheap_rdkit_gasteiger_etkdg_mmff feature: v3__rd3d_getaway_209,Local RDKit/Gasteiger/ETKDG/MMFF batch calculation,empty field in CSV,0,0,False,False,True
1316,cheap__v3__rd3d_getaway_210,feature,cheap_rdkit_gasteiger_etkdg_mmff,float32,descriptor_specific_or_dimensionless,cheap_rdkit_gasteiger_etkdg_mmff feature: v3__rd3d_getaway_210,Local RDKit/Gasteiger/ETKDG/MMFF batch calculation,empty field in CSV,0,0,False,False,False
1317,cheap__v3__rd3d_getaway_211,feature,cheap_rdkit_gasteiger_etkdg_mmff,float32,descriptor_specific_or_dimensionless,cheap_rdkit_gasteiger_etkdg_mmff feature: v3__rd3d_getaway_211,Local RDKit/Gasteiger/ETKDG/MMFF batch calculation,empty field in CSV,0,0,False,False,True
1318,cheap__v3__rd3d_getaway_212,feature,cheap_rdkit_gasteiger_etkdg_mmff,float32,descriptor_specific_or_dimensionless,cheap_rdkit_gasteiger_etkdg_mmff feature: v3__rd3d_getaway_212,Local RDKit/Gasteiger/ETKDG/MMFF batch calculation,empty field in CSV,0,0,False,False,True
1319,cheap__v3__rd3d_getaway_213,feature,cheap_rdkit_gasteiger_etkdg_mmff,float32,descriptor_specific_or_dimensionless,cheap_rdkit_gasteiger_etkdg_mmff feature: v3__rd3d_getaway_213,Local RDKit/Gasteiger/ETKDG/MMFF batch calculation,empty field in CSV,0,0,False,False,True
1320,cheap__v3__rd3d_getaway_214,feature,cheap_rdkit_gasteiger_etkdg_mmff,float32,descriptor_specific_or_dimensionless,cheap_rdkit_gasteiger_etkdg_mmff feature: v3__rd3d_getaway_214,Local RDKit/Gasteiger/ETKDG/MMFF batch calculation,empty field in CSV,0,0,True,True,False
1321,cheap__v3__rd3d_getaway_215,feature,cheap_rdkit_gasteiger_etkdg_mmff,float32,descriptor_specific_or_dimensionless,cheap_rdkit_gasteiger_etkdg_mmff feature: v3__rd3d_getaway_215,Local RDKit/Gasteiger/ETKDG/MMFF batch calculation,empty field in CSV,0,0,True,True,False
1322,cheap__v3__rd3d_getaway_216,feature,cheap_rdkit_gasteiger_etkdg_mmff,float32,descriptor_specific_or_dimensionless,cheap_rdkit_gasteiger_etkdg_mmff feature: v3__rd3d_getaway_216,Local RDKit/Gasteiger/ETKDG/MMFF batch calculation,empty field in CSV,0,0,False,False,False
1323,cheap__v3__rd3d_getaway_217,feature,cheap_rdkit_gasteiger_etkdg_mmff,float32,descriptor_specific_or_dimensionless,cheap_rdkit_gasteiger_etkdg_mmff feature: v3__rd3d_getaway_217,Local RDKit/Gasteiger/ETKDG/MMFF batch calculation,empty field in CSV,0,0,False,False,False
1324,cheap__v3__rd3d_getaway_218,feature,cheap_rdkit_gasteiger_etkdg_mmff,float32,descriptor_specific_or_dimensionless,cheap_rdkit_gasteiger_etkdg_mmff feature: v3__rd3d_getaway_218,Local RDKit/Gasteiger/ETKDG/MMFF batch calculation,empty field in CSV,0,0,False,False,True
1325,cheap__v3__rd3d_getaway_219,feature,cheap_rdkit_gasteiger_etkdg_mmff,float32,descriptor_specific_or_dimensionless,cheap_rdkit_gasteiger_etkdg_mmff feature: v3__rd3d_getaway_219,Local RDKit/Gasteiger/ETKDG/MMFF batch calculation,empty field in CSV,0,0,False,False,True
1326,cheap__v3__rd3d_getaway_220,feature,cheap_rdkit_gasteiger_etkdg_mmff,float32,descriptor_specific_or_dimensionless,cheap_rdkit_gasteiger_etkdg_mmff feature: v3__rd3d_getaway_220,Local RDKit/Gasteiger/ETKDG/MMFF batch calculation,empty field in CSV,0,0,False,False,False
1327,cheap__v3__rd3d_getaway_221,feature,cheap_rdkit_gasteiger_etkdg_mmff,float32,descriptor_specific_or_dimensionless,cheap_rdkit_gasteiger_etkdg_mmff feature: v3__rd3d_getaway_221,Local RDKit/Gasteiger/ETKDG/MMFF batch calculation,empty field in CSV,0,0,True,True,True
1328,cheap__v3__rd3d_getaway_222,feature,cheap_rdkit_gasteiger_etkdg_mmff,float32,descriptor_specific_or_dimensionless,cheap_rdkit_gasteiger_etkdg_mmff feature: v3__rd3d_getaway_222,Local RDKit/Gasteiger/ETKDG/MMFF batch calculation,empty field in CSV,0,0,True,True,True
1329,cheap__v3__rd3d_getaway_223,feature,cheap_rdkit_gasteiger_etkdg_mmff,float32,descriptor_specific_or_dimensionless,cheap_rdkit_gasteiger_etkdg_mmff feature: v3__rd3d_getaway_223,Local RDKit/Gasteiger/ETKDG/MMFF batch calculation,empty field in CSV,0,0,False,False,True
1330,cheap__v3__rd3d_getaway_224,feature,cheap_rdkit_gasteiger_etkdg_mmff,float32,descriptor_specific_or_dimensionless,cheap_rdkit_gasteiger_etkdg_mmff feature: v3__rd3d_getaway_224,Local RDKit/Gasteiger/ETKDG/MMFF batch calculation,empty field in CSV,0,0,False,False,True
1331,cheap__v3__rd3d_getaway_225,feature,cheap_rdkit_gasteiger_etkdg_mmff,float32,descriptor_specific_or_dimensionless,cheap_rdkit_gasteiger_etkdg_mmff feature: v3__rd3d_getaway_225,Local RDKit/Gasteiger/ETKDG/MMFF batch calculation,empty field in CSV,0,0,False,False,True
1332,cheap__v3__rd3d_getaway_226,feature,cheap_rdkit_gasteiger_etkdg_mmff,float32,descriptor_specific_or_dimensionless,cheap_rdkit_gasteiger_etkdg_mmff feature: v3__rd3d_getaway_226,Local RDKit/Gasteiger/ETKDG/MMFF batch calculation,empty field in CSV,0,0,False,False,False
1333,cheap__v3__rd3d_getaway_227,feature,cheap_rdkit_gasteiger_etkdg_mmff,float32,descriptor_specific_or_dimensionless,cheap_rdkit_gasteiger_etkdg_mmff feature: v3__rd3d_getaway_227,Local RDKit/Gasteiger/ETKDG/MMFF batch calculation,empty field in CSV,0,0,False,False,True
1334,cheap__v3__rd3d_getaway_228,feature,cheap_rdkit_gasteiger_etkdg_mmff,float32,descriptor_specific_or_dimensionless,cheap_rdkit_gasteiger_etkdg_mmff feature: v3__rd3d_getaway_228,Local RDKit/Gasteiger/ETKDG/MMFF batch calculation,empty field in CSV,0,0,False,False,False
1335,cheap__v3__rd3d_getaway_229,feature,cheap_rdkit_gasteiger_etkdg_mmff,float32,descriptor_specific_or_dimensionless,cheap_rdkit_gasteiger_etkdg_mmff feature: v3__rd3d_getaway_229,Local RDKit/Gasteiger/ETKDG/MMFF batch calculation,empty field in CSV,0,0,False,False,False
1336,cheap__v3__rd3d_getaway_230,feature,cheap_rdkit_gasteiger_etkdg_mmff,float32,descriptor_specific_or_dimensionless,cheap_rdkit_gasteiger_etkdg_mmff feature: v3__rd3d_getaway_230,Local RDKit/Gasteiger/ETKDG/MMFF batch calculation,empty field in CSV,0,0,False,False,False
1337,cheap__v3__rd3d_getaway_231,feature,cheap_rdkit_gasteiger_etkdg_mmff,float32,descriptor_specific_or_dimensionless,cheap_rdkit_gasteiger_etkdg_mmff feature: v3__rd3d_getaway_231,Local RDKit/Gasteiger/ETKDG/MMFF batch calculation,empty field in CSV,0,0,False,False,False
1338,cheap__v3__rd3d_getaway_232,feature,cheap_rdkit_gasteiger_etkdg_mmff,float32,descriptor_specific_or_dimensionless,cheap_rdkit_gasteiger_etkdg_mmff feature: v3__rd3d_getaway_232,Local RDKit/Gasteiger/ETKDG/MMFF batch calculation,empty field in CSV,0,0,False,False,False
1339,cheap__v3__rd3d_getaway_233,feature,cheap_rdkit_gasteiger_etkdg_mmff,float32,descriptor_specific_or_dimensionless,cheap_rdkit_gasteiger_etkdg_mmff feature: v3__rd3d_getaway_233,Local RDKit/Gasteiger/ETKDG/MMFF batch calculation,empty field in CSV,0,0,False,False,False
1340,cheap__v3__rd3d_getaway_234,feature,cheap_rdkit_gasteiger_etkdg_mmff,float32,descriptor_specific_or_dimensionless,cheap_rdkit_gasteiger_etkdg_mmff feature: v3__rd3d_getaway_234,Local RDKit/Gasteiger/ETKDG/MMFF batch calculation,empty field in CSV,0,0,False,False,False
1341,cheap__v3__rd3d_getaway_235,feature,cheap_rdkit_gasteiger_etkdg_mmff,float32,descriptor_specific_or_dimensionless,cheap_rdkit_gasteiger_etkdg_mmff feature: v3__rd3d_getaway_235,Local RDKit/Gasteiger/ETKDG/MMFF batch calculation,empty field in CSV,0,0,False,False,False
1342,cheap__v3__rd3d_getaway_236,feature,cheap_rdkit_gasteiger_etkdg_mmff,float32,descriptor_specific_or_dimensionless,cheap_rdkit_gasteiger_etkdg_mmff feature: v3__rd3d_getaway_236,Local RDKit/Gasteiger/ETKDG/MMFF batch calculation,empty field in CSV,0,0,False,False,False
1343,cheap__v3__rd3d_getaway_237,feature,cheap_rdkit_gasteiger_etkdg_mmff,float32,descriptor_specific_or_dimensionless,cheap_rdkit_gasteiger_etkdg_mmff feature: v3__rd3d_getaway_237,Local RDKit/Gasteiger/ETKDG/MMFF batch calculation,empty field in CSV,0,0,False,False,False
1344,cheap__v3__rd3d_getaway_238,feature,cheap_rdkit_gasteiger_etkdg_mmff,float32,descriptor_specific_or_dimensionless,cheap_rdkit_gasteiger_etkdg_mmff feature: v3__rd3d_getaway_238,Local RDKit/Gasteiger/ETKDG/MMFF batch calculation,empty field in CSV,0,0,True,True,False
1345,cheap__v3__rd3d_getaway_239,feature,cheap_rdkit_gasteiger_etkdg_mmff,float32,descriptor_specific_or_dimensionless,cheap_rdkit_gasteiger_etkdg_mmff feature: v3__rd3d_getaway_239,Local RDKit/Gasteiger/ETKDG/MMFF batch calculation,empty field in CSV,0,0,False,False,False
1346,cheap__v3__rd3d_getaway_240,feature,cheap_rdkit_gasteiger_etkdg_mmff,float32,descriptor_specific_or_dimensionless,cheap_rdkit_gasteiger_etkdg_mmff feature: v3__rd3d_getaway_240,Local RDKit/Gasteiger/ETKDG/MMFF batch calculation,empty field in CSV,0,0,False,False,False
1347,cheap__v3__rd3d_getaway_241,feature,cheap_rdkit_gasteiger_etkdg_mmff,float32,descriptor_specific_or_dimensionless,cheap_rdkit_gasteiger_etkdg_mmff feature: v3__rd3d_getaway_241,Local RDKit/Gasteiger/ETKDG/MMFF batch calculation,empty field in CSV,0,0,False,False,True
1348,cheap__v3__rd3d_getaway_242,feature,cheap_rdkit_gasteiger_etkdg_mmff,float32,descriptor_specific_or_dimensionless,cheap_rdkit_gasteiger_etkdg_mmff feature: v3__rd3d_getaway_242,Local RDKit/Gasteiger/ETKDG/MMFF batch calculation,empty field in CSV,0,0,False,False,True
1349,cheap__v3__rd3d_getaway_243,feature,cheap_rdkit_gasteiger_etkdg_mmff,float32,descriptor_specific_or_dimensionless,cheap_rdkit_gasteiger_etkdg_mmff feature: v3__rd3d_getaway_243,Local RDKit/Gasteiger/ETKDG/MMFF batch calculation,empty field in CSV,0,0,False,False,True
1350,cheap__v3__rd3d_getaway_244,feature,cheap_rdkit_gasteiger_etkdg_mmff,float32,descriptor_specific_or_dimensionless,cheap_rdkit_gasteiger_etkdg_mmff feature: v3__rd3d_getaway_244,Local RDKit/Gasteiger/ETKDG/MMFF batch calculation,empty field in CSV,0,0,False,False,False
1351,cheap__v3__rd3d_getaway_245,feature,cheap_rdkit_gasteiger_etkdg_mmff,float32,descriptor_specific_or_dimensionless,cheap_rdkit_gasteiger_etkdg_mmff feature: v3__rd3d_getaway_245,Local RDKit/Gasteiger/ETKDG/MMFF batch calculation,empty field in CSV,0,0,False,False,True
1352,cheap__v3__rd3d_getaway_246,feature,cheap_rdkit_gasteiger_etkdg_mmff,float32,descriptor_specific_or_dimensionless,cheap_rdkit_gasteiger_etkdg_mmff feature: v3__rd3d_getaway_246,Local RDKit/Gasteiger/ETKDG/MMFF batch calculation,empty field in CSV,0,0,False,False,False
1353,cheap__v3__rd3d_getaway_247,feature,cheap_rdkit_gasteiger_etkdg_mmff,float32,descriptor_specific_or_dimensionless,cheap_rdkit_gasteiger_etkdg_mmff feature: v3__rd3d_getaway_247,Local RDKit/Gasteiger/ETKDG/MMFF batch calculation,empty field in CSV,0,0,False,False,True
1354,cheap__v3__rd3d_getaway_248,feature,cheap_rdkit_gasteiger_etkdg_mmff,float32,descriptor_specific_or_dimensionless,cheap_rdkit_gasteiger_etkdg_mmff feature: v3__rd3d_getaway_248,Local RDKit/Gasteiger/ETKDG/MMFF batch calculation,empty field in CSV,0,0,False,False,True
1355,cheap__v3__rd3d_getaway_249,feature,cheap_rdkit_gasteiger_etkdg_mmff,float32,descriptor_specific_or_dimensionless,cheap_rdkit_gasteiger_etkdg_mmff feature: v3__rd3d_getaway_249,Local RDKit/Gasteiger/ETKDG/MMFF batch calculation,empty field in CSV,0,0,False,False,True
1356,cheap__v3__rd3d_getaway_250,feature,cheap_rdkit_gasteiger_etkdg_mmff,float32,descriptor_specific_or_dimensionless,cheap_rdkit_gasteiger_etkdg_mmff feature: v3__rd3d_getaway_250,Local RDKit/Gasteiger/ETKDG/MMFF batch calculation,empty field in CSV,0,0,True,True,False
1357,cheap__v3__rd3d_getaway_251,feature,cheap_rdkit_gasteiger_etkdg_mmff,float32,descriptor_specific_or_dimensionless,cheap_rdkit_gasteiger_etkdg_mmff feature: v3__rd3d_getaway_251,Local RDKit/Gasteiger/ETKDG/MMFF batch calculation,empty field in CSV,0,0,False,False,False
1358,cheap__v3__rd3d_getaway_252,feature,cheap_rdkit_gasteiger_etkdg_mmff,float32,descriptor_specific_or_dimensionless,cheap_rdkit_gasteiger_etkdg_mmff feature: v3__rd3d_getaway_252,Local RDKit/Gasteiger/ETKDG/MMFF batch calculation,empty field in CSV,0,0,False,False,False
1359,cheap__v3__rd3d_getaway_253,feature,cheap_rdkit_gasteiger_etkdg_mmff,float32,descriptor_specific_or_dimensionless,cheap_rdkit_gasteiger_etkdg_mmff feature: v3__rd3d_getaway_253,Local RDKit/Gasteiger/ETKDG/MMFF batch calculation,empty field in CSV,0,0,False,False,False
1360,cheap__v3__rd3d_getaway_254,feature,cheap_rdkit_gasteiger_etkdg_mmff,float32,descriptor_specific_or_dimensionless,cheap_rdkit_gasteiger_etkdg_mmff feature: v3__rd3d_getaway_254,Local RDKit/Gasteiger/ETKDG/MMFF batch calculation,empty field in CSV,0,0,False,False,True
1361,cheap__v3__rd3d_getaway_255,feature,cheap_rdkit_gasteiger_etkdg_mmff,float32,descriptor_specific_or_dimensionless,cheap_rdkit_gasteiger_etkdg_mmff feature: v3__rd3d_getaway_255,Local RDKit/Gasteiger/ETKDG/MMFF batch calculation,empty field in CSV,0,0,True,True,False
1362,cheap__v3__rd3d_getaway_256,feature,cheap_rdkit_gasteiger_etkdg_mmff,float32,descriptor_specific_or_dimensionless,cheap_rdkit_gasteiger_etkdg_mmff feature: v3__rd3d_getaway_256,Local RDKit/Gasteiger/ETKDG/MMFF batch calculation,empty field in CSV,0,0,False,False,False
1363,cheap__v3__rd3d_getaway_257,feature,cheap_rdkit_gasteiger_etkdg_mmff,float32,descriptor_specific_or_dimensionless,cheap_rdkit_gasteiger_etkdg_mmff feature: v3__rd3d_getaway_257,Local RDKit/Gasteiger/ETKDG/MMFF batch calculation,empty field in CSV,0,0,False,False,False
1364,cheap__v3__rd3d_getaway_258,feature,cheap_rdkit_gasteiger_etkdg_mmff,float32,descriptor_specific_or_dimensionless,cheap_rdkit_gasteiger_etkdg_mmff feature: v3__rd3d_getaway_258,Local RDKit/Gasteiger/ETKDG/MMFF batch calculation,empty field in CSV,0,0,False,False,False
1365,cheap__v3__rd3d_getaway_259,feature,cheap_rdkit_gasteiger_etkdg_mmff,float32,descriptor_specific_or_dimensionless,cheap_rdkit_gasteiger_etkdg_mmff feature: v3__rd3d_getaway_259,Local RDKit/Gasteiger/ETKDG/MMFF batch calculation,empty field in CSV,0,0,True,True,False
1366,cheap__v3__rd3d_getaway_260,feature,cheap_rdkit_gasteiger_etkdg_mmff,float32,descriptor_specific_or_dimensionless,cheap_rdkit_gasteiger_etkdg_mmff feature: v3__rd3d_getaway_260,Local RDKit/Gasteiger/ETKDG/MMFF batch calculation,empty field in CSV,0,0,True,True,False
1367,cheap__v3__rd3d_getaway_261,feature,cheap_rdkit_gasteiger_etkdg_mmff,float32,descriptor_specific_or_dimensionless,cheap_rdkit_gasteiger_etkdg_mmff feature: v3__rd3d_getaway_261,Local RDKit/Gasteiger/ETKDG/MMFF batch calculation,empty field in CSV,0,0,False,False,False
1368,cheap__v3__rd3d_getaway_262,feature,cheap_rdkit_gasteiger_etkdg_mmff,float32,descriptor_specific_or_dimensionless,cheap_rdkit_gasteiger_etkdg_mmff feature: v3__rd3d_getaway_262,Local RDKit/Gasteiger/ETKDG/MMFF batch calculation,empty field in CSV,0,0,False,False,False
1369,cheap__v3__rd3d_getaway_263,feature,cheap_rdkit_gasteiger_etkdg_mmff,float32,descriptor_specific_or_dimensionless,cheap_rdkit_gasteiger_etkdg_mmff feature: v3__rd3d_getaway_263,Local RDKit/Gasteiger/ETKDG/MMFF batch calculation,empty field in CSV,0,0,False,False,False
1370,cheap__v3__rd3d_getaway_264,feature,cheap_rdkit_gasteiger_etkdg_mmff,float32,descriptor_specific_or_dimensionless,cheap_rdkit_gasteiger_etkdg_mmff feature: v3__rd3d_getaway_264,Local RDKit/Gasteiger/ETKDG/MMFF batch calculation,empty field in CSV,0,0,True,True,False
1371,cheap__v3__rd3d_getaway_265,feature,cheap_rdkit_gasteiger_etkdg_mmff,float32,descriptor_specific_or_dimensionless,cheap_rdkit_gasteiger_etkdg_mmff feature: v3__rd3d_getaway_265,Local RDKit/Gasteiger/ETKDG/MMFF batch calculation,empty field in CSV,0,0,False,False,False
1372,cheap__v3__rd3d_getaway_266,feature,cheap_rdkit_gasteiger_etkdg_mmff,float32,descriptor_specific_or_dimensionless,cheap_rdkit_gasteiger_etkdg_mmff feature: v3__rd3d_getaway_266,Local RDKit/Gasteiger/ETKDG/MMFF batch calculation,empty field in CSV,0,0,False,False,False
1373,cheap__v3__rd3d_getaway_267,feature,cheap_rdkit_gasteiger_etkdg_mmff,float32,descriptor_specific_or_dimensionless,cheap_rdkit_gasteiger_etkdg_mmff feature: v3__rd3d_getaway_267,Local RDKit/Gasteiger/ETKDG/MMFF batch calculation,empty field in CSV,0,0,False,False,False
1374,cheap__v3__rd3d_getaway_268,feature,cheap_rdkit_gasteiger_etkdg_mmff,float32,descriptor_specific_or_dimensionless,cheap_rdkit_gasteiger_etkdg_mmff feature: v3__rd3d_getaway_268,Local RDKit/Gasteiger/ETKDG/MMFF batch calculation,empty field in CSV,0,0,True,True,False
1375,cheap__v3__rd3d_getaway_269,feature,cheap_rdkit_gasteiger_etkdg_mmff,float32,descriptor_specific_or_dimensionless,cheap_rdkit_gasteiger_etkdg_mmff feature: v3__rd3d_getaway_269,Local RDKit/Gasteiger/ETKDG/MMFF batch calculation,empty field in CSV,0,0,True,True,False
1376,cheap__v3__rd3d_getaway_270,feature,cheap_rdkit_gasteiger_etkdg_mmff,float32,descriptor_specific_or_dimensionless,cheap_rdkit_gasteiger_etkdg_mmff feature: v3__rd3d_getaway_270,Local RDKit/Gasteiger/ETKDG/MMFF batch calculation,empty field in CSV,0,0,False,False,False
1377,cheap__v3__rd3d_getaway_271,feature,cheap_rdkit_gasteiger_etkdg_mmff,float32,descriptor_specific_or_dimensionless,cheap_rdkit_gasteiger_etkdg_mmff feature: v3__rd3d_getaway_271,Local RDKit/Gasteiger/ETKDG/MMFF batch calculation,empty field in CSV,0,0,False,False,False
1378,cheap__v3__rd3d_getaway_272,feature,cheap_rdkit_gasteiger_etkdg_mmff,float32,descriptor_specific_or_dimensionless,cheap_rdkit_gasteiger_etkdg_mmff feature: v3__rd3d_getaway_272,Local RDKit/Gasteiger/ETKDG/MMFF batch calculation,empty field in CSV,0,0,False,False,False
1379,cheap__v4__v4_mol_ok,feature,cheap_rdkit_gasteiger_etkdg_mmff,float32,descriptor_specific_or_dimensionless,cheap_rdkit_gasteiger_etkdg_mmff feature: v4__v4_mol_ok,Local RDKit/Gasteiger/ETKDG/MMFF batch calculation,empty field in CSV,0,0,False,False,False
1380,cheap__v4__v4_gasteiger_ok,feature,cheap_rdkit_gasteiger_etkdg_mmff,float32,descriptor_specific_or_dimensionless,cheap_rdkit_gasteiger_etkdg_mmff feature: v4__v4_gasteiger_ok,Local RDKit/Gasteiger/ETKDG/MMFF batch calculation,empty field in CSV,0,0,False,False,False
1381,cheap__v4__v4_mmff_charge_ok,feature,cheap_rdkit_gasteiger_etkdg_mmff,float32,descriptor_specific_or_dimensionless,cheap_rdkit_gasteiger_etkdg_mmff feature: v4__v4_mmff_charge_ok,Local RDKit/Gasteiger/ETKDG/MMFF batch calculation,empty field in CSV,0,0,False,False,False
1382,cheap__v4__v4_mmff_param_ok,feature,cheap_rdkit_gasteiger_etkdg_mmff,float32,descriptor_specific_or_dimensionless,cheap_rdkit_gasteiger_etkdg_mmff feature: v4__v4_mmff_param_ok,Local RDKit/Gasteiger/ETKDG/MMFF batch calculation,empty field in CSV,0,0,False,False,False
1383,cheap__v4__v4_gast_q_min,feature,cheap_rdkit_gasteiger_etkdg_mmff,float32,descriptor_specific_or_dimensionless,cheap_rdkit_gasteiger_etkdg_mmff feature: v4__v4_gast_q_min,Local RDKit/Gasteiger/ETKDG/MMFF batch calculation,empty field in CSV,0,0,False,False,False
1384,cheap__v4__v4_gast_q_max,feature,cheap_rdkit_gasteiger_etkdg_mmff,float32,descriptor_specific_or_dimensionless,cheap_rdkit_gasteiger_etkdg_mmff feature: v4__v4_gast_q_max,Local RDKit/Gasteiger/ETKDG/MMFF batch calculation,empty field in CSV,0,0,False,False,False
1385,cheap__v4__v4_gast_q_range,feature,cheap_rdkit_gasteiger_etkdg_mmff,float32,descriptor_specific_or_dimensionless,cheap_rdkit_gasteiger_etkdg_mmff feature: v4__v4_gast_q_range,Local RDKit/Gasteiger/ETKDG/MMFF batch calculation,empty field in CSV,0,0,False,False,False
1386,cheap__v4__v4_gast_q_std,feature,cheap_rdkit_gasteiger_etkdg_mmff,float32,descriptor_specific_or_dimensionless,cheap_rdkit_gasteiger_etkdg_mmff feature: v4__v4_gast_q_std,Local RDKit/Gasteiger/ETKDG/MMFF batch calculation,empty field in CSV,0,0,False,False,True
1387,cheap__v4__v4_gast_q_abs_sum,feature,cheap_rdkit_gasteiger_etkdg_mmff,float32,descriptor_specific_or_dimensionless,cheap_rdkit_gasteiger_etkdg_mmff feature: v4__v4_gast_q_abs_sum,Local RDKit/Gasteiger/ETKDG/MMFF batch calculation,empty field in CSV,0,0,False,False,False
1388,cheap__v4__v4_gast_q_pos_sum,feature,cheap_rdkit_gasteiger_etkdg_mmff,float32,descriptor_specific_or_dimensionless,cheap_rdkit_gasteiger_etkdg_mmff feature: v4__v4_gast_q_pos_sum,Local RDKit/Gasteiger/ETKDG/MMFF batch calculation,empty field in CSV,0,0,False,False,False
1389,cheap__v4__v4_gast_q_neg_sum,feature,cheap_rdkit_gasteiger_etkdg_mmff,float32,descriptor_specific_or_dimensionless,cheap_rdkit_gasteiger_etkdg_mmff feature: v4__v4_gast_q_neg_sum,Local RDKit/Gasteiger/ETKDG/MMFF batch calculation,empty field in CSV,0,0,False,False,False
1390,cheap__v4__v4_gast_q_heavy_std,feature,cheap_rdkit_gasteiger_etkdg_mmff,float32,descriptor_specific_or_dimensionless,cheap_rdkit_gasteiger_etkdg_mmff feature: v4__v4_gast_q_heavy_std,Local RDKit/Gasteiger/ETKDG/MMFF batch calculation,empty field in CSV,0,0,False,False,True
1391,cheap__v4__v4_gast_q_heavy_abs_sum,feature,cheap_rdkit_gasteiger_etkdg_mmff,float32,descriptor_specific_or_dimensionless,cheap_rdkit_gasteiger_etkdg_mmff feature: v4__v4_gast_q_heavy_abs_sum,Local RDKit/Gasteiger/ETKDG/MMFF batch calculation,empty field in CSV,0,0,False,False,False
1392,cheap__v4__v4_gast_q_C_sum,feature,cheap_rdkit_gasteiger_etkdg_mmff,float32,descriptor_specific_or_dimensionless,cheap_rdkit_gasteiger_etkdg_mmff feature: v4__v4_gast_q_C_sum,Local RDKit/Gasteiger/ETKDG/MMFF batch calculation,empty field in CSV,0,0,False,False,False
1393,cheap__v4__v4_gast_q_C_abs_sum,feature,cheap_rdkit_gasteiger_etkdg_mmff,float32,descriptor_specific_or_dimensionless,cheap_rdkit_gasteiger_etkdg_mmff feature: v4__v4_gast_q_C_abs_sum,Local RDKit/Gasteiger/ETKDG/MMFF batch calculation,empty field in CSV,0,0,False,False,False
1394,cheap__v4__v4_gast_q_C_mean,feature,cheap_rdkit_gasteiger_etkdg_mmff,float32,descriptor_specific_or_dimensionless,cheap_rdkit_gasteiger_etkdg_mmff feature: v4__v4_gast_q_C_mean,Local RDKit/Gasteiger/ETKDG/MMFF batch calculation,empty field in CSV,0,0,False,False,True
1395,cheap__v4__v4_gast_q_C_std,feature,cheap_rdkit_gasteiger_etkdg_mmff,float32,descriptor_specific_or_dimensionless,cheap_rdkit_gasteiger_etkdg_mmff feature: v4__v4_gast_q_C_std,Local RDKit/Gasteiger/ETKDG/MMFF batch calculation,empty field in CSV,0,0,False,False,False
1396,cheap__v4__v4_gast_q_N_sum,feature,cheap_rdkit_gasteiger_etkdg_mmff,float32,count,cheap_rdkit_gasteiger_etkdg_mmff feature: v4__v4_gast_q_N_sum,Local RDKit/Gasteiger/ETKDG/MMFF batch calculation,empty field in CSV,0,0,True,True,False
1397,cheap__v4__v4_gast_q_N_abs_sum,feature,cheap_rdkit_gasteiger_etkdg_mmff,float32,count,cheap_rdkit_gasteiger_etkdg_mmff feature: v4__v4_gast_q_N_abs_sum,Local RDKit/Gasteiger/ETKDG/MMFF batch calculation,empty field in CSV,0,0,True,True,False
1398,cheap__v4__v4_gast_q_N_mean,feature,cheap_rdkit_gasteiger_etkdg_mmff,float32,count,cheap_rdkit_gasteiger_etkdg_mmff feature: v4__v4_gast_q_N_mean,Local RDKit/Gasteiger/ETKDG/MMFF batch calculation,empty field in CSV,0,0,True,True,False
1399,cheap__v4__v4_gast_q_N_std,feature,cheap_rdkit_gasteiger_etkdg_mmff,float32,count,cheap_rdkit_gasteiger_etkdg_mmff feature: v4__v4_gast_q_N_std,Local RDKit/Gasteiger/ETKDG/MMFF batch calculation,empty field in CSV,0,0,True,True,False
1400,cheap__v4__v4_gast_q_O_sum,feature,cheap_rdkit_gasteiger_etkdg_mmff,float32,descriptor_specific_or_dimensionless,cheap_rdkit_gasteiger_etkdg_mmff feature: v4__v4_gast_q_O_sum,Local RDKit/Gasteiger/ETKDG/MMFF batch calculation,empty field in CSV,0,0,False,False,False
1401,cheap__v4__v4_gast_q_O_abs_sum,feature,cheap_rdkit_gasteiger_etkdg_mmff,float32,descriptor_specific_or_dimensionless,cheap_rdkit_gasteiger_etkdg_mmff feature: v4__v4_gast_q_O_abs_sum,Local RDKit/Gasteiger/ETKDG/MMFF batch calculation,empty field in CSV,0,0,False,False,False
1402,cheap__v4__v4_gast_q_O_mean,feature,cheap_rdkit_gasteiger_etkdg_mmff,float32,descriptor_specific_or_dimensionless,cheap_rdkit_gasteiger_etkdg_mmff feature: v4__v4_gast_q_O_mean,Local RDKit/Gasteiger/ETKDG/MMFF batch calculation,empty field in CSV,0,0,True,True,False
1403,cheap__v4__v4_gast_q_O_std,feature,cheap_rdkit_gasteiger_etkdg_mmff,float32,descriptor_specific_or_dimensionless,cheap_rdkit_gasteiger_etkdg_mmff feature: v4__v4_gast_q_O_std,Local RDKit/Gasteiger/ETKDG/MMFF batch calculation,empty field in CSV,0,0,False,False,False
1404,cheap__v4__v4_gast_q_F_sum,feature,cheap_rdkit_gasteiger_etkdg_mmff,float32,descriptor_specific_or_dimensionless,cheap_rdkit_gasteiger_etkdg_mmff feature: v4__v4_gast_q_F_sum,Local RDKit/Gasteiger/ETKDG/MMFF batch calculation,empty field in CSV,0,0,True,True,False
1405,cheap__v4__v4_gast_q_F_abs_sum,feature,cheap_rdkit_gasteiger_etkdg_mmff,float32,descriptor_specific_or_dimensionless,cheap_rdkit_gasteiger_etkdg_mmff feature: v4__v4_gast_q_F_abs_sum,Local RDKit/Gasteiger/ETKDG/MMFF batch calculation,empty field in CSV,0,0,True,True,False
1406,cheap__v4__v4_gast_q_F_mean,feature,cheap_rdkit_gasteiger_etkdg_mmff,float32,descriptor_specific_or_dimensionless,cheap_rdkit_gasteiger_etkdg_mmff feature: v4__v4_gast_q_F_mean,Local RDKit/Gasteiger/ETKDG/MMFF batch calculation,empty field in CSV,0,0,True,True,False
1407,cheap__v4__v4_gast_q_F_std,feature,cheap_rdkit_gasteiger_etkdg_mmff,float32,descriptor_specific_or_dimensionless,cheap_rdkit_gasteiger_etkdg_mmff feature: v4__v4_gast_q_F_std,Local RDKit/Gasteiger/ETKDG/MMFF batch calculation,empty field in CSV,0,0,False,False,False
1408,cheap__v4__v4_gast_q_Si_sum,feature,cheap_rdkit_gasteiger_etkdg_mmff,float32,descriptor_specific_or_dimensionless,cheap_rdkit_gasteiger_etkdg_mmff feature: v4__v4_gast_q_Si_sum,Local RDKit/Gasteiger/ETKDG/MMFF batch calculation,empty field in CSV,0,0,False,False,False
1409,cheap__v4__v4_gast_q_Si_abs_sum,feature,cheap_rdkit_gasteiger_etkdg_mmff,float32,descriptor_specific_or_dimensionless,cheap_rdkit_gasteiger_etkdg_mmff feature: v4__v4_gast_q_Si_abs_sum,Local RDKit/Gasteiger/ETKDG/MMFF batch calculation,empty field in CSV,0,0,False,False,False
1410,cheap__v4__v4_gast_q_Si_mean,feature,cheap_rdkit_gasteiger_etkdg_mmff,float32,descriptor_specific_or_dimensionless,cheap_rdkit_gasteiger_etkdg_mmff feature: v4__v4_gast_q_Si_mean,Local RDKit/Gasteiger/ETKDG/MMFF batch calculation,empty field in CSV,0,0,False,False,False
1411,cheap__v4__v4_gast_q_Si_std,feature,cheap_rdkit_gasteiger_etkdg_mmff,float32,descriptor_specific_or_dimensionless,cheap_rdkit_gasteiger_etkdg_mmff feature: v4__v4_gast_q_Si_std,Local RDKit/Gasteiger/ETKDG/MMFF batch calculation,empty field in CSV,0,0,False,False,False
1412,cheap__v4__v4_gast_q_P_sum,feature,cheap_rdkit_gasteiger_etkdg_mmff,float32,descriptor_specific_or_dimensionless,cheap_rdkit_gasteiger_etkdg_mmff feature: v4__v4_gast_q_P_sum,Local RDKit/Gasteiger/ETKDG/MMFF batch calculation,empty field in CSV,0,0,False,False,False
1413,cheap__v4__v4_gast_q_P_abs_sum,feature,cheap_rdkit_gasteiger_etkdg_mmff,float32,descriptor_specific_or_dimensionless,cheap_rdkit_gasteiger_etkdg_mmff feature: v4__v4_gast_q_P_abs_sum,Local RDKit/Gasteiger/ETKDG/MMFF batch calculation,empty field in CSV,0,0,False,False,False
1414,cheap__v4__v4_gast_q_P_mean,feature,cheap_rdkit_gasteiger_etkdg_mmff,float32,descriptor_specific_or_dimensionless,cheap_rdkit_gasteiger_etkdg_mmff feature: v4__v4_gast_q_P_mean,Local RDKit/Gasteiger/ETKDG/MMFF batch calculation,empty field in CSV,0,0,False,False,False
1415,cheap__v4__v4_gast_q_P_std,feature,cheap_rdkit_gasteiger_etkdg_mmff,float32,descriptor_specific_or_dimensionless,cheap_rdkit_gasteiger_etkdg_mmff feature: v4__v4_gast_q_P_std,Local RDKit/Gasteiger/ETKDG/MMFF batch calculation,empty field in CSV,0,0,False,False,False
1416,cheap__v4__v4_gast_q_S_sum,feature,cheap_rdkit_gasteiger_etkdg_mmff,float32,descriptor_specific_or_dimensionless,cheap_rdkit_gasteiger_etkdg_mmff feature: v4__v4_gast_q_S_sum,Local RDKit/Gasteiger/ETKDG/MMFF batch calculation,empty field in CSV,0,0,True,True,False
1417,cheap__v4__v4_gast_q_S_abs_sum,feature,cheap_rdkit_gasteiger_etkdg_mmff,float32,descriptor_specific_or_dimensionless,cheap_rdkit_gasteiger_etkdg_mmff feature: v4__v4_gast_q_S_abs_sum,Local RDKit/Gasteiger/ETKDG/MMFF batch calculation,empty field in CSV,0,0,False,False,False
1418,cheap__v4__v4_gast_q_S_mean,feature,cheap_rdkit_gasteiger_etkdg_mmff,float32,descriptor_specific_or_dimensionless,cheap_rdkit_gasteiger_etkdg_mmff feature: v4__v4_gast_q_S_mean,Local RDKit/Gasteiger/ETKDG/MMFF batch calculation,empty field in CSV,0,0,True,True,False
1419,cheap__v4__v4_gast_q_S_std,feature,cheap_rdkit_gasteiger_etkdg_mmff,float32,descriptor_specific_or_dimensionless,cheap_rdkit_gasteiger_etkdg_mmff feature: v4__v4_gast_q_S_std,Local RDKit/Gasteiger/ETKDG/MMFF batch calculation,empty field in CSV,0,0,False,False,False
1420,cheap__v4__v4_gast_q_Cl_sum,feature,cheap_rdkit_gasteiger_etkdg_mmff,float32,descriptor_specific_or_dimensionless,cheap_rdkit_gasteiger_etkdg_mmff feature: v4__v4_gast_q_Cl_sum,Local RDKit/Gasteiger/ETKDG/MMFF batch calculation,empty field in CSV,0,0,False,False,False
1421,cheap__v4__v4_gast_q_Cl_abs_sum,feature,cheap_rdkit_gasteiger_etkdg_mmff,float32,descriptor_specific_or_dimensionless,cheap_rdkit_gasteiger_etkdg_mmff feature: v4__v4_gast_q_Cl_abs_sum,Local RDKit/Gasteiger/ETKDG/MMFF batch calculation,empty field in CSV,0,0,False,False,False
1422,cheap__v4__v4_gast_q_Cl_mean,feature,cheap_rdkit_gasteiger_etkdg_mmff,float32,descriptor_specific_or_dimensionless,cheap_rdkit_gasteiger_etkdg_mmff feature: v4__v4_gast_q_Cl_mean,Local RDKit/Gasteiger/ETKDG/MMFF batch calculation,empty field in CSV,0,0,False,False,False
1423,cheap__v4__v4_gast_q_Cl_std,feature,cheap_rdkit_gasteiger_etkdg_mmff,float32,descriptor_specific_or_dimensionless,cheap_rdkit_gasteiger_etkdg_mmff feature: v4__v4_gast_q_Cl_std,Local RDKit/Gasteiger/ETKDG/MMFF batch calculation,empty field in CSV,0,0,False,False,False
1424,cheap__v4__v4_gast_q_Br_sum,feature,cheap_rdkit_gasteiger_etkdg_mmff,float32,descriptor_specific_or_dimensionless,cheap_rdkit_gasteiger_etkdg_mmff feature: v4__v4_gast_q_Br_sum,Local RDKit/Gasteiger/ETKDG/MMFF batch calculation,empty field in CSV,0,0,False,False,False
1425,cheap__v4__v4_gast_q_Br_abs_sum,feature,cheap_rdkit_gasteiger_etkdg_mmff,float32,descriptor_specific_or_dimensionless,cheap_rdkit_gasteiger_etkdg_mmff feature: v4__v4_gast_q_Br_abs_sum,Local RDKit/Gasteiger/ETKDG/MMFF batch calculation,empty field in CSV,0,0,False,False,False
1426,cheap__v4__v4_gast_q_Br_mean,feature,cheap_rdkit_gasteiger_etkdg_mmff,float32,descriptor_specific_or_dimensionless,cheap_rdkit_gasteiger_etkdg_mmff feature: v4__v4_gast_q_Br_mean,Local RDKit/Gasteiger/ETKDG/MMFF batch calculation,empty field in CSV,0,0,False,False,False
1427,cheap__v4__v4_gast_q_Br_std,feature,cheap_rdkit_gasteiger_etkdg_mmff,float32,descriptor_specific_or_dimensionless,cheap_rdkit_gasteiger_etkdg_mmff feature: v4__v4_gast_q_Br_std,Local RDKit/Gasteiger/ETKDG/MMFF batch calculation,empty field in CSV,0,0,False,False,False
1428,cheap__v4__v4_mmffq_q_min,feature,cheap_rdkit_gasteiger_etkdg_mmff,float32,descriptor_specific_or_dimensionless,cheap_rdkit_gasteiger_etkdg_mmff feature: v4__v4_mmffq_q_min,Local RDKit/Gasteiger/ETKDG/MMFF batch calculation,empty field in CSV,0,0,True,True,False
1429,cheap__v4__v4_mmffq_q_max,feature,cheap_rdkit_gasteiger_etkdg_mmff,float32,descriptor_specific_or_dimensionless,cheap_rdkit_gasteiger_etkdg_mmff feature: v4__v4_mmffq_q_max,Local RDKit/Gasteiger/ETKDG/MMFF batch calculation,empty field in CSV,0,0,True,True,False
1430,cheap__v4__v4_mmffq_q_range,feature,cheap_rdkit_gasteiger_etkdg_mmff,float32,descriptor_specific_or_dimensionless,cheap_rdkit_gasteiger_etkdg_mmff feature: v4__v4_mmffq_q_range,Local RDKit/Gasteiger/ETKDG/MMFF batch calculation,empty field in CSV,0,0,True,True,False
1431,cheap__v4__v4_mmffq_q_std,feature,cheap_rdkit_gasteiger_etkdg_mmff,float32,descriptor_specific_or_dimensionless,cheap_rdkit_gasteiger_etkdg_mmff feature: v4__v4_mmffq_q_std,Local RDKit/Gasteiger/ETKDG/MMFF batch calculation,empty field in CSV,0,0,True,True,False
1432,cheap__v4__v4_mmffq_q_abs_sum,feature,cheap_rdkit_gasteiger_etkdg_mmff,float32,descriptor_specific_or_dimensionless,cheap_rdkit_gasteiger_etkdg_mmff feature: v4__v4_mmffq_q_abs_sum,Local RDKit/Gasteiger/ETKDG/MMFF batch calculation,empty field in CSV,0,0,True,True,False
1433,cheap__v4__v4_mmffq_q_pos_sum,feature,cheap_rdkit_gasteiger_etkdg_mmff,float32,descriptor_specific_or_dimensionless,cheap_rdkit_gasteiger_etkdg_mmff feature: v4__v4_mmffq_q_pos_sum,Local RDKit/Gasteiger/ETKDG/MMFF batch calculation,empty field in CSV,0,0,True,True,False
1434,cheap__v4__v4_mmffq_q_neg_sum,feature,cheap_rdkit_gasteiger_etkdg_mmff,float32,descriptor_specific_or_dimensionless,cheap_rdkit_gasteiger_etkdg_mmff feature: v4__v4_mmffq_q_neg_sum,Local RDKit/Gasteiger/ETKDG/MMFF batch calculation,empty field in CSV,0,0,True,True,False
1435,cheap__v4__v4_mmffq_q_heavy_std,feature,cheap_rdkit_gasteiger_etkdg_mmff,float32,descriptor_specific_or_dimensionless,cheap_rdkit_gasteiger_etkdg_mmff feature: v4__v4_mmffq_q_heavy_std,Local RDKit/Gasteiger/ETKDG/MMFF batch calculation,empty field in CSV,0,0,True,True,False
1436,cheap__v4__v4_mmffq_q_heavy_abs_sum,feature,cheap_rdkit_gasteiger_etkdg_mmff,float32,descriptor_specific_or_dimensionless,cheap_rdkit_gasteiger_etkdg_mmff feature: v4__v4_mmffq_q_heavy_abs_sum,Local RDKit/Gasteiger/ETKDG/MMFF batch calculation,empty field in CSV,0,0,True,True,False
1437,cheap__v4__v4_mmffq_q_C_sum,feature,cheap_rdkit_gasteiger_etkdg_mmff,float32,descriptor_specific_or_dimensionless,cheap_rdkit_gasteiger_etkdg_mmff feature: v4__v4_mmffq_q_C_sum,Local RDKit/Gasteiger/ETKDG/MMFF batch calculation,empty field in CSV,0,0,True,True,False
1438,cheap__v4__v4_mmffq_q_C_abs_sum,feature,cheap_rdkit_gasteiger_etkdg_mmff,float32,descriptor_specific_or_dimensionless,cheap_rdkit_gasteiger_etkdg_mmff feature: v4__v4_mmffq_q_C_abs_sum,Local RDKit/Gasteiger/ETKDG/MMFF batch calculation,empty field in CSV,0,0,True,True,False
1439,cheap__v4__v4_mmffq_q_C_mean,feature,cheap_rdkit_gasteiger_etkdg_mmff,float32,descriptor_specific_or_dimensionless,cheap_rdkit_gasteiger_etkdg_mmff feature: v4__v4_mmffq_q_C_mean,Local RDKit/Gasteiger/ETKDG/MMFF batch calculation,empty field in CSV,0,0,False,False,True
1440,cheap__v4__v4_mmffq_q_C_std,feature,cheap_rdkit_gasteiger_etkdg_mmff,float32,descriptor_specific_or_dimensionless,cheap_rdkit_gasteiger_etkdg_mmff feature: v4__v4_mmffq_q_C_std,Local RDKit/Gasteiger/ETKDG/MMFF batch calculation,empty field in CSV,0,0,False,False,False
1441,cheap__v4__v4_mmffq_q_N_sum,feature,cheap_rdkit_gasteiger_etkdg_mmff,float32,count,cheap_rdkit_gasteiger_etkdg_mmff feature: v4__v4_mmffq_q_N_sum,Local RDKit/Gasteiger/ETKDG/MMFF batch calculation,empty field in CSV,0,0,True,True,False
1442,cheap__v4__v4_mmffq_q_N_abs_sum,feature,cheap_rdkit_gasteiger_etkdg_mmff,float32,count,cheap_rdkit_gasteiger_etkdg_mmff feature: v4__v4_mmffq_q_N_abs_sum,Local RDKit/Gasteiger/ETKDG/MMFF batch calculation,empty field in CSV,0,0,True,True,False
1443,cheap__v4__v4_mmffq_q_N_mean,feature,cheap_rdkit_gasteiger_etkdg_mmff,float32,count,cheap_rdkit_gasteiger_etkdg_mmff feature: v4__v4_mmffq_q_N_mean,Local RDKit/Gasteiger/ETKDG/MMFF batch calculation,empty field in CSV,0,0,True,True,False
1444,cheap__v4__v4_mmffq_q_N_std,feature,cheap_rdkit_gasteiger_etkdg_mmff,float32,count,cheap_rdkit_gasteiger_etkdg_mmff feature: v4__v4_mmffq_q_N_std,Local RDKit/Gasteiger/ETKDG/MMFF batch calculation,empty field in CSV,0,0,True,True,False
1445,cheap__v4__v4_mmffq_q_O_sum,feature,cheap_rdkit_gasteiger_etkdg_mmff,float32,descriptor_specific_or_dimensionless,cheap_rdkit_gasteiger_etkdg_mmff feature: v4__v4_mmffq_q_O_sum,Local RDKit/Gasteiger/ETKDG/MMFF batch calculation,empty field in CSV,0,0,False,False,False
1446,cheap__v4__v4_mmffq_q_O_abs_sum,feature,cheap_rdkit_gasteiger_etkdg_mmff,float32,descriptor_specific_or_dimensionless,cheap_rdkit_gasteiger_etkdg_mmff feature: v4__v4_mmffq_q_O_abs_sum,Local RDKit/Gasteiger/ETKDG/MMFF batch calculation,empty field in CSV,0,0,False,False,False
1447,cheap__v4__v4_mmffq_q_O_mean,feature,cheap_rdkit_gasteiger_etkdg_mmff,float32,descriptor_specific_or_dimensionless,cheap_rdkit_gasteiger_etkdg_mmff feature: v4__v4_mmffq_q_O_mean,Local RDKit/Gasteiger/ETKDG/MMFF batch calculation,empty field in CSV,0,0,False,False,False
1448,cheap__v4__v4_mmffq_q_O_std,feature,cheap_rdkit_gasteiger_etkdg_mmff,float32,descriptor_specific_or_dimensionless,cheap_rdkit_gasteiger_etkdg_mmff feature: v4__v4_mmffq_q_O_std,Local RDKit/Gasteiger/ETKDG/MMFF batch calculation,empty field in CSV,0,0,False,False,False
1449,cheap__v4__v4_mmffq_q_F_sum,feature,cheap_rdkit_gasteiger_etkdg_mmff,float32,descriptor_specific_or_dimensionless,cheap_rdkit_gasteiger_etkdg_mmff feature: v4__v4_mmffq_q_F_sum,Local RDKit/Gasteiger/ETKDG/MMFF batch calculation,empty field in CSV,0,0,True,True,False
1450,cheap__v4__v4_mmffq_q_F_abs_sum,feature,cheap_rdkit_gasteiger_etkdg_mmff,float32,descriptor_specific_or_dimensionless,cheap_rdkit_gasteiger_etkdg_mmff feature: v4__v4_mmffq_q_F_abs_sum,Local RDKit/Gasteiger/ETKDG/MMFF batch calculation,empty field in CSV,0,0,True,True,False
1451,cheap__v4__v4_mmffq_q_F_mean,feature,cheap_rdkit_gasteiger_etkdg_mmff,float32,descriptor_specific_or_dimensionless,cheap_rdkit_gasteiger_etkdg_mmff feature: v4__v4_mmffq_q_F_mean,Local RDKit/Gasteiger/ETKDG/MMFF batch calculation,empty field in CSV,0,0,True,True,False
1452,cheap__v4__v4_mmffq_q_F_std,feature,cheap_rdkit_gasteiger_etkdg_mmff,float32,descriptor_specific_or_dimensionless,cheap_rdkit_gasteiger_etkdg_mmff feature: v4__v4_mmffq_q_F_std,Local RDKit/Gasteiger/ETKDG/MMFF batch calculation,empty field in CSV,0,0,False,False,False
1453,cheap__v4__v4_mmffq_q_Si_sum,feature,cheap_rdkit_gasteiger_etkdg_mmff,float32,descriptor_specific_or_dimensionless,cheap_rdkit_gasteiger_etkdg_mmff feature: v4__v4_mmffq_q_Si_sum,Local RDKit/Gasteiger/ETKDG/MMFF batch calculation,empty field in CSV,0,0,False,False,False
1454,cheap__v4__v4_mmffq_q_Si_abs_sum,feature,cheap_rdkit_gasteiger_etkdg_mmff,float32,descriptor_specific_or_dimensionless,cheap_rdkit_gasteiger_etkdg_mmff feature: v4__v4_mmffq_q_Si_abs_sum,Local RDKit/Gasteiger/ETKDG/MMFF batch calculation,empty field in CSV,0,0,False,False,False
1455,cheap__v4__v4_mmffq_q_Si_mean,feature,cheap_rdkit_gasteiger_etkdg_mmff,float32,descriptor_specific_or_dimensionless,cheap_rdkit_gasteiger_etkdg_mmff feature: v4__v4_mmffq_q_Si_mean,Local RDKit/Gasteiger/ETKDG/MMFF batch calculation,empty field in CSV,0,0,False,False,False
1456,cheap__v4__v4_mmffq_q_Si_std,feature,cheap_rdkit_gasteiger_etkdg_mmff,float32,descriptor_specific_or_dimensionless,cheap_rdkit_gasteiger_etkdg_mmff feature: v4__v4_mmffq_q_Si_std,Local RDKit/Gasteiger/ETKDG/MMFF batch calculation,empty field in CSV,0,0,False,False,False
1457,cheap__v4__v4_mmffq_q_P_sum,feature,cheap_rdkit_gasteiger_etkdg_mmff,float32,descriptor_specific_or_dimensionless,cheap_rdkit_gasteiger_etkdg_mmff feature: v4__v4_mmffq_q_P_sum,Local RDKit/Gasteiger/ETKDG/MMFF batch calculation,empty field in CSV,0,0,False,False,False
1458,cheap__v4__v4_mmffq_q_P_abs_sum,feature,cheap_rdkit_gasteiger_etkdg_mmff,float32,descriptor_specific_or_dimensionless,cheap_rdkit_gasteiger_etkdg_mmff feature: v4__v4_mmffq_q_P_abs_sum,Local RDKit/Gasteiger/ETKDG/MMFF batch calculation,empty field in CSV,0,0,False,False,False
1459,cheap__v4__v4_mmffq_q_P_mean,feature,cheap_rdkit_gasteiger_etkdg_mmff,float32,descriptor_specific_or_dimensionless,cheap_rdkit_gasteiger_etkdg_mmff feature: v4__v4_mmffq_q_P_mean,Local RDKit/Gasteiger/ETKDG/MMFF batch calculation,empty field in CSV,0,0,False,False,False
1460,cheap__v4__v4_mmffq_q_P_std,feature,cheap_rdkit_gasteiger_etkdg_mmff,float32,descriptor_specific_or_dimensionless,cheap_rdkit_gasteiger_etkdg_mmff feature: v4__v4_mmffq_q_P_std,Local RDKit/Gasteiger/ETKDG/MMFF batch calculation,empty field in CSV,0,0,False,False,False
1461,cheap__v4__v4_mmffq_q_S_sum,feature,cheap_rdkit_gasteiger_etkdg_mmff,float32,descriptor_specific_or_dimensionless,cheap_rdkit_gasteiger_etkdg_mmff feature: v4__v4_mmffq_q_S_sum,Local RDKit/Gasteiger/ETKDG/MMFF batch calculation,empty field in CSV,0,0,True,True,False
1462,cheap__v4__v4_mmffq_q_S_abs_sum,feature,cheap_rdkit_gasteiger_etkdg_mmff,float32,descriptor_specific_or_dimensionless,cheap_rdkit_gasteiger_etkdg_mmff feature: v4__v4_mmffq_q_S_abs_sum,Local RDKit/Gasteiger/ETKDG/MMFF batch calculation,empty field in CSV,0,0,False,False,False
1463,cheap__v4__v4_mmffq_q_S_mean,feature,cheap_rdkit_gasteiger_etkdg_mmff,float32,descriptor_specific_or_dimensionless,cheap_rdkit_gasteiger_etkdg_mmff feature: v4__v4_mmffq_q_S_mean,Local RDKit/Gasteiger/ETKDG/MMFF batch calculation,empty field in CSV,0,0,True,True,False
1464,cheap__v4__v4_mmffq_q_S_std,feature,cheap_rdkit_gasteiger_etkdg_mmff,float32,descriptor_specific_or_dimensionless,cheap_rdkit_gasteiger_etkdg_mmff feature: v4__v4_mmffq_q_S_std,Local RDKit/Gasteiger/ETKDG/MMFF batch calculation,empty field in CSV,0,0,False,False,False
1465,cheap__v4__v4_mmffq_q_Cl_sum,feature,cheap_rdkit_gasteiger_etkdg_mmff,float32,descriptor_specific_or_dimensionless,cheap_rdkit_gasteiger_etkdg_mmff feature: v4__v4_mmffq_q_Cl_sum,Local RDKit/Gasteiger/ETKDG/MMFF batch calculation,empty field in CSV,0,0,False,False,False
1466,cheap__v4__v4_mmffq_q_Cl_abs_sum,feature,cheap_rdkit_gasteiger_etkdg_mmff,float32,descriptor_specific_or_dimensionless,cheap_rdkit_gasteiger_etkdg_mmff feature: v4__v4_mmffq_q_Cl_abs_sum,Local RDKit/Gasteiger/ETKDG/MMFF batch calculation,empty field in CSV,0,0,False,False,False
1467,cheap__v4__v4_mmffq_q_Cl_mean,feature,cheap_rdkit_gasteiger_etkdg_mmff,float32,descriptor_specific_or_dimensionless,cheap_rdkit_gasteiger_etkdg_mmff feature: v4__v4_mmffq_q_Cl_mean,Local RDKit/Gasteiger/ETKDG/MMFF batch calculation,empty field in CSV,0,0,False,False,False
1468,cheap__v4__v4_mmffq_q_Cl_std,feature,cheap_rdkit_gasteiger_etkdg_mmff,float32,descriptor_specific_or_dimensionless,cheap_rdkit_gasteiger_etkdg_mmff feature: v4__v4_mmffq_q_Cl_std,Local RDKit/Gasteiger/ETKDG/MMFF batch calculation,empty field in CSV,0,0,False,False,False
1469,cheap__v4__v4_mmffq_q_Br_sum,feature,cheap_rdkit_gasteiger_etkdg_mmff,float32,descriptor_specific_or_dimensionless,cheap_rdkit_gasteiger_etkdg_mmff feature: v4__v4_mmffq_q_Br_sum,Local RDKit/Gasteiger/ETKDG/MMFF batch calculation,empty field in CSV,0,0,False,False,False
1470,cheap__v4__v4_mmffq_q_Br_abs_sum,feature,cheap_rdkit_gasteiger_etkdg_mmff,float32,descriptor_specific_or_dimensionless,cheap_rdkit_gasteiger_etkdg_mmff feature: v4__v4_mmffq_q_Br_abs_sum,Local RDKit/Gasteiger/ETKDG/MMFF batch calculation,empty field in CSV,0,0,False,False,False
1471,cheap__v4__v4_mmffq_q_Br_mean,feature,cheap_rdkit_gasteiger_etkdg_mmff,float32,descriptor_specific_or_dimensionless,cheap_rdkit_gasteiger_etkdg_mmff feature: v4__v4_mmffq_q_Br_mean,Local RDKit/Gasteiger/ETKDG/MMFF batch calculation,empty field in CSV,0,0,False,False,False
1472,cheap__v4__v4_mmffq_q_Br_std,feature,cheap_rdkit_gasteiger_etkdg_mmff,float32,descriptor_specific_or_dimensionless,cheap_rdkit_gasteiger_etkdg_mmff feature: v4__v4_mmffq_q_Br_std,Local RDKit/Gasteiger/ETKDG/MMFF batch calculation,empty field in CSV,0,0,False,False,False
1473,cheap__v4__v4_embed_ok,feature,cheap_rdkit_gasteiger_etkdg_mmff,float32,descriptor_specific_or_dimensionless,cheap_rdkit_gasteiger_etkdg_mmff feature: v4__v4_embed_ok,Local RDKit/Gasteiger/ETKDG/MMFF batch calculation,empty field in CSV,0,0,False,False,False
1474,cheap__v4__v4_raw_n_confs,feature,cheap_rdkit_gasteiger_etkdg_mmff,float32,count,cheap_rdkit_gasteiger_etkdg_mmff feature: v4__v4_raw_n_confs,Local RDKit/Gasteiger/ETKDG/MMFF batch calculation,empty field in CSV,0,0,False,False,False
1475,cheap__v4__v4_gast3d_n_confs,feature,cheap_rdkit_gasteiger_etkdg_mmff,float32,count,cheap_rdkit_gasteiger_etkdg_mmff feature: v4__v4_gast3d_n_confs,Local RDKit/Gasteiger/ETKDG/MMFF batch calculation,empty field in CSV,2,3.298098646e-05,False,False,False
1476,cheap__v4__v4_gast3d_energy_min,feature,cheap_rdkit_gasteiger_etkdg_mmff,float32,descriptor_specific_or_dimensionless,cheap_rdkit_gasteiger_etkdg_mmff feature: v4__v4_gast3d_energy_min,Local RDKit/Gasteiger/ETKDG/MMFF batch calculation,empty field in CSV,2,3.298098646e-05,False,False,False
1477,cheap__v4__v4_gast3d_energy_mean,feature,cheap_rdkit_gasteiger_etkdg_mmff,float32,descriptor_specific_or_dimensionless,cheap_rdkit_gasteiger_etkdg_mmff feature: v4__v4_gast3d_energy_mean,Local RDKit/Gasteiger/ETKDG/MMFF batch calculation,empty field in CSV,2,3.298098646e-05,False,False,False
1478,cheap__v4__v4_gast3d_energy_std,feature,cheap_rdkit_gasteiger_etkdg_mmff,float32,descriptor_specific_or_dimensionless,cheap_rdkit_gasteiger_etkdg_mmff feature: v4__v4_gast3d_energy_std,Local RDKit/Gasteiger/ETKDG/MMFF batch calculation,empty field in CSV,2,3.298098646e-05,False,False,False
1479,cheap__v4__v4_gast3d_energy_range,feature,cheap_rdkit_gasteiger_etkdg_mmff,float32,descriptor_specific_or_dimensionless,cheap_rdkit_gasteiger_etkdg_mmff feature: v4__v4_gast3d_energy_range,Local RDKit/Gasteiger/ETKDG/MMFF batch calculation,empty field in CSV,2,3.298098646e-05,False,False,False
1480,cheap__v4__v4_gast3d_abs_charge_moment1_lowE,feature,cheap_rdkit_gasteiger_etkdg_mmff,float32,descriptor_specific_or_dimensionless,cheap_rdkit_gasteiger_etkdg_mmff feature: v4__v4_gast3d_abs_charge_moment1_lowE,Local RDKit/Gasteiger/ETKDG/MMFF batch calculation,empty field in CSV,53,0.0008739961412,True,True,True
1481,cheap__v4__v4_gast3d_abs_charge_moment1_mean,feature,cheap_rdkit_gasteiger_etkdg_mmff,float32,descriptor_specific_or_dimensionless,cheap_rdkit_gasteiger_etkdg_mmff feature: v4__v4_gast3d_abs_charge_moment1_mean,Local RDKit/Gasteiger/ETKDG/MMFF batch calculation,empty field in CSV,53,0.0008739961412,True,True,True
1482,cheap__v4__v4_gast3d_abs_charge_moment1_std,feature,cheap_rdkit_gasteiger_etkdg_mmff,float32,descriptor_specific_or_dimensionless,cheap_rdkit_gasteiger_etkdg_mmff feature: v4__v4_gast3d_abs_charge_moment1_std,Local RDKit/Gasteiger/ETKDG/MMFF batch calculation,empty field in CSV,53,0.0008739961412,False,False,False
1483,cheap__v4__v4_gast3d_abs_charge_moment1_min,feature,cheap_rdkit_gasteiger_etkdg_mmff,float32,descriptor_specific_or_dimensionless,cheap_rdkit_gasteiger_etkdg_mmff feature: v4__v4_gast3d_abs_charge_moment1_min,Local RDKit/Gasteiger/ETKDG/MMFF batch calculation,empty field in CSV,53,0.0008739961412,True,True,True
1484,cheap__v4__v4_gast3d_abs_charge_moment1_max,feature,cheap_rdkit_gasteiger_etkdg_mmff,float32,descriptor_specific_or_dimensionless,cheap_rdkit_gasteiger_etkdg_mmff feature: v4__v4_gast3d_abs_charge_moment1_max,Local RDKit/Gasteiger/ETKDG/MMFF batch calculation,empty field in CSV,53,0.0008739961412,True,True,True
1485,cheap__v4__v4_gast3d_abs_charge_moment2_lowE,feature,cheap_rdkit_gasteiger_etkdg_mmff,float32,descriptor_specific_or_dimensionless,cheap_rdkit_gasteiger_etkdg_mmff feature: v4__v4_gast3d_abs_charge_moment2_lowE,Local RDKit/Gasteiger/ETKDG/MMFF batch calculation,empty field in CSV,53,0.0008739961412,True,True,True
1486,cheap__v4__v4_gast3d_abs_charge_moment2_mean,feature,cheap_rdkit_gasteiger_etkdg_mmff,float32,descriptor_specific_or_dimensionless,cheap_rdkit_gasteiger_etkdg_mmff feature: v4__v4_gast3d_abs_charge_moment2_mean,Local RDKit/Gasteiger/ETKDG/MMFF batch calculation,empty field in CSV,53,0.0008739961412,True,True,True
1487,cheap__v4__v4_gast3d_abs_charge_moment2_std,feature,cheap_rdkit_gasteiger_etkdg_mmff,float32,descriptor_specific_or_dimensionless,cheap_rdkit_gasteiger_etkdg_mmff feature: v4__v4_gast3d_abs_charge_moment2_std,Local RDKit/Gasteiger/ETKDG/MMFF batch calculation,empty field in CSV,53,0.0008739961412,False,False,False
1488,cheap__v4__v4_gast3d_abs_charge_moment2_min,feature,cheap_rdkit_gasteiger_etkdg_mmff,float32,descriptor_specific_or_dimensionless,cheap_rdkit_gasteiger_etkdg_mmff feature: v4__v4_gast3d_abs_charge_moment2_min,Local RDKit/Gasteiger/ETKDG/MMFF batch calculation,empty field in CSV,53,0.0008739961412,True,True,True
1489,cheap__v4__v4_gast3d_abs_charge_moment2_max,feature,cheap_rdkit_gasteiger_etkdg_mmff,float32,descriptor_specific_or_dimensionless,cheap_rdkit_gasteiger_etkdg_mmff feature: v4__v4_gast3d_abs_charge_moment2_max,Local RDKit/Gasteiger/ETKDG/MMFF batch calculation,empty field in CSV,53,0.0008739961412,True,True,True
1490,cheap__v4__v4_gast3d_abs_charge_moment3_lowE,feature,cheap_rdkit_gasteiger_etkdg_mmff,float32,descriptor_specific_or_dimensionless,cheap_rdkit_gasteiger_etkdg_mmff feature: v4__v4_gast3d_abs_charge_moment3_lowE,Local RDKit/Gasteiger/ETKDG/MMFF batch calculation,empty field in CSV,53,0.0008739961412,True,True,True
1491,cheap__v4__v4_gast3d_abs_charge_moment3_mean,feature,cheap_rdkit_gasteiger_etkdg_mmff,float32,descriptor_specific_or_dimensionless,cheap_rdkit_gasteiger_etkdg_mmff feature: v4__v4_gast3d_abs_charge_moment3_mean,Local RDKit/Gasteiger/ETKDG/MMFF batch calculation,empty field in CSV,53,0.0008739961412,True,True,True
1492,cheap__v4__v4_gast3d_abs_charge_moment3_std,feature,cheap_rdkit_gasteiger_etkdg_mmff,float32,descriptor_specific_or_dimensionless,cheap_rdkit_gasteiger_etkdg_mmff feature: v4__v4_gast3d_abs_charge_moment3_std,Local RDKit/Gasteiger/ETKDG/MMFF batch calculation,empty field in CSV,53,0.0008739961412,False,False,False
1493,cheap__v4__v4_gast3d_abs_charge_moment3_min,feature,cheap_rdkit_gasteiger_etkdg_mmff,float32,descriptor_specific_or_dimensionless,cheap_rdkit_gasteiger_etkdg_mmff feature: v4__v4_gast3d_abs_charge_moment3_min,Local RDKit/Gasteiger/ETKDG/MMFF batch calculation,empty field in CSV,53,0.0008739961412,True,True,True
1494,cheap__v4__v4_gast3d_abs_charge_moment3_max,feature,cheap_rdkit_gasteiger_etkdg_mmff,float32,descriptor_specific_or_dimensionless,cheap_rdkit_gasteiger_etkdg_mmff feature: v4__v4_gast3d_abs_charge_moment3_max,Local RDKit/Gasteiger/ETKDG/MMFF batch calculation,empty field in CSV,53,0.0008739961412,True,True,True
1495,cheap__v4__v4_gast3d_abs_charge_weighted_rg_lowE,feature,cheap_rdkit_gasteiger_etkdg_mmff,float32,descriptor_specific_or_dimensionless,cheap_rdkit_gasteiger_etkdg_mmff feature: v4__v4_gast3d_abs_charge_weighted_rg_lowE,Local RDKit/Gasteiger/ETKDG/MMFF batch calculation,empty field in CSV,53,0.0008739961412,True,True,True
1496,cheap__v4__v4_gast3d_abs_charge_weighted_rg_mean,feature,cheap_rdkit_gasteiger_etkdg_mmff,float32,descriptor_specific_or_dimensionless,cheap_rdkit_gasteiger_etkdg_mmff feature: v4__v4_gast3d_abs_charge_weighted_rg_mean,Local RDKit/Gasteiger/ETKDG/MMFF batch calculation,empty field in CSV,53,0.0008739961412,True,True,True
1497,cheap__v4__v4_gast3d_abs_charge_weighted_rg_std,feature,cheap_rdkit_gasteiger_etkdg_mmff,float32,descriptor_specific_or_dimensionless,cheap_rdkit_gasteiger_etkdg_mmff feature: v4__v4_gast3d_abs_charge_weighted_rg_std,Local RDKit/Gasteiger/ETKDG/MMFF batch calculation,empty field in CSV,53,0.0008739961412,False,False,False
1498,cheap__v4__v4_gast3d_abs_charge_weighted_rg_min,feature,cheap_rdkit_gasteiger_etkdg_mmff,float32,descriptor_specific_or_dimensionless,cheap_rdkit_gasteiger_etkdg_mmff feature: v4__v4_gast3d_abs_charge_weighted_rg_min,Local RDKit/Gasteiger/ETKDG/MMFF batch calculation,empty field in CSV,53,0.0008739961412,True,True,True
1499,cheap__v4__v4_gast3d_abs_charge_weighted_rg_max,feature,cheap_rdkit_gasteiger_etkdg_mmff,float32,descriptor_specific_or_dimensionless,cheap_rdkit_gasteiger_etkdg_mmff feature: v4__v4_gast3d_abs_charge_weighted_rg_max,Local RDKit/Gasteiger/ETKDG/MMFF batch calculation,empty field in CSV,53,0.0008739961412,True,True,True
1500,cheap__v4__v4_gast3d_abs_signed_charge_second_moment_lowE,feature,cheap_rdkit_gasteiger_etkdg_mmff,float32,descriptor_specific_or_dimensionless,cheap_rdkit_gasteiger_etkdg_mmff feature: v4__v4_gast3d_abs_signed_charge_second_moment_lowE,Local RDKit/Gasteiger/ETKDG/MMFF batch calculation,empty field in CSV,2,3.298098646e-05,True,True,False
1501,cheap__v4__v4_gast3d_abs_signed_charge_second_moment_mean,feature,cheap_rdkit_gasteiger_etkdg_mmff,float32,descriptor_specific_or_dimensionless,cheap_rdkit_gasteiger_etkdg_mmff feature: v4__v4_gast3d_abs_signed_charge_second_moment_mean,Local RDKit/Gasteiger/ETKDG/MMFF batch calculation,empty field in CSV,2,3.298098646e-05,True,True,False
1502,cheap__v4__v4_gast3d_abs_signed_charge_second_moment_std,feature,cheap_rdkit_gasteiger_etkdg_mmff,float32,descriptor_specific_or_dimensionless,cheap_rdkit_gasteiger_etkdg_mmff feature: v4__v4_gast3d_abs_signed_charge_second_moment_std,Local RDKit/Gasteiger/ETKDG/MMFF batch calculation,empty field in CSV,2,3.298098646e-05,False,False,False
1503,cheap__v4__v4_gast3d_abs_signed_charge_second_moment_min,feature,cheap_rdkit_gasteiger_etkdg_mmff,float32,descriptor_specific_or_dimensionless,cheap_rdkit_gasteiger_etkdg_mmff feature: v4__v4_gast3d_abs_signed_charge_second_moment_min,Local RDKit/Gasteiger/ETKDG/MMFF batch calculation,empty field in CSV,2,3.298098646e-05,True,True,False
1504,cheap__v4__v4_gast3d_abs_signed_charge_second_moment_max,feature,cheap_rdkit_gasteiger_etkdg_mmff,float32,descriptor_specific_or_dimensionless,cheap_rdkit_gasteiger_etkdg_mmff feature: v4__v4_gast3d_abs_signed_charge_second_moment_max,Local RDKit/Gasteiger/ETKDG/MMFF batch calculation,empty field in CSV,2,3.298098646e-05,True,True,False
1505,cheap__v4__v4_gast3d_dipole_heavy_norm_lowE,feature,cheap_rdkit_gasteiger_etkdg_mmff,float32,debye,cheap_rdkit_gasteiger_etkdg_mmff feature: v4__v4_gast3d_dipole_heavy_norm_lowE,Local RDKit/Gasteiger/ETKDG/MMFF batch calculation,empty field in CSV,2,3.298098646e-05,False,False,False
1506,cheap__v4__v4_gast3d_dipole_heavy_norm_mean,feature,cheap_rdkit_gasteiger_etkdg_mmff,float32,debye,cheap_rdkit_gasteiger_etkdg_mmff feature: v4__v4_gast3d_dipole_heavy_norm_mean,Local RDKit/Gasteiger/ETKDG/MMFF batch calculation,empty field in CSV,2,3.298098646e-05,False,False,False
1507,cheap__v4__v4_gast3d_dipole_heavy_norm_std,feature,cheap_rdkit_gasteiger_etkdg_mmff,float32,debye,cheap_rdkit_gasteiger_etkdg_mmff feature: v4__v4_gast3d_dipole_heavy_norm_std,Local RDKit/Gasteiger/ETKDG/MMFF batch calculation,empty field in CSV,2,3.298098646e-05,False,False,False
1508,cheap__v4__v4_gast3d_dipole_heavy_norm_min,feature,cheap_rdkit_gasteiger_etkdg_mmff,float32,debye,cheap_rdkit_gasteiger_etkdg_mmff feature: v4__v4_gast3d_dipole_heavy_norm_min,Local RDKit/Gasteiger/ETKDG/MMFF batch calculation,empty field in CSV,2,3.298098646e-05,False,False,False
1509,cheap__v4__v4_gast3d_dipole_heavy_norm_max,feature,cheap_rdkit_gasteiger_etkdg_mmff,float32,debye,cheap_rdkit_gasteiger_etkdg_mmff feature: v4__v4_gast3d_dipole_heavy_norm_max,Local RDKit/Gasteiger/ETKDG/MMFF batch calculation,empty field in CSV,2,3.298098646e-05,False,False,False
1510,cheap__v4__v4_gast3d_dipole_norm_lowE,feature,cheap_rdkit_gasteiger_etkdg_mmff,float32,debye,cheap_rdkit_gasteiger_etkdg_mmff feature: v4__v4_gast3d_dipole_norm_lowE,Local RDKit/Gasteiger/ETKDG/MMFF batch calculation,empty field in CSV,2,3.298098646e-05,True,True,False
1511,cheap__v4__v4_gast3d_dipole_norm_mean,feature,cheap_rdkit_gasteiger_etkdg_mmff,float32,debye,cheap_rdkit_gasteiger_etkdg_mmff feature: v4__v4_gast3d_dipole_norm_mean,Local RDKit/Gasteiger/ETKDG/MMFF batch calculation,empty field in CSV,2,3.298098646e-05,True,True,False
1512,cheap__v4__v4_gast3d_dipole_norm_std,feature,cheap_rdkit_gasteiger_etkdg_mmff,float32,debye,cheap_rdkit_gasteiger_etkdg_mmff feature: v4__v4_gast3d_dipole_norm_std,Local RDKit/Gasteiger/ETKDG/MMFF batch calculation,empty field in CSV,2,3.298098646e-05,False,False,False
1513,cheap__v4__v4_gast3d_dipole_norm_min,feature,cheap_rdkit_gasteiger_etkdg_mmff,float32,debye,cheap_rdkit_gasteiger_etkdg_mmff feature: v4__v4_gast3d_dipole_norm_min,Local RDKit/Gasteiger/ETKDG/MMFF batch calculation,empty field in CSV,2,3.298098646e-05,True,True,False
1514,cheap__v4__v4_gast3d_dipole_norm_max,feature,cheap_rdkit_gasteiger_etkdg_mmff,float32,debye,cheap_rdkit_gasteiger_etkdg_mmff feature: v4__v4_gast3d_dipole_norm_max,Local RDKit/Gasteiger/ETKDG/MMFF batch calculation,empty field in CSV,2,3.298098646e-05,True,True,False
1515,cheap__v4__v4_gast3d_dipole_per_abs_charge_lowE,feature,cheap_rdkit_gasteiger_etkdg_mmff,float32,debye,cheap_rdkit_gasteiger_etkdg_mmff feature: v4__v4_gast3d_dipole_per_abs_charge_lowE,Local RDKit/Gasteiger/ETKDG/MMFF batch calculation,empty field in CSV,53,0.0008739961412,True,True,False
1516,cheap__v4__v4_gast3d_dipole_per_abs_charge_mean,feature,cheap_rdkit_gasteiger_etkdg_mmff,float32,debye,cheap_rdkit_gasteiger_etkdg_mmff feature: v4__v4_gast3d_dipole_per_abs_charge_mean,Local RDKit/Gasteiger/ETKDG/MMFF batch calculation,empty field in CSV,53,0.0008739961412,True,True,False
1517,cheap__v4__v4_gast3d_dipole_per_abs_charge_std,feature,cheap_rdkit_gasteiger_etkdg_mmff,float32,debye,cheap_rdkit_gasteiger_etkdg_mmff feature: v4__v4_gast3d_dipole_per_abs_charge_std,Local RDKit/Gasteiger/ETKDG/MMFF batch calculation,empty field in CSV,53,0.0008739961412,False,False,False
1518,cheap__v4__v4_gast3d_dipole_per_abs_charge_min,feature,cheap_rdkit_gasteiger_etkdg_mmff,float32,debye,cheap_rdkit_gasteiger_etkdg_mmff feature: v4__v4_gast3d_dipole_per_abs_charge_min,Local RDKit/Gasteiger/ETKDG/MMFF batch calculation,empty field in CSV,53,0.0008739961412,True,True,False
1519,cheap__v4__v4_gast3d_dipole_per_abs_charge_max,feature,cheap_rdkit_gasteiger_etkdg_mmff,float32,debye,cheap_rdkit_gasteiger_etkdg_mmff feature: v4__v4_gast3d_dipole_per_abs_charge_max,Local RDKit/Gasteiger/ETKDG/MMFF batch calculation,empty field in CSV,53,0.0008739961412,True,True,False
1520,cheap__v4__v4_gast3d_dipole_per_heavy_atom_lowE,feature,cheap_rdkit_gasteiger_etkdg_mmff,float32,debye,cheap_rdkit_gasteiger_etkdg_mmff feature: v4__v4_gast3d_dipole_per_heavy_atom_lowE,Local RDKit/Gasteiger/ETKDG/MMFF batch calculation,empty field in CSV,2,3.298098646e-05,True,True,False
1521,cheap__v4__v4_gast3d_dipole_per_heavy_atom_mean,feature,cheap_rdkit_gasteiger_etkdg_mmff,float32,debye,cheap_rdkit_gasteiger_etkdg_mmff feature: v4__v4_gast3d_dipole_per_heavy_atom_mean,Local RDKit/Gasteiger/ETKDG/MMFF batch calculation,empty field in CSV,2,3.298098646e-05,True,True,False
1522,cheap__v4__v4_gast3d_dipole_per_heavy_atom_std,feature,cheap_rdkit_gasteiger_etkdg_mmff,float32,debye,cheap_rdkit_gasteiger_etkdg_mmff feature: v4__v4_gast3d_dipole_per_heavy_atom_std,Local RDKit/Gasteiger/ETKDG/MMFF batch calculation,empty field in CSV,2,3.298098646e-05,False,False,False
1523,cheap__v4__v4_gast3d_dipole_per_heavy_atom_min,feature,cheap_rdkit_gasteiger_etkdg_mmff,float32,debye,cheap_rdkit_gasteiger_etkdg_mmff feature: v4__v4_gast3d_dipole_per_heavy_atom_min,Local RDKit/Gasteiger/ETKDG/MMFF batch calculation,empty field in CSV,2,3.298098646e-05,True,True,False
1524,cheap__v4__v4_gast3d_dipole_per_heavy_atom_max,feature,cheap_rdkit_gasteiger_etkdg_mmff,float32,debye,cheap_rdkit_gasteiger_etkdg_mmff feature: v4__v4_gast3d_dipole_per_heavy_atom_max,Local RDKit/Gasteiger/ETKDG/MMFF batch calculation,empty field in CSV,2,3.298098646e-05,True,True,False
1525,cheap__v4__v4_gast3d_dipole_x_abs_lowE,feature,cheap_rdkit_gasteiger_etkdg_mmff,float32,debye,cheap_rdkit_gasteiger_etkdg_mmff feature: v4__v4_gast3d_dipole_x_abs_lowE,Local RDKit/Gasteiger/ETKDG/MMFF batch calculation,empty field in CSV,2,3.298098646e-05,True,True,False
1526,cheap__v4__v4_gast3d_dipole_x_abs_mean,feature,cheap_rdkit_gasteiger_etkdg_mmff,float32,debye,cheap_rdkit_gasteiger_etkdg_mmff feature: v4__v4_gast3d_dipole_x_abs_mean,Local RDKit/Gasteiger/ETKDG/MMFF batch calculation,empty field in CSV,2,3.298098646e-05,True,True,False
1527,cheap__v4__v4_gast3d_dipole_x_abs_std,feature,cheap_rdkit_gasteiger_etkdg_mmff,float32,debye,cheap_rdkit_gasteiger_etkdg_mmff feature: v4__v4_gast3d_dipole_x_abs_std,Local RDKit/Gasteiger/ETKDG/MMFF batch calculation,empty field in CSV,2,3.298098646e-05,False,False,False
1528,cheap__v4__v4_gast3d_dipole_x_abs_min,feature,cheap_rdkit_gasteiger_etkdg_mmff,float32,debye,cheap_rdkit_gasteiger_etkdg_mmff feature: v4__v4_gast3d_dipole_x_abs_min,Local RDKit/Gasteiger/ETKDG/MMFF batch calculation,empty field in CSV,2,3.298098646e-05,True,True,False
1529,cheap__v4__v4_gast3d_dipole_x_abs_max,feature,cheap_rdkit_gasteiger_etkdg_mmff,float32,debye,cheap_rdkit_gasteiger_etkdg_mmff feature: v4__v4_gast3d_dipole_x_abs_max,Local RDKit/Gasteiger/ETKDG/MMFF batch calculation,empty field in CSV,2,3.298098646e-05,True,True,False
1530,cheap__v4__v4_gast3d_dipole_y_abs_lowE,feature,cheap_rdkit_gasteiger_etkdg_mmff,float32,debye,cheap_rdkit_gasteiger_etkdg_mmff feature: v4__v4_gast3d_dipole_y_abs_lowE,Local RDKit/Gasteiger/ETKDG/MMFF batch calculation,empty field in CSV,2,3.298098646e-05,True,True,False
1531,cheap__v4__v4_gast3d_dipole_y_abs_mean,feature,cheap_rdkit_gasteiger_etkdg_mmff,float32,debye,cheap_rdkit_gasteiger_etkdg_mmff feature: v4__v4_gast3d_dipole_y_abs_mean,Local RDKit/Gasteiger/ETKDG/MMFF batch calculation,empty field in CSV,2,3.298098646e-05,True,True,False
1532,cheap__v4__v4_gast3d_dipole_y_abs_std,feature,cheap_rdkit_gasteiger_etkdg_mmff,float32,debye,cheap_rdkit_gasteiger_etkdg_mmff feature: v4__v4_gast3d_dipole_y_abs_std,Local RDKit/Gasteiger/ETKDG/MMFF batch calculation,empty field in CSV,2,3.298098646e-05,False,False,False
1533,cheap__v4__v4_gast3d_dipole_y_abs_min,feature,cheap_rdkit_gasteiger_etkdg_mmff,float32,debye,cheap_rdkit_gasteiger_etkdg_mmff feature: v4__v4_gast3d_dipole_y_abs_min,Local RDKit/Gasteiger/ETKDG/MMFF batch calculation,empty field in CSV,2,3.298098646e-05,True,True,False
1534,cheap__v4__v4_gast3d_dipole_y_abs_max,feature,cheap_rdkit_gasteiger_etkdg_mmff,float32,debye,cheap_rdkit_gasteiger_etkdg_mmff feature: v4__v4_gast3d_dipole_y_abs_max,Local RDKit/Gasteiger/ETKDG/MMFF batch calculation,empty field in CSV,2,3.298098646e-05,True,True,False
1535,cheap__v4__v4_gast3d_dipole_z_abs_lowE,feature,cheap_rdkit_gasteiger_etkdg_mmff,float32,debye,cheap_rdkit_gasteiger_etkdg_mmff feature: v4__v4_gast3d_dipole_z_abs_lowE,Local RDKit/Gasteiger/ETKDG/MMFF batch calculation,empty field in CSV,2,3.298098646e-05,True,True,False
1536,cheap__v4__v4_gast3d_dipole_z_abs_mean,feature,cheap_rdkit_gasteiger_etkdg_mmff,float32,debye,cheap_rdkit_gasteiger_etkdg_mmff feature: v4__v4_gast3d_dipole_z_abs_mean,Local RDKit/Gasteiger/ETKDG/MMFF batch calculation,empty field in CSV,2,3.298098646e-05,True,True,False
1537,cheap__v4__v4_gast3d_dipole_z_abs_std,feature,cheap_rdkit_gasteiger_etkdg_mmff,float32,debye,cheap_rdkit_gasteiger_etkdg_mmff feature: v4__v4_gast3d_dipole_z_abs_std,Local RDKit/Gasteiger/ETKDG/MMFF batch calculation,empty field in CSV,2,3.298098646e-05,False,False,False
1538,cheap__v4__v4_gast3d_dipole_z_abs_min,feature,cheap_rdkit_gasteiger_etkdg_mmff,float32,debye,cheap_rdkit_gasteiger_etkdg_mmff feature: v4__v4_gast3d_dipole_z_abs_min,Local RDKit/Gasteiger/ETKDG/MMFF batch calculation,empty field in CSV,2,3.298098646e-05,True,True,False
1539,cheap__v4__v4_gast3d_dipole_z_abs_max,feature,cheap_rdkit_gasteiger_etkdg_mmff,float32,debye,cheap_rdkit_gasteiger_etkdg_mmff feature: v4__v4_gast3d_dipole_z_abs_max,Local RDKit/Gasteiger/ETKDG/MMFF batch calculation,empty field in CSV,2,3.298098646e-05,True,True,False
1540,cheap__v4__v4_gast3d_maxpos_maxneg_dist_lowE,feature,cheap_rdkit_gasteiger_etkdg_mmff,float32,descriptor_specific_or_dimensionless,cheap_rdkit_gasteiger_etkdg_mmff feature: v4__v4_gast3d_maxpos_maxneg_dist_lowE,Local RDKit/Gasteiger/ETKDG/MMFF batch calculation,empty field in CSV,53,0.0008739961412,False,False,False
1541,cheap__v4__v4_gast3d_maxpos_maxneg_dist_mean,feature,cheap_rdkit_gasteiger_etkdg_mmff,float32,descriptor_specific_or_dimensionless,cheap_rdkit_gasteiger_etkdg_mmff feature: v4__v4_gast3d_maxpos_maxneg_dist_mean,Local RDKit/Gasteiger/ETKDG/MMFF batch calculation,empty field in CSV,53,0.0008739961412,False,False,False
1542,cheap__v4__v4_gast3d_maxpos_maxneg_dist_std,feature,cheap_rdkit_gasteiger_etkdg_mmff,float32,descriptor_specific_or_dimensionless,cheap_rdkit_gasteiger_etkdg_mmff feature: v4__v4_gast3d_maxpos_maxneg_dist_std,Local RDKit/Gasteiger/ETKDG/MMFF batch calculation,empty field in CSV,53,0.0008739961412,False,False,False
1543,cheap__v4__v4_gast3d_maxpos_maxneg_dist_min,feature,cheap_rdkit_gasteiger_etkdg_mmff,float32,descriptor_specific_or_dimensionless,cheap_rdkit_gasteiger_etkdg_mmff feature: v4__v4_gast3d_maxpos_maxneg_dist_min,Local RDKit/Gasteiger/ETKDG/MMFF batch calculation,empty field in CSV,53,0.0008739961412,False,False,False
1544,cheap__v4__v4_gast3d_maxpos_maxneg_dist_max,feature,cheap_rdkit_gasteiger_etkdg_mmff,float32,descriptor_specific_or_dimensionless,cheap_rdkit_gasteiger_etkdg_mmff feature: v4__v4_gast3d_maxpos_maxneg_dist_max,Local RDKit/Gasteiger/ETKDG/MMFF batch calculation,empty field in CSV,53,0.0008739961412,False,False,False
1545,cheap__v4__v4_gast3d_pair_abs_q_dist2_sum_lowE,feature,cheap_rdkit_gasteiger_etkdg_mmff,float32,descriptor_specific_or_dimensionless,cheap_rdkit_gasteiger_etkdg_mmff feature: v4__v4_gast3d_pair_abs_q_dist2_sum_lowE,Local RDKit/Gasteiger/ETKDG/MMFF batch calculation,empty field in CSV,2,3.298098646e-05,False,False,False
1546,cheap__v4__v4_gast3d_pair_abs_q_dist2_sum_mean,feature,cheap_rdkit_gasteiger_etkdg_mmff,float32,descriptor_specific_or_dimensionless,cheap_rdkit_gasteiger_etkdg_mmff feature: v4__v4_gast3d_pair_abs_q_dist2_sum_mean,Local RDKit/Gasteiger/ETKDG/MMFF batch calculation,empty field in CSV,2,3.298098646e-05,False,False,False
1547,cheap__v4__v4_gast3d_pair_abs_q_dist2_sum_std,feature,cheap_rdkit_gasteiger_etkdg_mmff,float32,descriptor_specific_or_dimensionless,cheap_rdkit_gasteiger_etkdg_mmff feature: v4__v4_gast3d_pair_abs_q_dist2_sum_std,Local RDKit/Gasteiger/ETKDG/MMFF batch calculation,empty field in CSV,2,3.298098646e-05,False,False,False
1548,cheap__v4__v4_gast3d_pair_abs_q_dist2_sum_min,feature,cheap_rdkit_gasteiger_etkdg_mmff,float32,descriptor_specific_or_dimensionless,cheap_rdkit_gasteiger_etkdg_mmff feature: v4__v4_gast3d_pair_abs_q_dist2_sum_min,Local RDKit/Gasteiger/ETKDG/MMFF batch calculation,empty field in CSV,2,3.298098646e-05,False,False,False
1549,cheap__v4__v4_gast3d_pair_abs_q_dist2_sum_max,feature,cheap_rdkit_gasteiger_etkdg_mmff,float32,descriptor_specific_or_dimensionless,cheap_rdkit_gasteiger_etkdg_mmff feature: v4__v4_gast3d_pair_abs_q_dist2_sum_max,Local RDKit/Gasteiger/ETKDG/MMFF batch calculation,empty field in CSV,2,3.298098646e-05,False,False,False
1550,cheap__v4__v4_gast3d_pair_abs_q_dist_sum_lowE,feature,cheap_rdkit_gasteiger_etkdg_mmff,float32,descriptor_specific_or_dimensionless,cheap_rdkit_gasteiger_etkdg_mmff feature: v4__v4_gast3d_pair_abs_q_dist_sum_lowE,Local RDKit/Gasteiger/ETKDG/MMFF batch calculation,empty field in CSV,2,3.298098646e-05,False,False,False
1551,cheap__v4__v4_gast3d_pair_abs_q_dist_sum_mean,feature,cheap_rdkit_gasteiger_etkdg_mmff,float32,descriptor_specific_or_dimensionless,cheap_rdkit_gasteiger_etkdg_mmff feature: v4__v4_gast3d_pair_abs_q_dist_sum_mean,Local RDKit/Gasteiger/ETKDG/MMFF batch calculation,empty field in CSV,2,3.298098646e-05,False,False,False
1552,cheap__v4__v4_gast3d_pair_abs_q_dist_sum_std,feature,cheap_rdkit_gasteiger_etkdg_mmff,float32,descriptor_specific_or_dimensionless,cheap_rdkit_gasteiger_etkdg_mmff feature: v4__v4_gast3d_pair_abs_q_dist_sum_std,Local RDKit/Gasteiger/ETKDG/MMFF batch calculation,empty field in CSV,2,3.298098646e-05,False,False,False
1553,cheap__v4__v4_gast3d_pair_abs_q_dist_sum_min,feature,cheap_rdkit_gasteiger_etkdg_mmff,float32,descriptor_specific_or_dimensionless,cheap_rdkit_gasteiger_etkdg_mmff feature: v4__v4_gast3d_pair_abs_q_dist_sum_min,Local RDKit/Gasteiger/ETKDG/MMFF batch calculation,empty field in CSV,2,3.298098646e-05,False,False,False
1554,cheap__v4__v4_gast3d_pair_abs_q_dist_sum_max,feature,cheap_rdkit_gasteiger_etkdg_mmff,float32,descriptor_specific_or_dimensionless,cheap_rdkit_gasteiger_etkdg_mmff feature: v4__v4_gast3d_pair_abs_q_dist_sum_max,Local RDKit/Gasteiger/ETKDG/MMFF batch calculation,empty field in CSV,2,3.298098646e-05,False,False,False
1555,cheap__v4__v4_gast3d_pair_opposite_q_dist_mean_lowE,feature,cheap_rdkit_gasteiger_etkdg_mmff,float32,descriptor_specific_or_dimensionless,cheap_rdkit_gasteiger_etkdg_mmff feature: v4__v4_gast3d_pair_opposite_q_dist_mean_lowE,Local RDKit/Gasteiger/ETKDG/MMFF batch calculation,empty field in CSV,53,0.0008739961412,True,True,True
1556,cheap__v4__v4_gast3d_pair_opposite_q_dist_mean_mean,feature,cheap_rdkit_gasteiger_etkdg_mmff,float32,descriptor_specific_or_dimensionless,cheap_rdkit_gasteiger_etkdg_mmff feature: v4__v4_gast3d_pair_opposite_q_dist_mean_mean,Local RDKit/Gasteiger/ETKDG/MMFF batch calculation,empty field in CSV,53,0.0008739961412,True,True,True
1557,cheap__v4__v4_gast3d_pair_opposite_q_dist_mean_std,feature,cheap_rdkit_gasteiger_etkdg_mmff,float32,descriptor_specific_or_dimensionless,cheap_rdkit_gasteiger_etkdg_mmff feature: v4__v4_gast3d_pair_opposite_q_dist_mean_std,Local RDKit/Gasteiger/ETKDG/MMFF batch calculation,empty field in CSV,53,0.0008739961412,False,False,False
1558,cheap__v4__v4_gast3d_pair_opposite_q_dist_mean_min,feature,cheap_rdkit_gasteiger_etkdg_mmff,float32,descriptor_specific_or_dimensionless,cheap_rdkit_gasteiger_etkdg_mmff feature: v4__v4_gast3d_pair_opposite_q_dist_mean_min,Local RDKit/Gasteiger/ETKDG/MMFF batch calculation,empty field in CSV,53,0.0008739961412,True,True,True
1559,cheap__v4__v4_gast3d_pair_opposite_q_dist_mean_max,feature,cheap_rdkit_gasteiger_etkdg_mmff,float32,descriptor_specific_or_dimensionless,cheap_rdkit_gasteiger_etkdg_mmff feature: v4__v4_gast3d_pair_opposite_q_dist_mean_max,Local RDKit/Gasteiger/ETKDG/MMFF batch calculation,empty field in CSV,53,0.0008739961412,True,True,True
1560,cheap__v4__v4_gast3d_pair_opposite_q_dist_sum_lowE,feature,cheap_rdkit_gasteiger_etkdg_mmff,float32,descriptor_specific_or_dimensionless,cheap_rdkit_gasteiger_etkdg_mmff feature: v4__v4_gast3d_pair_opposite_q_dist_sum_lowE,Local RDKit/Gasteiger/ETKDG/MMFF batch calculation,empty field in CSV,2,3.298098646e-05,False,False,False
1561,cheap__v4__v4_gast3d_pair_opposite_q_dist_sum_mean,feature,cheap_rdkit_gasteiger_etkdg_mmff,float32,descriptor_specific_or_dimensionless,cheap_rdkit_gasteiger_etkdg_mmff feature: v4__v4_gast3d_pair_opposite_q_dist_sum_mean,Local RDKit/Gasteiger/ETKDG/MMFF batch calculation,empty field in CSV,2,3.298098646e-05,False,False,False
1562,cheap__v4__v4_gast3d_pair_opposite_q_dist_sum_std,feature,cheap_rdkit_gasteiger_etkdg_mmff,float32,descriptor_specific_or_dimensionless,cheap_rdkit_gasteiger_etkdg_mmff feature: v4__v4_gast3d_pair_opposite_q_dist_sum_std,Local RDKit/Gasteiger/ETKDG/MMFF batch calculation,empty field in CSV,2,3.298098646e-05,False,False,False
1563,cheap__v4__v4_gast3d_pair_opposite_q_dist_sum_min,feature,cheap_rdkit_gasteiger_etkdg_mmff,float32,descriptor_specific_or_dimensionless,cheap_rdkit_gasteiger_etkdg_mmff feature: v4__v4_gast3d_pair_opposite_q_dist_sum_min,Local RDKit/Gasteiger/ETKDG/MMFF batch calculation,empty field in CSV,2,3.298098646e-05,False,False,False
1564,cheap__v4__v4_gast3d_pair_opposite_q_dist_sum_max,feature,cheap_rdkit_gasteiger_etkdg_mmff,float32,descriptor_specific_or_dimensionless,cheap_rdkit_gasteiger_etkdg_mmff feature: v4__v4_gast3d_pair_opposite_q_dist_sum_max,Local RDKit/Gasteiger/ETKDG/MMFF batch calculation,empty field in CSV,2,3.298098646e-05,False,False,False
1565,cheap__v4__v4_gast3d_pair_same_q_dist_mean_lowE,feature,cheap_rdkit_gasteiger_etkdg_mmff,float32,descriptor_specific_or_dimensionless,cheap_rdkit_gasteiger_etkdg_mmff feature: v4__v4_gast3d_pair_same_q_dist_mean_lowE,Local RDKit/Gasteiger/ETKDG/MMFF batch calculation,empty field in CSV,53,0.0008739961412,False,False,True
1566,cheap__v4__v4_gast3d_pair_same_q_dist_mean_mean,feature,cheap_rdkit_gasteiger_etkdg_mmff,float32,descriptor_specific_or_dimensionless,cheap_rdkit_gasteiger_etkdg_mmff feature: v4__v4_gast3d_pair_same_q_dist_mean_mean,Local RDKit/Gasteiger/ETKDG/MMFF batch calculation,empty field in CSV,53,0.0008739961412,False,False,True
1567,cheap__v4__v4_gast3d_pair_same_q_dist_mean_std,feature,cheap_rdkit_gasteiger_etkdg_mmff,float32,descriptor_specific_or_dimensionless,cheap_rdkit_gasteiger_etkdg_mmff feature: v4__v4_gast3d_pair_same_q_dist_mean_std,Local RDKit/Gasteiger/ETKDG/MMFF batch calculation,empty field in CSV,53,0.0008739961412,False,False,False
1568,cheap__v4__v4_gast3d_pair_same_q_dist_mean_min,feature,cheap_rdkit_gasteiger_etkdg_mmff,float32,descriptor_specific_or_dimensionless,cheap_rdkit_gasteiger_etkdg_mmff feature: v4__v4_gast3d_pair_same_q_dist_mean_min,Local RDKit/Gasteiger/ETKDG/MMFF batch calculation,empty field in CSV,53,0.0008739961412,False,False,True
1569,cheap__v4__v4_gast3d_pair_same_q_dist_mean_max,feature,cheap_rdkit_gasteiger_etkdg_mmff,float32,descriptor_specific_or_dimensionless,cheap_rdkit_gasteiger_etkdg_mmff feature: v4__v4_gast3d_pair_same_q_dist_mean_max,Local RDKit/Gasteiger/ETKDG/MMFF batch calculation,empty field in CSV,53,0.0008739961412,False,False,True
1570,cheap__v4__v4_gast3d_pair_same_q_dist_sum_lowE,feature,cheap_rdkit_gasteiger_etkdg_mmff,float32,descriptor_specific_or_dimensionless,cheap_rdkit_gasteiger_etkdg_mmff feature: v4__v4_gast3d_pair_same_q_dist_sum_lowE,Local RDKit/Gasteiger/ETKDG/MMFF batch calculation,empty field in CSV,2,3.298098646e-05,False,False,False
1571,cheap__v4__v4_gast3d_pair_same_q_dist_sum_mean,feature,cheap_rdkit_gasteiger_etkdg_mmff,float32,descriptor_specific_or_dimensionless,cheap_rdkit_gasteiger_etkdg_mmff feature: v4__v4_gast3d_pair_same_q_dist_sum_mean,Local RDKit/Gasteiger/ETKDG/MMFF batch calculation,empty field in CSV,2,3.298098646e-05,False,False,False
1572,cheap__v4__v4_gast3d_pair_same_q_dist_sum_std,feature,cheap_rdkit_gasteiger_etkdg_mmff,float32,descriptor_specific_or_dimensionless,cheap_rdkit_gasteiger_etkdg_mmff feature: v4__v4_gast3d_pair_same_q_dist_sum_std,Local RDKit/Gasteiger/ETKDG/MMFF batch calculation,empty field in CSV,2,3.298098646e-05,False,False,False
1573,cheap__v4__v4_gast3d_pair_same_q_dist_sum_min,feature,cheap_rdkit_gasteiger_etkdg_mmff,float32,descriptor_specific_or_dimensionless,cheap_rdkit_gasteiger_etkdg_mmff feature: v4__v4_gast3d_pair_same_q_dist_sum_min,Local RDKit/Gasteiger/ETKDG/MMFF batch calculation,empty field in CSV,2,3.298098646e-05,False,False,False
1574,cheap__v4__v4_gast3d_pair_same_q_dist_sum_max,feature,cheap_rdkit_gasteiger_etkdg_mmff,float32,descriptor_specific_or_dimensionless,cheap_rdkit_gasteiger_etkdg_mmff feature: v4__v4_gast3d_pair_same_q_dist_sum_max,Local RDKit/Gasteiger/ETKDG/MMFF batch calculation,empty field in CSV,2,3.298098646e-05,False,False,False
1575,cheap__v4__v4_gast3d_pos_neg_center_dist_lowE,feature,cheap_rdkit_gasteiger_etkdg_mmff,float32,descriptor_specific_or_dimensionless,cheap_rdkit_gasteiger_etkdg_mmff feature: v4__v4_gast3d_pos_neg_center_dist_lowE,Local RDKit/Gasteiger/ETKDG/MMFF batch calculation,empty field in CSV,53,0.0008739961412,True,True,False
1576,cheap__v4__v4_gast3d_pos_neg_center_dist_mean,feature,cheap_rdkit_gasteiger_etkdg_mmff,float32,descriptor_specific_or_dimensionless,cheap_rdkit_gasteiger_etkdg_mmff feature: v4__v4_gast3d_pos_neg_center_dist_mean,Local RDKit/Gasteiger/ETKDG/MMFF batch calculation,empty field in CSV,53,0.0008739961412,True,True,False
1577,cheap__v4__v4_gast3d_pos_neg_center_dist_std,feature,cheap_rdkit_gasteiger_etkdg_mmff,float32,descriptor_specific_or_dimensionless,cheap_rdkit_gasteiger_etkdg_mmff feature: v4__v4_gast3d_pos_neg_center_dist_std,Local RDKit/Gasteiger/ETKDG/MMFF batch calculation,empty field in CSV,53,0.0008739961412,False,False,False
1578,cheap__v4__v4_gast3d_pos_neg_center_dist_min,feature,cheap_rdkit_gasteiger_etkdg_mmff,float32,descriptor_specific_or_dimensionless,cheap_rdkit_gasteiger_etkdg_mmff feature: v4__v4_gast3d_pos_neg_center_dist_min,Local RDKit/Gasteiger/ETKDG/MMFF batch calculation,empty field in CSV,53,0.0008739961412,True,True,False
1579,cheap__v4__v4_gast3d_pos_neg_center_dist_max,feature,cheap_rdkit_gasteiger_etkdg_mmff,float32,descriptor_specific_or_dimensionless,cheap_rdkit_gasteiger_etkdg_mmff feature: v4__v4_gast3d_pos_neg_center_dist_max,Local RDKit/Gasteiger/ETKDG/MMFF batch calculation,empty field in CSV,53,0.0008739961412,True,True,False
1580,cheap__v4__v4_gast3d_qcov_anisotropy_lowE,feature,cheap_rdkit_gasteiger_etkdg_mmff,float32,descriptor_specific_or_dimensionless,cheap_rdkit_gasteiger_etkdg_mmff feature: v4__v4_gast3d_qcov_anisotropy_lowE,Local RDKit/Gasteiger/ETKDG/MMFF batch calculation,empty field in CSV,53,0.0008739961412,False,False,False
1581,cheap__v4__v4_gast3d_qcov_anisotropy_mean,feature,cheap_rdkit_gasteiger_etkdg_mmff,float32,descriptor_specific_or_dimensionless,cheap_rdkit_gasteiger_etkdg_mmff feature: v4__v4_gast3d_qcov_anisotropy_mean,Local RDKit/Gasteiger/ETKDG/MMFF batch calculation,empty field in CSV,53,0.0008739961412,False,False,False
1582,cheap__v4__v4_gast3d_qcov_anisotropy_std,feature,cheap_rdkit_gasteiger_etkdg_mmff,float32,descriptor_specific_or_dimensionless,cheap_rdkit_gasteiger_etkdg_mmff feature: v4__v4_gast3d_qcov_anisotropy_std,Local RDKit/Gasteiger/ETKDG/MMFF batch calculation,empty field in CSV,53,0.0008739961412,False,False,False
1583,cheap__v4__v4_gast3d_qcov_anisotropy_min,feature,cheap_rdkit_gasteiger_etkdg_mmff,float32,descriptor_specific_or_dimensionless,cheap_rdkit_gasteiger_etkdg_mmff feature: v4__v4_gast3d_qcov_anisotropy_min,Local RDKit/Gasteiger/ETKDG/MMFF batch calculation,empty field in CSV,53,0.0008739961412,False,False,False
1584,cheap__v4__v4_gast3d_qcov_anisotropy_max,feature,cheap_rdkit_gasteiger_etkdg_mmff,float32,descriptor_specific_or_dimensionless,cheap_rdkit_gasteiger_etkdg_mmff feature: v4__v4_gast3d_qcov_anisotropy_max,Local RDKit/Gasteiger/ETKDG/MMFF batch calculation,empty field in CSV,53,0.0008739961412,False,False,False
1585,cheap__v4__v4_gast3d_qcov_eig1_lowE,feature,cheap_rdkit_gasteiger_etkdg_mmff,float32,descriptor_specific_or_dimensionless,cheap_rdkit_gasteiger_etkdg_mmff feature: v4__v4_gast3d_qcov_eig1_lowE,Local RDKit/Gasteiger/ETKDG/MMFF batch calculation,empty field in CSV,53,0.0008739961412,False,False,False
1586,cheap__v4__v4_gast3d_qcov_eig1_mean,feature,cheap_rdkit_gasteiger_etkdg_mmff,float32,descriptor_specific_or_dimensionless,cheap_rdkit_gasteiger_etkdg_mmff feature: v4__v4_gast3d_qcov_eig1_mean,Local RDKit/Gasteiger/ETKDG/MMFF batch calculation,empty field in CSV,53,0.0008739961412,False,False,False
1587,cheap__v4__v4_gast3d_qcov_eig1_std,feature,cheap_rdkit_gasteiger_etkdg_mmff,float32,descriptor_specific_or_dimensionless,cheap_rdkit_gasteiger_etkdg_mmff feature: v4__v4_gast3d_qcov_eig1_std,Local RDKit/Gasteiger/ETKDG/MMFF batch calculation,empty field in CSV,53,0.0008739961412,False,False,False
1588,cheap__v4__v4_gast3d_qcov_eig1_min,feature,cheap_rdkit_gasteiger_etkdg_mmff,float32,descriptor_specific_or_dimensionless,cheap_rdkit_gasteiger_etkdg_mmff feature: v4__v4_gast3d_qcov_eig1_min,Local RDKit/Gasteiger/ETKDG/MMFF batch calculation,empty field in CSV,53,0.0008739961412,False,False,False
1589,cheap__v4__v4_gast3d_qcov_eig1_max,feature,cheap_rdkit_gasteiger_etkdg_mmff,float32,descriptor_specific_or_dimensionless,cheap_rdkit_gasteiger_etkdg_mmff feature: v4__v4_gast3d_qcov_eig1_max,Local RDKit/Gasteiger/ETKDG/MMFF batch calculation,empty field in CSV,53,0.0008739961412,False,False,False
1590,cheap__v4__v4_gast3d_qcov_eig2_lowE,feature,cheap_rdkit_gasteiger_etkdg_mmff,float32,descriptor_specific_or_dimensionless,cheap_rdkit_gasteiger_etkdg_mmff feature: v4__v4_gast3d_qcov_eig2_lowE,Local RDKit/Gasteiger/ETKDG/MMFF batch calculation,empty field in CSV,53,0.0008739961412,True,True,False
1591,cheap__v4__v4_gast3d_qcov_eig2_mean,feature,cheap_rdkit_gasteiger_etkdg_mmff,float32,descriptor_specific_or_dimensionless,cheap_rdkit_gasteiger_etkdg_mmff feature: v4__v4_gast3d_qcov_eig2_mean,Local RDKit/Gasteiger/ETKDG/MMFF batch calculation,empty field in CSV,53,0.0008739961412,True,True,False
1592,cheap__v4__v4_gast3d_qcov_eig2_std,feature,cheap_rdkit_gasteiger_etkdg_mmff,float32,descriptor_specific_or_dimensionless,cheap_rdkit_gasteiger_etkdg_mmff feature: v4__v4_gast3d_qcov_eig2_std,Local RDKit/Gasteiger/ETKDG/MMFF batch calculation,empty field in CSV,53,0.0008739961412,False,False,False
1593,cheap__v4__v4_gast3d_qcov_eig2_min,feature,cheap_rdkit_gasteiger_etkdg_mmff,float32,descriptor_specific_or_dimensionless,cheap_rdkit_gasteiger_etkdg_mmff feature: v4__v4_gast3d_qcov_eig2_min,Local RDKit/Gasteiger/ETKDG/MMFF batch calculation,empty field in CSV,53,0.0008739961412,True,True,False
1594,cheap__v4__v4_gast3d_qcov_eig2_max,feature,cheap_rdkit_gasteiger_etkdg_mmff,float32,descriptor_specific_or_dimensionless,cheap_rdkit_gasteiger_etkdg_mmff feature: v4__v4_gast3d_qcov_eig2_max,Local RDKit/Gasteiger/ETKDG/MMFF batch calculation,empty field in CSV,53,0.0008739961412,True,True,False
1595,cheap__v4__v4_gast3d_qcov_eig3_lowE,feature,cheap_rdkit_gasteiger_etkdg_mmff,float32,descriptor_specific_or_dimensionless,cheap_rdkit_gasteiger_etkdg_mmff feature: v4__v4_gast3d_qcov_eig3_lowE,Local RDKit/Gasteiger/ETKDG/MMFF batch calculation,empty field in CSV,53,0.0008739961412,False,False,False
1596,cheap__v4__v4_gast3d_qcov_eig3_mean,feature,cheap_rdkit_gasteiger_etkdg_mmff,float32,descriptor_specific_or_dimensionless,cheap_rdkit_gasteiger_etkdg_mmff feature: v4__v4_gast3d_qcov_eig3_mean,Local RDKit/Gasteiger/ETKDG/MMFF batch calculation,empty field in CSV,53,0.0008739961412,False,False,False
1597,cheap__v4__v4_gast3d_qcov_eig3_std,feature,cheap_rdkit_gasteiger_etkdg_mmff,float32,descriptor_specific_or_dimensionless,cheap_rdkit_gasteiger_etkdg_mmff feature: v4__v4_gast3d_qcov_eig3_std,Local RDKit/Gasteiger/ETKDG/MMFF batch calculation,empty field in CSV,53,0.0008739961412,False,False,False
1598,cheap__v4__v4_gast3d_qcov_eig3_min,feature,cheap_rdkit_gasteiger_etkdg_mmff,float32,descriptor_specific_or_dimensionless,cheap_rdkit_gasteiger_etkdg_mmff feature: v4__v4_gast3d_qcov_eig3_min,Local RDKit/Gasteiger/ETKDG/MMFF batch calculation,empty field in CSV,53,0.0008739961412,False,False,False
1599,cheap__v4__v4_gast3d_qcov_eig3_max,feature,cheap_rdkit_gasteiger_etkdg_mmff,float32,descriptor_specific_or_dimensionless,cheap_rdkit_gasteiger_etkdg_mmff feature: v4__v4_gast3d_qcov_eig3_max,Local RDKit/Gasteiger/ETKDG/MMFF batch calculation,empty field in CSV,53,0.0008739961412,False,False,False
1600,cheap__v4__v4_gast3d_qcov_planarity_lowE,feature,cheap_rdkit_gasteiger_etkdg_mmff,float32,descriptor_specific_or_dimensionless,cheap_rdkit_gasteiger_etkdg_mmff feature: v4__v4_gast3d_qcov_planarity_lowE,Local RDKit/Gasteiger/ETKDG/MMFF batch calculation,empty field in CSV,53,0.0008739961412,False,False,False
1601,cheap__v4__v4_gast3d_qcov_planarity_mean,feature,cheap_rdkit_gasteiger_etkdg_mmff,float32,descriptor_specific_or_dimensionless,cheap_rdkit_gasteiger_etkdg_mmff feature: v4__v4_gast3d_qcov_planarity_mean,Local RDKit/Gasteiger/ETKDG/MMFF batch calculation,empty field in CSV,53,0.0008739961412,False,False,False
1602,cheap__v4__v4_gast3d_qcov_planarity_std,feature,cheap_rdkit_gasteiger_etkdg_mmff,float32,descriptor_specific_or_dimensionless,cheap_rdkit_gasteiger_etkdg_mmff feature: v4__v4_gast3d_qcov_planarity_std,Local RDKit/Gasteiger/ETKDG/MMFF batch calculation,empty field in CSV,53,0.0008739961412,False,False,False
1603,cheap__v4__v4_gast3d_qcov_planarity_min,feature,cheap_rdkit_gasteiger_etkdg_mmff,float32,descriptor_specific_or_dimensionless,cheap_rdkit_gasteiger_etkdg_mmff feature: v4__v4_gast3d_qcov_planarity_min,Local RDKit/Gasteiger/ETKDG/MMFF batch calculation,empty field in CSV,53,0.0008739961412,False,False,False
1604,cheap__v4__v4_gast3d_qcov_planarity_max,feature,cheap_rdkit_gasteiger_etkdg_mmff,float32,descriptor_specific_or_dimensionless,cheap_rdkit_gasteiger_etkdg_mmff feature: v4__v4_gast3d_qcov_planarity_max,Local RDKit/Gasteiger/ETKDG/MMFF batch calculation,empty field in CSV,53,0.0008739961412,False,False,False
1605,cheap__v4__v4_gast3d_qcov_trace_lowE,feature,cheap_rdkit_gasteiger_etkdg_mmff,float32,descriptor_specific_or_dimensionless,cheap_rdkit_gasteiger_etkdg_mmff feature: v4__v4_gast3d_qcov_trace_lowE,Local RDKit/Gasteiger/ETKDG/MMFF batch calculation,empty field in CSV,53,0.0008739961412,True,True,True
1606,cheap__v4__v4_gast3d_qcov_trace_mean,feature,cheap_rdkit_gasteiger_etkdg_mmff,float32,descriptor_specific_or_dimensionless,cheap_rdkit_gasteiger_etkdg_mmff feature: v4__v4_gast3d_qcov_trace_mean,Local RDKit/Gasteiger/ETKDG/MMFF batch calculation,empty field in CSV,53,0.0008739961412,True,True,True
1607,cheap__v4__v4_gast3d_qcov_trace_std,feature,cheap_rdkit_gasteiger_etkdg_mmff,float32,descriptor_specific_or_dimensionless,cheap_rdkit_gasteiger_etkdg_mmff feature: v4__v4_gast3d_qcov_trace_std,Local RDKit/Gasteiger/ETKDG/MMFF batch calculation,empty field in CSV,53,0.0008739961412,False,False,False
1608,cheap__v4__v4_gast3d_qcov_trace_min,feature,cheap_rdkit_gasteiger_etkdg_mmff,float32,descriptor_specific_or_dimensionless,cheap_rdkit_gasteiger_etkdg_mmff feature: v4__v4_gast3d_qcov_trace_min,Local RDKit/Gasteiger/ETKDG/MMFF batch calculation,empty field in CSV,53,0.0008739961412,True,True,True
1609,cheap__v4__v4_gast3d_qcov_trace_max,feature,cheap_rdkit_gasteiger_etkdg_mmff,float32,descriptor_specific_or_dimensionless,cheap_rdkit_gasteiger_etkdg_mmff feature: v4__v4_gast3d_qcov_trace_max,Local RDKit/Gasteiger/ETKDG/MMFF batch calculation,empty field in CSV,53,0.0008739961412,True,True,True
1610,cheap__v4__v4_gast3d_signed_charge_second_moment_lowE,feature,cheap_rdkit_gasteiger_etkdg_mmff,float32,descriptor_specific_or_dimensionless,cheap_rdkit_gasteiger_etkdg_mmff feature: v4__v4_gast3d_signed_charge_second_moment_lowE,Local RDKit/Gasteiger/ETKDG/MMFF batch calculation,empty field in CSV,2,3.298098646e-05,True,True,False
1611,cheap__v4__v4_gast3d_signed_charge_second_moment_mean,feature,cheap_rdkit_gasteiger_etkdg_mmff,float32,descriptor_specific_or_dimensionless,cheap_rdkit_gasteiger_etkdg_mmff feature: v4__v4_gast3d_signed_charge_second_moment_mean,Local RDKit/Gasteiger/ETKDG/MMFF batch calculation,empty field in CSV,2,3.298098646e-05,True,True,False
1612,cheap__v4__v4_gast3d_signed_charge_second_moment_std,feature,cheap_rdkit_gasteiger_etkdg_mmff,float32,descriptor_specific_or_dimensionless,cheap_rdkit_gasteiger_etkdg_mmff feature: v4__v4_gast3d_signed_charge_second_moment_std,Local RDKit/Gasteiger/ETKDG/MMFF batch calculation,empty field in CSV,2,3.298098646e-05,False,False,False
1613,cheap__v4__v4_gast3d_signed_charge_second_moment_min,feature,cheap_rdkit_gasteiger_etkdg_mmff,float32,descriptor_specific_or_dimensionless,cheap_rdkit_gasteiger_etkdg_mmff feature: v4__v4_gast3d_signed_charge_second_moment_min,Local RDKit/Gasteiger/ETKDG/MMFF batch calculation,empty field in CSV,2,3.298098646e-05,True,True,False
1614,cheap__v4__v4_gast3d_signed_charge_second_moment_max,feature,cheap_rdkit_gasteiger_etkdg_mmff,float32,descriptor_specific_or_dimensionless,cheap_rdkit_gasteiger_etkdg_mmff feature: v4__v4_gast3d_signed_charge_second_moment_max,Local RDKit/Gasteiger/ETKDG/MMFF batch calculation,empty field in CSV,2,3.298098646e-05,True,True,False
1615,cheap__v4__v4_mmffq3d_n_confs,feature,cheap_rdkit_gasteiger_etkdg_mmff,float32,count,cheap_rdkit_gasteiger_etkdg_mmff feature: v4__v4_mmffq3d_n_confs,Local RDKit/Gasteiger/ETKDG/MMFF batch calculation,empty field in CSV,2,3.298098646e-05,False,False,False
1616,cheap__v4__v4_mmffq3d_energy_min,feature,cheap_rdkit_gasteiger_etkdg_mmff,float32,descriptor_specific_or_dimensionless,cheap_rdkit_gasteiger_etkdg_mmff feature: v4__v4_mmffq3d_energy_min,Local RDKit/Gasteiger/ETKDG/MMFF batch calculation,empty field in CSV,80,0.001319239458,False,False,False
1617,cheap__v4__v4_mmffq3d_energy_mean,feature,cheap_rdkit_gasteiger_etkdg_mmff,float32,descriptor_specific_or_dimensionless,cheap_rdkit_gasteiger_etkdg_mmff feature: v4__v4_mmffq3d_energy_mean,Local RDKit/Gasteiger/ETKDG/MMFF batch calculation,empty field in CSV,80,0.001319239458,False,False,False
1618,cheap__v4__v4_mmffq3d_energy_std,feature,cheap_rdkit_gasteiger_etkdg_mmff,float32,descriptor_specific_or_dimensionless,cheap_rdkit_gasteiger_etkdg_mmff feature: v4__v4_mmffq3d_energy_std,Local RDKit/Gasteiger/ETKDG/MMFF batch calculation,empty field in CSV,80,0.001319239458,False,False,False
1619,cheap__v4__v4_mmffq3d_energy_range,feature,cheap_rdkit_gasteiger_etkdg_mmff,float32,descriptor_specific_or_dimensionless,cheap_rdkit_gasteiger_etkdg_mmff feature: v4__v4_mmffq3d_energy_range,Local RDKit/Gasteiger/ETKDG/MMFF batch calculation,empty field in CSV,80,0.001319239458,False,False,False
1620,cheap__v4__v4_mmffq3d_abs_charge_moment1_lowE,feature,cheap_rdkit_gasteiger_etkdg_mmff,float32,descriptor_specific_or_dimensionless,cheap_rdkit_gasteiger_etkdg_mmff feature: v4__v4_mmffq3d_abs_charge_moment1_lowE,Local RDKit/Gasteiger/ETKDG/MMFF batch calculation,empty field in CSV,80,0.001319239458,True,True,True
1621,cheap__v4__v4_mmffq3d_abs_charge_moment1_mean,feature,cheap_rdkit_gasteiger_etkdg_mmff,float32,descriptor_specific_or_dimensionless,cheap_rdkit_gasteiger_etkdg_mmff feature: v4__v4_mmffq3d_abs_charge_moment1_mean,Local RDKit/Gasteiger/ETKDG/MMFF batch calculation,empty field in CSV,80,0.001319239458,True,True,True
1622,cheap__v4__v4_mmffq3d_abs_charge_moment1_std,feature,cheap_rdkit_gasteiger_etkdg_mmff,float32,descriptor_specific_or_dimensionless,cheap_rdkit_gasteiger_etkdg_mmff feature: v4__v4_mmffq3d_abs_charge_moment1_std,Local RDKit/Gasteiger/ETKDG/MMFF batch calculation,empty field in CSV,80,0.001319239458,False,False,False
1623,cheap__v4__v4_mmffq3d_abs_charge_moment1_min,feature,cheap_rdkit_gasteiger_etkdg_mmff,float32,descriptor_specific_or_dimensionless,cheap_rdkit_gasteiger_etkdg_mmff feature: v4__v4_mmffq3d_abs_charge_moment1_min,Local RDKit/Gasteiger/ETKDG/MMFF batch calculation,empty field in CSV,80,0.001319239458,True,True,True
1624,cheap__v4__v4_mmffq3d_abs_charge_moment1_max,feature,cheap_rdkit_gasteiger_etkdg_mmff,float32,descriptor_specific_or_dimensionless,cheap_rdkit_gasteiger_etkdg_mmff feature: v4__v4_mmffq3d_abs_charge_moment1_max,Local RDKit/Gasteiger/ETKDG/MMFF batch calculation,empty field in CSV,80,0.001319239458,True,True,True
1625,cheap__v4__v4_mmffq3d_abs_charge_moment2_lowE,feature,cheap_rdkit_gasteiger_etkdg_mmff,float32,descriptor_specific_or_dimensionless,cheap_rdkit_gasteiger_etkdg_mmff feature: v4__v4_mmffq3d_abs_charge_moment2_lowE,Local RDKit/Gasteiger/ETKDG/MMFF batch calculation,empty field in CSV,80,0.001319239458,True,True,True
1626,cheap__v4__v4_mmffq3d_abs_charge_moment2_mean,feature,cheap_rdkit_gasteiger_etkdg_mmff,float32,descriptor_specific_or_dimensionless,cheap_rdkit_gasteiger_etkdg_mmff feature: v4__v4_mmffq3d_abs_charge_moment2_mean,Local RDKit/Gasteiger/ETKDG/MMFF batch calculation,empty field in CSV,80,0.001319239458,True,True,True
1627,cheap__v4__v4_mmffq3d_abs_charge_moment2_std,feature,cheap_rdkit_gasteiger_etkdg_mmff,float32,descriptor_specific_or_dimensionless,cheap_rdkit_gasteiger_etkdg_mmff feature: v4__v4_mmffq3d_abs_charge_moment2_std,Local RDKit/Gasteiger/ETKDG/MMFF batch calculation,empty field in CSV,80,0.001319239458,False,False,False
1628,cheap__v4__v4_mmffq3d_abs_charge_moment2_min,feature,cheap_rdkit_gasteiger_etkdg_mmff,float32,descriptor_specific_or_dimensionless,cheap_rdkit_gasteiger_etkdg_mmff feature: v4__v4_mmffq3d_abs_charge_moment2_min,Local RDKit/Gasteiger/ETKDG/MMFF batch calculation,empty field in CSV,80,0.001319239458,True,True,True
1629,cheap__v4__v4_mmffq3d_abs_charge_moment2_max,feature,cheap_rdkit_gasteiger_etkdg_mmff,float32,descriptor_specific_or_dimensionless,cheap_rdkit_gasteiger_etkdg_mmff feature: v4__v4_mmffq3d_abs_charge_moment2_max,Local RDKit/Gasteiger/ETKDG/MMFF batch calculation,empty field in CSV,80,0.001319239458,True,True,True
1630,cheap__v4__v4_mmffq3d_abs_charge_moment3_lowE,feature,cheap_rdkit_gasteiger_etkdg_mmff,float32,descriptor_specific_or_dimensionless,cheap_rdkit_gasteiger_etkdg_mmff feature: v4__v4_mmffq3d_abs_charge_moment3_lowE,Local RDKit/Gasteiger/ETKDG/MMFF batch calculation,empty field in CSV,80,0.001319239458,True,True,True
1631,cheap__v4__v4_mmffq3d_abs_charge_moment3_mean,feature,cheap_rdkit_gasteiger_etkdg_mmff,float32,descriptor_specific_or_dimensionless,cheap_rdkit_gasteiger_etkdg_mmff feature: v4__v4_mmffq3d_abs_charge_moment3_mean,Local RDKit/Gasteiger/ETKDG/MMFF batch calculation,empty field in CSV,80,0.001319239458,True,True,True
1632,cheap__v4__v4_mmffq3d_abs_charge_moment3_std,feature,cheap_rdkit_gasteiger_etkdg_mmff,float32,descriptor_specific_or_dimensionless,cheap_rdkit_gasteiger_etkdg_mmff feature: v4__v4_mmffq3d_abs_charge_moment3_std,Local RDKit/Gasteiger/ETKDG/MMFF batch calculation,empty field in CSV,80,0.001319239458,False,False,False
1633,cheap__v4__v4_mmffq3d_abs_charge_moment3_min,feature,cheap_rdkit_gasteiger_etkdg_mmff,float32,descriptor_specific_or_dimensionless,cheap_rdkit_gasteiger_etkdg_mmff feature: v4__v4_mmffq3d_abs_charge_moment3_min,Local RDKit/Gasteiger/ETKDG/MMFF batch calculation,empty field in CSV,80,0.001319239458,True,True,True
1634,cheap__v4__v4_mmffq3d_abs_charge_moment3_max,feature,cheap_rdkit_gasteiger_etkdg_mmff,float32,descriptor_specific_or_dimensionless,cheap_rdkit_gasteiger_etkdg_mmff feature: v4__v4_mmffq3d_abs_charge_moment3_max,Local RDKit/Gasteiger/ETKDG/MMFF batch calculation,empty field in CSV,80,0.001319239458,True,True,True
1635,cheap__v4__v4_mmffq3d_abs_charge_weighted_rg_lowE,feature,cheap_rdkit_gasteiger_etkdg_mmff,float32,descriptor_specific_or_dimensionless,cheap_rdkit_gasteiger_etkdg_mmff feature: v4__v4_mmffq3d_abs_charge_weighted_rg_lowE,Local RDKit/Gasteiger/ETKDG/MMFF batch calculation,empty field in CSV,80,0.001319239458,True,True,True
1636,cheap__v4__v4_mmffq3d_abs_charge_weighted_rg_mean,feature,cheap_rdkit_gasteiger_etkdg_mmff,float32,descriptor_specific_or_dimensionless,cheap_rdkit_gasteiger_etkdg_mmff feature: v4__v4_mmffq3d_abs_charge_weighted_rg_mean,Local RDKit/Gasteiger/ETKDG/MMFF batch calculation,empty field in CSV,80,0.001319239458,True,True,True
1637,cheap__v4__v4_mmffq3d_abs_charge_weighted_rg_std,feature,cheap_rdkit_gasteiger_etkdg_mmff,float32,descriptor_specific_or_dimensionless,cheap_rdkit_gasteiger_etkdg_mmff feature: v4__v4_mmffq3d_abs_charge_weighted_rg_std,Local RDKit/Gasteiger/ETKDG/MMFF batch calculation,empty field in CSV,80,0.001319239458,False,False,False
1638,cheap__v4__v4_mmffq3d_abs_charge_weighted_rg_min,feature,cheap_rdkit_gasteiger_etkdg_mmff,float32,descriptor_specific_or_dimensionless,cheap_rdkit_gasteiger_etkdg_mmff feature: v4__v4_mmffq3d_abs_charge_weighted_rg_min,Local RDKit/Gasteiger/ETKDG/MMFF batch calculation,empty field in CSV,80,0.001319239458,True,True,True
1639,cheap__v4__v4_mmffq3d_abs_charge_weighted_rg_max,feature,cheap_rdkit_gasteiger_etkdg_mmff,float32,descriptor_specific_or_dimensionless,cheap_rdkit_gasteiger_etkdg_mmff feature: v4__v4_mmffq3d_abs_charge_weighted_rg_max,Local RDKit/Gasteiger/ETKDG/MMFF batch calculation,empty field in CSV,80,0.001319239458,True,True,True
1640,cheap__v4__v4_mmffq3d_abs_signed_charge_second_moment_lowE,feature,cheap_rdkit_gasteiger_etkdg_mmff,float32,descriptor_specific_or_dimensionless,cheap_rdkit_gasteiger_etkdg_mmff feature: v4__v4_mmffq3d_abs_signed_charge_second_moment_lowE,Local RDKit/Gasteiger/ETKDG/MMFF batch calculation,empty field in CSV,80,0.001319239458,True,True,False
1641,cheap__v4__v4_mmffq3d_abs_signed_charge_second_moment_mean,feature,cheap_rdkit_gasteiger_etkdg_mmff,float32,descriptor_specific_or_dimensionless,cheap_rdkit_gasteiger_etkdg_mmff feature: v4__v4_mmffq3d_abs_signed_charge_second_moment_mean,Local RDKit/Gasteiger/ETKDG/MMFF batch calculation,empty field in CSV,80,0.001319239458,True,True,False
1642,cheap__v4__v4_mmffq3d_abs_signed_charge_second_moment_std,feature,cheap_rdkit_gasteiger_etkdg_mmff,float32,descriptor_specific_or_dimensionless,cheap_rdkit_gasteiger_etkdg_mmff feature: v4__v4_mmffq3d_abs_signed_charge_second_moment_std,Local RDKit/Gasteiger/ETKDG/MMFF batch calculation,empty field in CSV,80,0.001319239458,False,False,False
1643,cheap__v4__v4_mmffq3d_abs_signed_charge_second_moment_min,feature,cheap_rdkit_gasteiger_etkdg_mmff,float32,descriptor_specific_or_dimensionless,cheap_rdkit_gasteiger_etkdg_mmff feature: v4__v4_mmffq3d_abs_signed_charge_second_moment_min,Local RDKit/Gasteiger/ETKDG/MMFF batch calculation,empty field in CSV,80,0.001319239458,True,True,False
1644,cheap__v4__v4_mmffq3d_abs_signed_charge_second_moment_max,feature,cheap_rdkit_gasteiger_etkdg_mmff,float32,descriptor_specific_or_dimensionless,cheap_rdkit_gasteiger_etkdg_mmff feature: v4__v4_mmffq3d_abs_signed_charge_second_moment_max,Local RDKit/Gasteiger/ETKDG/MMFF batch calculation,empty field in CSV,80,0.001319239458,True,True,False
1645,cheap__v4__v4_mmffq3d_dipole_heavy_norm_lowE,feature,cheap_rdkit_gasteiger_etkdg_mmff,float32,debye,cheap_rdkit_gasteiger_etkdg_mmff feature: v4__v4_mmffq3d_dipole_heavy_norm_lowE,Local RDKit/Gasteiger/ETKDG/MMFF batch calculation,empty field in CSV,80,0.001319239458,True,True,False
1646,cheap__v4__v4_mmffq3d_dipole_heavy_norm_mean,feature,cheap_rdkit_gasteiger_etkdg_mmff,float32,debye,cheap_rdkit_gasteiger_etkdg_mmff feature: v4__v4_mmffq3d_dipole_heavy_norm_mean,Local RDKit/Gasteiger/ETKDG/MMFF batch calculation,empty field in CSV,80,0.001319239458,True,True,False
1647,cheap__v4__v4_mmffq3d_dipole_heavy_norm_std,feature,cheap_rdkit_gasteiger_etkdg_mmff,float32,debye,cheap_rdkit_gasteiger_etkdg_mmff feature: v4__v4_mmffq3d_dipole_heavy_norm_std,Local RDKit/Gasteiger/ETKDG/MMFF batch calculation,empty field in CSV,80,0.001319239458,False,False,False
1648,cheap__v4__v4_mmffq3d_dipole_heavy_norm_min,feature,cheap_rdkit_gasteiger_etkdg_mmff,float32,debye,cheap_rdkit_gasteiger_etkdg_mmff feature: v4__v4_mmffq3d_dipole_heavy_norm_min,Local RDKit/Gasteiger/ETKDG/MMFF batch calculation,empty field in CSV,80,0.001319239458,True,True,False
1649,cheap__v4__v4_mmffq3d_dipole_heavy_norm_max,feature,cheap_rdkit_gasteiger_etkdg_mmff,float32,debye,cheap_rdkit_gasteiger_etkdg_mmff feature: v4__v4_mmffq3d_dipole_heavy_norm_max,Local RDKit/Gasteiger/ETKDG/MMFF batch calculation,empty field in CSV,80,0.001319239458,True,True,False
1650,cheap__v4__v4_mmffq3d_dipole_norm_lowE,feature,cheap_rdkit_gasteiger_etkdg_mmff,float32,debye,cheap_rdkit_gasteiger_etkdg_mmff feature: v4__v4_mmffq3d_dipole_norm_lowE,Local RDKit/Gasteiger/ETKDG/MMFF batch calculation,empty field in CSV,80,0.001319239458,True,True,False
1651,cheap__v4__v4_mmffq3d_dipole_norm_mean,feature,cheap_rdkit_gasteiger_etkdg_mmff,float32,debye,cheap_rdkit_gasteiger_etkdg_mmff feature: v4__v4_mmffq3d_dipole_norm_mean,Local RDKit/Gasteiger/ETKDG/MMFF batch calculation,empty field in CSV,80,0.001319239458,True,True,False
1652,cheap__v4__v4_mmffq3d_dipole_norm_std,feature,cheap_rdkit_gasteiger_etkdg_mmff,float32,debye,cheap_rdkit_gasteiger_etkdg_mmff feature: v4__v4_mmffq3d_dipole_norm_std,Local RDKit/Gasteiger/ETKDG/MMFF batch calculation,empty field in CSV,80,0.001319239458,False,False,False
1653,cheap__v4__v4_mmffq3d_dipole_norm_min,feature,cheap_rdkit_gasteiger_etkdg_mmff,float32,debye,cheap_rdkit_gasteiger_etkdg_mmff feature: v4__v4_mmffq3d_dipole_norm_min,Local RDKit/Gasteiger/ETKDG/MMFF batch calculation,empty field in CSV,80,0.001319239458,True,True,False
1654,cheap__v4__v4_mmffq3d_dipole_norm_max,feature,cheap_rdkit_gasteiger_etkdg_mmff,float32,debye,cheap_rdkit_gasteiger_etkdg_mmff feature: v4__v4_mmffq3d_dipole_norm_max,Local RDKit/Gasteiger/ETKDG/MMFF batch calculation,empty field in CSV,80,0.001319239458,True,True,False
1655,cheap__v4__v4_mmffq3d_dipole_per_abs_charge_lowE,feature,cheap_rdkit_gasteiger_etkdg_mmff,float32,debye,cheap_rdkit_gasteiger_etkdg_mmff feature: v4__v4_mmffq3d_dipole_per_abs_charge_lowE,Local RDKit/Gasteiger/ETKDG/MMFF batch calculation,empty field in CSV,80,0.001319239458,True,True,False
1656,cheap__v4__v4_mmffq3d_dipole_per_abs_charge_mean,feature,cheap_rdkit_gasteiger_etkdg_mmff,float32,debye,cheap_rdkit_gasteiger_etkdg_mmff feature: v4__v4_mmffq3d_dipole_per_abs_charge_mean,Local RDKit/Gasteiger/ETKDG/MMFF batch calculation,empty field in CSV,80,0.001319239458,True,True,False
1657,cheap__v4__v4_mmffq3d_dipole_per_abs_charge_std,feature,cheap_rdkit_gasteiger_etkdg_mmff,float32,debye,cheap_rdkit_gasteiger_etkdg_mmff feature: v4__v4_mmffq3d_dipole_per_abs_charge_std,Local RDKit/Gasteiger/ETKDG/MMFF batch calculation,empty field in CSV,80,0.001319239458,False,False,False
1658,cheap__v4__v4_mmffq3d_dipole_per_abs_charge_min,feature,cheap_rdkit_gasteiger_etkdg_mmff,float32,debye,cheap_rdkit_gasteiger_etkdg_mmff feature: v4__v4_mmffq3d_dipole_per_abs_charge_min,Local RDKit/Gasteiger/ETKDG/MMFF batch calculation,empty field in CSV,80,0.001319239458,True,True,False
1659,cheap__v4__v4_mmffq3d_dipole_per_abs_charge_max,feature,cheap_rdkit_gasteiger_etkdg_mmff,float32,debye,cheap_rdkit_gasteiger_etkdg_mmff feature: v4__v4_mmffq3d_dipole_per_abs_charge_max,Local RDKit/Gasteiger/ETKDG/MMFF batch calculation,empty field in CSV,80,0.001319239458,True,True,False
1660,cheap__v4__v4_mmffq3d_dipole_per_heavy_atom_lowE,feature,cheap_rdkit_gasteiger_etkdg_mmff,float32,debye,cheap_rdkit_gasteiger_etkdg_mmff feature: v4__v4_mmffq3d_dipole_per_heavy_atom_lowE,Local RDKit/Gasteiger/ETKDG/MMFF batch calculation,empty field in CSV,80,0.001319239458,True,True,False
1661,cheap__v4__v4_mmffq3d_dipole_per_heavy_atom_mean,feature,cheap_rdkit_gasteiger_etkdg_mmff,float32,debye,cheap_rdkit_gasteiger_etkdg_mmff feature: v4__v4_mmffq3d_dipole_per_heavy_atom_mean,Local RDKit/Gasteiger/ETKDG/MMFF batch calculation,empty field in CSV,80,0.001319239458,True,True,False
1662,cheap__v4__v4_mmffq3d_dipole_per_heavy_atom_std,feature,cheap_rdkit_gasteiger_etkdg_mmff,float32,debye,cheap_rdkit_gasteiger_etkdg_mmff feature: v4__v4_mmffq3d_dipole_per_heavy_atom_std,Local RDKit/Gasteiger/ETKDG/MMFF batch calculation,empty field in CSV,80,0.001319239458,False,False,False
1663,cheap__v4__v4_mmffq3d_dipole_per_heavy_atom_min,feature,cheap_rdkit_gasteiger_etkdg_mmff,float32,debye,cheap_rdkit_gasteiger_etkdg_mmff feature: v4__v4_mmffq3d_dipole_per_heavy_atom_min,Local RDKit/Gasteiger/ETKDG/MMFF batch calculation,empty field in CSV,80,0.001319239458,True,True,False
1664,cheap__v4__v4_mmffq3d_dipole_per_heavy_atom_max,feature,cheap_rdkit_gasteiger_etkdg_mmff,float32,debye,cheap_rdkit_gasteiger_etkdg_mmff feature: v4__v4_mmffq3d_dipole_per_heavy_atom_max,Local RDKit/Gasteiger/ETKDG/MMFF batch calculation,empty field in CSV,80,0.001319239458,True,True,False
1665,cheap__v4__v4_mmffq3d_dipole_x_abs_lowE,feature,cheap_rdkit_gasteiger_etkdg_mmff,float32,debye,cheap_rdkit_gasteiger_etkdg_mmff feature: v4__v4_mmffq3d_dipole_x_abs_lowE,Local RDKit/Gasteiger/ETKDG/MMFF batch calculation,empty field in CSV,80,0.001319239458,True,True,False
1666,cheap__v4__v4_mmffq3d_dipole_x_abs_mean,feature,cheap_rdkit_gasteiger_etkdg_mmff,float32,debye,cheap_rdkit_gasteiger_etkdg_mmff feature: v4__v4_mmffq3d_dipole_x_abs_mean,Local RDKit/Gasteiger/ETKDG/MMFF batch calculation,empty field in CSV,80,0.001319239458,True,True,False
1667,cheap__v4__v4_mmffq3d_dipole_x_abs_std,feature,cheap_rdkit_gasteiger_etkdg_mmff,float32,debye,cheap_rdkit_gasteiger_etkdg_mmff feature: v4__v4_mmffq3d_dipole_x_abs_std,Local RDKit/Gasteiger/ETKDG/MMFF batch calculation,empty field in CSV,80,0.001319239458,False,False,False
1668,cheap__v4__v4_mmffq3d_dipole_x_abs_min,feature,cheap_rdkit_gasteiger_etkdg_mmff,float32,debye,cheap_rdkit_gasteiger_etkdg_mmff feature: v4__v4_mmffq3d_dipole_x_abs_min,Local RDKit/Gasteiger/ETKDG/MMFF batch calculation,empty field in CSV,80,0.001319239458,True,True,False
1669,cheap__v4__v4_mmffq3d_dipole_x_abs_max,feature,cheap_rdkit_gasteiger_etkdg_mmff,float32,debye,cheap_rdkit_gasteiger_etkdg_mmff feature: v4__v4_mmffq3d_dipole_x_abs_max,Local RDKit/Gasteiger/ETKDG/MMFF batch calculation,empty field in CSV,80,0.001319239458,True,True,False
1670,cheap__v4__v4_mmffq3d_dipole_y_abs_lowE,feature,cheap_rdkit_gasteiger_etkdg_mmff,float32,debye,cheap_rdkit_gasteiger_etkdg_mmff feature: v4__v4_mmffq3d_dipole_y_abs_lowE,Local RDKit/Gasteiger/ETKDG/MMFF batch calculation,empty field in CSV,80,0.001319239458,True,True,False
1671,cheap__v4__v4_mmffq3d_dipole_y_abs_mean,feature,cheap_rdkit_gasteiger_etkdg_mmff,float32,debye,cheap_rdkit_gasteiger_etkdg_mmff feature: v4__v4_mmffq3d_dipole_y_abs_mean,Local RDKit/Gasteiger/ETKDG/MMFF batch calculation,empty field in CSV,80,0.001319239458,True,True,False
1672,cheap__v4__v4_mmffq3d_dipole_y_abs_std,feature,cheap_rdkit_gasteiger_etkdg_mmff,float32,debye,cheap_rdkit_gasteiger_etkdg_mmff feature: v4__v4_mmffq3d_dipole_y_abs_std,Local RDKit/Gasteiger/ETKDG/MMFF batch calculation,empty field in CSV,80,0.001319239458,False,False,False
1673,cheap__v4__v4_mmffq3d_dipole_y_abs_min,feature,cheap_rdkit_gasteiger_etkdg_mmff,float32,debye,cheap_rdkit_gasteiger_etkdg_mmff feature: v4__v4_mmffq3d_dipole_y_abs_min,Local RDKit/Gasteiger/ETKDG/MMFF batch calculation,empty field in CSV,80,0.001319239458,True,True,False
1674,cheap__v4__v4_mmffq3d_dipole_y_abs_max,feature,cheap_rdkit_gasteiger_etkdg_mmff,float32,debye,cheap_rdkit_gasteiger_etkdg_mmff feature: v4__v4_mmffq3d_dipole_y_abs_max,Local RDKit/Gasteiger/ETKDG/MMFF batch calculation,empty field in CSV,80,0.001319239458,True,True,False
1675,cheap__v4__v4_mmffq3d_dipole_z_abs_lowE,feature,cheap_rdkit_gasteiger_etkdg_mmff,float32,debye,cheap_rdkit_gasteiger_etkdg_mmff feature: v4__v4_mmffq3d_dipole_z_abs_lowE,Local RDKit/Gasteiger/ETKDG/MMFF batch calculation,empty field in CSV,80,0.001319239458,True,True,False
1676,cheap__v4__v4_mmffq3d_dipole_z_abs_mean,feature,cheap_rdkit_gasteiger_etkdg_mmff,float32,debye,cheap_rdkit_gasteiger_etkdg_mmff feature: v4__v4_mmffq3d_dipole_z_abs_mean,Local RDKit/Gasteiger/ETKDG/MMFF batch calculation,empty field in CSV,80,0.001319239458,True,True,False
1677,cheap__v4__v4_mmffq3d_dipole_z_abs_std,feature,cheap_rdkit_gasteiger_etkdg_mmff,float32,debye,cheap_rdkit_gasteiger_etkdg_mmff feature: v4__v4_mmffq3d_dipole_z_abs_std,Local RDKit/Gasteiger/ETKDG/MMFF batch calculation,empty field in CSV,80,0.001319239458,False,False,False
1678,cheap__v4__v4_mmffq3d_dipole_z_abs_min,feature,cheap_rdkit_gasteiger_etkdg_mmff,float32,debye,cheap_rdkit_gasteiger_etkdg_mmff feature: v4__v4_mmffq3d_dipole_z_abs_min,Local RDKit/Gasteiger/ETKDG/MMFF batch calculation,empty field in CSV,80,0.001319239458,True,True,False
1679,cheap__v4__v4_mmffq3d_dipole_z_abs_max,feature,cheap_rdkit_gasteiger_etkdg_mmff,float32,debye,cheap_rdkit_gasteiger_etkdg_mmff feature: v4__v4_mmffq3d_dipole_z_abs_max,Local RDKit/Gasteiger/ETKDG/MMFF batch calculation,empty field in CSV,80,0.001319239458,True,True,False
1680,cheap__v4__v4_mmffq3d_maxpos_maxneg_dist_lowE,feature,cheap_rdkit_gasteiger_etkdg_mmff,float32,descriptor_specific_or_dimensionless,cheap_rdkit_gasteiger_etkdg_mmff feature: v4__v4_mmffq3d_maxpos_maxneg_dist_lowE,Local RDKit/Gasteiger/ETKDG/MMFF batch calculation,empty field in CSV,80,0.001319239458,False,False,False
1681,cheap__v4__v4_mmffq3d_maxpos_maxneg_dist_mean,feature,cheap_rdkit_gasteiger_etkdg_mmff,float32,descriptor_specific_or_dimensionless,cheap_rdkit_gasteiger_etkdg_mmff feature: v4__v4_mmffq3d_maxpos_maxneg_dist_mean,Local RDKit/Gasteiger/ETKDG/MMFF batch calculation,empty field in CSV,80,0.001319239458,False,False,False
1682,cheap__v4__v4_mmffq3d_maxpos_maxneg_dist_std,feature,cheap_rdkit_gasteiger_etkdg_mmff,float32,descriptor_specific_or_dimensionless,cheap_rdkit_gasteiger_etkdg_mmff feature: v4__v4_mmffq3d_maxpos_maxneg_dist_std,Local RDKit/Gasteiger/ETKDG/MMFF batch calculation,empty field in CSV,80,0.001319239458,False,False,False
1683,cheap__v4__v4_mmffq3d_maxpos_maxneg_dist_min,feature,cheap_rdkit_gasteiger_etkdg_mmff,float32,descriptor_specific_or_dimensionless,cheap_rdkit_gasteiger_etkdg_mmff feature: v4__v4_mmffq3d_maxpos_maxneg_dist_min,Local RDKit/Gasteiger/ETKDG/MMFF batch calculation,empty field in CSV,80,0.001319239458,False,False,False
1684,cheap__v4__v4_mmffq3d_maxpos_maxneg_dist_max,feature,cheap_rdkit_gasteiger_etkdg_mmff,float32,descriptor_specific_or_dimensionless,cheap_rdkit_gasteiger_etkdg_mmff feature: v4__v4_mmffq3d_maxpos_maxneg_dist_max,Local RDKit/Gasteiger/ETKDG/MMFF batch calculation,empty field in CSV,80,0.001319239458,False,False,False
1685,cheap__v4__v4_mmffq3d_pair_abs_q_dist2_sum_lowE,feature,cheap_rdkit_gasteiger_etkdg_mmff,float32,descriptor_specific_or_dimensionless,cheap_rdkit_gasteiger_etkdg_mmff feature: v4__v4_mmffq3d_pair_abs_q_dist2_sum_lowE,Local RDKit/Gasteiger/ETKDG/MMFF batch calculation,empty field in CSV,80,0.001319239458,True,True,False
1686,cheap__v4__v4_mmffq3d_pair_abs_q_dist2_sum_mean,feature,cheap_rdkit_gasteiger_etkdg_mmff,float32,descriptor_specific_or_dimensionless,cheap_rdkit_gasteiger_etkdg_mmff feature: v4__v4_mmffq3d_pair_abs_q_dist2_sum_mean,Local RDKit/Gasteiger/ETKDG/MMFF batch calculation,empty field in CSV,80,0.001319239458,True,True,False
1687,cheap__v4__v4_mmffq3d_pair_abs_q_dist2_sum_std,feature,cheap_rdkit_gasteiger_etkdg_mmff,float32,descriptor_specific_or_dimensionless,cheap_rdkit_gasteiger_etkdg_mmff feature: v4__v4_mmffq3d_pair_abs_q_dist2_sum_std,Local RDKit/Gasteiger/ETKDG/MMFF batch calculation,empty field in CSV,80,0.001319239458,False,False,False
1688,cheap__v4__v4_mmffq3d_pair_abs_q_dist2_sum_min,feature,cheap_rdkit_gasteiger_etkdg_mmff,float32,descriptor_specific_or_dimensionless,cheap_rdkit_gasteiger_etkdg_mmff feature: v4__v4_mmffq3d_pair_abs_q_dist2_sum_min,Local RDKit/Gasteiger/ETKDG/MMFF batch calculation,empty field in CSV,80,0.001319239458,True,True,False
1689,cheap__v4__v4_mmffq3d_pair_abs_q_dist2_sum_max,feature,cheap_rdkit_gasteiger_etkdg_mmff,float32,descriptor_specific_or_dimensionless,cheap_rdkit_gasteiger_etkdg_mmff feature: v4__v4_mmffq3d_pair_abs_q_dist2_sum_max,Local RDKit/Gasteiger/ETKDG/MMFF batch calculation,empty field in CSV,80,0.001319239458,True,True,False
1690,cheap__v4__v4_mmffq3d_pair_abs_q_dist_sum_lowE,feature,cheap_rdkit_gasteiger_etkdg_mmff,float32,descriptor_specific_or_dimensionless,cheap_rdkit_gasteiger_etkdg_mmff feature: v4__v4_mmffq3d_pair_abs_q_dist_sum_lowE,Local RDKit/Gasteiger/ETKDG/MMFF batch calculation,empty field in CSV,80,0.001319239458,True,True,False
1691,cheap__v4__v4_mmffq3d_pair_abs_q_dist_sum_mean,feature,cheap_rdkit_gasteiger_etkdg_mmff,float32,descriptor_specific_or_dimensionless,cheap_rdkit_gasteiger_etkdg_mmff feature: v4__v4_mmffq3d_pair_abs_q_dist_sum_mean,Local RDKit/Gasteiger/ETKDG/MMFF batch calculation,empty field in CSV,80,0.001319239458,True,True,False
1692,cheap__v4__v4_mmffq3d_pair_abs_q_dist_sum_std,feature,cheap_rdkit_gasteiger_etkdg_mmff,float32,descriptor_specific_or_dimensionless,cheap_rdkit_gasteiger_etkdg_mmff feature: v4__v4_mmffq3d_pair_abs_q_dist_sum_std,Local RDKit/Gasteiger/ETKDG/MMFF batch calculation,empty field in CSV,80,0.001319239458,False,False,False
1693,cheap__v4__v4_mmffq3d_pair_abs_q_dist_sum_min,feature,cheap_rdkit_gasteiger_etkdg_mmff,float32,descriptor_specific_or_dimensionless,cheap_rdkit_gasteiger_etkdg_mmff feature: v4__v4_mmffq3d_pair_abs_q_dist_sum_min,Local RDKit/Gasteiger/ETKDG/MMFF batch calculation,empty field in CSV,80,0.001319239458,True,True,False
1694,cheap__v4__v4_mmffq3d_pair_abs_q_dist_sum_max,feature,cheap_rdkit_gasteiger_etkdg_mmff,float32,descriptor_specific_or_dimensionless,cheap_rdkit_gasteiger_etkdg_mmff feature: v4__v4_mmffq3d_pair_abs_q_dist_sum_max,Local RDKit/Gasteiger/ETKDG/MMFF batch calculation,empty field in CSV,80,0.001319239458,True,True,False
1695,cheap__v4__v4_mmffq3d_pair_opposite_q_dist_mean_lowE,feature,cheap_rdkit_gasteiger_etkdg_mmff,float32,descriptor_specific_or_dimensionless,cheap_rdkit_gasteiger_etkdg_mmff feature: v4__v4_mmffq3d_pair_opposite_q_dist_mean_lowE,Local RDKit/Gasteiger/ETKDG/MMFF batch calculation,empty field in CSV,80,0.001319239458,True,True,False
1696,cheap__v4__v4_mmffq3d_pair_opposite_q_dist_mean_mean,feature,cheap_rdkit_gasteiger_etkdg_mmff,float32,descriptor_specific_or_dimensionless,cheap_rdkit_gasteiger_etkdg_mmff feature: v4__v4_mmffq3d_pair_opposite_q_dist_mean_mean,Local RDKit/Gasteiger/ETKDG/MMFF batch calculation,empty field in CSV,80,0.001319239458,True,True,False
1697,cheap__v4__v4_mmffq3d_pair_opposite_q_dist_mean_std,feature,cheap_rdkit_gasteiger_etkdg_mmff,float32,descriptor_specific_or_dimensionless,cheap_rdkit_gasteiger_etkdg_mmff feature: v4__v4_mmffq3d_pair_opposite_q_dist_mean_std,Local RDKit/Gasteiger/ETKDG/MMFF batch calculation,empty field in CSV,80,0.001319239458,False,False,False
1698,cheap__v4__v4_mmffq3d_pair_opposite_q_dist_mean_min,feature,cheap_rdkit_gasteiger_etkdg_mmff,float32,descriptor_specific_or_dimensionless,cheap_rdkit_gasteiger_etkdg_mmff feature: v4__v4_mmffq3d_pair_opposite_q_dist_mean_min,Local RDKit/Gasteiger/ETKDG/MMFF batch calculation,empty field in CSV,80,0.001319239458,True,True,False
1699,cheap__v4__v4_mmffq3d_pair_opposite_q_dist_mean_max,feature,cheap_rdkit_gasteiger_etkdg_mmff,float32,descriptor_specific_or_dimensionless,cheap_rdkit_gasteiger_etkdg_mmff feature: v4__v4_mmffq3d_pair_opposite_q_dist_mean_max,Local RDKit/Gasteiger/ETKDG/MMFF batch calculation,empty field in CSV,80,0.001319239458,True,True,False
1700,cheap__v4__v4_mmffq3d_pair_opposite_q_dist_sum_lowE,feature,cheap_rdkit_gasteiger_etkdg_mmff,float32,descriptor_specific_or_dimensionless,cheap_rdkit_gasteiger_etkdg_mmff feature: v4__v4_mmffq3d_pair_opposite_q_dist_sum_lowE,Local RDKit/Gasteiger/ETKDG/MMFF batch calculation,empty field in CSV,80,0.001319239458,True,True,False
1701,cheap__v4__v4_mmffq3d_pair_opposite_q_dist_sum_mean,feature,cheap_rdkit_gasteiger_etkdg_mmff,float32,descriptor_specific_or_dimensionless,cheap_rdkit_gasteiger_etkdg_mmff feature: v4__v4_mmffq3d_pair_opposite_q_dist_sum_mean,Local RDKit/Gasteiger/ETKDG/MMFF batch calculation,empty field in CSV,80,0.001319239458,True,True,False
1702,cheap__v4__v4_mmffq3d_pair_opposite_q_dist_sum_std,feature,cheap_rdkit_gasteiger_etkdg_mmff,float32,descriptor_specific_or_dimensionless,cheap_rdkit_gasteiger_etkdg_mmff feature: v4__v4_mmffq3d_pair_opposite_q_dist_sum_std,Local RDKit/Gasteiger/ETKDG/MMFF batch calculation,empty field in CSV,80,0.001319239458,False,False,False
1703,cheap__v4__v4_mmffq3d_pair_opposite_q_dist_sum_min,feature,cheap_rdkit_gasteiger_etkdg_mmff,float32,descriptor_specific_or_dimensionless,cheap_rdkit_gasteiger_etkdg_mmff feature: v4__v4_mmffq3d_pair_opposite_q_dist_sum_min,Local RDKit/Gasteiger/ETKDG/MMFF batch calculation,empty field in CSV,80,0.001319239458,True,True,False
1704,cheap__v4__v4_mmffq3d_pair_opposite_q_dist_sum_max,feature,cheap_rdkit_gasteiger_etkdg_mmff,float32,descriptor_specific_or_dimensionless,cheap_rdkit_gasteiger_etkdg_mmff feature: v4__v4_mmffq3d_pair_opposite_q_dist_sum_max,Local RDKit/Gasteiger/ETKDG/MMFF batch calculation,empty field in CSV,80,0.001319239458,True,True,False
1705,cheap__v4__v4_mmffq3d_pair_same_q_dist_mean_lowE,feature,cheap_rdkit_gasteiger_etkdg_mmff,float32,descriptor_specific_or_dimensionless,cheap_rdkit_gasteiger_etkdg_mmff feature: v4__v4_mmffq3d_pair_same_q_dist_mean_lowE,Local RDKit/Gasteiger/ETKDG/MMFF batch calculation,empty field in CSV,97,0.001599577843,True,True,False
1706,cheap__v4__v4_mmffq3d_pair_same_q_dist_mean_mean,feature,cheap_rdkit_gasteiger_etkdg_mmff,float32,descriptor_specific_or_dimensionless,cheap_rdkit_gasteiger_etkdg_mmff feature: v4__v4_mmffq3d_pair_same_q_dist_mean_mean,Local RDKit/Gasteiger/ETKDG/MMFF batch calculation,empty field in CSV,97,0.001599577843,True,True,False
1707,cheap__v4__v4_mmffq3d_pair_same_q_dist_mean_std,feature,cheap_rdkit_gasteiger_etkdg_mmff,float32,descriptor_specific_or_dimensionless,cheap_rdkit_gasteiger_etkdg_mmff feature: v4__v4_mmffq3d_pair_same_q_dist_mean_std,Local RDKit/Gasteiger/ETKDG/MMFF batch calculation,empty field in CSV,97,0.001599577843,False,False,False
1708,cheap__v4__v4_mmffq3d_pair_same_q_dist_mean_min,feature,cheap_rdkit_gasteiger_etkdg_mmff,float32,descriptor_specific_or_dimensionless,cheap_rdkit_gasteiger_etkdg_mmff feature: v4__v4_mmffq3d_pair_same_q_dist_mean_min,Local RDKit/Gasteiger/ETKDG/MMFF batch calculation,empty field in CSV,97,0.001599577843,True,True,False
1709,cheap__v4__v4_mmffq3d_pair_same_q_dist_mean_max,feature,cheap_rdkit_gasteiger_etkdg_mmff,float32,descriptor_specific_or_dimensionless,cheap_rdkit_gasteiger_etkdg_mmff feature: v4__v4_mmffq3d_pair_same_q_dist_mean_max,Local RDKit/Gasteiger/ETKDG/MMFF batch calculation,empty field in CSV,97,0.001599577843,True,True,False
1710,cheap__v4__v4_mmffq3d_pair_same_q_dist_sum_lowE,feature,cheap_rdkit_gasteiger_etkdg_mmff,float32,descriptor_specific_or_dimensionless,cheap_rdkit_gasteiger_etkdg_mmff feature: v4__v4_mmffq3d_pair_same_q_dist_sum_lowE,Local RDKit/Gasteiger/ETKDG/MMFF batch calculation,empty field in CSV,80,0.001319239458,True,True,False
1711,cheap__v4__v4_mmffq3d_pair_same_q_dist_sum_mean,feature,cheap_rdkit_gasteiger_etkdg_mmff,float32,descriptor_specific_or_dimensionless,cheap_rdkit_gasteiger_etkdg_mmff feature: v4__v4_mmffq3d_pair_same_q_dist_sum_mean,Local RDKit/Gasteiger/ETKDG/MMFF batch calculation,empty field in CSV,80,0.001319239458,True,True,False
1712,cheap__v4__v4_mmffq3d_pair_same_q_dist_sum_std,feature,cheap_rdkit_gasteiger_etkdg_mmff,float32,descriptor_specific_or_dimensionless,cheap_rdkit_gasteiger_etkdg_mmff feature: v4__v4_mmffq3d_pair_same_q_dist_sum_std,Local RDKit/Gasteiger/ETKDG/MMFF batch calculation,empty field in CSV,80,0.001319239458,False,False,False
1713,cheap__v4__v4_mmffq3d_pair_same_q_dist_sum_min,feature,cheap_rdkit_gasteiger_etkdg_mmff,float32,descriptor_specific_or_dimensionless,cheap_rdkit_gasteiger_etkdg_mmff feature: v4__v4_mmffq3d_pair_same_q_dist_sum_min,Local RDKit/Gasteiger/ETKDG/MMFF batch calculation,empty field in CSV,80,0.001319239458,True,True,False
1714,cheap__v4__v4_mmffq3d_pair_same_q_dist_sum_max,feature,cheap_rdkit_gasteiger_etkdg_mmff,float32,descriptor_specific_or_dimensionless,cheap_rdkit_gasteiger_etkdg_mmff feature: v4__v4_mmffq3d_pair_same_q_dist_sum_max,Local RDKit/Gasteiger/ETKDG/MMFF batch calculation,empty field in CSV,80,0.001319239458,True,True,False
1715,cheap__v4__v4_mmffq3d_pos_neg_center_dist_lowE,feature,cheap_rdkit_gasteiger_etkdg_mmff,float32,descriptor_specific_or_dimensionless,cheap_rdkit_gasteiger_etkdg_mmff feature: v4__v4_mmffq3d_pos_neg_center_dist_lowE,Local RDKit/Gasteiger/ETKDG/MMFF batch calculation,empty field in CSV,80,0.001319239458,True,True,False
1716,cheap__v4__v4_mmffq3d_pos_neg_center_dist_mean,feature,cheap_rdkit_gasteiger_etkdg_mmff,float32,descriptor_specific_or_dimensionless,cheap_rdkit_gasteiger_etkdg_mmff feature: v4__v4_mmffq3d_pos_neg_center_dist_mean,Local RDKit/Gasteiger/ETKDG/MMFF batch calculation,empty field in CSV,80,0.001319239458,True,True,False
1717,cheap__v4__v4_mmffq3d_pos_neg_center_dist_std,feature,cheap_rdkit_gasteiger_etkdg_mmff,float32,descriptor_specific_or_dimensionless,cheap_rdkit_gasteiger_etkdg_mmff feature: v4__v4_mmffq3d_pos_neg_center_dist_std,Local RDKit/Gasteiger/ETKDG/MMFF batch calculation,empty field in CSV,80,0.001319239458,False,False,False
1718,cheap__v4__v4_mmffq3d_pos_neg_center_dist_min,feature,cheap_rdkit_gasteiger_etkdg_mmff,float32,descriptor_specific_or_dimensionless,cheap_rdkit_gasteiger_etkdg_mmff feature: v4__v4_mmffq3d_pos_neg_center_dist_min,Local RDKit/Gasteiger/ETKDG/MMFF batch calculation,empty field in CSV,80,0.001319239458,True,True,False
1719,cheap__v4__v4_mmffq3d_pos_neg_center_dist_max,feature,cheap_rdkit_gasteiger_etkdg_mmff,float32,descriptor_specific_or_dimensionless,cheap_rdkit_gasteiger_etkdg_mmff feature: v4__v4_mmffq3d_pos_neg_center_dist_max,Local RDKit/Gasteiger/ETKDG/MMFF batch calculation,empty field in CSV,80,0.001319239458,True,True,False
1720,cheap__v4__v4_mmffq3d_qcov_anisotropy_lowE,feature,cheap_rdkit_gasteiger_etkdg_mmff,float32,descriptor_specific_or_dimensionless,cheap_rdkit_gasteiger_etkdg_mmff feature: v4__v4_mmffq3d_qcov_anisotropy_lowE,Local RDKit/Gasteiger/ETKDG/MMFF batch calculation,empty field in CSV,80,0.001319239458,False,False,False
1721,cheap__v4__v4_mmffq3d_qcov_anisotropy_mean,feature,cheap_rdkit_gasteiger_etkdg_mmff,float32,descriptor_specific_or_dimensionless,cheap_rdkit_gasteiger_etkdg_mmff feature: v4__v4_mmffq3d_qcov_anisotropy_mean,Local RDKit/Gasteiger/ETKDG/MMFF batch calculation,empty field in CSV,80,0.001319239458,False,False,False
1722,cheap__v4__v4_mmffq3d_qcov_anisotropy_std,feature,cheap_rdkit_gasteiger_etkdg_mmff,float32,descriptor_specific_or_dimensionless,cheap_rdkit_gasteiger_etkdg_mmff feature: v4__v4_mmffq3d_qcov_anisotropy_std,Local RDKit/Gasteiger/ETKDG/MMFF batch calculation,empty field in CSV,80,0.001319239458,False,False,False
1723,cheap__v4__v4_mmffq3d_qcov_anisotropy_min,feature,cheap_rdkit_gasteiger_etkdg_mmff,float32,descriptor_specific_or_dimensionless,cheap_rdkit_gasteiger_etkdg_mmff feature: v4__v4_mmffq3d_qcov_anisotropy_min,Local RDKit/Gasteiger/ETKDG/MMFF batch calculation,empty field in CSV,80,0.001319239458,False,False,False
1724,cheap__v4__v4_mmffq3d_qcov_anisotropy_max,feature,cheap_rdkit_gasteiger_etkdg_mmff,float32,descriptor_specific_or_dimensionless,cheap_rdkit_gasteiger_etkdg_mmff feature: v4__v4_mmffq3d_qcov_anisotropy_max,Local RDKit/Gasteiger/ETKDG/MMFF batch calculation,empty field in CSV,80,0.001319239458,False,False,False
1725,cheap__v4__v4_mmffq3d_qcov_eig1_lowE,feature,cheap_rdkit_gasteiger_etkdg_mmff,float32,descriptor_specific_or_dimensionless,cheap_rdkit_gasteiger_etkdg_mmff feature: v4__v4_mmffq3d_qcov_eig1_lowE,Local RDKit/Gasteiger/ETKDG/MMFF batch calculation,empty field in CSV,80,0.001319239458,False,False,False
1726,cheap__v4__v4_mmffq3d_qcov_eig1_mean,feature,cheap_rdkit_gasteiger_etkdg_mmff,float32,descriptor_specific_or_dimensionless,cheap_rdkit_gasteiger_etkdg_mmff feature: v4__v4_mmffq3d_qcov_eig1_mean,Local RDKit/Gasteiger/ETKDG/MMFF batch calculation,empty field in CSV,80,0.001319239458,False,False,False
1727,cheap__v4__v4_mmffq3d_qcov_eig1_std,feature,cheap_rdkit_gasteiger_etkdg_mmff,float32,descriptor_specific_or_dimensionless,cheap_rdkit_gasteiger_etkdg_mmff feature: v4__v4_mmffq3d_qcov_eig1_std,Local RDKit/Gasteiger/ETKDG/MMFF batch calculation,empty field in CSV,80,0.001319239458,False,False,False
1728,cheap__v4__v4_mmffq3d_qcov_eig1_min,feature,cheap_rdkit_gasteiger_etkdg_mmff,float32,descriptor_specific_or_dimensionless,cheap_rdkit_gasteiger_etkdg_mmff feature: v4__v4_mmffq3d_qcov_eig1_min,Local RDKit/Gasteiger/ETKDG/MMFF batch calculation,empty field in CSV,80,0.001319239458,False,False,False
1729,cheap__v4__v4_mmffq3d_qcov_eig1_max,feature,cheap_rdkit_gasteiger_etkdg_mmff,float32,descriptor_specific_or_dimensionless,cheap_rdkit_gasteiger_etkdg_mmff feature: v4__v4_mmffq3d_qcov_eig1_max,Local RDKit/Gasteiger/ETKDG/MMFF batch calculation,empty field in CSV,80,0.001319239458,False,False,False
1730,cheap__v4__v4_mmffq3d_qcov_eig2_lowE,feature,cheap_rdkit_gasteiger_etkdg_mmff,float32,descriptor_specific_or_dimensionless,cheap_rdkit_gasteiger_etkdg_mmff feature: v4__v4_mmffq3d_qcov_eig2_lowE,Local RDKit/Gasteiger/ETKDG/MMFF batch calculation,empty field in CSV,80,0.001319239458,True,True,False
1731,cheap__v4__v4_mmffq3d_qcov_eig2_mean,feature,cheap_rdkit_gasteiger_etkdg_mmff,float32,descriptor_specific_or_dimensionless,cheap_rdkit_gasteiger_etkdg_mmff feature: v4__v4_mmffq3d_qcov_eig2_mean,Local RDKit/Gasteiger/ETKDG/MMFF batch calculation,empty field in CSV,80,0.001319239458,True,True,False
1732,cheap__v4__v4_mmffq3d_qcov_eig2_std,feature,cheap_rdkit_gasteiger_etkdg_mmff,float32,descriptor_specific_or_dimensionless,cheap_rdkit_gasteiger_etkdg_mmff feature: v4__v4_mmffq3d_qcov_eig2_std,Local RDKit/Gasteiger/ETKDG/MMFF batch calculation,empty field in CSV,80,0.001319239458,False,False,False
1733,cheap__v4__v4_mmffq3d_qcov_eig2_min,feature,cheap_rdkit_gasteiger_etkdg_mmff,float32,descriptor_specific_or_dimensionless,cheap_rdkit_gasteiger_etkdg_mmff feature: v4__v4_mmffq3d_qcov_eig2_min,Local RDKit/Gasteiger/ETKDG/MMFF batch calculation,empty field in CSV,80,0.001319239458,True,True,False
1734,cheap__v4__v4_mmffq3d_qcov_eig2_max,feature,cheap_rdkit_gasteiger_etkdg_mmff,float32,descriptor_specific_or_dimensionless,cheap_rdkit_gasteiger_etkdg_mmff feature: v4__v4_mmffq3d_qcov_eig2_max,Local RDKit/Gasteiger/ETKDG/MMFF batch calculation,empty field in CSV,80,0.001319239458,True,True,False
1735,cheap__v4__v4_mmffq3d_qcov_eig3_lowE,feature,cheap_rdkit_gasteiger_etkdg_mmff,float32,descriptor_specific_or_dimensionless,cheap_rdkit_gasteiger_etkdg_mmff feature: v4__v4_mmffq3d_qcov_eig3_lowE,Local RDKit/Gasteiger/ETKDG/MMFF batch calculation,empty field in CSV,80,0.001319239458,True,True,False
1736,cheap__v4__v4_mmffq3d_qcov_eig3_mean,feature,cheap_rdkit_gasteiger_etkdg_mmff,float32,descriptor_specific_or_dimensionless,cheap_rdkit_gasteiger_etkdg_mmff feature: v4__v4_mmffq3d_qcov_eig3_mean,Local RDKit/Gasteiger/ETKDG/MMFF batch calculation,empty field in CSV,80,0.001319239458,True,True,False
1737,cheap__v4__v4_mmffq3d_qcov_eig3_std,feature,cheap_rdkit_gasteiger_etkdg_mmff,float32,descriptor_specific_or_dimensionless,cheap_rdkit_gasteiger_etkdg_mmff feature: v4__v4_mmffq3d_qcov_eig3_std,Local RDKit/Gasteiger/ETKDG/MMFF batch calculation,empty field in CSV,80,0.001319239458,False,False,False
1738,cheap__v4__v4_mmffq3d_qcov_eig3_min,feature,cheap_rdkit_gasteiger_etkdg_mmff,float32,descriptor_specific_or_dimensionless,cheap_rdkit_gasteiger_etkdg_mmff feature: v4__v4_mmffq3d_qcov_eig3_min,Local RDKit/Gasteiger/ETKDG/MMFF batch calculation,empty field in CSV,80,0.001319239458,True,True,False
1739,cheap__v4__v4_mmffq3d_qcov_eig3_max,feature,cheap_rdkit_gasteiger_etkdg_mmff,float32,descriptor_specific_or_dimensionless,cheap_rdkit_gasteiger_etkdg_mmff feature: v4__v4_mmffq3d_qcov_eig3_max,Local RDKit/Gasteiger/ETKDG/MMFF batch calculation,empty field in CSV,80,0.001319239458,True,True,False
1740,cheap__v4__v4_mmffq3d_qcov_planarity_lowE,feature,cheap_rdkit_gasteiger_etkdg_mmff,float32,descriptor_specific_or_dimensionless,cheap_rdkit_gasteiger_etkdg_mmff feature: v4__v4_mmffq3d_qcov_planarity_lowE,Local RDKit/Gasteiger/ETKDG/MMFF batch calculation,empty field in CSV,80,0.001319239458,False,False,False
1741,cheap__v4__v4_mmffq3d_qcov_planarity_mean,feature,cheap_rdkit_gasteiger_etkdg_mmff,float32,descriptor_specific_or_dimensionless,cheap_rdkit_gasteiger_etkdg_mmff feature: v4__v4_mmffq3d_qcov_planarity_mean,Local RDKit/Gasteiger/ETKDG/MMFF batch calculation,empty field in CSV,80,0.001319239458,False,False,False
1742,cheap__v4__v4_mmffq3d_qcov_planarity_std,feature,cheap_rdkit_gasteiger_etkdg_mmff,float32,descriptor_specific_or_dimensionless,cheap_rdkit_gasteiger_etkdg_mmff feature: v4__v4_mmffq3d_qcov_planarity_std,Local RDKit/Gasteiger/ETKDG/MMFF batch calculation,empty field in CSV,80,0.001319239458,False,False,False
1743,cheap__v4__v4_mmffq3d_qcov_planarity_min,feature,cheap_rdkit_gasteiger_etkdg_mmff,float32,descriptor_specific_or_dimensionless,cheap_rdkit_gasteiger_etkdg_mmff feature: v4__v4_mmffq3d_qcov_planarity_min,Local RDKit/Gasteiger/ETKDG/MMFF batch calculation,empty field in CSV,80,0.001319239458,False,False,False
1744,cheap__v4__v4_mmffq3d_qcov_planarity_max,feature,cheap_rdkit_gasteiger_etkdg_mmff,float32,descriptor_specific_or_dimensionless,cheap_rdkit_gasteiger_etkdg_mmff feature: v4__v4_mmffq3d_qcov_planarity_max,Local RDKit/Gasteiger/ETKDG/MMFF batch calculation,empty field in CSV,80,0.001319239458,False,False,False
1745,cheap__v4__v4_mmffq3d_qcov_trace_lowE,feature,cheap_rdkit_gasteiger_etkdg_mmff,float32,descriptor_specific_or_dimensionless,cheap_rdkit_gasteiger_etkdg_mmff feature: v4__v4_mmffq3d_qcov_trace_lowE,Local RDKit/Gasteiger/ETKDG/MMFF batch calculation,empty field in CSV,80,0.001319239458,True,True,False
1746,cheap__v4__v4_mmffq3d_qcov_trace_mean,feature,cheap_rdkit_gasteiger_etkdg_mmff,float32,descriptor_specific_or_dimensionless,cheap_rdkit_gasteiger_etkdg_mmff feature: v4__v4_mmffq3d_qcov_trace_mean,Local RDKit/Gasteiger/ETKDG/MMFF batch calculation,empty field in CSV,80,0.001319239458,True,True,False
1747,cheap__v4__v4_mmffq3d_qcov_trace_std,feature,cheap_rdkit_gasteiger_etkdg_mmff,float32,descriptor_specific_or_dimensionless,cheap_rdkit_gasteiger_etkdg_mmff feature: v4__v4_mmffq3d_qcov_trace_std,Local RDKit/Gasteiger/ETKDG/MMFF batch calculation,empty field in CSV,80,0.001319239458,False,False,False
1748,cheap__v4__v4_mmffq3d_qcov_trace_min,feature,cheap_rdkit_gasteiger_etkdg_mmff,float32,descriptor_specific_or_dimensionless,cheap_rdkit_gasteiger_etkdg_mmff feature: v4__v4_mmffq3d_qcov_trace_min,Local RDKit/Gasteiger/ETKDG/MMFF batch calculation,empty field in CSV,80,0.001319239458,True,True,False
1749,cheap__v4__v4_mmffq3d_qcov_trace_max,feature,cheap_rdkit_gasteiger_etkdg_mmff,float32,descriptor_specific_or_dimensionless,cheap_rdkit_gasteiger_etkdg_mmff feature: v4__v4_mmffq3d_qcov_trace_max,Local RDKit/Gasteiger/ETKDG/MMFF batch calculation,empty field in CSV,80,0.001319239458,True,True,False
1750,cheap__v4__v4_mmffq3d_signed_charge_second_moment_lowE,feature,cheap_rdkit_gasteiger_etkdg_mmff,float32,descriptor_specific_or_dimensionless,cheap_rdkit_gasteiger_etkdg_mmff feature: v4__v4_mmffq3d_signed_charge_second_moment_lowE,Local RDKit/Gasteiger/ETKDG/MMFF batch calculation,empty field in CSV,80,0.001319239458,True,True,False
1751,cheap__v4__v4_mmffq3d_signed_charge_second_moment_mean,feature,cheap_rdkit_gasteiger_etkdg_mmff,float32,descriptor_specific_or_dimensionless,cheap_rdkit_gasteiger_etkdg_mmff feature: v4__v4_mmffq3d_signed_charge_second_moment_mean,Local RDKit/Gasteiger/ETKDG/MMFF batch calculation,empty field in CSV,80,0.001319239458,True,True,False
1752,cheap__v4__v4_mmffq3d_signed_charge_second_moment_std,feature,cheap_rdkit_gasteiger_etkdg_mmff,float32,descriptor_specific_or_dimensionless,cheap_rdkit_gasteiger_etkdg_mmff feature: v4__v4_mmffq3d_signed_charge_second_moment_std,Local RDKit/Gasteiger/ETKDG/MMFF batch calculation,empty field in CSV,80,0.001319239458,False,False,False
1753,cheap__v4__v4_mmffq3d_signed_charge_second_moment_min,feature,cheap_rdkit_gasteiger_etkdg_mmff,float32,descriptor_specific_or_dimensionless,cheap_rdkit_gasteiger_etkdg_mmff feature: v4__v4_mmffq3d_signed_charge_second_moment_min,Local RDKit/Gasteiger/ETKDG/MMFF batch calculation,empty field in CSV,80,0.001319239458,True,True,False
1754,cheap__v4__v4_mmffq3d_signed_charge_second_moment_max,feature,cheap_rdkit_gasteiger_etkdg_mmff,float32,descriptor_specific_or_dimensionless,cheap_rdkit_gasteiger_etkdg_mmff feature: v4__v4_mmffq3d_signed_charge_second_moment_max,Local RDKit/Gasteiger/ETKDG/MMFF batch calculation,empty field in CSV,80,0.001319239458,True,True,False
1755,cheap__v5__v5_mol_ok,feature,cheap_rdkit_gasteiger_etkdg_mmff,float32,descriptor_specific_or_dimensionless,cheap_rdkit_gasteiger_etkdg_mmff feature: v5__v5_mol_ok,Local RDKit/Gasteiger/ETKDG/MMFF batch calculation,empty field in CSV,0,0,False,False,False
1756,cheap__v5__v5_embed_ok,feature,cheap_rdkit_gasteiger_etkdg_mmff,float32,descriptor_specific_or_dimensionless,cheap_rdkit_gasteiger_etkdg_mmff feature: v5__v5_embed_ok,Local RDKit/Gasteiger/ETKDG/MMFF batch calculation,empty field in CSV,0,0,False,False,False
1757,cheap__v5__v5_mmff_param_ok,feature,cheap_rdkit_gasteiger_etkdg_mmff,float32,descriptor_specific_or_dimensionless,cheap_rdkit_gasteiger_etkdg_mmff feature: v5__v5_mmff_param_ok,Local RDKit/Gasteiger/ETKDG/MMFF batch calculation,empty field in CSV,0,0,False,False,False
1758,cheap__v5__v5_gasteiger_ok,feature,cheap_rdkit_gasteiger_etkdg_mmff,float32,descriptor_specific_or_dimensionless,cheap_rdkit_gasteiger_etkdg_mmff feature: v5__v5_gasteiger_ok,Local RDKit/Gasteiger/ETKDG/MMFF batch calculation,empty field in CSV,0,0,False,False,False
1759,cheap__v5__v5_mmff_charge_ok,feature,cheap_rdkit_gasteiger_etkdg_mmff,float32,descriptor_specific_or_dimensionless,cheap_rdkit_gasteiger_etkdg_mmff feature: v5__v5_mmff_charge_ok,Local RDKit/Gasteiger/ETKDG/MMFF batch calculation,empty field in CSV,0,0,False,False,False
1760,cheap__v5__v5_gast_pair_abs_qprod_sum,feature,cheap_rdkit_gasteiger_etkdg_mmff,float32,descriptor_specific_or_dimensionless,cheap_rdkit_gasteiger_etkdg_mmff feature: v5__v5_gast_pair_abs_qprod_sum,Local RDKit/Gasteiger/ETKDG/MMFF batch calculation,empty field in CSV,2,3.298098646e-05,False,False,False
1761,cheap__v5__v5_gast_pair_signed_qprod_sum,feature,cheap_rdkit_gasteiger_etkdg_mmff,float32,descriptor_specific_or_dimensionless,cheap_rdkit_gasteiger_etkdg_mmff feature: v5__v5_gast_pair_signed_qprod_sum,Local RDKit/Gasteiger/ETKDG/MMFF batch calculation,empty field in CSV,2,3.298098646e-05,False,False,False
1762,cheap__v5__v5_gast_pair_opp_abs_qprod_sum,feature,cheap_rdkit_gasteiger_etkdg_mmff,float32,descriptor_specific_or_dimensionless,cheap_rdkit_gasteiger_etkdg_mmff feature: v5__v5_gast_pair_opp_abs_qprod_sum,Local RDKit/Gasteiger/ETKDG/MMFF batch calculation,empty field in CSV,2,3.298098646e-05,False,False,False
1763,cheap__v5__v5_gast_pair_same_abs_qprod_sum,feature,cheap_rdkit_gasteiger_etkdg_mmff,float32,descriptor_specific_or_dimensionless,cheap_rdkit_gasteiger_etkdg_mmff feature: v5__v5_gast_pair_same_abs_qprod_sum,Local RDKit/Gasteiger/ETKDG/MMFF batch calculation,empty field in CSV,2,3.298098646e-05,False,False,False
1764,cheap__v5__v5_gast_pair_abs_qprod_heavy_sum,feature,cheap_rdkit_gasteiger_etkdg_mmff,float32,descriptor_specific_or_dimensionless,cheap_rdkit_gasteiger_etkdg_mmff feature: v5__v5_gast_pair_abs_qprod_heavy_sum,Local RDKit/Gasteiger/ETKDG/MMFF batch calculation,empty field in CSV,2,3.298098646e-05,False,False,False
1765,cheap__v5__v5_gast_pair_absq_dist_wsum,feature,cheap_rdkit_gasteiger_etkdg_mmff,float32,descriptor_specific_or_dimensionless,cheap_rdkit_gasteiger_etkdg_mmff feature: v5__v5_gast_pair_absq_dist_wsum,Local RDKit/Gasteiger/ETKDG/MMFF batch calculation,empty field in CSV,2,3.298098646e-05,False,False,False
1766,cheap__v5__v5_gast_pair_absq_dist_mean,feature,cheap_rdkit_gasteiger_etkdg_mmff,float32,descriptor_specific_or_dimensionless,cheap_rdkit_gasteiger_etkdg_mmff feature: v5__v5_gast_pair_absq_dist_mean,Local RDKit/Gasteiger/ETKDG/MMFF batch calculation,empty field in CSV,2,3.298098646e-05,True,True,True
1767,cheap__v5__v5_gast_pair_absq_dist_std,feature,cheap_rdkit_gasteiger_etkdg_mmff,float32,descriptor_specific_or_dimensionless,cheap_rdkit_gasteiger_etkdg_mmff feature: v5__v5_gast_pair_absq_dist_std,Local RDKit/Gasteiger/ETKDG/MMFF batch calculation,empty field in CSV,2,3.298098646e-05,True,True,True
1768,cheap__v5__v5_gast_pair_absq_dist_max,feature,cheap_rdkit_gasteiger_etkdg_mmff,float32,descriptor_specific_or_dimensionless,cheap_rdkit_gasteiger_etkdg_mmff feature: v5__v5_gast_pair_absq_dist_max,Local RDKit/Gasteiger/ETKDG/MMFF batch calculation,empty field in CSV,2,3.298098646e-05,False,False,True
1769,cheap__v5__v5_gast_pair_opp_dist_wsum,feature,cheap_rdkit_gasteiger_etkdg_mmff,float32,descriptor_specific_or_dimensionless,cheap_rdkit_gasteiger_etkdg_mmff feature: v5__v5_gast_pair_opp_dist_wsum,Local RDKit/Gasteiger/ETKDG/MMFF batch calculation,empty field in CSV,2,3.298098646e-05,False,False,False
1770,cheap__v5__v5_gast_pair_opp_dist_mean,feature,cheap_rdkit_gasteiger_etkdg_mmff,float32,descriptor_specific_or_dimensionless,cheap_rdkit_gasteiger_etkdg_mmff feature: v5__v5_gast_pair_opp_dist_mean,Local RDKit/Gasteiger/ETKDG/MMFF batch calculation,empty field in CSV,2,3.298098646e-05,True,True,True
1771,cheap__v5__v5_gast_pair_opp_dist_std,feature,cheap_rdkit_gasteiger_etkdg_mmff,float32,descriptor_specific_or_dimensionless,cheap_rdkit_gasteiger_etkdg_mmff feature: v5__v5_gast_pair_opp_dist_std,Local RDKit/Gasteiger/ETKDG/MMFF batch calculation,empty field in CSV,2,3.298098646e-05,True,True,True
1772,cheap__v5__v5_gast_pair_opp_dist_max,feature,cheap_rdkit_gasteiger_etkdg_mmff,float32,descriptor_specific_or_dimensionless,cheap_rdkit_gasteiger_etkdg_mmff feature: v5__v5_gast_pair_opp_dist_max,Local RDKit/Gasteiger/ETKDG/MMFF batch calculation,empty field in CSV,2,3.298098646e-05,True,True,True
1773,cheap__v5__v5_gast_pair_same_dist_wsum,feature,cheap_rdkit_gasteiger_etkdg_mmff,float32,descriptor_specific_or_dimensionless,cheap_rdkit_gasteiger_etkdg_mmff feature: v5__v5_gast_pair_same_dist_wsum,Local RDKit/Gasteiger/ETKDG/MMFF batch calculation,empty field in CSV,2,3.298098646e-05,False,False,False
1774,cheap__v5__v5_gast_pair_same_dist_mean,feature,cheap_rdkit_gasteiger_etkdg_mmff,float32,descriptor_specific_or_dimensionless,cheap_rdkit_gasteiger_etkdg_mmff feature: v5__v5_gast_pair_same_dist_mean,Local RDKit/Gasteiger/ETKDG/MMFF batch calculation,empty field in CSV,2,3.298098646e-05,False,False,True
1775,cheap__v5__v5_gast_pair_same_dist_std,feature,cheap_rdkit_gasteiger_etkdg_mmff,float32,descriptor_specific_or_dimensionless,cheap_rdkit_gasteiger_etkdg_mmff feature: v5__v5_gast_pair_same_dist_std,Local RDKit/Gasteiger/ETKDG/MMFF batch calculation,empty field in CSV,2,3.298098646e-05,False,False,True
1776,cheap__v5__v5_gast_pair_same_dist_max,feature,cheap_rdkit_gasteiger_etkdg_mmff,float32,descriptor_specific_or_dimensionless,cheap_rdkit_gasteiger_etkdg_mmff feature: v5__v5_gast_pair_same_dist_max,Local RDKit/Gasteiger/ETKDG/MMFF batch calculation,empty field in CSV,2,3.298098646e-05,False,False,True
1777,cheap__v5__v5_gast_coulomb_signed_sum,feature,cheap_rdkit_gasteiger_etkdg_mmff,float32,descriptor_specific_or_dimensionless,cheap_rdkit_gasteiger_etkdg_mmff feature: v5__v5_gast_coulomb_signed_sum,Local RDKit/Gasteiger/ETKDG/MMFF batch calculation,empty field in CSV,2,3.298098646e-05,False,False,False
1778,cheap__v5__v5_gast_coulomb_abs_sum,feature,cheap_rdkit_gasteiger_etkdg_mmff,float32,descriptor_specific_or_dimensionless,cheap_rdkit_gasteiger_etkdg_mmff feature: v5__v5_gast_coulomb_abs_sum,Local RDKit/Gasteiger/ETKDG/MMFF batch calculation,empty field in CSV,2,3.298098646e-05,False,False,False
1779,cheap__v5__v5_gast_coulomb_opp_sum,feature,cheap_rdkit_gasteiger_etkdg_mmff,float32,descriptor_specific_or_dimensionless,cheap_rdkit_gasteiger_etkdg_mmff feature: v5__v5_gast_coulomb_opp_sum,Local RDKit/Gasteiger/ETKDG/MMFF batch calculation,empty field in CSV,2,3.298098646e-05,False,False,False
1780,cheap__v5__v5_gast_coulomb_same_sum,feature,cheap_rdkit_gasteiger_etkdg_mmff,float32,descriptor_specific_or_dimensionless,cheap_rdkit_gasteiger_etkdg_mmff feature: v5__v5_gast_coulomb_same_sum,Local RDKit/Gasteiger/ETKDG/MMFF batch calculation,empty field in CSV,2,3.298098646e-05,False,False,False
1781,cheap__v5__v5_gast_coulomb_signed_d2_sum,feature,cheap_rdkit_gasteiger_etkdg_mmff,float32,descriptor_specific_or_dimensionless,cheap_rdkit_gasteiger_etkdg_mmff feature: v5__v5_gast_coulomb_signed_d2_sum,Local RDKit/Gasteiger/ETKDG/MMFF batch calculation,empty field in CSV,2,3.298098646e-05,False,False,False
1782,cheap__v5__v5_gast_coulomb_abs_d2_sum,feature,cheap_rdkit_gasteiger_etkdg_mmff,float32,descriptor_specific_or_dimensionless,cheap_rdkit_gasteiger_etkdg_mmff feature: v5__v5_gast_coulomb_abs_d2_sum,Local RDKit/Gasteiger/ETKDG/MMFF batch calculation,empty field in CSV,2,3.298098646e-05,False,False,False
1783,cheap__v5__v5_gast_topo1_count,feature,cheap_rdkit_gasteiger_etkdg_mmff,float32,count,cheap_rdkit_gasteiger_etkdg_mmff feature: v5__v5_gast_topo1_count,Local RDKit/Gasteiger/ETKDG/MMFF batch calculation,empty field in CSV,2,3.298098646e-05,False,False,True
1784,cheap__v5__v5_gast_topo1_signed_qprod,feature,cheap_rdkit_gasteiger_etkdg_mmff,float32,descriptor_specific_or_dimensionless,cheap_rdkit_gasteiger_etkdg_mmff feature: v5__v5_gast_topo1_signed_qprod,Local RDKit/Gasteiger/ETKDG/MMFF batch calculation,empty field in CSV,2,3.298098646e-05,False,False,False
1785,cheap__v5__v5_gast_topo1_abs_qprod,feature,cheap_rdkit_gasteiger_etkdg_mmff,float32,descriptor_specific_or_dimensionless,cheap_rdkit_gasteiger_etkdg_mmff feature: v5__v5_gast_topo1_abs_qprod,Local RDKit/Gasteiger/ETKDG/MMFF batch calculation,empty field in CSV,2,3.298098646e-05,False,False,False
1786,cheap__v5__v5_gast_topo1_opp_abs_qprod,feature,cheap_rdkit_gasteiger_etkdg_mmff,float32,descriptor_specific_or_dimensionless,cheap_rdkit_gasteiger_etkdg_mmff feature: v5__v5_gast_topo1_opp_abs_qprod,Local RDKit/Gasteiger/ETKDG/MMFF batch calculation,empty field in CSV,2,3.298098646e-05,False,False,False
1787,cheap__v5__v5_gast_topo1_dist_absq_mean,feature,cheap_rdkit_gasteiger_etkdg_mmff,float32,descriptor_specific_or_dimensionless,cheap_rdkit_gasteiger_etkdg_mmff feature: v5__v5_gast_topo1_dist_absq_mean,Local RDKit/Gasteiger/ETKDG/MMFF batch calculation,empty field in CSV,2,3.298098646e-05,True,True,False
1788,cheap__v5__v5_gast_topo2_count,feature,cheap_rdkit_gasteiger_etkdg_mmff,float32,count,cheap_rdkit_gasteiger_etkdg_mmff feature: v5__v5_gast_topo2_count,Local RDKit/Gasteiger/ETKDG/MMFF batch calculation,empty field in CSV,2,3.298098646e-05,False,False,True
1789,cheap__v5__v5_gast_topo2_signed_qprod,feature,cheap_rdkit_gasteiger_etkdg_mmff,float32,descriptor_specific_or_dimensionless,cheap_rdkit_gasteiger_etkdg_mmff feature: v5__v5_gast_topo2_signed_qprod,Local RDKit/Gasteiger/ETKDG/MMFF batch calculation,empty field in CSV,2,3.298098646e-05,False,False,False
1790,cheap__v5__v5_gast_topo2_abs_qprod,feature,cheap_rdkit_gasteiger_etkdg_mmff,float32,descriptor_specific_or_dimensionless,cheap_rdkit_gasteiger_etkdg_mmff feature: v5__v5_gast_topo2_abs_qprod,Local RDKit/Gasteiger/ETKDG/MMFF batch calculation,empty field in CSV,2,3.298098646e-05,False,False,False
1791,cheap__v5__v5_gast_topo2_opp_abs_qprod,feature,cheap_rdkit_gasteiger_etkdg_mmff,float32,descriptor_specific_or_dimensionless,cheap_rdkit_gasteiger_etkdg_mmff feature: v5__v5_gast_topo2_opp_abs_qprod,Local RDKit/Gasteiger/ETKDG/MMFF batch calculation,empty field in CSV,2,3.298098646e-05,False,False,False
1792,cheap__v5__v5_gast_topo2_dist_absq_mean,feature,cheap_rdkit_gasteiger_etkdg_mmff,float32,descriptor_specific_or_dimensionless,cheap_rdkit_gasteiger_etkdg_mmff feature: v5__v5_gast_topo2_dist_absq_mean,Local RDKit/Gasteiger/ETKDG/MMFF batch calculation,empty field in CSV,2,3.298098646e-05,False,False,False
1793,cheap__v5__v5_gast_topo3_count,feature,cheap_rdkit_gasteiger_etkdg_mmff,float32,count,cheap_rdkit_gasteiger_etkdg_mmff feature: v5__v5_gast_topo3_count,Local RDKit/Gasteiger/ETKDG/MMFF batch calculation,empty field in CSV,2,3.298098646e-05,False,False,True
1794,cheap__v5__v5_gast_topo3_signed_qprod,feature,cheap_rdkit_gasteiger_etkdg_mmff,float32,descriptor_specific_or_dimensionless,cheap_rdkit_gasteiger_etkdg_mmff feature: v5__v5_gast_topo3_signed_qprod,Local RDKit/Gasteiger/ETKDG/MMFF batch calculation,empty field in CSV,2,3.298098646e-05,False,False,False
1795,cheap__v5__v5_gast_topo3_abs_qprod,feature,cheap_rdkit_gasteiger_etkdg_mmff,float32,descriptor_specific_or_dimensionless,cheap_rdkit_gasteiger_etkdg_mmff feature: v5__v5_gast_topo3_abs_qprod,Local RDKit/Gasteiger/ETKDG/MMFF batch calculation,empty field in CSV,2,3.298098646e-05,False,False,False
1796,cheap__v5__v5_gast_topo3_opp_abs_qprod,feature,cheap_rdkit_gasteiger_etkdg_mmff,float32,descriptor_specific_or_dimensionless,cheap_rdkit_gasteiger_etkdg_mmff feature: v5__v5_gast_topo3_opp_abs_qprod,Local RDKit/Gasteiger/ETKDG/MMFF batch calculation,empty field in CSV,2,3.298098646e-05,False,False,False
1797,cheap__v5__v5_gast_topo3_dist_absq_mean,feature,cheap_rdkit_gasteiger_etkdg_mmff,float32,descriptor_specific_or_dimensionless,cheap_rdkit_gasteiger_etkdg_mmff feature: v5__v5_gast_topo3_dist_absq_mean,Local RDKit/Gasteiger/ETKDG/MMFF batch calculation,empty field in CSV,2,3.298098646e-05,False,False,False
1798,cheap__v5__v5_gast_topo4_count,feature,cheap_rdkit_gasteiger_etkdg_mmff,float32,count,cheap_rdkit_gasteiger_etkdg_mmff feature: v5__v5_gast_topo4_count,Local RDKit/Gasteiger/ETKDG/MMFF batch calculation,empty field in CSV,2,3.298098646e-05,False,False,True
1799,cheap__v5__v5_gast_topo4_signed_qprod,feature,cheap_rdkit_gasteiger_etkdg_mmff,float32,descriptor_specific_or_dimensionless,cheap_rdkit_gasteiger_etkdg_mmff feature: v5__v5_gast_topo4_signed_qprod,Local RDKit/Gasteiger/ETKDG/MMFF batch calculation,empty field in CSV,2,3.298098646e-05,False,False,False
1800,cheap__v5__v5_gast_topo4_abs_qprod,feature,cheap_rdkit_gasteiger_etkdg_mmff,float32,descriptor_specific_or_dimensionless,cheap_rdkit_gasteiger_etkdg_mmff feature: v5__v5_gast_topo4_abs_qprod,Local RDKit/Gasteiger/ETKDG/MMFF batch calculation,empty field in CSV,2,3.298098646e-05,False,False,False
1801,cheap__v5__v5_gast_topo4_opp_abs_qprod,feature,cheap_rdkit_gasteiger_etkdg_mmff,float32,descriptor_specific_or_dimensionless,cheap_rdkit_gasteiger_etkdg_mmff feature: v5__v5_gast_topo4_opp_abs_qprod,Local RDKit/Gasteiger/ETKDG/MMFF batch calculation,empty field in CSV,2,3.298098646e-05,False,False,False
1802,cheap__v5__v5_gast_topo4_dist_absq_mean,feature,cheap_rdkit_gasteiger_etkdg_mmff,float32,descriptor_specific_or_dimensionless,cheap_rdkit_gasteiger_etkdg_mmff feature: v5__v5_gast_topo4_dist_absq_mean,Local RDKit/Gasteiger/ETKDG/MMFF batch calculation,empty field in CSV,2,3.298098646e-05,True,True,False
1803,cheap__v5__v5_gast_topo5_count,feature,cheap_rdkit_gasteiger_etkdg_mmff,float32,count,cheap_rdkit_gasteiger_etkdg_mmff feature: v5__v5_gast_topo5_count,Local RDKit/Gasteiger/ETKDG/MMFF batch calculation,empty field in CSV,2,3.298098646e-05,False,False,True
1804,cheap__v5__v5_gast_topo5_signed_qprod,feature,cheap_rdkit_gasteiger_etkdg_mmff,float32,descriptor_specific_or_dimensionless,cheap_rdkit_gasteiger_etkdg_mmff feature: v5__v5_gast_topo5_signed_qprod,Local RDKit/Gasteiger/ETKDG/MMFF batch calculation,empty field in CSV,2,3.298098646e-05,False,False,False
1805,cheap__v5__v5_gast_topo5_abs_qprod,feature,cheap_rdkit_gasteiger_etkdg_mmff,float32,descriptor_specific_or_dimensionless,cheap_rdkit_gasteiger_etkdg_mmff feature: v5__v5_gast_topo5_abs_qprod,Local RDKit/Gasteiger/ETKDG/MMFF batch calculation,empty field in CSV,2,3.298098646e-05,False,False,False
1806,cheap__v5__v5_gast_topo5_opp_abs_qprod,feature,cheap_rdkit_gasteiger_etkdg_mmff,float32,descriptor_specific_or_dimensionless,cheap_rdkit_gasteiger_etkdg_mmff feature: v5__v5_gast_topo5_opp_abs_qprod,Local RDKit/Gasteiger/ETKDG/MMFF batch calculation,empty field in CSV,2,3.298098646e-05,False,False,False
1807,cheap__v5__v5_gast_topo5_dist_absq_mean,feature,cheap_rdkit_gasteiger_etkdg_mmff,float32,descriptor_specific_or_dimensionless,cheap_rdkit_gasteiger_etkdg_mmff feature: v5__v5_gast_topo5_dist_absq_mean,Local RDKit/Gasteiger/ETKDG/MMFF batch calculation,empty field in CSV,2,3.298098646e-05,True,True,False
1808,cheap__v5__v5_gast_topo6_count,feature,cheap_rdkit_gasteiger_etkdg_mmff,float32,count,cheap_rdkit_gasteiger_etkdg_mmff feature: v5__v5_gast_topo6_count,Local RDKit/Gasteiger/ETKDG/MMFF batch calculation,empty field in CSV,2,3.298098646e-05,False,False,True
1809,cheap__v5__v5_gast_topo6_signed_qprod,feature,cheap_rdkit_gasteiger_etkdg_mmff,float32,descriptor_specific_or_dimensionless,cheap_rdkit_gasteiger_etkdg_mmff feature: v5__v5_gast_topo6_signed_qprod,Local RDKit/Gasteiger/ETKDG/MMFF batch calculation,empty field in CSV,2,3.298098646e-05,False,False,False
1810,cheap__v5__v5_gast_topo6_abs_qprod,feature,cheap_rdkit_gasteiger_etkdg_mmff,float32,descriptor_specific_or_dimensionless,cheap_rdkit_gasteiger_etkdg_mmff feature: v5__v5_gast_topo6_abs_qprod,Local RDKit/Gasteiger/ETKDG/MMFF batch calculation,empty field in CSV,2,3.298098646e-05,False,False,False
1811,cheap__v5__v5_gast_topo6_opp_abs_qprod,feature,cheap_rdkit_gasteiger_etkdg_mmff,float32,descriptor_specific_or_dimensionless,cheap_rdkit_gasteiger_etkdg_mmff feature: v5__v5_gast_topo6_opp_abs_qprod,Local RDKit/Gasteiger/ETKDG/MMFF batch calculation,empty field in CSV,2,3.298098646e-05,False,False,False
1812,cheap__v5__v5_gast_topo6_dist_absq_mean,feature,cheap_rdkit_gasteiger_etkdg_mmff,float32,descriptor_specific_or_dimensionless,cheap_rdkit_gasteiger_etkdg_mmff feature: v5__v5_gast_topo6_dist_absq_mean,Local RDKit/Gasteiger/ETKDG/MMFF batch calculation,empty field in CSV,2,3.298098646e-05,False,False,True
1813,cheap__v5__v5_gast_topo7_count,feature,cheap_rdkit_gasteiger_etkdg_mmff,float32,count,cheap_rdkit_gasteiger_etkdg_mmff feature: v5__v5_gast_topo7_count,Local RDKit/Gasteiger/ETKDG/MMFF batch calculation,empty field in CSV,2,3.298098646e-05,False,False,True
1814,cheap__v5__v5_gast_topo7_signed_qprod,feature,cheap_rdkit_gasteiger_etkdg_mmff,float32,descriptor_specific_or_dimensionless,cheap_rdkit_gasteiger_etkdg_mmff feature: v5__v5_gast_topo7_signed_qprod,Local RDKit/Gasteiger/ETKDG/MMFF batch calculation,empty field in CSV,2,3.298098646e-05,False,False,False
1815,cheap__v5__v5_gast_topo7_abs_qprod,feature,cheap_rdkit_gasteiger_etkdg_mmff,float32,descriptor_specific_or_dimensionless,cheap_rdkit_gasteiger_etkdg_mmff feature: v5__v5_gast_topo7_abs_qprod,Local RDKit/Gasteiger/ETKDG/MMFF batch calculation,empty field in CSV,2,3.298098646e-05,False,False,False
1816,cheap__v5__v5_gast_topo7_opp_abs_qprod,feature,cheap_rdkit_gasteiger_etkdg_mmff,float32,descriptor_specific_or_dimensionless,cheap_rdkit_gasteiger_etkdg_mmff feature: v5__v5_gast_topo7_opp_abs_qprod,Local RDKit/Gasteiger/ETKDG/MMFF batch calculation,empty field in CSV,2,3.298098646e-05,False,False,False
1817,cheap__v5__v5_gast_topo7_dist_absq_mean,feature,cheap_rdkit_gasteiger_etkdg_mmff,float32,descriptor_specific_or_dimensionless,cheap_rdkit_gasteiger_etkdg_mmff feature: v5__v5_gast_topo7_dist_absq_mean,Local RDKit/Gasteiger/ETKDG/MMFF batch calculation,empty field in CSV,2,3.298098646e-05,False,False,True
1818,cheap__v5__v5_gast_topo8_count,feature,cheap_rdkit_gasteiger_etkdg_mmff,float32,count,cheap_rdkit_gasteiger_etkdg_mmff feature: v5__v5_gast_topo8_count,Local RDKit/Gasteiger/ETKDG/MMFF batch calculation,empty field in CSV,2,3.298098646e-05,False,False,False
1819,cheap__v5__v5_gast_topo8_signed_qprod,feature,cheap_rdkit_gasteiger_etkdg_mmff,float32,descriptor_specific_or_dimensionless,cheap_rdkit_gasteiger_etkdg_mmff feature: v5__v5_gast_topo8_signed_qprod,Local RDKit/Gasteiger/ETKDG/MMFF batch calculation,empty field in CSV,2,3.298098646e-05,False,False,False
1820,cheap__v5__v5_gast_topo8_abs_qprod,feature,cheap_rdkit_gasteiger_etkdg_mmff,float32,descriptor_specific_or_dimensionless,cheap_rdkit_gasteiger_etkdg_mmff feature: v5__v5_gast_topo8_abs_qprod,Local RDKit/Gasteiger/ETKDG/MMFF batch calculation,empty field in CSV,2,3.298098646e-05,False,False,False
1821,cheap__v5__v5_gast_topo8_opp_abs_qprod,feature,cheap_rdkit_gasteiger_etkdg_mmff,float32,descriptor_specific_or_dimensionless,cheap_rdkit_gasteiger_etkdg_mmff feature: v5__v5_gast_topo8_opp_abs_qprod,Local RDKit/Gasteiger/ETKDG/MMFF batch calculation,empty field in CSV,2,3.298098646e-05,False,False,False
1822,cheap__v5__v5_gast_topo8_dist_absq_mean,feature,cheap_rdkit_gasteiger_etkdg_mmff,float32,descriptor_specific_or_dimensionless,cheap_rdkit_gasteiger_etkdg_mmff feature: v5__v5_gast_topo8_dist_absq_mean,Local RDKit/Gasteiger/ETKDG/MMFF batch calculation,empty field in CSV,2,3.298098646e-05,False,False,False
1823,cheap__v5__v5_gast_rbin0_count,feature,cheap_rdkit_gasteiger_etkdg_mmff,float32,count,cheap_rdkit_gasteiger_etkdg_mmff feature: v5__v5_gast_rbin0_count,Local RDKit/Gasteiger/ETKDG/MMFF batch calculation,empty field in CSV,2,3.298098646e-05,False,False,True
1824,cheap__v5__v5_gast_rbin0_signed_qprod,feature,cheap_rdkit_gasteiger_etkdg_mmff,float32,descriptor_specific_or_dimensionless,cheap_rdkit_gasteiger_etkdg_mmff feature: v5__v5_gast_rbin0_signed_qprod,Local RDKit/Gasteiger/ETKDG/MMFF batch calculation,empty field in CSV,2,3.298098646e-05,True,True,False
1825,cheap__v5__v5_gast_rbin0_abs_qprod,feature,cheap_rdkit_gasteiger_etkdg_mmff,float32,descriptor_specific_or_dimensionless,cheap_rdkit_gasteiger_etkdg_mmff feature: v5__v5_gast_rbin0_abs_qprod,Local RDKit/Gasteiger/ETKDG/MMFF batch calculation,empty field in CSV,2,3.298098646e-05,True,True,False
1826,cheap__v5__v5_gast_rbin0_opp_abs_qprod,feature,cheap_rdkit_gasteiger_etkdg_mmff,float32,descriptor_specific_or_dimensionless,cheap_rdkit_gasteiger_etkdg_mmff feature: v5__v5_gast_rbin0_opp_abs_qprod,Local RDKit/Gasteiger/ETKDG/MMFF batch calculation,empty field in CSV,2,3.298098646e-05,True,True,False
1827,cheap__v5__v5_gast_rbin0_heavy_abs_qprod,feature,cheap_rdkit_gasteiger_etkdg_mmff,float32,descriptor_specific_or_dimensionless,cheap_rdkit_gasteiger_etkdg_mmff feature: v5__v5_gast_rbin0_heavy_abs_qprod,Local RDKit/Gasteiger/ETKDG/MMFF batch calculation,empty field in CSV,2,3.298098646e-05,True,True,False
1828,cheap__v5__v5_gast_rbin1_count,feature,cheap_rdkit_gasteiger_etkdg_mmff,float32,count,cheap_rdkit_gasteiger_etkdg_mmff feature: v5__v5_gast_rbin1_count,Local RDKit/Gasteiger/ETKDG/MMFF batch calculation,empty field in CSV,2,3.298098646e-05,False,False,True
1829,cheap__v5__v5_gast_rbin1_signed_qprod,feature,cheap_rdkit_gasteiger_etkdg_mmff,float32,descriptor_specific_or_dimensionless,cheap_rdkit_gasteiger_etkdg_mmff feature: v5__v5_gast_rbin1_signed_qprod,Local RDKit/Gasteiger/ETKDG/MMFF batch calculation,empty field in CSV,2,3.298098646e-05,False,False,False
1830,cheap__v5__v5_gast_rbin1_abs_qprod,feature,cheap_rdkit_gasteiger_etkdg_mmff,float32,descriptor_specific_or_dimensionless,cheap_rdkit_gasteiger_etkdg_mmff feature: v5__v5_gast_rbin1_abs_qprod,Local RDKit/Gasteiger/ETKDG/MMFF batch calculation,empty field in CSV,2,3.298098646e-05,False,False,False
1831,cheap__v5__v5_gast_rbin1_opp_abs_qprod,feature,cheap_rdkit_gasteiger_etkdg_mmff,float32,descriptor_specific_or_dimensionless,cheap_rdkit_gasteiger_etkdg_mmff feature: v5__v5_gast_rbin1_opp_abs_qprod,Local RDKit/Gasteiger/ETKDG/MMFF batch calculation,empty field in CSV,2,3.298098646e-05,False,False,False
1832,cheap__v5__v5_gast_rbin1_heavy_abs_qprod,feature,cheap_rdkit_gasteiger_etkdg_mmff,float32,descriptor_specific_or_dimensionless,cheap_rdkit_gasteiger_etkdg_mmff feature: v5__v5_gast_rbin1_heavy_abs_qprod,Local RDKit/Gasteiger/ETKDG/MMFF batch calculation,empty field in CSV,2,3.298098646e-05,False,False,False
1833,cheap__v5__v5_gast_rbin2_count,feature,cheap_rdkit_gasteiger_etkdg_mmff,float32,count,cheap_rdkit_gasteiger_etkdg_mmff feature: v5__v5_gast_rbin2_count,Local RDKit/Gasteiger/ETKDG/MMFF batch calculation,empty field in CSV,2,3.298098646e-05,False,False,True
1834,cheap__v5__v5_gast_rbin2_signed_qprod,feature,cheap_rdkit_gasteiger_etkdg_mmff,float32,descriptor_specific_or_dimensionless,cheap_rdkit_gasteiger_etkdg_mmff feature: v5__v5_gast_rbin2_signed_qprod,Local RDKit/Gasteiger/ETKDG/MMFF batch calculation,empty field in CSV,2,3.298098646e-05,False,False,False
1835,cheap__v5__v5_gast_rbin2_abs_qprod,feature,cheap_rdkit_gasteiger_etkdg_mmff,float32,descriptor_specific_or_dimensionless,cheap_rdkit_gasteiger_etkdg_mmff feature: v5__v5_gast_rbin2_abs_qprod,Local RDKit/Gasteiger/ETKDG/MMFF batch calculation,empty field in CSV,2,3.298098646e-05,False,False,False
1836,cheap__v5__v5_gast_rbin2_opp_abs_qprod,feature,cheap_rdkit_gasteiger_etkdg_mmff,float32,descriptor_specific_or_dimensionless,cheap_rdkit_gasteiger_etkdg_mmff feature: v5__v5_gast_rbin2_opp_abs_qprod,Local RDKit/Gasteiger/ETKDG/MMFF batch calculation,empty field in CSV,2,3.298098646e-05,False,False,False
1837,cheap__v5__v5_gast_rbin2_heavy_abs_qprod,feature,cheap_rdkit_gasteiger_etkdg_mmff,float32,descriptor_specific_or_dimensionless,cheap_rdkit_gasteiger_etkdg_mmff feature: v5__v5_gast_rbin2_heavy_abs_qprod,Local RDKit/Gasteiger/ETKDG/MMFF batch calculation,empty field in CSV,2,3.298098646e-05,False,False,False
1838,cheap__v5__v5_gast_rbin3_count,feature,cheap_rdkit_gasteiger_etkdg_mmff,float32,count,cheap_rdkit_gasteiger_etkdg_mmff feature: v5__v5_gast_rbin3_count,Local RDKit/Gasteiger/ETKDG/MMFF batch calculation,empty field in CSV,2,3.298098646e-05,False,False,True
1839,cheap__v5__v5_gast_rbin3_signed_qprod,feature,cheap_rdkit_gasteiger_etkdg_mmff,float32,descriptor_specific_or_dimensionless,cheap_rdkit_gasteiger_etkdg_mmff feature: v5__v5_gast_rbin3_signed_qprod,Local RDKit/Gasteiger/ETKDG/MMFF batch calculation,empty field in CSV,2,3.298098646e-05,True,True,False
1840,cheap__v5__v5_gast_rbin3_abs_qprod,feature,cheap_rdkit_gasteiger_etkdg_mmff,float32,descriptor_specific_or_dimensionless,cheap_rdkit_gasteiger_etkdg_mmff feature: v5__v5_gast_rbin3_abs_qprod,Local RDKit/Gasteiger/ETKDG/MMFF batch calculation,empty field in CSV,2,3.298098646e-05,False,False,False
1841,cheap__v5__v5_gast_rbin3_opp_abs_qprod,feature,cheap_rdkit_gasteiger_etkdg_mmff,float32,descriptor_specific_or_dimensionless,cheap_rdkit_gasteiger_etkdg_mmff feature: v5__v5_gast_rbin3_opp_abs_qprod,Local RDKit/Gasteiger/ETKDG/MMFF batch calculation,empty field in CSV,2,3.298098646e-05,False,False,False
1842,cheap__v5__v5_gast_rbin3_heavy_abs_qprod,feature,cheap_rdkit_gasteiger_etkdg_mmff,float32,descriptor_specific_or_dimensionless,cheap_rdkit_gasteiger_etkdg_mmff feature: v5__v5_gast_rbin3_heavy_abs_qprod,Local RDKit/Gasteiger/ETKDG/MMFF batch calculation,empty field in CSV,2,3.298098646e-05,False,False,False
1843,cheap__v5__v5_gast_rbin4_count,feature,cheap_rdkit_gasteiger_etkdg_mmff,float32,count,cheap_rdkit_gasteiger_etkdg_mmff feature: v5__v5_gast_rbin4_count,Local RDKit/Gasteiger/ETKDG/MMFF batch calculation,empty field in CSV,2,3.298098646e-05,False,False,True
1844,cheap__v5__v5_gast_rbin4_signed_qprod,feature,cheap_rdkit_gasteiger_etkdg_mmff,float32,descriptor_specific_or_dimensionless,cheap_rdkit_gasteiger_etkdg_mmff feature: v5__v5_gast_rbin4_signed_qprod,Local RDKit/Gasteiger/ETKDG/MMFF batch calculation,empty field in CSV,2,3.298098646e-05,False,False,False
1845,cheap__v5__v5_gast_rbin4_abs_qprod,feature,cheap_rdkit_gasteiger_etkdg_mmff,float32,descriptor_specific_or_dimensionless,cheap_rdkit_gasteiger_etkdg_mmff feature: v5__v5_gast_rbin4_abs_qprod,Local RDKit/Gasteiger/ETKDG/MMFF batch calculation,empty field in CSV,2,3.298098646e-05,False,False,False
1846,cheap__v5__v5_gast_rbin4_opp_abs_qprod,feature,cheap_rdkit_gasteiger_etkdg_mmff,float32,descriptor_specific_or_dimensionless,cheap_rdkit_gasteiger_etkdg_mmff feature: v5__v5_gast_rbin4_opp_abs_qprod,Local RDKit/Gasteiger/ETKDG/MMFF batch calculation,empty field in CSV,2,3.298098646e-05,False,False,False
1847,cheap__v5__v5_gast_rbin4_heavy_abs_qprod,feature,cheap_rdkit_gasteiger_etkdg_mmff,float32,descriptor_specific_or_dimensionless,cheap_rdkit_gasteiger_etkdg_mmff feature: v5__v5_gast_rbin4_heavy_abs_qprod,Local RDKit/Gasteiger/ETKDG/MMFF batch calculation,empty field in CSV,2,3.298098646e-05,False,False,False
1848,cheap__v5__v5_gast_rbin5_count,feature,cheap_rdkit_gasteiger_etkdg_mmff,float32,count,cheap_rdkit_gasteiger_etkdg_mmff feature: v5__v5_gast_rbin5_count,Local RDKit/Gasteiger/ETKDG/MMFF batch calculation,empty field in CSV,2,3.298098646e-05,False,False,True
1849,cheap__v5__v5_gast_rbin5_signed_qprod,feature,cheap_rdkit_gasteiger_etkdg_mmff,float32,descriptor_specific_or_dimensionless,cheap_rdkit_gasteiger_etkdg_mmff feature: v5__v5_gast_rbin5_signed_qprod,Local RDKit/Gasteiger/ETKDG/MMFF batch calculation,empty field in CSV,2,3.298098646e-05,False,False,False
1850,cheap__v5__v5_gast_rbin5_abs_qprod,feature,cheap_rdkit_gasteiger_etkdg_mmff,float32,descriptor_specific_or_dimensionless,cheap_rdkit_gasteiger_etkdg_mmff feature: v5__v5_gast_rbin5_abs_qprod,Local RDKit/Gasteiger/ETKDG/MMFF batch calculation,empty field in CSV,2,3.298098646e-05,False,False,False
1851,cheap__v5__v5_gast_rbin5_opp_abs_qprod,feature,cheap_rdkit_gasteiger_etkdg_mmff,float32,descriptor_specific_or_dimensionless,cheap_rdkit_gasteiger_etkdg_mmff feature: v5__v5_gast_rbin5_opp_abs_qprod,Local RDKit/Gasteiger/ETKDG/MMFF batch calculation,empty field in CSV,2,3.298098646e-05,True,True,False
1852,cheap__v5__v5_gast_rbin5_heavy_abs_qprod,feature,cheap_rdkit_gasteiger_etkdg_mmff,float32,descriptor_specific_or_dimensionless,cheap_rdkit_gasteiger_etkdg_mmff feature: v5__v5_gast_rbin5_heavy_abs_qprod,Local RDKit/Gasteiger/ETKDG/MMFF batch calculation,empty field in CSV,2,3.298098646e-05,False,False,False
1853,cheap__v5__v5_gast_rbin6_count,feature,cheap_rdkit_gasteiger_etkdg_mmff,float32,count,cheap_rdkit_gasteiger_etkdg_mmff feature: v5__v5_gast_rbin6_count,Local RDKit/Gasteiger/ETKDG/MMFF batch calculation,empty field in CSV,2,3.298098646e-05,False,False,True
1854,cheap__v5__v5_gast_rbin6_signed_qprod,feature,cheap_rdkit_gasteiger_etkdg_mmff,float32,descriptor_specific_or_dimensionless,cheap_rdkit_gasteiger_etkdg_mmff feature: v5__v5_gast_rbin6_signed_qprod,Local RDKit/Gasteiger/ETKDG/MMFF batch calculation,empty field in CSV,2,3.298098646e-05,False,False,False
1855,cheap__v5__v5_gast_rbin6_abs_qprod,feature,cheap_rdkit_gasteiger_etkdg_mmff,float32,descriptor_specific_or_dimensionless,cheap_rdkit_gasteiger_etkdg_mmff feature: v5__v5_gast_rbin6_abs_qprod,Local RDKit/Gasteiger/ETKDG/MMFF batch calculation,empty field in CSV,2,3.298098646e-05,False,False,False
1856,cheap__v5__v5_gast_rbin6_opp_abs_qprod,feature,cheap_rdkit_gasteiger_etkdg_mmff,float32,descriptor_specific_or_dimensionless,cheap_rdkit_gasteiger_etkdg_mmff feature: v5__v5_gast_rbin6_opp_abs_qprod,Local RDKit/Gasteiger/ETKDG/MMFF batch calculation,empty field in CSV,2,3.298098646e-05,False,False,False
1857,cheap__v5__v5_gast_rbin6_heavy_abs_qprod,feature,cheap_rdkit_gasteiger_etkdg_mmff,float32,descriptor_specific_or_dimensionless,cheap_rdkit_gasteiger_etkdg_mmff feature: v5__v5_gast_rbin6_heavy_abs_qprod,Local RDKit/Gasteiger/ETKDG/MMFF batch calculation,empty field in CSV,2,3.298098646e-05,True,True,False
1858,cheap__v5__v5_gast_rbin7_count,feature,cheap_rdkit_gasteiger_etkdg_mmff,float32,count,cheap_rdkit_gasteiger_etkdg_mmff feature: v5__v5_gast_rbin7_count,Local RDKit/Gasteiger/ETKDG/MMFF batch calculation,empty field in CSV,2,3.298098646e-05,False,False,True
1859,cheap__v5__v5_gast_rbin7_signed_qprod,feature,cheap_rdkit_gasteiger_etkdg_mmff,float32,descriptor_specific_or_dimensionless,cheap_rdkit_gasteiger_etkdg_mmff feature: v5__v5_gast_rbin7_signed_qprod,Local RDKit/Gasteiger/ETKDG/MMFF batch calculation,empty field in CSV,2,3.298098646e-05,False,False,False
1860,cheap__v5__v5_gast_rbin7_abs_qprod,feature,cheap_rdkit_gasteiger_etkdg_mmff,float32,descriptor_specific_or_dimensionless,cheap_rdkit_gasteiger_etkdg_mmff feature: v5__v5_gast_rbin7_abs_qprod,Local RDKit/Gasteiger/ETKDG/MMFF batch calculation,empty field in CSV,2,3.298098646e-05,False,False,False
1861,cheap__v5__v5_gast_rbin7_opp_abs_qprod,feature,cheap_rdkit_gasteiger_etkdg_mmff,float32,descriptor_specific_or_dimensionless,cheap_rdkit_gasteiger_etkdg_mmff feature: v5__v5_gast_rbin7_opp_abs_qprod,Local RDKit/Gasteiger/ETKDG/MMFF batch calculation,empty field in CSV,2,3.298098646e-05,False,False,False
1862,cheap__v5__v5_gast_rbin7_heavy_abs_qprod,feature,cheap_rdkit_gasteiger_etkdg_mmff,float32,descriptor_specific_or_dimensionless,cheap_rdkit_gasteiger_etkdg_mmff feature: v5__v5_gast_rbin7_heavy_abs_qprod,Local RDKit/Gasteiger/ETKDG/MMFF batch calculation,empty field in CSV,2,3.298098646e-05,True,True,False
1863,cheap__v5__v5_gast_rbin8_count,feature,cheap_rdkit_gasteiger_etkdg_mmff,float32,count,cheap_rdkit_gasteiger_etkdg_mmff feature: v5__v5_gast_rbin8_count,Local RDKit/Gasteiger/ETKDG/MMFF batch calculation,empty field in CSV,2,3.298098646e-05,False,False,True
1864,cheap__v5__v5_gast_rbin8_signed_qprod,feature,cheap_rdkit_gasteiger_etkdg_mmff,float32,descriptor_specific_or_dimensionless,cheap_rdkit_gasteiger_etkdg_mmff feature: v5__v5_gast_rbin8_signed_qprod,Local RDKit/Gasteiger/ETKDG/MMFF batch calculation,empty field in CSV,2,3.298098646e-05,False,False,False
1865,cheap__v5__v5_gast_rbin8_abs_qprod,feature,cheap_rdkit_gasteiger_etkdg_mmff,float32,descriptor_specific_or_dimensionless,cheap_rdkit_gasteiger_etkdg_mmff feature: v5__v5_gast_rbin8_abs_qprod,Local RDKit/Gasteiger/ETKDG/MMFF batch calculation,empty field in CSV,2,3.298098646e-05,False,False,False
1866,cheap__v5__v5_gast_rbin8_opp_abs_qprod,feature,cheap_rdkit_gasteiger_etkdg_mmff,float32,descriptor_specific_or_dimensionless,cheap_rdkit_gasteiger_etkdg_mmff feature: v5__v5_gast_rbin8_opp_abs_qprod,Local RDKit/Gasteiger/ETKDG/MMFF batch calculation,empty field in CSV,2,3.298098646e-05,False,False,False
1867,cheap__v5__v5_gast_rbin8_heavy_abs_qprod,feature,cheap_rdkit_gasteiger_etkdg_mmff,float32,descriptor_specific_or_dimensionless,cheap_rdkit_gasteiger_etkdg_mmff feature: v5__v5_gast_rbin8_heavy_abs_qprod,Local RDKit/Gasteiger/ETKDG/MMFF batch calculation,empty field in CSV,2,3.298098646e-05,False,False,False
1868,cheap__v5__v5_gast_rbin9_count,feature,cheap_rdkit_gasteiger_etkdg_mmff,float32,count,cheap_rdkit_gasteiger_etkdg_mmff feature: v5__v5_gast_rbin9_count,Local RDKit/Gasteiger/ETKDG/MMFF batch calculation,empty field in CSV,2,3.298098646e-05,False,False,False
1869,cheap__v5__v5_gast_rbin9_signed_qprod,feature,cheap_rdkit_gasteiger_etkdg_mmff,float32,descriptor_specific_or_dimensionless,cheap_rdkit_gasteiger_etkdg_mmff feature: v5__v5_gast_rbin9_signed_qprod,Local RDKit/Gasteiger/ETKDG/MMFF batch calculation,empty field in CSV,2,3.298098646e-05,False,False,False
1870,cheap__v5__v5_gast_rbin9_abs_qprod,feature,cheap_rdkit_gasteiger_etkdg_mmff,float32,descriptor_specific_or_dimensionless,cheap_rdkit_gasteiger_etkdg_mmff feature: v5__v5_gast_rbin9_abs_qprod,Local RDKit/Gasteiger/ETKDG/MMFF batch calculation,empty field in CSV,2,3.298098646e-05,False,False,False
1871,cheap__v5__v5_gast_rbin9_opp_abs_qprod,feature,cheap_rdkit_gasteiger_etkdg_mmff,float32,descriptor_specific_or_dimensionless,cheap_rdkit_gasteiger_etkdg_mmff feature: v5__v5_gast_rbin9_opp_abs_qprod,Local RDKit/Gasteiger/ETKDG/MMFF batch calculation,empty field in CSV,2,3.298098646e-05,False,False,False
1872,cheap__v5__v5_gast_rbin9_heavy_abs_qprod,feature,cheap_rdkit_gasteiger_etkdg_mmff,float32,descriptor_specific_or_dimensionless,cheap_rdkit_gasteiger_etkdg_mmff feature: v5__v5_gast_rbin9_heavy_abs_qprod,Local RDKit/Gasteiger/ETKDG/MMFF batch calculation,empty field in CSV,2,3.298098646e-05,False,False,False
1873,cheap__v5__v5_gast_rdf_1p25_signed,feature,cheap_rdkit_gasteiger_etkdg_mmff,float32,descriptor_specific_or_dimensionless,cheap_rdkit_gasteiger_etkdg_mmff feature: v5__v5_gast_rdf_1p25_signed,Local RDKit/Gasteiger/ETKDG/MMFF batch calculation,empty field in CSV,2,3.298098646e-05,False,False,False
1874,cheap__v5__v5_gast_rdf_1p25_abs,feature,cheap_rdkit_gasteiger_etkdg_mmff,float32,descriptor_specific_or_dimensionless,cheap_rdkit_gasteiger_etkdg_mmff feature: v5__v5_gast_rdf_1p25_abs,Local RDKit/Gasteiger/ETKDG/MMFF batch calculation,empty field in CSV,2,3.298098646e-05,False,False,False
1875,cheap__v5__v5_gast_rdf_1p25_opp,feature,cheap_rdkit_gasteiger_etkdg_mmff,float32,descriptor_specific_or_dimensionless,cheap_rdkit_gasteiger_etkdg_mmff feature: v5__v5_gast_rdf_1p25_opp,Local RDKit/Gasteiger/ETKDG/MMFF batch calculation,empty field in CSV,2,3.298098646e-05,False,False,False
1876,cheap__v5__v5_gast_rdf_1p25_same,feature,cheap_rdkit_gasteiger_etkdg_mmff,float32,descriptor_specific_or_dimensionless,cheap_rdkit_gasteiger_etkdg_mmff feature: v5__v5_gast_rdf_1p25_same,Local RDKit/Gasteiger/ETKDG/MMFF batch calculation,empty field in CSV,2,3.298098646e-05,False,False,False
1877,cheap__v5__v5_gast_rdf_1p75_signed,feature,cheap_rdkit_gasteiger_etkdg_mmff,float32,descriptor_specific_or_dimensionless,cheap_rdkit_gasteiger_etkdg_mmff feature: v5__v5_gast_rdf_1p75_signed,Local RDKit/Gasteiger/ETKDG/MMFF batch calculation,empty field in CSV,2,3.298098646e-05,False,False,False
1878,cheap__v5__v5_gast_rdf_1p75_abs,feature,cheap_rdkit_gasteiger_etkdg_mmff,float32,descriptor_specific_or_dimensionless,cheap_rdkit_gasteiger_etkdg_mmff feature: v5__v5_gast_rdf_1p75_abs,Local RDKit/Gasteiger/ETKDG/MMFF batch calculation,empty field in CSV,2,3.298098646e-05,False,False,False
1879,cheap__v5__v5_gast_rdf_1p75_opp,feature,cheap_rdkit_gasteiger_etkdg_mmff,float32,descriptor_specific_or_dimensionless,cheap_rdkit_gasteiger_etkdg_mmff feature: v5__v5_gast_rdf_1p75_opp,Local RDKit/Gasteiger/ETKDG/MMFF batch calculation,empty field in CSV,2,3.298098646e-05,False,False,False
1880,cheap__v5__v5_gast_rdf_1p75_same,feature,cheap_rdkit_gasteiger_etkdg_mmff,float32,descriptor_specific_or_dimensionless,cheap_rdkit_gasteiger_etkdg_mmff feature: v5__v5_gast_rdf_1p75_same,Local RDKit/Gasteiger/ETKDG/MMFF batch calculation,empty field in CSV,2,3.298098646e-05,False,False,False
1881,cheap__v5__v5_gast_rdf_2p25_signed,feature,cheap_rdkit_gasteiger_etkdg_mmff,float32,descriptor_specific_or_dimensionless,cheap_rdkit_gasteiger_etkdg_mmff feature: v5__v5_gast_rdf_2p25_signed,Local RDKit/Gasteiger/ETKDG/MMFF batch calculation,empty field in CSV,2,3.298098646e-05,True,True,False
1882,cheap__v5__v5_gast_rdf_2p25_abs,feature,cheap_rdkit_gasteiger_etkdg_mmff,float32,descriptor_specific_or_dimensionless,cheap_rdkit_gasteiger_etkdg_mmff feature: v5__v5_gast_rdf_2p25_abs,Local RDKit/Gasteiger/ETKDG/MMFF batch calculation,empty field in CSV,2,3.298098646e-05,False,False,False
1883,cheap__v5__v5_gast_rdf_2p25_opp,feature,cheap_rdkit_gasteiger_etkdg_mmff,float32,descriptor_specific_or_dimensionless,cheap_rdkit_gasteiger_etkdg_mmff feature: v5__v5_gast_rdf_2p25_opp,Local RDKit/Gasteiger/ETKDG/MMFF batch calculation,empty field in CSV,2,3.298098646e-05,False,False,False
1884,cheap__v5__v5_gast_rdf_2p25_same,feature,cheap_rdkit_gasteiger_etkdg_mmff,float32,descriptor_specific_or_dimensionless,cheap_rdkit_gasteiger_etkdg_mmff feature: v5__v5_gast_rdf_2p25_same,Local RDKit/Gasteiger/ETKDG/MMFF batch calculation,empty field in CSV,2,3.298098646e-05,False,False,False
1885,cheap__v5__v5_gast_rdf_2p75_signed,feature,cheap_rdkit_gasteiger_etkdg_mmff,float32,descriptor_specific_or_dimensionless,cheap_rdkit_gasteiger_etkdg_mmff feature: v5__v5_gast_rdf_2p75_signed,Local RDKit/Gasteiger/ETKDG/MMFF batch calculation,empty field in CSV,2,3.298098646e-05,False,False,False
1886,cheap__v5__v5_gast_rdf_2p75_abs,feature,cheap_rdkit_gasteiger_etkdg_mmff,float32,descriptor_specific_or_dimensionless,cheap_rdkit_gasteiger_etkdg_mmff feature: v5__v5_gast_rdf_2p75_abs,Local RDKit/Gasteiger/ETKDG/MMFF batch calculation,empty field in CSV,2,3.298098646e-05,False,False,False
1887,cheap__v5__v5_gast_rdf_2p75_opp,feature,cheap_rdkit_gasteiger_etkdg_mmff,float32,descriptor_specific_or_dimensionless,cheap_rdkit_gasteiger_etkdg_mmff feature: v5__v5_gast_rdf_2p75_opp,Local RDKit/Gasteiger/ETKDG/MMFF batch calculation,empty field in CSV,2,3.298098646e-05,False,False,False
1888,cheap__v5__v5_gast_rdf_2p75_same,feature,cheap_rdkit_gasteiger_etkdg_mmff,float32,descriptor_specific_or_dimensionless,cheap_rdkit_gasteiger_etkdg_mmff feature: v5__v5_gast_rdf_2p75_same,Local RDKit/Gasteiger/ETKDG/MMFF batch calculation,empty field in CSV,2,3.298098646e-05,False,False,False
1889,cheap__v5__v5_gast_rdf_3p5_signed,feature,cheap_rdkit_gasteiger_etkdg_mmff,float32,descriptor_specific_or_dimensionless,cheap_rdkit_gasteiger_etkdg_mmff feature: v5__v5_gast_rdf_3p5_signed,Local RDKit/Gasteiger/ETKDG/MMFF batch calculation,empty field in CSV,2,3.298098646e-05,False,False,False
1890,cheap__v5__v5_gast_rdf_3p5_abs,feature,cheap_rdkit_gasteiger_etkdg_mmff,float32,descriptor_specific_or_dimensionless,cheap_rdkit_gasteiger_etkdg_mmff feature: v5__v5_gast_rdf_3p5_abs,Local RDKit/Gasteiger/ETKDG/MMFF batch calculation,empty field in CSV,2,3.298098646e-05,False,False,False
1891,cheap__v5__v5_gast_rdf_3p5_opp,feature,cheap_rdkit_gasteiger_etkdg_mmff,float32,descriptor_specific_or_dimensionless,cheap_rdkit_gasteiger_etkdg_mmff feature: v5__v5_gast_rdf_3p5_opp,Local RDKit/Gasteiger/ETKDG/MMFF batch calculation,empty field in CSV,2,3.298098646e-05,False,False,False
1892,cheap__v5__v5_gast_rdf_3p5_same,feature,cheap_rdkit_gasteiger_etkdg_mmff,float32,descriptor_specific_or_dimensionless,cheap_rdkit_gasteiger_etkdg_mmff feature: v5__v5_gast_rdf_3p5_same,Local RDKit/Gasteiger/ETKDG/MMFF batch calculation,empty field in CSV,2,3.298098646e-05,False,False,False
1893,cheap__v5__v5_gast_rdf_4p5_signed,feature,cheap_rdkit_gasteiger_etkdg_mmff,float32,descriptor_specific_or_dimensionless,cheap_rdkit_gasteiger_etkdg_mmff feature: v5__v5_gast_rdf_4p5_signed,Local RDKit/Gasteiger/ETKDG/MMFF batch calculation,empty field in CSV,2,3.298098646e-05,False,False,False
1894,cheap__v5__v5_gast_rdf_4p5_abs,feature,cheap_rdkit_gasteiger_etkdg_mmff,float32,descriptor_specific_or_dimensionless,cheap_rdkit_gasteiger_etkdg_mmff feature: v5__v5_gast_rdf_4p5_abs,Local RDKit/Gasteiger/ETKDG/MMFF batch calculation,empty field in CSV,2,3.298098646e-05,False,False,False
1895,cheap__v5__v5_gast_rdf_4p5_opp,feature,cheap_rdkit_gasteiger_etkdg_mmff,float32,descriptor_specific_or_dimensionless,cheap_rdkit_gasteiger_etkdg_mmff feature: v5__v5_gast_rdf_4p5_opp,Local RDKit/Gasteiger/ETKDG/MMFF batch calculation,empty field in CSV,2,3.298098646e-05,False,False,False
1896,cheap__v5__v5_gast_rdf_4p5_same,feature,cheap_rdkit_gasteiger_etkdg_mmff,float32,descriptor_specific_or_dimensionless,cheap_rdkit_gasteiger_etkdg_mmff feature: v5__v5_gast_rdf_4p5_same,Local RDKit/Gasteiger/ETKDG/MMFF batch calculation,empty field in CSV,2,3.298098646e-05,False,False,False
1897,cheap__v5__v5_gast_rdf_5p75_signed,feature,cheap_rdkit_gasteiger_etkdg_mmff,float32,descriptor_specific_or_dimensionless,cheap_rdkit_gasteiger_etkdg_mmff feature: v5__v5_gast_rdf_5p75_signed,Local RDKit/Gasteiger/ETKDG/MMFF batch calculation,empty field in CSV,2,3.298098646e-05,False,False,False
1898,cheap__v5__v5_gast_rdf_5p75_abs,feature,cheap_rdkit_gasteiger_etkdg_mmff,float32,descriptor_specific_or_dimensionless,cheap_rdkit_gasteiger_etkdg_mmff feature: v5__v5_gast_rdf_5p75_abs,Local RDKit/Gasteiger/ETKDG/MMFF batch calculation,empty field in CSV,2,3.298098646e-05,False,False,False
1899,cheap__v5__v5_gast_rdf_5p75_opp,feature,cheap_rdkit_gasteiger_etkdg_mmff,float32,descriptor_specific_or_dimensionless,cheap_rdkit_gasteiger_etkdg_mmff feature: v5__v5_gast_rdf_5p75_opp,Local RDKit/Gasteiger/ETKDG/MMFF batch calculation,empty field in CSV,2,3.298098646e-05,False,False,False
1900,cheap__v5__v5_gast_rdf_5p75_same,feature,cheap_rdkit_gasteiger_etkdg_mmff,float32,descriptor_specific_or_dimensionless,cheap_rdkit_gasteiger_etkdg_mmff feature: v5__v5_gast_rdf_5p75_same,Local RDKit/Gasteiger/ETKDG/MMFF batch calculation,empty field in CSV,2,3.298098646e-05,False,False,False
1901,cheap__v5__v5_gast_rdf_7p25_signed,feature,cheap_rdkit_gasteiger_etkdg_mmff,float32,descriptor_specific_or_dimensionless,cheap_rdkit_gasteiger_etkdg_mmff feature: v5__v5_gast_rdf_7p25_signed,Local RDKit/Gasteiger/ETKDG/MMFF batch calculation,empty field in CSV,2,3.298098646e-05,False,False,False
1902,cheap__v5__v5_gast_rdf_7p25_abs,feature,cheap_rdkit_gasteiger_etkdg_mmff,float32,descriptor_specific_or_dimensionless,cheap_rdkit_gasteiger_etkdg_mmff feature: v5__v5_gast_rdf_7p25_abs,Local RDKit/Gasteiger/ETKDG/MMFF batch calculation,empty field in CSV,2,3.298098646e-05,False,False,False
1903,cheap__v5__v5_gast_rdf_7p25_opp,feature,cheap_rdkit_gasteiger_etkdg_mmff,float32,descriptor_specific_or_dimensionless,cheap_rdkit_gasteiger_etkdg_mmff feature: v5__v5_gast_rdf_7p25_opp,Local RDKit/Gasteiger/ETKDG/MMFF batch calculation,empty field in CSV,2,3.298098646e-05,False,False,False
1904,cheap__v5__v5_gast_rdf_7p25_same,feature,cheap_rdkit_gasteiger_etkdg_mmff,float32,descriptor_specific_or_dimensionless,cheap_rdkit_gasteiger_etkdg_mmff feature: v5__v5_gast_rdf_7p25_same,Local RDKit/Gasteiger/ETKDG/MMFF batch calculation,empty field in CSV,2,3.298098646e-05,False,False,False
1905,cheap__v5__v5_gast_epair_C_C_count,feature,cheap_rdkit_gasteiger_etkdg_mmff,float32,count,cheap_rdkit_gasteiger_etkdg_mmff feature: v5__v5_gast_epair_C_C_count,Local RDKit/Gasteiger/ETKDG/MMFF batch calculation,empty field in CSV,2,3.298098646e-05,False,False,True
1906,cheap__v5__v5_gast_epair_C_C_absq,feature,cheap_rdkit_gasteiger_etkdg_mmff,float32,descriptor_specific_or_dimensionless,cheap_rdkit_gasteiger_etkdg_mmff feature: v5__v5_gast_epair_C_C_absq,Local RDKit/Gasteiger/ETKDG/MMFF batch calculation,empty field in CSV,2,3.298098646e-05,False,False,False
1907,cheap__v5__v5_gast_epair_C_C_signedq,feature,cheap_rdkit_gasteiger_etkdg_mmff,float32,descriptor_specific_or_dimensionless,cheap_rdkit_gasteiger_etkdg_mmff feature: v5__v5_gast_epair_C_C_signedq,Local RDKit/Gasteiger/ETKDG/MMFF batch calculation,empty field in CSV,2,3.298098646e-05,False,False,False
1908,cheap__v5__v5_gast_epair_C_C_dist_absq,feature,cheap_rdkit_gasteiger_etkdg_mmff,float32,descriptor_specific_or_dimensionless,cheap_rdkit_gasteiger_etkdg_mmff feature: v5__v5_gast_epair_C_C_dist_absq,Local RDKit/Gasteiger/ETKDG/MMFF batch calculation,empty field in CSV,2,3.298098646e-05,False,False,True
1909,cheap__v5__v5_gast_epair_C_N_count,feature,cheap_rdkit_gasteiger_etkdg_mmff,float32,count,cheap_rdkit_gasteiger_etkdg_mmff feature: v5__v5_gast_epair_C_N_count,Local RDKit/Gasteiger/ETKDG/MMFF batch calculation,empty field in CSV,2,3.298098646e-05,True,True,False
1910,cheap__v5__v5_gast_epair_C_N_absq,feature,cheap_rdkit_gasteiger_etkdg_mmff,float32,count,cheap_rdkit_gasteiger_etkdg_mmff feature: v5__v5_gast_epair_C_N_absq,Local RDKit/Gasteiger/ETKDG/MMFF batch calculation,empty field in CSV,2,3.298098646e-05,True,True,False
1911,cheap__v5__v5_gast_epair_C_N_signedq,feature,cheap_rdkit_gasteiger_etkdg_mmff,float32,count,cheap_rdkit_gasteiger_etkdg_mmff feature: v5__v5_gast_epair_C_N_signedq,Local RDKit/Gasteiger/ETKDG/MMFF batch calculation,empty field in CSV,2,3.298098646e-05,True,True,False
1912,cheap__v5__v5_gast_epair_C_N_dist_absq,feature,cheap_rdkit_gasteiger_etkdg_mmff,float32,count,cheap_rdkit_gasteiger_etkdg_mmff feature: v5__v5_gast_epair_C_N_dist_absq,Local RDKit/Gasteiger/ETKDG/MMFF batch calculation,empty field in CSV,2,3.298098646e-05,True,True,False
1913,cheap__v5__v5_gast_epair_C_O_count,feature,cheap_rdkit_gasteiger_etkdg_mmff,float32,count,cheap_rdkit_gasteiger_etkdg_mmff feature: v5__v5_gast_epair_C_O_count,Local RDKit/Gasteiger/ETKDG/MMFF batch calculation,empty field in CSV,2,3.298098646e-05,False,False,False
1914,cheap__v5__v5_gast_epair_C_O_absq,feature,cheap_rdkit_gasteiger_etkdg_mmff,float32,descriptor_specific_or_dimensionless,cheap_rdkit_gasteiger_etkdg_mmff feature: v5__v5_gast_epair_C_O_absq,Local RDKit/Gasteiger/ETKDG/MMFF batch calculation,empty field in CSV,2,3.298098646e-05,False,False,False
1915,cheap__v5__v5_gast_epair_C_O_signedq,feature,cheap_rdkit_gasteiger_etkdg_mmff,float32,descriptor_specific_or_dimensionless,cheap_rdkit_gasteiger_etkdg_mmff feature: v5__v5_gast_epair_C_O_signedq,Local RDKit/Gasteiger/ETKDG/MMFF batch calculation,empty field in CSV,2,3.298098646e-05,False,False,False
1916,cheap__v5__v5_gast_epair_C_O_dist_absq,feature,cheap_rdkit_gasteiger_etkdg_mmff,float32,descriptor_specific_or_dimensionless,cheap_rdkit_gasteiger_etkdg_mmff feature: v5__v5_gast_epair_C_O_dist_absq,Local RDKit/Gasteiger/ETKDG/MMFF batch calculation,empty field in CSV,2,3.298098646e-05,False,False,False
1917,cheap__v5__v5_gast_epair_C_F_count,feature,cheap_rdkit_gasteiger_etkdg_mmff,float32,count,cheap_rdkit_gasteiger_etkdg_mmff feature: v5__v5_gast_epair_C_F_count,Local RDKit/Gasteiger/ETKDG/MMFF batch calculation,empty field in CSV,2,3.298098646e-05,True,True,False
1918,cheap__v5__v5_gast_epair_C_F_absq,feature,cheap_rdkit_gasteiger_etkdg_mmff,float32,descriptor_specific_or_dimensionless,cheap_rdkit_gasteiger_etkdg_mmff feature: v5__v5_gast_epair_C_F_absq,Local RDKit/Gasteiger/ETKDG/MMFF batch calculation,empty field in CSV,2,3.298098646e-05,True,True,False
1919,cheap__v5__v5_gast_epair_C_F_signedq,feature,cheap_rdkit_gasteiger_etkdg_mmff,float32,descriptor_specific_or_dimensionless,cheap_rdkit_gasteiger_etkdg_mmff feature: v5__v5_gast_epair_C_F_signedq,Local RDKit/Gasteiger/ETKDG/MMFF batch calculation,empty field in CSV,2,3.298098646e-05,True,True,False
1920,cheap__v5__v5_gast_epair_C_F_dist_absq,feature,cheap_rdkit_gasteiger_etkdg_mmff,float32,descriptor_specific_or_dimensionless,cheap_rdkit_gasteiger_etkdg_mmff feature: v5__v5_gast_epair_C_F_dist_absq,Local RDKit/Gasteiger/ETKDG/MMFF batch calculation,empty field in CSV,2,3.298098646e-05,True,True,False
1921,cheap__v5__v5_gast_epair_C_Si_count,feature,cheap_rdkit_gasteiger_etkdg_mmff,float32,count,cheap_rdkit_gasteiger_etkdg_mmff feature: v5__v5_gast_epair_C_Si_count,Local RDKit/Gasteiger/ETKDG/MMFF batch calculation,empty field in CSV,2,3.298098646e-05,False,False,False
1922,cheap__v5__v5_gast_epair_C_Si_absq,feature,cheap_rdkit_gasteiger_etkdg_mmff,float32,descriptor_specific_or_dimensionless,cheap_rdkit_gasteiger_etkdg_mmff feature: v5__v5_gast_epair_C_Si_absq,Local RDKit/Gasteiger/ETKDG/MMFF batch calculation,empty field in CSV,2,3.298098646e-05,False,False,False
1923,cheap__v5__v5_gast_epair_C_Si_signedq,feature,cheap_rdkit_gasteiger_etkdg_mmff,float32,descriptor_specific_or_dimensionless,cheap_rdkit_gasteiger_etkdg_mmff feature: v5__v5_gast_epair_C_Si_signedq,Local RDKit/Gasteiger/ETKDG/MMFF batch calculation,empty field in CSV,2,3.298098646e-05,False,False,False
1924,cheap__v5__v5_gast_epair_C_Si_dist_absq,feature,cheap_rdkit_gasteiger_etkdg_mmff,float32,descriptor_specific_or_dimensionless,cheap_rdkit_gasteiger_etkdg_mmff feature: v5__v5_gast_epair_C_Si_dist_absq,Local RDKit/Gasteiger/ETKDG/MMFF batch calculation,empty field in CSV,2,3.298098646e-05,False,False,False
1925,cheap__v5__v5_gast_epair_C_P_count,feature,cheap_rdkit_gasteiger_etkdg_mmff,float32,count,cheap_rdkit_gasteiger_etkdg_mmff feature: v5__v5_gast_epair_C_P_count,Local RDKit/Gasteiger/ETKDG/MMFF batch calculation,empty field in CSV,2,3.298098646e-05,False,False,False
1926,cheap__v5__v5_gast_epair_C_P_absq,feature,cheap_rdkit_gasteiger_etkdg_mmff,float32,descriptor_specific_or_dimensionless,cheap_rdkit_gasteiger_etkdg_mmff feature: v5__v5_gast_epair_C_P_absq,Local RDKit/Gasteiger/ETKDG/MMFF batch calculation,empty field in CSV,2,3.298098646e-05,False,False,False
1927,cheap__v5__v5_gast_epair_C_P_signedq,feature,cheap_rdkit_gasteiger_etkdg_mmff,float32,descriptor_specific_or_dimensionless,cheap_rdkit_gasteiger_etkdg_mmff feature: v5__v5_gast_epair_C_P_signedq,Local RDKit/Gasteiger/ETKDG/MMFF batch calculation,empty field in CSV,2,3.298098646e-05,False,False,False
1928,cheap__v5__v5_gast_epair_C_P_dist_absq,feature,cheap_rdkit_gasteiger_etkdg_mmff,float32,descriptor_specific_or_dimensionless,cheap_rdkit_gasteiger_etkdg_mmff feature: v5__v5_gast_epair_C_P_dist_absq,Local RDKit/Gasteiger/ETKDG/MMFF batch calculation,empty field in CSV,2,3.298098646e-05,False,False,False
1929,cheap__v5__v5_gast_epair_C_S_count,feature,cheap_rdkit_gasteiger_etkdg_mmff,float32,count,cheap_rdkit_gasteiger_etkdg_mmff feature: v5__v5_gast_epair_C_S_count,Local RDKit/Gasteiger/ETKDG/MMFF batch calculation,empty field in CSV,2,3.298098646e-05,False,False,False
1930,cheap__v5__v5_gast_epair_C_S_absq,feature,cheap_rdkit_gasteiger_etkdg_mmff,float32,descriptor_specific_or_dimensionless,cheap_rdkit_gasteiger_etkdg_mmff feature: v5__v5_gast_epair_C_S_absq,Local RDKit/Gasteiger/ETKDG/MMFF batch calculation,empty field in CSV,2,3.298098646e-05,False,False,False
1931,cheap__v5__v5_gast_epair_C_S_signedq,feature,cheap_rdkit_gasteiger_etkdg_mmff,float32,descriptor_specific_or_dimensionless,cheap_rdkit_gasteiger_etkdg_mmff feature: v5__v5_gast_epair_C_S_signedq,Local RDKit/Gasteiger/ETKDG/MMFF batch calculation,empty field in CSV,2,3.298098646e-05,False,False,False
1932,cheap__v5__v5_gast_epair_C_S_dist_absq,feature,cheap_rdkit_gasteiger_etkdg_mmff,float32,descriptor_specific_or_dimensionless,cheap_rdkit_gasteiger_etkdg_mmff feature: v5__v5_gast_epair_C_S_dist_absq,Local RDKit/Gasteiger/ETKDG/MMFF batch calculation,empty field in CSV,2,3.298098646e-05,False,False,False
1933,cheap__v5__v5_gast_epair_C_CL_count,feature,cheap_rdkit_gasteiger_etkdg_mmff,float32,count,cheap_rdkit_gasteiger_etkdg_mmff feature: v5__v5_gast_epair_C_CL_count,Local RDKit/Gasteiger/ETKDG/MMFF batch calculation,empty field in CSV,2,3.298098646e-05,False,False,False
1934,cheap__v5__v5_gast_epair_C_CL_absq,feature,cheap_rdkit_gasteiger_etkdg_mmff,float32,descriptor_specific_or_dimensionless,cheap_rdkit_gasteiger_etkdg_mmff feature: v5__v5_gast_epair_C_CL_absq,Local RDKit/Gasteiger/ETKDG/MMFF batch calculation,empty field in CSV,2,3.298098646e-05,False,False,False
1935,cheap__v5__v5_gast_epair_C_CL_signedq,feature,cheap_rdkit_gasteiger_etkdg_mmff,float32,descriptor_specific_or_dimensionless,cheap_rdkit_gasteiger_etkdg_mmff feature: v5__v5_gast_epair_C_CL_signedq,Local RDKit/Gasteiger/ETKDG/MMFF batch calculation,empty field in CSV,2,3.298098646e-05,False,False,False
1936,cheap__v5__v5_gast_epair_C_CL_dist_absq,feature,cheap_rdkit_gasteiger_etkdg_mmff,float32,descriptor_specific_or_dimensionless,cheap_rdkit_gasteiger_etkdg_mmff feature: v5__v5_gast_epair_C_CL_dist_absq,Local RDKit/Gasteiger/ETKDG/MMFF batch calculation,empty field in CSV,2,3.298098646e-05,False,False,False
1937,cheap__v5__v5_gast_epair_C_BR_count,feature,cheap_rdkit_gasteiger_etkdg_mmff,float32,count,cheap_rdkit_gasteiger_etkdg_mmff feature: v5__v5_gast_epair_C_BR_count,Local RDKit/Gasteiger/ETKDG/MMFF batch calculation,empty field in CSV,2,3.298098646e-05,False,False,False
1938,cheap__v5__v5_gast_epair_C_BR_absq,feature,cheap_rdkit_gasteiger_etkdg_mmff,float32,descriptor_specific_or_dimensionless,cheap_rdkit_gasteiger_etkdg_mmff feature: v5__v5_gast_epair_C_BR_absq,Local RDKit/Gasteiger/ETKDG/MMFF batch calculation,empty field in CSV,2,3.298098646e-05,False,False,False
1939,cheap__v5__v5_gast_epair_C_BR_signedq,feature,cheap_rdkit_gasteiger_etkdg_mmff,float32,descriptor_specific_or_dimensionless,cheap_rdkit_gasteiger_etkdg_mmff feature: v5__v5_gast_epair_C_BR_signedq,Local RDKit/Gasteiger/ETKDG/MMFF batch calculation,empty field in CSV,2,3.298098646e-05,False,False,False
1940,cheap__v5__v5_gast_epair_C_BR_dist_absq,feature,cheap_rdkit_gasteiger_etkdg_mmff,float32,descriptor_specific_or_dimensionless,cheap_rdkit_gasteiger_etkdg_mmff feature: v5__v5_gast_epair_C_BR_dist_absq,Local RDKit/Gasteiger/ETKDG/MMFF batch calculation,empty field in CSV,2,3.298098646e-05,False,False,False
1941,cheap__v5__v5_gast_epair_N_N_count,feature,cheap_rdkit_gasteiger_etkdg_mmff,float32,count,cheap_rdkit_gasteiger_etkdg_mmff feature: v5__v5_gast_epair_N_N_count,Local RDKit/Gasteiger/ETKDG/MMFF batch calculation,empty field in CSV,2,3.298098646e-05,True,True,False
1942,cheap__v5__v5_gast_epair_N_N_absq,feature,cheap_rdkit_gasteiger_etkdg_mmff,float32,count,cheap_rdkit_gasteiger_etkdg_mmff feature: v5__v5_gast_epair_N_N_absq,Local RDKit/Gasteiger/ETKDG/MMFF batch calculation,empty field in CSV,2,3.298098646e-05,True,True,False
1943,cheap__v5__v5_gast_epair_N_N_signedq,feature,cheap_rdkit_gasteiger_etkdg_mmff,float32,count,cheap_rdkit_gasteiger_etkdg_mmff feature: v5__v5_gast_epair_N_N_signedq,Local RDKit/Gasteiger/ETKDG/MMFF batch calculation,empty field in CSV,2,3.298098646e-05,True,True,False
1944,cheap__v5__v5_gast_epair_N_N_dist_absq,feature,cheap_rdkit_gasteiger_etkdg_mmff,float32,count,cheap_rdkit_gasteiger_etkdg_mmff feature: v5__v5_gast_epair_N_N_dist_absq,Local RDKit/Gasteiger/ETKDG/MMFF batch calculation,empty field in CSV,2,3.298098646e-05,True,True,False
1945,cheap__v5__v5_gast_epair_N_O_count,feature,cheap_rdkit_gasteiger_etkdg_mmff,float32,count,cheap_rdkit_gasteiger_etkdg_mmff feature: v5__v5_gast_epair_N_O_count,Local RDKit/Gasteiger/ETKDG/MMFF batch calculation,empty field in CSV,2,3.298098646e-05,True,True,False
1946,cheap__v5__v5_gast_epair_N_O_absq,feature,cheap_rdkit_gasteiger_etkdg_mmff,float32,count,cheap_rdkit_gasteiger_etkdg_mmff feature: v5__v5_gast_epair_N_O_absq,Local RDKit/Gasteiger/ETKDG/MMFF batch calculation,empty field in CSV,2,3.298098646e-05,True,True,False
1947,cheap__v5__v5_gast_epair_N_O_signedq,feature,cheap_rdkit_gasteiger_etkdg_mmff,float32,count,cheap_rdkit_gasteiger_etkdg_mmff feature: v5__v5_gast_epair_N_O_signedq,Local RDKit/Gasteiger/ETKDG/MMFF batch calculation,empty field in CSV,2,3.298098646e-05,True,True,False
1948,cheap__v5__v5_gast_epair_N_O_dist_absq,feature,cheap_rdkit_gasteiger_etkdg_mmff,float32,count,cheap_rdkit_gasteiger_etkdg_mmff feature: v5__v5_gast_epair_N_O_dist_absq,Local RDKit/Gasteiger/ETKDG/MMFF batch calculation,empty field in CSV,2,3.298098646e-05,True,True,False
1949,cheap__v5__v5_gast_epair_N_F_count,feature,cheap_rdkit_gasteiger_etkdg_mmff,float32,count,cheap_rdkit_gasteiger_etkdg_mmff feature: v5__v5_gast_epair_N_F_count,Local RDKit/Gasteiger/ETKDG/MMFF batch calculation,empty field in CSV,2,3.298098646e-05,False,False,False
1950,cheap__v5__v5_gast_epair_N_F_absq,feature,cheap_rdkit_gasteiger_etkdg_mmff,float32,count,cheap_rdkit_gasteiger_etkdg_mmff feature: v5__v5_gast_epair_N_F_absq,Local RDKit/Gasteiger/ETKDG/MMFF batch calculation,empty field in CSV,2,3.298098646e-05,False,False,False
1951,cheap__v5__v5_gast_epair_N_F_signedq,feature,cheap_rdkit_gasteiger_etkdg_mmff,float32,count,cheap_rdkit_gasteiger_etkdg_mmff feature: v5__v5_gast_epair_N_F_signedq,Local RDKit/Gasteiger/ETKDG/MMFF batch calculation,empty field in CSV,2,3.298098646e-05,False,False,False
1952,cheap__v5__v5_gast_epair_N_F_dist_absq,feature,cheap_rdkit_gasteiger_etkdg_mmff,float32,count,cheap_rdkit_gasteiger_etkdg_mmff feature: v5__v5_gast_epair_N_F_dist_absq,Local RDKit/Gasteiger/ETKDG/MMFF batch calculation,empty field in CSV,2,3.298098646e-05,False,False,False
1953,cheap__v5__v5_gast_epair_N_Si_count,feature,cheap_rdkit_gasteiger_etkdg_mmff,float32,count,cheap_rdkit_gasteiger_etkdg_mmff feature: v5__v5_gast_epair_N_Si_count,Local RDKit/Gasteiger/ETKDG/MMFF batch calculation,empty field in CSV,2,3.298098646e-05,False,False,False
1954,cheap__v5__v5_gast_epair_N_Si_absq,feature,cheap_rdkit_gasteiger_etkdg_mmff,float32,count,cheap_rdkit_gasteiger_etkdg_mmff feature: v5__v5_gast_epair_N_Si_absq,Local RDKit/Gasteiger/ETKDG/MMFF batch calculation,empty field in CSV,2,3.298098646e-05,False,False,False
1955,cheap__v5__v5_gast_epair_N_Si_signedq,feature,cheap_rdkit_gasteiger_etkdg_mmff,float32,count,cheap_rdkit_gasteiger_etkdg_mmff feature: v5__v5_gast_epair_N_Si_signedq,Local RDKit/Gasteiger/ETKDG/MMFF batch calculation,empty field in CSV,2,3.298098646e-05,False,False,False
1956,cheap__v5__v5_gast_epair_N_Si_dist_absq,feature,cheap_rdkit_gasteiger_etkdg_mmff,float32,count,cheap_rdkit_gasteiger_etkdg_mmff feature: v5__v5_gast_epair_N_Si_dist_absq,Local RDKit/Gasteiger/ETKDG/MMFF batch calculation,empty field in CSV,2,3.298098646e-05,False,False,False
1957,cheap__v5__v5_gast_epair_N_P_count,feature,cheap_rdkit_gasteiger_etkdg_mmff,float32,count,cheap_rdkit_gasteiger_etkdg_mmff feature: v5__v5_gast_epair_N_P_count,Local RDKit/Gasteiger/ETKDG/MMFF batch calculation,empty field in CSV,2,3.298098646e-05,False,False,False
1958,cheap__v5__v5_gast_epair_N_P_absq,feature,cheap_rdkit_gasteiger_etkdg_mmff,float32,count,cheap_rdkit_gasteiger_etkdg_mmff feature: v5__v5_gast_epair_N_P_absq,Local RDKit/Gasteiger/ETKDG/MMFF batch calculation,empty field in CSV,2,3.298098646e-05,False,False,False
1959,cheap__v5__v5_gast_epair_N_P_signedq,feature,cheap_rdkit_gasteiger_etkdg_mmff,float32,count,cheap_rdkit_gasteiger_etkdg_mmff feature: v5__v5_gast_epair_N_P_signedq,Local RDKit/Gasteiger/ETKDG/MMFF batch calculation,empty field in CSV,2,3.298098646e-05,False,False,False
1960,cheap__v5__v5_gast_epair_N_P_dist_absq,feature,cheap_rdkit_gasteiger_etkdg_mmff,float32,count,cheap_rdkit_gasteiger_etkdg_mmff feature: v5__v5_gast_epair_N_P_dist_absq,Local RDKit/Gasteiger/ETKDG/MMFF batch calculation,empty field in CSV,2,3.298098646e-05,False,False,False
1961,cheap__v5__v5_gast_epair_N_S_count,feature,cheap_rdkit_gasteiger_etkdg_mmff,float32,count,cheap_rdkit_gasteiger_etkdg_mmff feature: v5__v5_gast_epair_N_S_count,Local RDKit/Gasteiger/ETKDG/MMFF batch calculation,empty field in CSV,2,3.298098646e-05,False,False,False
1962,cheap__v5__v5_gast_epair_N_S_absq,feature,cheap_rdkit_gasteiger_etkdg_mmff,float32,count,cheap_rdkit_gasteiger_etkdg_mmff feature: v5__v5_gast_epair_N_S_absq,Local RDKit/Gasteiger/ETKDG/MMFF batch calculation,empty field in CSV,2,3.298098646e-05,False,False,False
1963,cheap__v5__v5_gast_epair_N_S_signedq,feature,cheap_rdkit_gasteiger_etkdg_mmff,float32,count,cheap_rdkit_gasteiger_etkdg_mmff feature: v5__v5_gast_epair_N_S_signedq,Local RDKit/Gasteiger/ETKDG/MMFF batch calculation,empty field in CSV,2,3.298098646e-05,False,False,False
1964,cheap__v5__v5_gast_epair_N_S_dist_absq,feature,cheap_rdkit_gasteiger_etkdg_mmff,float32,count,cheap_rdkit_gasteiger_etkdg_mmff feature: v5__v5_gast_epair_N_S_dist_absq,Local RDKit/Gasteiger/ETKDG/MMFF batch calculation,empty field in CSV,2,3.298098646e-05,False,False,False
1965,cheap__v5__v5_gast_epair_N_CL_count,feature,cheap_rdkit_gasteiger_etkdg_mmff,float32,count,cheap_rdkit_gasteiger_etkdg_mmff feature: v5__v5_gast_epair_N_CL_count,Local RDKit/Gasteiger/ETKDG/MMFF batch calculation,empty field in CSV,2,3.298098646e-05,False,False,False
1966,cheap__v5__v5_gast_epair_N_CL_absq,feature,cheap_rdkit_gasteiger_etkdg_mmff,float32,count,cheap_rdkit_gasteiger_etkdg_mmff feature: v5__v5_gast_epair_N_CL_absq,Local RDKit/Gasteiger/ETKDG/MMFF batch calculation,empty field in CSV,2,3.298098646e-05,False,False,False
1967,cheap__v5__v5_gast_epair_N_CL_signedq,feature,cheap_rdkit_gasteiger_etkdg_mmff,float32,count,cheap_rdkit_gasteiger_etkdg_mmff feature: v5__v5_gast_epair_N_CL_signedq,Local RDKit/Gasteiger/ETKDG/MMFF batch calculation,empty field in CSV,2,3.298098646e-05,False,False,False
1968,cheap__v5__v5_gast_epair_N_CL_dist_absq,feature,cheap_rdkit_gasteiger_etkdg_mmff,float32,count,cheap_rdkit_gasteiger_etkdg_mmff feature: v5__v5_gast_epair_N_CL_dist_absq,Local RDKit/Gasteiger/ETKDG/MMFF batch calculation,empty field in CSV,2,3.298098646e-05,False,False,False
1969,cheap__v5__v5_gast_epair_N_BR_count,feature,cheap_rdkit_gasteiger_etkdg_mmff,float32,count,cheap_rdkit_gasteiger_etkdg_mmff feature: v5__v5_gast_epair_N_BR_count,Local RDKit/Gasteiger/ETKDG/MMFF batch calculation,empty field in CSV,2,3.298098646e-05,False,False,False
1970,cheap__v5__v5_gast_epair_N_BR_absq,feature,cheap_rdkit_gasteiger_etkdg_mmff,float32,count,cheap_rdkit_gasteiger_etkdg_mmff feature: v5__v5_gast_epair_N_BR_absq,Local RDKit/Gasteiger/ETKDG/MMFF batch calculation,empty field in CSV,2,3.298098646e-05,False,False,False
1971,cheap__v5__v5_gast_epair_N_BR_signedq,feature,cheap_rdkit_gasteiger_etkdg_mmff,float32,count,cheap_rdkit_gasteiger_etkdg_mmff feature: v5__v5_gast_epair_N_BR_signedq,Local RDKit/Gasteiger/ETKDG/MMFF batch calculation,empty field in CSV,2,3.298098646e-05,False,False,False
1972,cheap__v5__v5_gast_epair_N_BR_dist_absq,feature,cheap_rdkit_gasteiger_etkdg_mmff,float32,count,cheap_rdkit_gasteiger_etkdg_mmff feature: v5__v5_gast_epair_N_BR_dist_absq,Local RDKit/Gasteiger/ETKDG/MMFF batch calculation,empty field in CSV,2,3.298098646e-05,False,False,False
1973,cheap__v5__v5_gast_epair_O_O_count,feature,cheap_rdkit_gasteiger_etkdg_mmff,float32,count,cheap_rdkit_gasteiger_etkdg_mmff feature: v5__v5_gast_epair_O_O_count,Local RDKit/Gasteiger/ETKDG/MMFF batch calculation,empty field in CSV,2,3.298098646e-05,False,False,False
1974,cheap__v5__v5_gast_epair_O_O_absq,feature,cheap_rdkit_gasteiger_etkdg_mmff,float32,descriptor_specific_or_dimensionless,cheap_rdkit_gasteiger_etkdg_mmff feature: v5__v5_gast_epair_O_O_absq,Local RDKit/Gasteiger/ETKDG/MMFF batch calculation,empty field in CSV,2,3.298098646e-05,False,False,False
1975,cheap__v5__v5_gast_epair_O_O_signedq,feature,cheap_rdkit_gasteiger_etkdg_mmff,float32,descriptor_specific_or_dimensionless,cheap_rdkit_gasteiger_etkdg_mmff feature: v5__v5_gast_epair_O_O_signedq,Local RDKit/Gasteiger/ETKDG/MMFF batch calculation,empty field in CSV,2,3.298098646e-05,False,False,False
1976,cheap__v5__v5_gast_epair_O_O_dist_absq,feature,cheap_rdkit_gasteiger_etkdg_mmff,float32,descriptor_specific_or_dimensionless,cheap_rdkit_gasteiger_etkdg_mmff feature: v5__v5_gast_epair_O_O_dist_absq,Local RDKit/Gasteiger/ETKDG/MMFF batch calculation,empty field in CSV,2,3.298098646e-05,False,False,False
1977,cheap__v5__v5_gast_epair_O_F_count,feature,cheap_rdkit_gasteiger_etkdg_mmff,float32,count,cheap_rdkit_gasteiger_etkdg_mmff feature: v5__v5_gast_epair_O_F_count,Local RDKit/Gasteiger/ETKDG/MMFF batch calculation,empty field in CSV,2,3.298098646e-05,False,False,False
1978,cheap__v5__v5_gast_epair_O_F_absq,feature,cheap_rdkit_gasteiger_etkdg_mmff,float32,descriptor_specific_or_dimensionless,cheap_rdkit_gasteiger_etkdg_mmff feature: v5__v5_gast_epair_O_F_absq,Local RDKit/Gasteiger/ETKDG/MMFF batch calculation,empty field in CSV,2,3.298098646e-05,False,False,False
1979,cheap__v5__v5_gast_epair_O_F_signedq,feature,cheap_rdkit_gasteiger_etkdg_mmff,float32,descriptor_specific_or_dimensionless,cheap_rdkit_gasteiger_etkdg_mmff feature: v5__v5_gast_epair_O_F_signedq,Local RDKit/Gasteiger/ETKDG/MMFF batch calculation,empty field in CSV,2,3.298098646e-05,False,False,False
1980,cheap__v5__v5_gast_epair_O_F_dist_absq,feature,cheap_rdkit_gasteiger_etkdg_mmff,float32,descriptor_specific_or_dimensionless,cheap_rdkit_gasteiger_etkdg_mmff feature: v5__v5_gast_epair_O_F_dist_absq,Local RDKit/Gasteiger/ETKDG/MMFF batch calculation,empty field in CSV,2,3.298098646e-05,False,False,False
1981,cheap__v5__v5_gast_epair_O_Si_count,feature,cheap_rdkit_gasteiger_etkdg_mmff,float32,count,cheap_rdkit_gasteiger_etkdg_mmff feature: v5__v5_gast_epair_O_Si_count,Local RDKit/Gasteiger/ETKDG/MMFF batch calculation,empty field in CSV,2,3.298098646e-05,False,False,False
1982,cheap__v5__v5_gast_epair_O_Si_absq,feature,cheap_rdkit_gasteiger_etkdg_mmff,float32,descriptor_specific_or_dimensionless,cheap_rdkit_gasteiger_etkdg_mmff feature: v5__v5_gast_epair_O_Si_absq,Local RDKit/Gasteiger/ETKDG/MMFF batch calculation,empty field in CSV,2,3.298098646e-05,False,False,False
1983,cheap__v5__v5_gast_epair_O_Si_signedq,feature,cheap_rdkit_gasteiger_etkdg_mmff,float32,descriptor_specific_or_dimensionless,cheap_rdkit_gasteiger_etkdg_mmff feature: v5__v5_gast_epair_O_Si_signedq,Local RDKit/Gasteiger/ETKDG/MMFF batch calculation,empty field in CSV,2,3.298098646e-05,False,False,False
1984,cheap__v5__v5_gast_epair_O_Si_dist_absq,feature,cheap_rdkit_gasteiger_etkdg_mmff,float32,descriptor_specific_or_dimensionless,cheap_rdkit_gasteiger_etkdg_mmff feature: v5__v5_gast_epair_O_Si_dist_absq,Local RDKit/Gasteiger/ETKDG/MMFF batch calculation,empty field in CSV,2,3.298098646e-05,False,False,False
1985,cheap__v5__v5_gast_epair_O_P_count,feature,cheap_rdkit_gasteiger_etkdg_mmff,float32,count,cheap_rdkit_gasteiger_etkdg_mmff feature: v5__v5_gast_epair_O_P_count,Local RDKit/Gasteiger/ETKDG/MMFF batch calculation,empty field in CSV,2,3.298098646e-05,False,False,False
1986,cheap__v5__v5_gast_epair_O_P_absq,feature,cheap_rdkit_gasteiger_etkdg_mmff,float32,descriptor_specific_or_dimensionless,cheap_rdkit_gasteiger_etkdg_mmff feature: v5__v5_gast_epair_O_P_absq,Local RDKit/Gasteiger/ETKDG/MMFF batch calculation,empty field in CSV,2,3.298098646e-05,False,False,False
1987,cheap__v5__v5_gast_epair_O_P_signedq,feature,cheap_rdkit_gasteiger_etkdg_mmff,float32,descriptor_specific_or_dimensionless,cheap_rdkit_gasteiger_etkdg_mmff feature: v5__v5_gast_epair_O_P_signedq,Local RDKit/Gasteiger/ETKDG/MMFF batch calculation,empty field in CSV,2,3.298098646e-05,False,False,False
1988,cheap__v5__v5_gast_epair_O_P_dist_absq,feature,cheap_rdkit_gasteiger_etkdg_mmff,float32,descriptor_specific_or_dimensionless,cheap_rdkit_gasteiger_etkdg_mmff feature: v5__v5_gast_epair_O_P_dist_absq,Local RDKit/Gasteiger/ETKDG/MMFF batch calculation,empty field in CSV,2,3.298098646e-05,False,False,False
1989,cheap__v5__v5_gast_epair_O_S_count,feature,cheap_rdkit_gasteiger_etkdg_mmff,float32,count,cheap_rdkit_gasteiger_etkdg_mmff feature: v5__v5_gast_epair_O_S_count,Local RDKit/Gasteiger/ETKDG/MMFF batch calculation,empty field in CSV,2,3.298098646e-05,False,False,False
1990,cheap__v5__v5_gast_epair_O_S_absq,feature,cheap_rdkit_gasteiger_etkdg_mmff,float32,descriptor_specific_or_dimensionless,cheap_rdkit_gasteiger_etkdg_mmff feature: v5__v5_gast_epair_O_S_absq,Local RDKit/Gasteiger/ETKDG/MMFF batch calculation,empty field in CSV,2,3.298098646e-05,False,False,False
1991,cheap__v5__v5_gast_epair_O_S_signedq,feature,cheap_rdkit_gasteiger_etkdg_mmff,float32,descriptor_specific_or_dimensionless,cheap_rdkit_gasteiger_etkdg_mmff feature: v5__v5_gast_epair_O_S_signedq,Local RDKit/Gasteiger/ETKDG/MMFF batch calculation,empty field in CSV,2,3.298098646e-05,False,False,False
1992,cheap__v5__v5_gast_epair_O_S_dist_absq,feature,cheap_rdkit_gasteiger_etkdg_mmff,float32,descriptor_specific_or_dimensionless,cheap_rdkit_gasteiger_etkdg_mmff feature: v5__v5_gast_epair_O_S_dist_absq,Local RDKit/Gasteiger/ETKDG/MMFF batch calculation,empty field in CSV,2,3.298098646e-05,False,False,False
1993,cheap__v5__v5_gast_epair_O_CL_count,feature,cheap_rdkit_gasteiger_etkdg_mmff,float32,count,cheap_rdkit_gasteiger_etkdg_mmff feature: v5__v5_gast_epair_O_CL_count,Local RDKit/Gasteiger/ETKDG/MMFF batch calculation,empty field in CSV,2,3.298098646e-05,False,False,False
1994,cheap__v5__v5_gast_epair_O_CL_absq,feature,cheap_rdkit_gasteiger_etkdg_mmff,float32,descriptor_specific_or_dimensionless,cheap_rdkit_gasteiger_etkdg_mmff feature: v5__v5_gast_epair_O_CL_absq,Local RDKit/Gasteiger/ETKDG/MMFF batch calculation,empty field in CSV,2,3.298098646e-05,False,False,False
1995,cheap__v5__v5_gast_epair_O_CL_signedq,feature,cheap_rdkit_gasteiger_etkdg_mmff,float32,descriptor_specific_or_dimensionless,cheap_rdkit_gasteiger_etkdg_mmff feature: v5__v5_gast_epair_O_CL_signedq,Local RDKit/Gasteiger/ETKDG/MMFF batch calculation,empty field in CSV,2,3.298098646e-05,False,False,False
1996,cheap__v5__v5_gast_epair_O_CL_dist_absq,feature,cheap_rdkit_gasteiger_etkdg_mmff,float32,descriptor_specific_or_dimensionless,cheap_rdkit_gasteiger_etkdg_mmff feature: v5__v5_gast_epair_O_CL_dist_absq,Local RDKit/Gasteiger/ETKDG/MMFF batch calculation,empty field in CSV,2,3.298098646e-05,False,False,False
1997,cheap__v5__v5_gast_epair_O_BR_count,feature,cheap_rdkit_gasteiger_etkdg_mmff,float32,count,cheap_rdkit_gasteiger_etkdg_mmff feature: v5__v5_gast_epair_O_BR_count,Local RDKit/Gasteiger/ETKDG/MMFF batch calculation,empty field in CSV,2,3.298098646e-05,False,False,False
1998,cheap__v5__v5_gast_epair_O_BR_absq,feature,cheap_rdkit_gasteiger_etkdg_mmff,float32,descriptor_specific_or_dimensionless,cheap_rdkit_gasteiger_etkdg_mmff feature: v5__v5_gast_epair_O_BR_absq,Local RDKit/Gasteiger/ETKDG/MMFF batch calculation,empty field in CSV,2,3.298098646e-05,False,False,False
1999,cheap__v5__v5_gast_epair_O_BR_signedq,feature,cheap_rdkit_gasteiger_etkdg_mmff,float32,descriptor_specific_or_dimensionless,cheap_rdkit_gasteiger_etkdg_mmff feature: v5__v5_gast_epair_O_BR_signedq,Local RDKit/Gasteiger/ETKDG/MMFF batch calculation,empty field in CSV,2,3.298098646e-05,False,False,False
2000,cheap__v5__v5_gast_epair_O_BR_dist_absq,feature,cheap_rdkit_gasteiger_etkdg_mmff,float32,descriptor_specific_or_dimensionless,cheap_rdkit_gasteiger_etkdg_mmff feature: v5__v5_gast_epair_O_BR_dist_absq,Local RDKit/Gasteiger/ETKDG/MMFF batch calculation,empty field in CSV,2,3.298098646e-05,False,False,False
2001,cheap__v5__v5_gast_epair_F_F_count,feature,cheap_rdkit_gasteiger_etkdg_mmff,float32,count,cheap_rdkit_gasteiger_etkdg_mmff feature: v5__v5_gast_epair_F_F_count,Local RDKit/Gasteiger/ETKDG/MMFF batch calculation,empty field in CSV,2,3.298098646e-05,True,True,False
2002,cheap__v5__v5_gast_epair_F_F_absq,feature,cheap_rdkit_gasteiger_etkdg_mmff,float32,descriptor_specific_or_dimensionless,cheap_rdkit_gasteiger_etkdg_mmff feature: v5__v5_gast_epair_F_F_absq,Local RDKit/Gasteiger/ETKDG/MMFF batch calculation,empty field in CSV,2,3.298098646e-05,True,True,False
2003,cheap__v5__v5_gast_epair_F_F_signedq,feature,cheap_rdkit_gasteiger_etkdg_mmff,float32,descriptor_specific_or_dimensionless,cheap_rdkit_gasteiger_etkdg_mmff feature: v5__v5_gast_epair_F_F_signedq,Local RDKit/Gasteiger/ETKDG/MMFF batch calculation,empty field in CSV,2,3.298098646e-05,True,True,False
2004,cheap__v5__v5_gast_epair_F_F_dist_absq,feature,cheap_rdkit_gasteiger_etkdg_mmff,float32,descriptor_specific_or_dimensionless,cheap_rdkit_gasteiger_etkdg_mmff feature: v5__v5_gast_epair_F_F_dist_absq,Local RDKit/Gasteiger/ETKDG/MMFF batch calculation,empty field in CSV,2,3.298098646e-05,True,True,False
2005,cheap__v5__v5_gast_epair_F_Si_count,feature,cheap_rdkit_gasteiger_etkdg_mmff,float32,count,cheap_rdkit_gasteiger_etkdg_mmff feature: v5__v5_gast_epair_F_Si_count,Local RDKit/Gasteiger/ETKDG/MMFF batch calculation,empty field in CSV,2,3.298098646e-05,False,False,False
2006,cheap__v5__v5_gast_epair_F_Si_absq,feature,cheap_rdkit_gasteiger_etkdg_mmff,float32,descriptor_specific_or_dimensionless,cheap_rdkit_gasteiger_etkdg_mmff feature: v5__v5_gast_epair_F_Si_absq,Local RDKit/Gasteiger/ETKDG/MMFF batch calculation,empty field in CSV,2,3.298098646e-05,False,False,False
2007,cheap__v5__v5_gast_epair_F_Si_signedq,feature,cheap_rdkit_gasteiger_etkdg_mmff,float32,descriptor_specific_or_dimensionless,cheap_rdkit_gasteiger_etkdg_mmff feature: v5__v5_gast_epair_F_Si_signedq,Local RDKit/Gasteiger/ETKDG/MMFF batch calculation,empty field in CSV,2,3.298098646e-05,False,False,False
2008,cheap__v5__v5_gast_epair_F_Si_dist_absq,feature,cheap_rdkit_gasteiger_etkdg_mmff,float32,descriptor_specific_or_dimensionless,cheap_rdkit_gasteiger_etkdg_mmff feature: v5__v5_gast_epair_F_Si_dist_absq,Local RDKit/Gasteiger/ETKDG/MMFF batch calculation,empty field in CSV,2,3.298098646e-05,False,False,False
2009,cheap__v5__v5_gast_epair_F_P_count,feature,cheap_rdkit_gasteiger_etkdg_mmff,float32,count,cheap_rdkit_gasteiger_etkdg_mmff feature: v5__v5_gast_epair_F_P_count,Local RDKit/Gasteiger/ETKDG/MMFF batch calculation,empty field in CSV,2,3.298098646e-05,False,False,False
2010,cheap__v5__v5_gast_epair_F_P_absq,feature,cheap_rdkit_gasteiger_etkdg_mmff,float32,descriptor_specific_or_dimensionless,cheap_rdkit_gasteiger_etkdg_mmff feature: v5__v5_gast_epair_F_P_absq,Local RDKit/Gasteiger/ETKDG/MMFF batch calculation,empty field in CSV,2,3.298098646e-05,False,False,False
2011,cheap__v5__v5_gast_epair_F_P_signedq,feature,cheap_rdkit_gasteiger_etkdg_mmff,float32,descriptor_specific_or_dimensionless,cheap_rdkit_gasteiger_etkdg_mmff feature: v5__v5_gast_epair_F_P_signedq,Local RDKit/Gasteiger/ETKDG/MMFF batch calculation,empty field in CSV,2,3.298098646e-05,False,False,False
2012,cheap__v5__v5_gast_epair_F_P_dist_absq,feature,cheap_rdkit_gasteiger_etkdg_mmff,float32,descriptor_specific_or_dimensionless,cheap_rdkit_gasteiger_etkdg_mmff feature: v5__v5_gast_epair_F_P_dist_absq,Local RDKit/Gasteiger/ETKDG/MMFF batch calculation,empty field in CSV,2,3.298098646e-05,False,False,False
2013,cheap__v5__v5_gast_epair_F_S_count,feature,cheap_rdkit_gasteiger_etkdg_mmff,float32,count,cheap_rdkit_gasteiger_etkdg_mmff feature: v5__v5_gast_epair_F_S_count,Local RDKit/Gasteiger/ETKDG/MMFF batch calculation,empty field in CSV,2,3.298098646e-05,False,False,False
2014,cheap__v5__v5_gast_epair_F_S_absq,feature,cheap_rdkit_gasteiger_etkdg_mmff,float32,descriptor_specific_or_dimensionless,cheap_rdkit_gasteiger_etkdg_mmff feature: v5__v5_gast_epair_F_S_absq,Local RDKit/Gasteiger/ETKDG/MMFF batch calculation,empty field in CSV,2,3.298098646e-05,False,False,False
2015,cheap__v5__v5_gast_epair_F_S_signedq,feature,cheap_rdkit_gasteiger_etkdg_mmff,float32,descriptor_specific_or_dimensionless,cheap_rdkit_gasteiger_etkdg_mmff feature: v5__v5_gast_epair_F_S_signedq,Local RDKit/Gasteiger/ETKDG/MMFF batch calculation,empty field in CSV,2,3.298098646e-05,False,False,False
2016,cheap__v5__v5_gast_epair_F_S_dist_absq,feature,cheap_rdkit_gasteiger_etkdg_mmff,float32,descriptor_specific_or_dimensionless,cheap_rdkit_gasteiger_etkdg_mmff feature: v5__v5_gast_epair_F_S_dist_absq,Local RDKit/Gasteiger/ETKDG/MMFF batch calculation,empty field in CSV,2,3.298098646e-05,False,False,False
2017,cheap__v5__v5_gast_epair_F_CL_count,feature,cheap_rdkit_gasteiger_etkdg_mmff,float32,count,cheap_rdkit_gasteiger_etkdg_mmff feature: v5__v5_gast_epair_F_CL_count,Local RDKit/Gasteiger/ETKDG/MMFF batch calculation,empty field in CSV,2,3.298098646e-05,False,False,False
2018,cheap__v5__v5_gast_epair_F_CL_absq,feature,cheap_rdkit_gasteiger_etkdg_mmff,float32,descriptor_specific_or_dimensionless,cheap_rdkit_gasteiger_etkdg_mmff feature: v5__v5_gast_epair_F_CL_absq,Local RDKit/Gasteiger/ETKDG/MMFF batch calculation,empty field in CSV,2,3.298098646e-05,False,False,False
2019,cheap__v5__v5_gast_epair_F_CL_signedq,feature,cheap_rdkit_gasteiger_etkdg_mmff,float32,descriptor_specific_or_dimensionless,cheap_rdkit_gasteiger_etkdg_mmff feature: v5__v5_gast_epair_F_CL_signedq,Local RDKit/Gasteiger/ETKDG/MMFF batch calculation,empty field in CSV,2,3.298098646e-05,False,False,False
2020,cheap__v5__v5_gast_epair_F_CL_dist_absq,feature,cheap_rdkit_gasteiger_etkdg_mmff,float32,descriptor_specific_or_dimensionless,cheap_rdkit_gasteiger_etkdg_mmff feature: v5__v5_gast_epair_F_CL_dist_absq,Local RDKit/Gasteiger/ETKDG/MMFF batch calculation,empty field in CSV,2,3.298098646e-05,False,False,False
2021,cheap__v5__v5_gast_epair_F_BR_count,feature,cheap_rdkit_gasteiger_etkdg_mmff,float32,count,cheap_rdkit_gasteiger_etkdg_mmff feature: v5__v5_gast_epair_F_BR_count,Local RDKit/Gasteiger/ETKDG/MMFF batch calculation,empty field in CSV,2,3.298098646e-05,False,False,False
2022,cheap__v5__v5_gast_epair_F_BR_absq,feature,cheap_rdkit_gasteiger_etkdg_mmff,float32,descriptor_specific_or_dimensionless,cheap_rdkit_gasteiger_etkdg_mmff feature: v5__v5_gast_epair_F_BR_absq,Local RDKit/Gasteiger/ETKDG/MMFF batch calculation,empty field in CSV,2,3.298098646e-05,False,False,False
2023,cheap__v5__v5_gast_epair_F_BR_signedq,feature,cheap_rdkit_gasteiger_etkdg_mmff,float32,descriptor_specific_or_dimensionless,cheap_rdkit_gasteiger_etkdg_mmff feature: v5__v5_gast_epair_F_BR_signedq,Local RDKit/Gasteiger/ETKDG/MMFF batch calculation,empty field in CSV,2,3.298098646e-05,False,False,False
2024,cheap__v5__v5_gast_epair_F_BR_dist_absq,feature,cheap_rdkit_gasteiger_etkdg_mmff,float32,descriptor_specific_or_dimensionless,cheap_rdkit_gasteiger_etkdg_mmff feature: v5__v5_gast_epair_F_BR_dist_absq,Local RDKit/Gasteiger/ETKDG/MMFF batch calculation,empty field in CSV,2,3.298098646e-05,False,False,False
2025,cheap__v5__v5_gast_epair_Si_Si_count,feature,cheap_rdkit_gasteiger_etkdg_mmff,float32,count,cheap_rdkit_gasteiger_etkdg_mmff feature: v5__v5_gast_epair_Si_Si_count,Local RDKit/Gasteiger/ETKDG/MMFF batch calculation,empty field in CSV,2,3.298098646e-05,False,False,False
2026,cheap__v5__v5_gast_epair_Si_Si_absq,feature,cheap_rdkit_gasteiger_etkdg_mmff,float32,descriptor_specific_or_dimensionless,cheap_rdkit_gasteiger_etkdg_mmff feature: v5__v5_gast_epair_Si_Si_absq,Local RDKit/Gasteiger/ETKDG/MMFF batch calculation,empty field in CSV,2,3.298098646e-05,False,False,False
2027,cheap__v5__v5_gast_epair_Si_Si_signedq,feature,cheap_rdkit_gasteiger_etkdg_mmff,float32,descriptor_specific_or_dimensionless,cheap_rdkit_gasteiger_etkdg_mmff feature: v5__v5_gast_epair_Si_Si_signedq,Local RDKit/Gasteiger/ETKDG/MMFF batch calculation,empty field in CSV,2,3.298098646e-05,False,False,False
2028,cheap__v5__v5_gast_epair_Si_Si_dist_absq,feature,cheap_rdkit_gasteiger_etkdg_mmff,float32,descriptor_specific_or_dimensionless,cheap_rdkit_gasteiger_etkdg_mmff feature: v5__v5_gast_epair_Si_Si_dist_absq,Local RDKit/Gasteiger/ETKDG/MMFF batch calculation,empty field in CSV,2,3.298098646e-05,False,False,False
2029,cheap__v5__v5_gast_epair_Si_P_count,feature,cheap_rdkit_gasteiger_etkdg_mmff,float32,count,cheap_rdkit_gasteiger_etkdg_mmff feature: v5__v5_gast_epair_Si_P_count,Local RDKit/Gasteiger/ETKDG/MMFF batch calculation,empty field in CSV,2,3.298098646e-05,False,False,False
2030,cheap__v5__v5_gast_epair_Si_P_absq,feature,cheap_rdkit_gasteiger_etkdg_mmff,float32,descriptor_specific_or_dimensionless,cheap_rdkit_gasteiger_etkdg_mmff feature: v5__v5_gast_epair_Si_P_absq,Local RDKit/Gasteiger/ETKDG/MMFF batch calculation,empty field in CSV,2,3.298098646e-05,False,False,False
2031,cheap__v5__v5_gast_epair_Si_P_signedq,feature,cheap_rdkit_gasteiger_etkdg_mmff,float32,descriptor_specific_or_dimensionless,cheap_rdkit_gasteiger_etkdg_mmff feature: v5__v5_gast_epair_Si_P_signedq,Local RDKit/Gasteiger/ETKDG/MMFF batch calculation,empty field in CSV,2,3.298098646e-05,False,False,False
2032,cheap__v5__v5_gast_epair_Si_P_dist_absq,feature,cheap_rdkit_gasteiger_etkdg_mmff,float32,descriptor_specific_or_dimensionless,cheap_rdkit_gasteiger_etkdg_mmff feature: v5__v5_gast_epair_Si_P_dist_absq,Local RDKit/Gasteiger/ETKDG/MMFF batch calculation,empty field in CSV,2,3.298098646e-05,False,False,False
2033,cheap__v5__v5_gast_epair_Si_S_count,feature,cheap_rdkit_gasteiger_etkdg_mmff,float32,count,cheap_rdkit_gasteiger_etkdg_mmff feature: v5__v5_gast_epair_Si_S_count,Local RDKit/Gasteiger/ETKDG/MMFF batch calculation,empty field in CSV,2,3.298098646e-05,False,False,False
2034,cheap__v5__v5_gast_epair_Si_S_absq,feature,cheap_rdkit_gasteiger_etkdg_mmff,float32,descriptor_specific_or_dimensionless,cheap_rdkit_gasteiger_etkdg_mmff feature: v5__v5_gast_epair_Si_S_absq,Local RDKit/Gasteiger/ETKDG/MMFF batch calculation,empty field in CSV,2,3.298098646e-05,False,False,False
2035,cheap__v5__v5_gast_epair_Si_S_signedq,feature,cheap_rdkit_gasteiger_etkdg_mmff,float32,descriptor_specific_or_dimensionless,cheap_rdkit_gasteiger_etkdg_mmff feature: v5__v5_gast_epair_Si_S_signedq,Local RDKit/Gasteiger/ETKDG/MMFF batch calculation,empty field in CSV,2,3.298098646e-05,False,False,False
2036,cheap__v5__v5_gast_epair_Si_S_dist_absq,feature,cheap_rdkit_gasteiger_etkdg_mmff,float32,descriptor_specific_or_dimensionless,cheap_rdkit_gasteiger_etkdg_mmff feature: v5__v5_gast_epair_Si_S_dist_absq,Local RDKit/Gasteiger/ETKDG/MMFF batch calculation,empty field in CSV,2,3.298098646e-05,False,False,False
2037,cheap__v5__v5_gast_epair_Si_CL_count,feature,cheap_rdkit_gasteiger_etkdg_mmff,float32,count,cheap_rdkit_gasteiger_etkdg_mmff feature: v5__v5_gast_epair_Si_CL_count,Local RDKit/Gasteiger/ETKDG/MMFF batch calculation,empty field in CSV,2,3.298098646e-05,False,False,False
2038,cheap__v5__v5_gast_epair_Si_CL_absq,feature,cheap_rdkit_gasteiger_etkdg_mmff,float32,descriptor_specific_or_dimensionless,cheap_rdkit_gasteiger_etkdg_mmff feature: v5__v5_gast_epair_Si_CL_absq,Local RDKit/Gasteiger/ETKDG/MMFF batch calculation,empty field in CSV,2,3.298098646e-05,False,False,False
2039,cheap__v5__v5_gast_epair_Si_CL_signedq,feature,cheap_rdkit_gasteiger_etkdg_mmff,float32,descriptor_specific_or_dimensionless,cheap_rdkit_gasteiger_etkdg_mmff feature: v5__v5_gast_epair_Si_CL_signedq,Local RDKit/Gasteiger/ETKDG/MMFF batch calculation,empty field in CSV,2,3.298098646e-05,False,False,False
2040,cheap__v5__v5_gast_epair_Si_CL_dist_absq,feature,cheap_rdkit_gasteiger_etkdg_mmff,float32,descriptor_specific_or_dimensionless,cheap_rdkit_gasteiger_etkdg_mmff feature: v5__v5_gast_epair_Si_CL_dist_absq,Local RDKit/Gasteiger/ETKDG/MMFF batch calculation,empty field in CSV,2,3.298098646e-05,False,False,False
2041,cheap__v5__v5_gast_epair_Si_BR_count,feature,cheap_rdkit_gasteiger_etkdg_mmff,float32,count,cheap_rdkit_gasteiger_etkdg_mmff feature: v5__v5_gast_epair_Si_BR_count,Local RDKit/Gasteiger/ETKDG/MMFF batch calculation,empty field in CSV,2,3.298098646e-05,False,False,False
2042,cheap__v5__v5_gast_epair_Si_BR_absq,feature,cheap_rdkit_gasteiger_etkdg_mmff,float32,descriptor_specific_or_dimensionless,cheap_rdkit_gasteiger_etkdg_mmff feature: v5__v5_gast_epair_Si_BR_absq,Local RDKit/Gasteiger/ETKDG/MMFF batch calculation,empty field in CSV,2,3.298098646e-05,False,False,False
2043,cheap__v5__v5_gast_epair_Si_BR_signedq,feature,cheap_rdkit_gasteiger_etkdg_mmff,float32,descriptor_specific_or_dimensionless,cheap_rdkit_gasteiger_etkdg_mmff feature: v5__v5_gast_epair_Si_BR_signedq,Local RDKit/Gasteiger/ETKDG/MMFF batch calculation,empty field in CSV,2,3.298098646e-05,False,False,False
2044,cheap__v5__v5_gast_epair_Si_BR_dist_absq,feature,cheap_rdkit_gasteiger_etkdg_mmff,float32,descriptor_specific_or_dimensionless,cheap_rdkit_gasteiger_etkdg_mmff feature: v5__v5_gast_epair_Si_BR_dist_absq,Local RDKit/Gasteiger/ETKDG/MMFF batch calculation,empty field in CSV,2,3.298098646e-05,False,False,False
2045,cheap__v5__v5_gast_epair_P_P_count,feature,cheap_rdkit_gasteiger_etkdg_mmff,float32,count,cheap_rdkit_gasteiger_etkdg_mmff feature: v5__v5_gast_epair_P_P_count,Local RDKit/Gasteiger/ETKDG/MMFF batch calculation,empty field in CSV,2,3.298098646e-05,False,False,False
2046,cheap__v5__v5_gast_epair_P_P_absq,feature,cheap_rdkit_gasteiger_etkdg_mmff,float32,descriptor_specific_or_dimensionless,cheap_rdkit_gasteiger_etkdg_mmff feature: v5__v5_gast_epair_P_P_absq,Local RDKit/Gasteiger/ETKDG/MMFF batch calculation,empty field in CSV,2,3.298098646e-05,False,False,False
2047,cheap__v5__v5_gast_epair_P_P_signedq,feature,cheap_rdkit_gasteiger_etkdg_mmff,float32,descriptor_specific_or_dimensionless,cheap_rdkit_gasteiger_etkdg_mmff feature: v5__v5_gast_epair_P_P_signedq,Local RDKit/Gasteiger/ETKDG/MMFF batch calculation,empty field in CSV,2,3.298098646e-05,False,False,False
2048,cheap__v5__v5_gast_epair_P_P_dist_absq,feature,cheap_rdkit_gasteiger_etkdg_mmff,float32,descriptor_specific_or_dimensionless,cheap_rdkit_gasteiger_etkdg_mmff feature: v5__v5_gast_epair_P_P_dist_absq,Local RDKit/Gasteiger/ETKDG/MMFF batch calculation,empty field in CSV,2,3.298098646e-05,False,False,False
2049,cheap__v5__v5_gast_epair_P_S_count,feature,cheap_rdkit_gasteiger_etkdg_mmff,float32,count,cheap_rdkit_gasteiger_etkdg_mmff feature: v5__v5_gast_epair_P_S_count,Local RDKit/Gasteiger/ETKDG/MMFF batch calculation,empty field in CSV,2,3.298098646e-05,False,False,False
2050,cheap__v5__v5_gast_epair_P_S_absq,feature,cheap_rdkit_gasteiger_etkdg_mmff,float32,descriptor_specific_or_dimensionless,cheap_rdkit_gasteiger_etkdg_mmff feature: v5__v5_gast_epair_P_S_absq,Local RDKit/Gasteiger/ETKDG/MMFF batch calculation,empty field in CSV,2,3.298098646e-05,False,False,False
2051,cheap__v5__v5_gast_epair_P_S_signedq,feature,cheap_rdkit_gasteiger_etkdg_mmff,float32,descriptor_specific_or_dimensionless,cheap_rdkit_gasteiger_etkdg_mmff feature: v5__v5_gast_epair_P_S_signedq,Local RDKit/Gasteiger/ETKDG/MMFF batch calculation,empty field in CSV,2,3.298098646e-05,False,False,False
2052,cheap__v5__v5_gast_epair_P_S_dist_absq,feature,cheap_rdkit_gasteiger_etkdg_mmff,float32,descriptor_specific_or_dimensionless,cheap_rdkit_gasteiger_etkdg_mmff feature: v5__v5_gast_epair_P_S_dist_absq,Local RDKit/Gasteiger/ETKDG/MMFF batch calculation,empty field in CSV,2,3.298098646e-05,False,False,False
2053,cheap__v5__v5_gast_epair_P_CL_count,feature,cheap_rdkit_gasteiger_etkdg_mmff,float32,count,cheap_rdkit_gasteiger_etkdg_mmff feature: v5__v5_gast_epair_P_CL_count,Local RDKit/Gasteiger/ETKDG/MMFF batch calculation,empty field in CSV,2,3.298098646e-05,False,False,False
2054,cheap__v5__v5_gast_epair_P_CL_absq,feature,cheap_rdkit_gasteiger_etkdg_mmff,float32,descriptor_specific_or_dimensionless,cheap_rdkit_gasteiger_etkdg_mmff feature: v5__v5_gast_epair_P_CL_absq,Local RDKit/Gasteiger/ETKDG/MMFF batch calculation,empty field in CSV,2,3.298098646e-05,False,False,False
2055,cheap__v5__v5_gast_epair_P_CL_signedq,feature,cheap_rdkit_gasteiger_etkdg_mmff,float32,descriptor_specific_or_dimensionless,cheap_rdkit_gasteiger_etkdg_mmff feature: v5__v5_gast_epair_P_CL_signedq,Local RDKit/Gasteiger/ETKDG/MMFF batch calculation,empty field in CSV,2,3.298098646e-05,False,False,False
2056,cheap__v5__v5_gast_epair_P_CL_dist_absq,feature,cheap_rdkit_gasteiger_etkdg_mmff,float32,descriptor_specific_or_dimensionless,cheap_rdkit_gasteiger_etkdg_mmff feature: v5__v5_gast_epair_P_CL_dist_absq,Local RDKit/Gasteiger/ETKDG/MMFF batch calculation,empty field in CSV,2,3.298098646e-05,False,False,False
2057,cheap__v5__v5_gast_epair_P_BR_count,feature,cheap_rdkit_gasteiger_etkdg_mmff,float32,count,cheap_rdkit_gasteiger_etkdg_mmff feature: v5__v5_gast_epair_P_BR_count,Local RDKit/Gasteiger/ETKDG/MMFF batch calculation,empty field in CSV,2,3.298098646e-05,False,False,False
2058,cheap__v5__v5_gast_epair_P_BR_absq,feature,cheap_rdkit_gasteiger_etkdg_mmff,float32,descriptor_specific_or_dimensionless,cheap_rdkit_gasteiger_etkdg_mmff feature: v5__v5_gast_epair_P_BR_absq,Local RDKit/Gasteiger/ETKDG/MMFF batch calculation,empty field in CSV,2,3.298098646e-05,False,False,False
2059,cheap__v5__v5_gast_epair_P_BR_signedq,feature,cheap_rdkit_gasteiger_etkdg_mmff,float32,descriptor_specific_or_dimensionless,cheap_rdkit_gasteiger_etkdg_mmff feature: v5__v5_gast_epair_P_BR_signedq,Local RDKit/Gasteiger/ETKDG/MMFF batch calculation,empty field in CSV,2,3.298098646e-05,False,False,False
2060,cheap__v5__v5_gast_epair_P_BR_dist_absq,feature,cheap_rdkit_gasteiger_etkdg_mmff,float32,descriptor_specific_or_dimensionless,cheap_rdkit_gasteiger_etkdg_mmff feature: v5__v5_gast_epair_P_BR_dist_absq,Local RDKit/Gasteiger/ETKDG/MMFF batch calculation,empty field in CSV,2,3.298098646e-05,False,False,False
2061,cheap__v5__v5_gast_epair_S_S_count,feature,cheap_rdkit_gasteiger_etkdg_mmff,float32,count,cheap_rdkit_gasteiger_etkdg_mmff feature: v5__v5_gast_epair_S_S_count,Local RDKit/Gasteiger/ETKDG/MMFF batch calculation,empty field in CSV,2,3.298098646e-05,False,False,False
2062,cheap__v5__v5_gast_epair_S_S_absq,feature,cheap_rdkit_gasteiger_etkdg_mmff,float32,descriptor_specific_or_dimensionless,cheap_rdkit_gasteiger_etkdg_mmff feature: v5__v5_gast_epair_S_S_absq,Local RDKit/Gasteiger/ETKDG/MMFF batch calculation,empty field in CSV,2,3.298098646e-05,False,False,False
2063,cheap__v5__v5_gast_epair_S_S_signedq,feature,cheap_rdkit_gasteiger_etkdg_mmff,float32,descriptor_specific_or_dimensionless,cheap_rdkit_gasteiger_etkdg_mmff feature: v5__v5_gast_epair_S_S_signedq,Local RDKit/Gasteiger/ETKDG/MMFF batch calculation,empty field in CSV,2,3.298098646e-05,False,False,False
2064,cheap__v5__v5_gast_epair_S_S_dist_absq,feature,cheap_rdkit_gasteiger_etkdg_mmff,float32,descriptor_specific_or_dimensionless,cheap_rdkit_gasteiger_etkdg_mmff feature: v5__v5_gast_epair_S_S_dist_absq,Local RDKit/Gasteiger/ETKDG/MMFF batch calculation,empty field in CSV,2,3.298098646e-05,False,False,False
2065,cheap__v5__v5_gast_epair_S_CL_count,feature,cheap_rdkit_gasteiger_etkdg_mmff,float32,count,cheap_rdkit_gasteiger_etkdg_mmff feature: v5__v5_gast_epair_S_CL_count,Local RDKit/Gasteiger/ETKDG/MMFF batch calculation,empty field in CSV,2,3.298098646e-05,False,False,False
2066,cheap__v5__v5_gast_epair_S_CL_absq,feature,cheap_rdkit_gasteiger_etkdg_mmff,float32,descriptor_specific_or_dimensionless,cheap_rdkit_gasteiger_etkdg_mmff feature: v5__v5_gast_epair_S_CL_absq,Local RDKit/Gasteiger/ETKDG/MMFF batch calculation,empty field in CSV,2,3.298098646e-05,False,False,False
2067,cheap__v5__v5_gast_epair_S_CL_signedq,feature,cheap_rdkit_gasteiger_etkdg_mmff,float32,descriptor_specific_or_dimensionless,cheap_rdkit_gasteiger_etkdg_mmff feature: v5__v5_gast_epair_S_CL_signedq,Local RDKit/Gasteiger/ETKDG/MMFF batch calculation,empty field in CSV,2,3.298098646e-05,False,False,False
2068,cheap__v5__v5_gast_epair_S_CL_dist_absq,feature,cheap_rdkit_gasteiger_etkdg_mmff,float32,descriptor_specific_or_dimensionless,cheap_rdkit_gasteiger_etkdg_mmff feature: v5__v5_gast_epair_S_CL_dist_absq,Local RDKit/Gasteiger/ETKDG/MMFF batch calculation,empty field in CSV,2,3.298098646e-05,False,False,False
2069,cheap__v5__v5_gast_epair_S_BR_count,feature,cheap_rdkit_gasteiger_etkdg_mmff,float32,count,cheap_rdkit_gasteiger_etkdg_mmff feature: v5__v5_gast_epair_S_BR_count,Local RDKit/Gasteiger/ETKDG/MMFF batch calculation,empty field in CSV,2,3.298098646e-05,False,False,False
2070,cheap__v5__v5_gast_epair_S_BR_absq,feature,cheap_rdkit_gasteiger_etkdg_mmff,float32,descriptor_specific_or_dimensionless,cheap_rdkit_gasteiger_etkdg_mmff feature: v5__v5_gast_epair_S_BR_absq,Local RDKit/Gasteiger/ETKDG/MMFF batch calculation,empty field in CSV,2,3.298098646e-05,False,False,False
2071,cheap__v5__v5_gast_epair_S_BR_signedq,feature,cheap_rdkit_gasteiger_etkdg_mmff,float32,descriptor_specific_or_dimensionless,cheap_rdkit_gasteiger_etkdg_mmff feature: v5__v5_gast_epair_S_BR_signedq,Local RDKit/Gasteiger/ETKDG/MMFF batch calculation,empty field in CSV,2,3.298098646e-05,False,False,False
2072,cheap__v5__v5_gast_epair_S_BR_dist_absq,feature,cheap_rdkit_gasteiger_etkdg_mmff,float32,descriptor_specific_or_dimensionless,cheap_rdkit_gasteiger_etkdg_mmff feature: v5__v5_gast_epair_S_BR_dist_absq,Local RDKit/Gasteiger/ETKDG/MMFF batch calculation,empty field in CSV,2,3.298098646e-05,False,False,False
2073,cheap__v5__v5_gast_epair_CL_CL_count,feature,cheap_rdkit_gasteiger_etkdg_mmff,float32,count,cheap_rdkit_gasteiger_etkdg_mmff feature: v5__v5_gast_epair_CL_CL_count,Local RDKit/Gasteiger/ETKDG/MMFF batch calculation,empty field in CSV,2,3.298098646e-05,False,False,False
2074,cheap__v5__v5_gast_epair_CL_CL_absq,feature,cheap_rdkit_gasteiger_etkdg_mmff,float32,descriptor_specific_or_dimensionless,cheap_rdkit_gasteiger_etkdg_mmff feature: v5__v5_gast_epair_CL_CL_absq,Local RDKit/Gasteiger/ETKDG/MMFF batch calculation,empty field in CSV,2,3.298098646e-05,False,False,False
2075,cheap__v5__v5_gast_epair_CL_CL_signedq,feature,cheap_rdkit_gasteiger_etkdg_mmff,float32,descriptor_specific_or_dimensionless,cheap_rdkit_gasteiger_etkdg_mmff feature: v5__v5_gast_epair_CL_CL_signedq,Local RDKit/Gasteiger/ETKDG/MMFF batch calculation,empty field in CSV,2,3.298098646e-05,False,False,False
2076,cheap__v5__v5_gast_epair_CL_CL_dist_absq,feature,cheap_rdkit_gasteiger_etkdg_mmff,float32,descriptor_specific_or_dimensionless,cheap_rdkit_gasteiger_etkdg_mmff feature: v5__v5_gast_epair_CL_CL_dist_absq,Local RDKit/Gasteiger/ETKDG/MMFF batch calculation,empty field in CSV,2,3.298098646e-05,False,False,False
2077,cheap__v5__v5_gast_epair_CL_BR_count,feature,cheap_rdkit_gasteiger_etkdg_mmff,float32,count,cheap_rdkit_gasteiger_etkdg_mmff feature: v5__v5_gast_epair_CL_BR_count,Local RDKit/Gasteiger/ETKDG/MMFF batch calculation,empty field in CSV,2,3.298098646e-05,False,False,False
2078,cheap__v5__v5_gast_epair_CL_BR_absq,feature,cheap_rdkit_gasteiger_etkdg_mmff,float32,descriptor_specific_or_dimensionless,cheap_rdkit_gasteiger_etkdg_mmff feature: v5__v5_gast_epair_CL_BR_absq,Local RDKit/Gasteiger/ETKDG/MMFF batch calculation,empty field in CSV,2,3.298098646e-05,False,False,False
2079,cheap__v5__v5_gast_epair_CL_BR_signedq,feature,cheap_rdkit_gasteiger_etkdg_mmff,float32,descriptor_specific_or_dimensionless,cheap_rdkit_gasteiger_etkdg_mmff feature: v5__v5_gast_epair_CL_BR_signedq,Local RDKit/Gasteiger/ETKDG/MMFF batch calculation,empty field in CSV,2,3.298098646e-05,False,False,False
2080,cheap__v5__v5_gast_epair_CL_BR_dist_absq,feature,cheap_rdkit_gasteiger_etkdg_mmff,float32,descriptor_specific_or_dimensionless,cheap_rdkit_gasteiger_etkdg_mmff feature: v5__v5_gast_epair_CL_BR_dist_absq,Local RDKit/Gasteiger/ETKDG/MMFF batch calculation,empty field in CSV,2,3.298098646e-05,False,False,False
2081,cheap__v5__v5_gast_epair_BR_BR_count,feature,cheap_rdkit_gasteiger_etkdg_mmff,float32,count,cheap_rdkit_gasteiger_etkdg_mmff feature: v5__v5_gast_epair_BR_BR_count,Local RDKit/Gasteiger/ETKDG/MMFF batch calculation,empty field in CSV,2,3.298098646e-05,False,False,False
2082,cheap__v5__v5_gast_epair_BR_BR_absq,feature,cheap_rdkit_gasteiger_etkdg_mmff,float32,descriptor_specific_or_dimensionless,cheap_rdkit_gasteiger_etkdg_mmff feature: v5__v5_gast_epair_BR_BR_absq,Local RDKit/Gasteiger/ETKDG/MMFF batch calculation,empty field in CSV,2,3.298098646e-05,False,False,False
2083,cheap__v5__v5_gast_epair_BR_BR_signedq,feature,cheap_rdkit_gasteiger_etkdg_mmff,float32,descriptor_specific_or_dimensionless,cheap_rdkit_gasteiger_etkdg_mmff feature: v5__v5_gast_epair_BR_BR_signedq,Local RDKit/Gasteiger/ETKDG/MMFF batch calculation,empty field in CSV,2,3.298098646e-05,False,False,False
2084,cheap__v5__v5_gast_epair_BR_BR_dist_absq,feature,cheap_rdkit_gasteiger_etkdg_mmff,float32,descriptor_specific_or_dimensionless,cheap_rdkit_gasteiger_etkdg_mmff feature: v5__v5_gast_epair_BR_BR_dist_absq,Local RDKit/Gasteiger/ETKDG/MMFF batch calculation,empty field in CSV,2,3.298098646e-05,False,False,False
2085,cheap__v5__v5_mmffq_pair_abs_qprod_sum,feature,cheap_rdkit_gasteiger_etkdg_mmff,float32,descriptor_specific_or_dimensionless,cheap_rdkit_gasteiger_etkdg_mmff feature: v5__v5_mmffq_pair_abs_qprod_sum,Local RDKit/Gasteiger/ETKDG/MMFF batch calculation,empty field in CSV,80,0.001319239458,True,True,False
2086,cheap__v5__v5_mmffq_pair_signed_qprod_sum,feature,cheap_rdkit_gasteiger_etkdg_mmff,float32,descriptor_specific_or_dimensionless,cheap_rdkit_gasteiger_etkdg_mmff feature: v5__v5_mmffq_pair_signed_qprod_sum,Local RDKit/Gasteiger/ETKDG/MMFF batch calculation,empty field in CSV,80,0.001319239458,True,True,False
2087,cheap__v5__v5_mmffq_pair_opp_abs_qprod_sum,feature,cheap_rdkit_gasteiger_etkdg_mmff,float32,descriptor_specific_or_dimensionless,cheap_rdkit_gasteiger_etkdg_mmff feature: v5__v5_mmffq_pair_opp_abs_qprod_sum,Local RDKit/Gasteiger/ETKDG/MMFF batch calculation,empty field in CSV,80,0.001319239458,True,True,False
2088,cheap__v5__v5_mmffq_pair_same_abs_qprod_sum,feature,cheap_rdkit_gasteiger_etkdg_mmff,float32,descriptor_specific_or_dimensionless,cheap_rdkit_gasteiger_etkdg_mmff feature: v5__v5_mmffq_pair_same_abs_qprod_sum,Local RDKit/Gasteiger/ETKDG/MMFF batch calculation,empty field in CSV,80,0.001319239458,True,True,False
2089,cheap__v5__v5_mmffq_pair_abs_qprod_heavy_sum,feature,cheap_rdkit_gasteiger_etkdg_mmff,float32,descriptor_specific_or_dimensionless,cheap_rdkit_gasteiger_etkdg_mmff feature: v5__v5_mmffq_pair_abs_qprod_heavy_sum,Local RDKit/Gasteiger/ETKDG/MMFF batch calculation,empty field in CSV,80,0.001319239458,True,True,False
2090,cheap__v5__v5_mmffq_pair_absq_dist_wsum,feature,cheap_rdkit_gasteiger_etkdg_mmff,float32,descriptor_specific_or_dimensionless,cheap_rdkit_gasteiger_etkdg_mmff feature: v5__v5_mmffq_pair_absq_dist_wsum,Local RDKit/Gasteiger/ETKDG/MMFF batch calculation,empty field in CSV,80,0.001319239458,True,True,False
2091,cheap__v5__v5_mmffq_pair_absq_dist_mean,feature,cheap_rdkit_gasteiger_etkdg_mmff,float32,descriptor_specific_or_dimensionless,cheap_rdkit_gasteiger_etkdg_mmff feature: v5__v5_mmffq_pair_absq_dist_mean,Local RDKit/Gasteiger/ETKDG/MMFF batch calculation,empty field in CSV,80,0.001319239458,True,True,False
2092,cheap__v5__v5_mmffq_pair_absq_dist_std,feature,cheap_rdkit_gasteiger_etkdg_mmff,float32,descriptor_specific_or_dimensionless,cheap_rdkit_gasteiger_etkdg_mmff feature: v5__v5_mmffq_pair_absq_dist_std,Local RDKit/Gasteiger/ETKDG/MMFF batch calculation,empty field in CSV,80,0.001319239458,True,True,False
2093,cheap__v5__v5_mmffq_pair_absq_dist_max,feature,cheap_rdkit_gasteiger_etkdg_mmff,float32,descriptor_specific_or_dimensionless,cheap_rdkit_gasteiger_etkdg_mmff feature: v5__v5_mmffq_pair_absq_dist_max,Local RDKit/Gasteiger/ETKDG/MMFF batch calculation,empty field in CSV,80,0.001319239458,True,True,False
2094,cheap__v5__v5_mmffq_pair_opp_dist_wsum,feature,cheap_rdkit_gasteiger_etkdg_mmff,float32,descriptor_specific_or_dimensionless,cheap_rdkit_gasteiger_etkdg_mmff feature: v5__v5_mmffq_pair_opp_dist_wsum,Local RDKit/Gasteiger/ETKDG/MMFF batch calculation,empty field in CSV,80,0.001319239458,True,True,False
2095,cheap__v5__v5_mmffq_pair_opp_dist_mean,feature,cheap_rdkit_gasteiger_etkdg_mmff,float32,descriptor_specific_or_dimensionless,cheap_rdkit_gasteiger_etkdg_mmff feature: v5__v5_mmffq_pair_opp_dist_mean,Local RDKit/Gasteiger/ETKDG/MMFF batch calculation,empty field in CSV,80,0.001319239458,True,True,False
2096,cheap__v5__v5_mmffq_pair_opp_dist_std,feature,cheap_rdkit_gasteiger_etkdg_mmff,float32,descriptor_specific_or_dimensionless,cheap_rdkit_gasteiger_etkdg_mmff feature: v5__v5_mmffq_pair_opp_dist_std,Local RDKit/Gasteiger/ETKDG/MMFF batch calculation,empty field in CSV,80,0.001319239458,True,True,False
2097,cheap__v5__v5_mmffq_pair_opp_dist_max,feature,cheap_rdkit_gasteiger_etkdg_mmff,float32,descriptor_specific_or_dimensionless,cheap_rdkit_gasteiger_etkdg_mmff feature: v5__v5_mmffq_pair_opp_dist_max,Local RDKit/Gasteiger/ETKDG/MMFF batch calculation,empty field in CSV,80,0.001319239458,True,True,False
2098,cheap__v5__v5_mmffq_pair_same_dist_wsum,feature,cheap_rdkit_gasteiger_etkdg_mmff,float32,descriptor_specific_or_dimensionless,cheap_rdkit_gasteiger_etkdg_mmff feature: v5__v5_mmffq_pair_same_dist_wsum,Local RDKit/Gasteiger/ETKDG/MMFF batch calculation,empty field in CSV,80,0.001319239458,True,True,False
2099,cheap__v5__v5_mmffq_pair_same_dist_mean,feature,cheap_rdkit_gasteiger_etkdg_mmff,float32,descriptor_specific_or_dimensionless,cheap_rdkit_gasteiger_etkdg_mmff feature: v5__v5_mmffq_pair_same_dist_mean,Local RDKit/Gasteiger/ETKDG/MMFF batch calculation,empty field in CSV,80,0.001319239458,True,True,False
2100,cheap__v5__v5_mmffq_pair_same_dist_std,feature,cheap_rdkit_gasteiger_etkdg_mmff,float32,descriptor_specific_or_dimensionless,cheap_rdkit_gasteiger_etkdg_mmff feature: v5__v5_mmffq_pair_same_dist_std,Local RDKit/Gasteiger/ETKDG/MMFF batch calculation,empty field in CSV,80,0.001319239458,False,False,False
2101,cheap__v5__v5_mmffq_pair_same_dist_max,feature,cheap_rdkit_gasteiger_etkdg_mmff,float32,descriptor_specific_or_dimensionless,cheap_rdkit_gasteiger_etkdg_mmff feature: v5__v5_mmffq_pair_same_dist_max,Local RDKit/Gasteiger/ETKDG/MMFF batch calculation,empty field in CSV,80,0.001319239458,False,False,False
2102,cheap__v5__v5_mmffq_coulomb_signed_sum,feature,cheap_rdkit_gasteiger_etkdg_mmff,float32,descriptor_specific_or_dimensionless,cheap_rdkit_gasteiger_etkdg_mmff feature: v5__v5_mmffq_coulomb_signed_sum,Local RDKit/Gasteiger/ETKDG/MMFF batch calculation,empty field in CSV,80,0.001319239458,True,True,False
2103,cheap__v5__v5_mmffq_coulomb_abs_sum,feature,cheap_rdkit_gasteiger_etkdg_mmff,float32,descriptor_specific_or_dimensionless,cheap_rdkit_gasteiger_etkdg_mmff feature: v5__v5_mmffq_coulomb_abs_sum,Local RDKit/Gasteiger/ETKDG/MMFF batch calculation,empty field in CSV,80,0.001319239458,True,True,False
2104,cheap__v5__v5_mmffq_coulomb_opp_sum,feature,cheap_rdkit_gasteiger_etkdg_mmff,float32,descriptor_specific_or_dimensionless,cheap_rdkit_gasteiger_etkdg_mmff feature: v5__v5_mmffq_coulomb_opp_sum,Local RDKit/Gasteiger/ETKDG/MMFF batch calculation,empty field in CSV,80,0.001319239458,True,True,False
2105,cheap__v5__v5_mmffq_coulomb_same_sum,feature,cheap_rdkit_gasteiger_etkdg_mmff,float32,descriptor_specific_or_dimensionless,cheap_rdkit_gasteiger_etkdg_mmff feature: v5__v5_mmffq_coulomb_same_sum,Local RDKit/Gasteiger/ETKDG/MMFF batch calculation,empty field in CSV,80,0.001319239458,True,True,False
2106,cheap__v5__v5_mmffq_coulomb_signed_d2_sum,feature,cheap_rdkit_gasteiger_etkdg_mmff,float32,descriptor_specific_or_dimensionless,cheap_rdkit_gasteiger_etkdg_mmff feature: v5__v5_mmffq_coulomb_signed_d2_sum,Local RDKit/Gasteiger/ETKDG/MMFF batch calculation,empty field in CSV,80,0.001319239458,True,True,False
2107,cheap__v5__v5_mmffq_coulomb_abs_d2_sum,feature,cheap_rdkit_gasteiger_etkdg_mmff,float32,descriptor_specific_or_dimensionless,cheap_rdkit_gasteiger_etkdg_mmff feature: v5__v5_mmffq_coulomb_abs_d2_sum,Local RDKit/Gasteiger/ETKDG/MMFF batch calculation,empty field in CSV,80,0.001319239458,True,True,False
2108,cheap__v5__v5_mmffq_topo1_count,feature,cheap_rdkit_gasteiger_etkdg_mmff,float32,count,cheap_rdkit_gasteiger_etkdg_mmff feature: v5__v5_mmffq_topo1_count,Local RDKit/Gasteiger/ETKDG/MMFF batch calculation,empty field in CSV,80,0.001319239458,False,False,True
2109,cheap__v5__v5_mmffq_topo1_signed_qprod,feature,cheap_rdkit_gasteiger_etkdg_mmff,float32,descriptor_specific_or_dimensionless,cheap_rdkit_gasteiger_etkdg_mmff feature: v5__v5_mmffq_topo1_signed_qprod,Local RDKit/Gasteiger/ETKDG/MMFF batch calculation,empty field in CSV,80,0.001319239458,True,True,False
2110,cheap__v5__v5_mmffq_topo1_abs_qprod,feature,cheap_rdkit_gasteiger_etkdg_mmff,float32,descriptor_specific_or_dimensionless,cheap_rdkit_gasteiger_etkdg_mmff feature: v5__v5_mmffq_topo1_abs_qprod,Local RDKit/Gasteiger/ETKDG/MMFF batch calculation,empty field in CSV,80,0.001319239458,True,True,False
2111,cheap__v5__v5_mmffq_topo1_opp_abs_qprod,feature,cheap_rdkit_gasteiger_etkdg_mmff,float32,descriptor_specific_or_dimensionless,cheap_rdkit_gasteiger_etkdg_mmff feature: v5__v5_mmffq_topo1_opp_abs_qprod,Local RDKit/Gasteiger/ETKDG/MMFF batch calculation,empty field in CSV,80,0.001319239458,True,True,False
2112,cheap__v5__v5_mmffq_topo1_dist_absq_mean,feature,cheap_rdkit_gasteiger_etkdg_mmff,float32,descriptor_specific_or_dimensionless,cheap_rdkit_gasteiger_etkdg_mmff feature: v5__v5_mmffq_topo1_dist_absq_mean,Local RDKit/Gasteiger/ETKDG/MMFF batch calculation,empty field in CSV,80,0.001319239458,True,True,False
2113,cheap__v5__v5_mmffq_topo2_count,feature,cheap_rdkit_gasteiger_etkdg_mmff,float32,count,cheap_rdkit_gasteiger_etkdg_mmff feature: v5__v5_mmffq_topo2_count,Local RDKit/Gasteiger/ETKDG/MMFF batch calculation,empty field in CSV,80,0.001319239458,False,False,True
2114,cheap__v5__v5_mmffq_topo2_signed_qprod,feature,cheap_rdkit_gasteiger_etkdg_mmff,float32,descriptor_specific_or_dimensionless,cheap_rdkit_gasteiger_etkdg_mmff feature: v5__v5_mmffq_topo2_signed_qprod,Local RDKit/Gasteiger/ETKDG/MMFF batch calculation,empty field in CSV,80,0.001319239458,False,False,False
2115,cheap__v5__v5_mmffq_topo2_abs_qprod,feature,cheap_rdkit_gasteiger_etkdg_mmff,float32,descriptor_specific_or_dimensionless,cheap_rdkit_gasteiger_etkdg_mmff feature: v5__v5_mmffq_topo2_abs_qprod,Local RDKit/Gasteiger/ETKDG/MMFF batch calculation,empty field in CSV,80,0.001319239458,True,True,False
2116,cheap__v5__v5_mmffq_topo2_opp_abs_qprod,feature,cheap_rdkit_gasteiger_etkdg_mmff,float32,descriptor_specific_or_dimensionless,cheap_rdkit_gasteiger_etkdg_mmff feature: v5__v5_mmffq_topo2_opp_abs_qprod,Local RDKit/Gasteiger/ETKDG/MMFF batch calculation,empty field in CSV,80,0.001319239458,False,False,False
2117,cheap__v5__v5_mmffq_topo2_dist_absq_mean,feature,cheap_rdkit_gasteiger_etkdg_mmff,float32,descriptor_specific_or_dimensionless,cheap_rdkit_gasteiger_etkdg_mmff feature: v5__v5_mmffq_topo2_dist_absq_mean,Local RDKit/Gasteiger/ETKDG/MMFF batch calculation,empty field in CSV,80,0.001319239458,False,False,False
2118,cheap__v5__v5_mmffq_topo3_count,feature,cheap_rdkit_gasteiger_etkdg_mmff,float32,count,cheap_rdkit_gasteiger_etkdg_mmff feature: v5__v5_mmffq_topo3_count,Local RDKit/Gasteiger/ETKDG/MMFF batch calculation,empty field in CSV,80,0.001319239458,False,False,True
2119,cheap__v5__v5_mmffq_topo3_signed_qprod,feature,cheap_rdkit_gasteiger_etkdg_mmff,float32,descriptor_specific_or_dimensionless,cheap_rdkit_gasteiger_etkdg_mmff feature: v5__v5_mmffq_topo3_signed_qprod,Local RDKit/Gasteiger/ETKDG/MMFF batch calculation,empty field in CSV,80,0.001319239458,False,False,False
2120,cheap__v5__v5_mmffq_topo3_abs_qprod,feature,cheap_rdkit_gasteiger_etkdg_mmff,float32,descriptor_specific_or_dimensionless,cheap_rdkit_gasteiger_etkdg_mmff feature: v5__v5_mmffq_topo3_abs_qprod,Local RDKit/Gasteiger/ETKDG/MMFF batch calculation,empty field in CSV,80,0.001319239458,True,True,False
2121,cheap__v5__v5_mmffq_topo3_opp_abs_qprod,feature,cheap_rdkit_gasteiger_etkdg_mmff,float32,descriptor_specific_or_dimensionless,cheap_rdkit_gasteiger_etkdg_mmff feature: v5__v5_mmffq_topo3_opp_abs_qprod,Local RDKit/Gasteiger/ETKDG/MMFF batch calculation,empty field in CSV,80,0.001319239458,True,True,False
2122,cheap__v5__v5_mmffq_topo3_dist_absq_mean,feature,cheap_rdkit_gasteiger_etkdg_mmff,float32,descriptor_specific_or_dimensionless,cheap_rdkit_gasteiger_etkdg_mmff feature: v5__v5_mmffq_topo3_dist_absq_mean,Local RDKit/Gasteiger/ETKDG/MMFF batch calculation,empty field in CSV,80,0.001319239458,False,False,False
2123,cheap__v5__v5_mmffq_topo4_count,feature,cheap_rdkit_gasteiger_etkdg_mmff,float32,count,cheap_rdkit_gasteiger_etkdg_mmff feature: v5__v5_mmffq_topo4_count,Local RDKit/Gasteiger/ETKDG/MMFF batch calculation,empty field in CSV,80,0.001319239458,False,False,True
2124,cheap__v5__v5_mmffq_topo4_signed_qprod,feature,cheap_rdkit_gasteiger_etkdg_mmff,float32,descriptor_specific_or_dimensionless,cheap_rdkit_gasteiger_etkdg_mmff feature: v5__v5_mmffq_topo4_signed_qprod,Local RDKit/Gasteiger/ETKDG/MMFF batch calculation,empty field in CSV,80,0.001319239458,False,False,False
2125,cheap__v5__v5_mmffq_topo4_abs_qprod,feature,cheap_rdkit_gasteiger_etkdg_mmff,float32,descriptor_specific_or_dimensionless,cheap_rdkit_gasteiger_etkdg_mmff feature: v5__v5_mmffq_topo4_abs_qprod,Local RDKit/Gasteiger/ETKDG/MMFF batch calculation,empty field in CSV,80,0.001319239458,True,True,False
2126,cheap__v5__v5_mmffq_topo4_opp_abs_qprod,feature,cheap_rdkit_gasteiger_etkdg_mmff,float32,descriptor_specific_or_dimensionless,cheap_rdkit_gasteiger_etkdg_mmff feature: v5__v5_mmffq_topo4_opp_abs_qprod,Local RDKit/Gasteiger/ETKDG/MMFF batch calculation,empty field in CSV,80,0.001319239458,True,True,False
2127,cheap__v5__v5_mmffq_topo4_dist_absq_mean,feature,cheap_rdkit_gasteiger_etkdg_mmff,float32,descriptor_specific_or_dimensionless,cheap_rdkit_gasteiger_etkdg_mmff feature: v5__v5_mmffq_topo4_dist_absq_mean,Local RDKit/Gasteiger/ETKDG/MMFF batch calculation,empty field in CSV,80,0.001319239458,True,True,False
2128,cheap__v5__v5_mmffq_topo5_count,feature,cheap_rdkit_gasteiger_etkdg_mmff,float32,count,cheap_rdkit_gasteiger_etkdg_mmff feature: v5__v5_mmffq_topo5_count,Local RDKit/Gasteiger/ETKDG/MMFF batch calculation,empty field in CSV,80,0.001319239458,False,False,True
2129,cheap__v5__v5_mmffq_topo5_signed_qprod,feature,cheap_rdkit_gasteiger_etkdg_mmff,float32,descriptor_specific_or_dimensionless,cheap_rdkit_gasteiger_etkdg_mmff feature: v5__v5_mmffq_topo5_signed_qprod,Local RDKit/Gasteiger/ETKDG/MMFF batch calculation,empty field in CSV,80,0.001319239458,False,False,False
2130,cheap__v5__v5_mmffq_topo5_abs_qprod,feature,cheap_rdkit_gasteiger_etkdg_mmff,float32,descriptor_specific_or_dimensionless,cheap_rdkit_gasteiger_etkdg_mmff feature: v5__v5_mmffq_topo5_abs_qprod,Local RDKit/Gasteiger/ETKDG/MMFF batch calculation,empty field in CSV,80,0.001319239458,True,True,False
2131,cheap__v5__v5_mmffq_topo5_opp_abs_qprod,feature,cheap_rdkit_gasteiger_etkdg_mmff,float32,descriptor_specific_or_dimensionless,cheap_rdkit_gasteiger_etkdg_mmff feature: v5__v5_mmffq_topo5_opp_abs_qprod,Local RDKit/Gasteiger/ETKDG/MMFF batch calculation,empty field in CSV,80,0.001319239458,True,True,False
2132,cheap__v5__v5_mmffq_topo5_dist_absq_mean,feature,cheap_rdkit_gasteiger_etkdg_mmff,float32,descriptor_specific_or_dimensionless,cheap_rdkit_gasteiger_etkdg_mmff feature: v5__v5_mmffq_topo5_dist_absq_mean,Local RDKit/Gasteiger/ETKDG/MMFF batch calculation,empty field in CSV,80,0.001319239458,False,False,False
2133,cheap__v5__v5_mmffq_topo6_count,feature,cheap_rdkit_gasteiger_etkdg_mmff,float32,count,cheap_rdkit_gasteiger_etkdg_mmff feature: v5__v5_mmffq_topo6_count,Local RDKit/Gasteiger/ETKDG/MMFF batch calculation,empty field in CSV,80,0.001319239458,False,False,True
2134,cheap__v5__v5_mmffq_topo6_signed_qprod,feature,cheap_rdkit_gasteiger_etkdg_mmff,float32,descriptor_specific_or_dimensionless,cheap_rdkit_gasteiger_etkdg_mmff feature: v5__v5_mmffq_topo6_signed_qprod,Local RDKit/Gasteiger/ETKDG/MMFF batch calculation,empty field in CSV,80,0.001319239458,False,False,False
2135,cheap__v5__v5_mmffq_topo6_abs_qprod,feature,cheap_rdkit_gasteiger_etkdg_mmff,float32,descriptor_specific_or_dimensionless,cheap_rdkit_gasteiger_etkdg_mmff feature: v5__v5_mmffq_topo6_abs_qprod,Local RDKit/Gasteiger/ETKDG/MMFF batch calculation,empty field in CSV,80,0.001319239458,True,True,False
2136,cheap__v5__v5_mmffq_topo6_opp_abs_qprod,feature,cheap_rdkit_gasteiger_etkdg_mmff,float32,descriptor_specific_or_dimensionless,cheap_rdkit_gasteiger_etkdg_mmff feature: v5__v5_mmffq_topo6_opp_abs_qprod,Local RDKit/Gasteiger/ETKDG/MMFF batch calculation,empty field in CSV,80,0.001319239458,False,False,False
2137,cheap__v5__v5_mmffq_topo6_dist_absq_mean,feature,cheap_rdkit_gasteiger_etkdg_mmff,float32,descriptor_specific_or_dimensionless,cheap_rdkit_gasteiger_etkdg_mmff feature: v5__v5_mmffq_topo6_dist_absq_mean,Local RDKit/Gasteiger/ETKDG/MMFF batch calculation,empty field in CSV,80,0.001319239458,False,False,False
2138,cheap__v5__v5_mmffq_topo7_count,feature,cheap_rdkit_gasteiger_etkdg_mmff,float32,count,cheap_rdkit_gasteiger_etkdg_mmff feature: v5__v5_mmffq_topo7_count,Local RDKit/Gasteiger/ETKDG/MMFF batch calculation,empty field in CSV,80,0.001319239458,False,False,True
2139,cheap__v5__v5_mmffq_topo7_signed_qprod,feature,cheap_rdkit_gasteiger_etkdg_mmff,float32,descriptor_specific_or_dimensionless,cheap_rdkit_gasteiger_etkdg_mmff feature: v5__v5_mmffq_topo7_signed_qprod,Local RDKit/Gasteiger/ETKDG/MMFF batch calculation,empty field in CSV,80,0.001319239458,False,False,False
2140,cheap__v5__v5_mmffq_topo7_abs_qprod,feature,cheap_rdkit_gasteiger_etkdg_mmff,float32,descriptor_specific_or_dimensionless,cheap_rdkit_gasteiger_etkdg_mmff feature: v5__v5_mmffq_topo7_abs_qprod,Local RDKit/Gasteiger/ETKDG/MMFF batch calculation,empty field in CSV,80,0.001319239458,False,False,False
2141,cheap__v5__v5_mmffq_topo7_opp_abs_qprod,feature,cheap_rdkit_gasteiger_etkdg_mmff,float32,descriptor_specific_or_dimensionless,cheap_rdkit_gasteiger_etkdg_mmff feature: v5__v5_mmffq_topo7_opp_abs_qprod,Local RDKit/Gasteiger/ETKDG/MMFF batch calculation,empty field in CSV,80,0.001319239458,False,False,False
2142,cheap__v5__v5_mmffq_topo7_dist_absq_mean,feature,cheap_rdkit_gasteiger_etkdg_mmff,float32,descriptor_specific_or_dimensionless,cheap_rdkit_gasteiger_etkdg_mmff feature: v5__v5_mmffq_topo7_dist_absq_mean,Local RDKit/Gasteiger/ETKDG/MMFF batch calculation,empty field in CSV,80,0.001319239458,False,False,False
2143,cheap__v5__v5_mmffq_topo8_count,feature,cheap_rdkit_gasteiger_etkdg_mmff,float32,count,cheap_rdkit_gasteiger_etkdg_mmff feature: v5__v5_mmffq_topo8_count,Local RDKit/Gasteiger/ETKDG/MMFF batch calculation,empty field in CSV,80,0.001319239458,False,False,False
2144,cheap__v5__v5_mmffq_topo8_signed_qprod,feature,cheap_rdkit_gasteiger_etkdg_mmff,float32,descriptor_specific_or_dimensionless,cheap_rdkit_gasteiger_etkdg_mmff feature: v5__v5_mmffq_topo8_signed_qprod,Local RDKit/Gasteiger/ETKDG/MMFF batch calculation,empty field in CSV,80,0.001319239458,False,False,False
2145,cheap__v5__v5_mmffq_topo8_abs_qprod,feature,cheap_rdkit_gasteiger_etkdg_mmff,float32,descriptor_specific_or_dimensionless,cheap_rdkit_gasteiger_etkdg_mmff feature: v5__v5_mmffq_topo8_abs_qprod,Local RDKit/Gasteiger/ETKDG/MMFF batch calculation,empty field in CSV,80,0.001319239458,False,False,False
2146,cheap__v5__v5_mmffq_topo8_opp_abs_qprod,feature,cheap_rdkit_gasteiger_etkdg_mmff,float32,descriptor_specific_or_dimensionless,cheap_rdkit_gasteiger_etkdg_mmff feature: v5__v5_mmffq_topo8_opp_abs_qprod,Local RDKit/Gasteiger/ETKDG/MMFF batch calculation,empty field in CSV,80,0.001319239458,False,False,False
2147,cheap__v5__v5_mmffq_topo8_dist_absq_mean,feature,cheap_rdkit_gasteiger_etkdg_mmff,float32,descriptor_specific_or_dimensionless,cheap_rdkit_gasteiger_etkdg_mmff feature: v5__v5_mmffq_topo8_dist_absq_mean,Local RDKit/Gasteiger/ETKDG/MMFF batch calculation,empty field in CSV,80,0.001319239458,False,False,False
2148,cheap__v5__v5_mmffq_rbin0_count,feature,cheap_rdkit_gasteiger_etkdg_mmff,float32,count,cheap_rdkit_gasteiger_etkdg_mmff feature: v5__v5_mmffq_rbin0_count,Local RDKit/Gasteiger/ETKDG/MMFF batch calculation,empty field in CSV,80,0.001319239458,False,False,True
2149,cheap__v5__v5_mmffq_rbin0_signed_qprod,feature,cheap_rdkit_gasteiger_etkdg_mmff,float32,descriptor_specific_or_dimensionless,cheap_rdkit_gasteiger_etkdg_mmff feature: v5__v5_mmffq_rbin0_signed_qprod,Local RDKit/Gasteiger/ETKDG/MMFF batch calculation,empty field in CSV,80,0.001319239458,True,True,False
2150,cheap__v5__v5_mmffq_rbin0_abs_qprod,feature,cheap_rdkit_gasteiger_etkdg_mmff,float32,descriptor_specific_or_dimensionless,cheap_rdkit_gasteiger_etkdg_mmff feature: v5__v5_mmffq_rbin0_abs_qprod,Local RDKit/Gasteiger/ETKDG/MMFF batch calculation,empty field in CSV,80,0.001319239458,True,True,False
2151,cheap__v5__v5_mmffq_rbin0_opp_abs_qprod,feature,cheap_rdkit_gasteiger_etkdg_mmff,float32,descriptor_specific_or_dimensionless,cheap_rdkit_gasteiger_etkdg_mmff feature: v5__v5_mmffq_rbin0_opp_abs_qprod,Local RDKit/Gasteiger/ETKDG/MMFF batch calculation,empty field in CSV,80,0.001319239458,True,True,False
2152,cheap__v5__v5_mmffq_rbin0_heavy_abs_qprod,feature,cheap_rdkit_gasteiger_etkdg_mmff,float32,descriptor_specific_or_dimensionless,cheap_rdkit_gasteiger_etkdg_mmff feature: v5__v5_mmffq_rbin0_heavy_abs_qprod,Local RDKit/Gasteiger/ETKDG/MMFF batch calculation,empty field in CSV,80,0.001319239458,True,True,False
2153,cheap__v5__v5_mmffq_rbin1_count,feature,cheap_rdkit_gasteiger_etkdg_mmff,float32,count,cheap_rdkit_gasteiger_etkdg_mmff feature: v5__v5_mmffq_rbin1_count,Local RDKit/Gasteiger/ETKDG/MMFF batch calculation,empty field in CSV,80,0.001319239458,False,False,True
2154,cheap__v5__v5_mmffq_rbin1_signed_qprod,feature,cheap_rdkit_gasteiger_etkdg_mmff,float32,descriptor_specific_or_dimensionless,cheap_rdkit_gasteiger_etkdg_mmff feature: v5__v5_mmffq_rbin1_signed_qprod,Local RDKit/Gasteiger/ETKDG/MMFF batch calculation,empty field in CSV,80,0.001319239458,True,True,False
2155,cheap__v5__v5_mmffq_rbin1_abs_qprod,feature,cheap_rdkit_gasteiger_etkdg_mmff,float32,descriptor_specific_or_dimensionless,cheap_rdkit_gasteiger_etkdg_mmff feature: v5__v5_mmffq_rbin1_abs_qprod,Local RDKit/Gasteiger/ETKDG/MMFF batch calculation,empty field in CSV,80,0.001319239458,True,True,False
2156,cheap__v5__v5_mmffq_rbin1_opp_abs_qprod,feature,cheap_rdkit_gasteiger_etkdg_mmff,float32,descriptor_specific_or_dimensionless,cheap_rdkit_gasteiger_etkdg_mmff feature: v5__v5_mmffq_rbin1_opp_abs_qprod,Local RDKit/Gasteiger/ETKDG/MMFF batch calculation,empty field in CSV,80,0.001319239458,True,True,False
2157,cheap__v5__v5_mmffq_rbin1_heavy_abs_qprod,feature,cheap_rdkit_gasteiger_etkdg_mmff,float32,descriptor_specific_or_dimensionless,cheap_rdkit_gasteiger_etkdg_mmff feature: v5__v5_mmffq_rbin1_heavy_abs_qprod,Local RDKit/Gasteiger/ETKDG/MMFF batch calculation,empty field in CSV,80,0.001319239458,True,True,False
2158,cheap__v5__v5_mmffq_rbin2_count,feature,cheap_rdkit_gasteiger_etkdg_mmff,float32,count,cheap_rdkit_gasteiger_etkdg_mmff feature: v5__v5_mmffq_rbin2_count,Local RDKit/Gasteiger/ETKDG/MMFF batch calculation,empty field in CSV,80,0.001319239458,False,False,True
2159,cheap__v5__v5_mmffq_rbin2_signed_qprod,feature,cheap_rdkit_gasteiger_etkdg_mmff,float32,descriptor_specific_or_dimensionless,cheap_rdkit_gasteiger_etkdg_mmff feature: v5__v5_mmffq_rbin2_signed_qprod,Local RDKit/Gasteiger/ETKDG/MMFF batch calculation,empty field in CSV,80,0.001319239458,False,False,False
2160,cheap__v5__v5_mmffq_rbin2_abs_qprod,feature,cheap_rdkit_gasteiger_etkdg_mmff,float32,descriptor_specific_or_dimensionless,cheap_rdkit_gasteiger_etkdg_mmff feature: v5__v5_mmffq_rbin2_abs_qprod,Local RDKit/Gasteiger/ETKDG/MMFF batch calculation,empty field in CSV,80,0.001319239458,False,False,False
2161,cheap__v5__v5_mmffq_rbin2_opp_abs_qprod,feature,cheap_rdkit_gasteiger_etkdg_mmff,float32,descriptor_specific_or_dimensionless,cheap_rdkit_gasteiger_etkdg_mmff feature: v5__v5_mmffq_rbin2_opp_abs_qprod,Local RDKit/Gasteiger/ETKDG/MMFF batch calculation,empty field in CSV,80,0.001319239458,False,False,False
2162,cheap__v5__v5_mmffq_rbin2_heavy_abs_qprod,feature,cheap_rdkit_gasteiger_etkdg_mmff,float32,descriptor_specific_or_dimensionless,cheap_rdkit_gasteiger_etkdg_mmff feature: v5__v5_mmffq_rbin2_heavy_abs_qprod,Local RDKit/Gasteiger/ETKDG/MMFF batch calculation,empty field in CSV,80,0.001319239458,False,False,False
2163,cheap__v5__v5_mmffq_rbin3_count,feature,cheap_rdkit_gasteiger_etkdg_mmff,float32,count,cheap_rdkit_gasteiger_etkdg_mmff feature: v5__v5_mmffq_rbin3_count,Local RDKit/Gasteiger/ETKDG/MMFF batch calculation,empty field in CSV,80,0.001319239458,False,False,True
2164,cheap__v5__v5_mmffq_rbin3_signed_qprod,feature,cheap_rdkit_gasteiger_etkdg_mmff,float32,descriptor_specific_or_dimensionless,cheap_rdkit_gasteiger_etkdg_mmff feature: v5__v5_mmffq_rbin3_signed_qprod,Local RDKit/Gasteiger/ETKDG/MMFF batch calculation,empty field in CSV,80,0.001319239458,True,True,False
2165,cheap__v5__v5_mmffq_rbin3_abs_qprod,feature,cheap_rdkit_gasteiger_etkdg_mmff,float32,descriptor_specific_or_dimensionless,cheap_rdkit_gasteiger_etkdg_mmff feature: v5__v5_mmffq_rbin3_abs_qprod,Local RDKit/Gasteiger/ETKDG/MMFF batch calculation,empty field in CSV,80,0.001319239458,True,True,False
2166,cheap__v5__v5_mmffq_rbin3_opp_abs_qprod,feature,cheap_rdkit_gasteiger_etkdg_mmff,float32,descriptor_specific_or_dimensionless,cheap_rdkit_gasteiger_etkdg_mmff feature: v5__v5_mmffq_rbin3_opp_abs_qprod,Local RDKit/Gasteiger/ETKDG/MMFF batch calculation,empty field in CSV,80,0.001319239458,False,False,False
2167,cheap__v5__v5_mmffq_rbin3_heavy_abs_qprod,feature,cheap_rdkit_gasteiger_etkdg_mmff,float32,descriptor_specific_or_dimensionless,cheap_rdkit_gasteiger_etkdg_mmff feature: v5__v5_mmffq_rbin3_heavy_abs_qprod,Local RDKit/Gasteiger/ETKDG/MMFF batch calculation,empty field in CSV,80,0.001319239458,False,False,False
2168,cheap__v5__v5_mmffq_rbin4_count,feature,cheap_rdkit_gasteiger_etkdg_mmff,float32,count,cheap_rdkit_gasteiger_etkdg_mmff feature: v5__v5_mmffq_rbin4_count,Local RDKit/Gasteiger/ETKDG/MMFF batch calculation,empty field in CSV,80,0.001319239458,False,False,True
2169,cheap__v5__v5_mmffq_rbin4_signed_qprod,feature,cheap_rdkit_gasteiger_etkdg_mmff,float32,descriptor_specific_or_dimensionless,cheap_rdkit_gasteiger_etkdg_mmff feature: v5__v5_mmffq_rbin4_signed_qprod,Local RDKit/Gasteiger/ETKDG/MMFF batch calculation,empty field in CSV,80,0.001319239458,False,False,False
2170,cheap__v5__v5_mmffq_rbin4_abs_qprod,feature,cheap_rdkit_gasteiger_etkdg_mmff,float32,descriptor_specific_or_dimensionless,cheap_rdkit_gasteiger_etkdg_mmff feature: v5__v5_mmffq_rbin4_abs_qprod,Local RDKit/Gasteiger/ETKDG/MMFF batch calculation,empty field in CSV,80,0.001319239458,True,True,False
2171,cheap__v5__v5_mmffq_rbin4_opp_abs_qprod,feature,cheap_rdkit_gasteiger_etkdg_mmff,float32,descriptor_specific_or_dimensionless,cheap_rdkit_gasteiger_etkdg_mmff feature: v5__v5_mmffq_rbin4_opp_abs_qprod,Local RDKit/Gasteiger/ETKDG/MMFF batch calculation,empty field in CSV,80,0.001319239458,True,True,False
2172,cheap__v5__v5_mmffq_rbin4_heavy_abs_qprod,feature,cheap_rdkit_gasteiger_etkdg_mmff,float32,descriptor_specific_or_dimensionless,cheap_rdkit_gasteiger_etkdg_mmff feature: v5__v5_mmffq_rbin4_heavy_abs_qprod,Local RDKit/Gasteiger/ETKDG/MMFF batch calculation,empty field in CSV,80,0.001319239458,True,True,False
2173,cheap__v5__v5_mmffq_rbin5_count,feature,cheap_rdkit_gasteiger_etkdg_mmff,float32,count,cheap_rdkit_gasteiger_etkdg_mmff feature: v5__v5_mmffq_rbin5_count,Local RDKit/Gasteiger/ETKDG/MMFF batch calculation,empty field in CSV,80,0.001319239458,False,False,True
2174,cheap__v5__v5_mmffq_rbin5_signed_qprod,feature,cheap_rdkit_gasteiger_etkdg_mmff,float32,descriptor_specific_or_dimensionless,cheap_rdkit_gasteiger_etkdg_mmff feature: v5__v5_mmffq_rbin5_signed_qprod,Local RDKit/Gasteiger/ETKDG/MMFF batch calculation,empty field in CSV,80,0.001319239458,False,False,False
2175,cheap__v5__v5_mmffq_rbin5_abs_qprod,feature,cheap_rdkit_gasteiger_etkdg_mmff,float32,descriptor_specific_or_dimensionless,cheap_rdkit_gasteiger_etkdg_mmff feature: v5__v5_mmffq_rbin5_abs_qprod,Local RDKit/Gasteiger/ETKDG/MMFF batch calculation,empty field in CSV,80,0.001319239458,True,True,False
2176,cheap__v5__v5_mmffq_rbin5_opp_abs_qprod,feature,cheap_rdkit_gasteiger_etkdg_mmff,float32,descriptor_specific_or_dimensionless,cheap_rdkit_gasteiger_etkdg_mmff feature: v5__v5_mmffq_rbin5_opp_abs_qprod,Local RDKit/Gasteiger/ETKDG/MMFF batch calculation,empty field in CSV,80,0.001319239458,True,True,False
2177,cheap__v5__v5_mmffq_rbin5_heavy_abs_qprod,feature,cheap_rdkit_gasteiger_etkdg_mmff,float32,descriptor_specific_or_dimensionless,cheap_rdkit_gasteiger_etkdg_mmff feature: v5__v5_mmffq_rbin5_heavy_abs_qprod,Local RDKit/Gasteiger/ETKDG/MMFF batch calculation,empty field in CSV,80,0.001319239458,True,True,False
2178,cheap__v5__v5_mmffq_rbin6_count,feature,cheap_rdkit_gasteiger_etkdg_mmff,float32,count,cheap_rdkit_gasteiger_etkdg_mmff feature: v5__v5_mmffq_rbin6_count,Local RDKit/Gasteiger/ETKDG/MMFF batch calculation,empty field in CSV,80,0.001319239458,False,False,True
2179,cheap__v5__v5_mmffq_rbin6_signed_qprod,feature,cheap_rdkit_gasteiger_etkdg_mmff,float32,descriptor_specific_or_dimensionless,cheap_rdkit_gasteiger_etkdg_mmff feature: v5__v5_mmffq_rbin6_signed_qprod,Local RDKit/Gasteiger/ETKDG/MMFF batch calculation,empty field in CSV,80,0.001319239458,False,False,False
2180,cheap__v5__v5_mmffq_rbin6_abs_qprod,feature,cheap_rdkit_gasteiger_etkdg_mmff,float32,descriptor_specific_or_dimensionless,cheap_rdkit_gasteiger_etkdg_mmff feature: v5__v5_mmffq_rbin6_abs_qprod,Local RDKit/Gasteiger/ETKDG/MMFF batch calculation,empty field in CSV,80,0.001319239458,True,True,False
2181,cheap__v5__v5_mmffq_rbin6_opp_abs_qprod,feature,cheap_rdkit_gasteiger_etkdg_mmff,float32,descriptor_specific_or_dimensionless,cheap_rdkit_gasteiger_etkdg_mmff feature: v5__v5_mmffq_rbin6_opp_abs_qprod,Local RDKit/Gasteiger/ETKDG/MMFF batch calculation,empty field in CSV,80,0.001319239458,True,True,False
2182,cheap__v5__v5_mmffq_rbin6_heavy_abs_qprod,feature,cheap_rdkit_gasteiger_etkdg_mmff,float32,descriptor_specific_or_dimensionless,cheap_rdkit_gasteiger_etkdg_mmff feature: v5__v5_mmffq_rbin6_heavy_abs_qprod,Local RDKit/Gasteiger/ETKDG/MMFF batch calculation,empty field in CSV,80,0.001319239458,True,True,False
2183,cheap__v5__v5_mmffq_rbin7_count,feature,cheap_rdkit_gasteiger_etkdg_mmff,float32,count,cheap_rdkit_gasteiger_etkdg_mmff feature: v5__v5_mmffq_rbin7_count,Local RDKit/Gasteiger/ETKDG/MMFF batch calculation,empty field in CSV,80,0.001319239458,False,False,True
2184,cheap__v5__v5_mmffq_rbin7_signed_qprod,feature,cheap_rdkit_gasteiger_etkdg_mmff,float32,descriptor_specific_or_dimensionless,cheap_rdkit_gasteiger_etkdg_mmff feature: v5__v5_mmffq_rbin7_signed_qprod,Local RDKit/Gasteiger/ETKDG/MMFF batch calculation,empty field in CSV,80,0.001319239458,False,False,False
2185,cheap__v5__v5_mmffq_rbin7_abs_qprod,feature,cheap_rdkit_gasteiger_etkdg_mmff,float32,descriptor_specific_or_dimensionless,cheap_rdkit_gasteiger_etkdg_mmff feature: v5__v5_mmffq_rbin7_abs_qprod,Local RDKit/Gasteiger/ETKDG/MMFF batch calculation,empty field in CSV,80,0.001319239458,True,True,False
2186,cheap__v5__v5_mmffq_rbin7_opp_abs_qprod,feature,cheap_rdkit_gasteiger_etkdg_mmff,float32,descriptor_specific_or_dimensionless,cheap_rdkit_gasteiger_etkdg_mmff feature: v5__v5_mmffq_rbin7_opp_abs_qprod,Local RDKit/Gasteiger/ETKDG/MMFF batch calculation,empty field in CSV,80,0.001319239458,True,True,False
2187,cheap__v5__v5_mmffq_rbin7_heavy_abs_qprod,feature,cheap_rdkit_gasteiger_etkdg_mmff,float32,descriptor_specific_or_dimensionless,cheap_rdkit_gasteiger_etkdg_mmff feature: v5__v5_mmffq_rbin7_heavy_abs_qprod,Local RDKit/Gasteiger/ETKDG/MMFF batch calculation,empty field in CSV,80,0.001319239458,True,True,False
2188,cheap__v5__v5_mmffq_rbin8_count,feature,cheap_rdkit_gasteiger_etkdg_mmff,float32,count,cheap_rdkit_gasteiger_etkdg_mmff feature: v5__v5_mmffq_rbin8_count,Local RDKit/Gasteiger/ETKDG/MMFF batch calculation,empty field in CSV,80,0.001319239458,False,False,True
2189,cheap__v5__v5_mmffq_rbin8_signed_qprod,feature,cheap_rdkit_gasteiger_etkdg_mmff,float32,descriptor_specific_or_dimensionless,cheap_rdkit_gasteiger_etkdg_mmff feature: v5__v5_mmffq_rbin8_signed_qprod,Local RDKit/Gasteiger/ETKDG/MMFF batch calculation,empty field in CSV,80,0.001319239458,False,False,False
2190,cheap__v5__v5_mmffq_rbin8_abs_qprod,feature,cheap_rdkit_gasteiger_etkdg_mmff,float32,descriptor_specific_or_dimensionless,cheap_rdkit_gasteiger_etkdg_mmff feature: v5__v5_mmffq_rbin8_abs_qprod,Local RDKit/Gasteiger/ETKDG/MMFF batch calculation,empty field in CSV,80,0.001319239458,False,False,False
2191,cheap__v5__v5_mmffq_rbin8_opp_abs_qprod,feature,cheap_rdkit_gasteiger_etkdg_mmff,float32,descriptor_specific_or_dimensionless,cheap_rdkit_gasteiger_etkdg_mmff feature: v5__v5_mmffq_rbin8_opp_abs_qprod,Local RDKit/Gasteiger/ETKDG/MMFF batch calculation,empty field in CSV,80,0.001319239458,False,False,False
2192,cheap__v5__v5_mmffq_rbin8_heavy_abs_qprod,feature,cheap_rdkit_gasteiger_etkdg_mmff,float32,descriptor_specific_or_dimensionless,cheap_rdkit_gasteiger_etkdg_mmff feature: v5__v5_mmffq_rbin8_heavy_abs_qprod,Local RDKit/Gasteiger/ETKDG/MMFF batch calculation,empty field in CSV,80,0.001319239458,False,False,False
2193,cheap__v5__v5_mmffq_rbin9_count,feature,cheap_rdkit_gasteiger_etkdg_mmff,float32,count,cheap_rdkit_gasteiger_etkdg_mmff feature: v5__v5_mmffq_rbin9_count,Local RDKit/Gasteiger/ETKDG/MMFF batch calculation,empty field in CSV,80,0.001319239458,False,False,False
2194,cheap__v5__v5_mmffq_rbin9_signed_qprod,feature,cheap_rdkit_gasteiger_etkdg_mmff,float32,descriptor_specific_or_dimensionless,cheap_rdkit_gasteiger_etkdg_mmff feature: v5__v5_mmffq_rbin9_signed_qprod,Local RDKit/Gasteiger/ETKDG/MMFF batch calculation,empty field in CSV,80,0.001319239458,False,False,False
2195,cheap__v5__v5_mmffq_rbin9_abs_qprod,feature,cheap_rdkit_gasteiger_etkdg_mmff,float32,descriptor_specific_or_dimensionless,cheap_rdkit_gasteiger_etkdg_mmff feature: v5__v5_mmffq_rbin9_abs_qprod,Local RDKit/Gasteiger/ETKDG/MMFF batch calculation,empty field in CSV,80,0.001319239458,False,False,False
2196,cheap__v5__v5_mmffq_rbin9_opp_abs_qprod,feature,cheap_rdkit_gasteiger_etkdg_mmff,float32,descriptor_specific_or_dimensionless,cheap_rdkit_gasteiger_etkdg_mmff feature: v5__v5_mmffq_rbin9_opp_abs_qprod,Local RDKit/Gasteiger/ETKDG/MMFF batch calculation,empty field in CSV,80,0.001319239458,False,False,False
2197,cheap__v5__v5_mmffq_rbin9_heavy_abs_qprod,feature,cheap_rdkit_gasteiger_etkdg_mmff,float32,descriptor_specific_or_dimensionless,cheap_rdkit_gasteiger_etkdg_mmff feature: v5__v5_mmffq_rbin9_heavy_abs_qprod,Local RDKit/Gasteiger/ETKDG/MMFF batch calculation,empty field in CSV,80,0.001319239458,False,False,False
2198,cheap__v5__v5_mmffq_rdf_1p25_signed,feature,cheap_rdkit_gasteiger_etkdg_mmff,float32,descriptor_specific_or_dimensionless,cheap_rdkit_gasteiger_etkdg_mmff feature: v5__v5_mmffq_rdf_1p25_signed,Local RDKit/Gasteiger/ETKDG/MMFF batch calculation,empty field in CSV,80,0.001319239458,True,True,False
2199,cheap__v5__v5_mmffq_rdf_1p25_abs,feature,cheap_rdkit_gasteiger_etkdg_mmff,float32,descriptor_specific_or_dimensionless,cheap_rdkit_gasteiger_etkdg_mmff feature: v5__v5_mmffq_rdf_1p25_abs,Local RDKit/Gasteiger/ETKDG/MMFF batch calculation,empty field in CSV,80,0.001319239458,True,True,False
2200,cheap__v5__v5_mmffq_rdf_1p25_opp,feature,cheap_rdkit_gasteiger_etkdg_mmff,float32,descriptor_specific_or_dimensionless,cheap_rdkit_gasteiger_etkdg_mmff feature: v5__v5_mmffq_rdf_1p25_opp,Local RDKit/Gasteiger/ETKDG/MMFF batch calculation,empty field in CSV,80,0.001319239458,True,True,False
2201,cheap__v5__v5_mmffq_rdf_1p25_same,feature,cheap_rdkit_gasteiger_etkdg_mmff,float32,descriptor_specific_or_dimensionless,cheap_rdkit_gasteiger_etkdg_mmff feature: v5__v5_mmffq_rdf_1p25_same,Local RDKit/Gasteiger/ETKDG/MMFF batch calculation,empty field in CSV,80,0.001319239458,True,True,False
2202,cheap__v5__v5_mmffq_rdf_1p75_signed,feature,cheap_rdkit_gasteiger_etkdg_mmff,float32,descriptor_specific_or_dimensionless,cheap_rdkit_gasteiger_etkdg_mmff feature: v5__v5_mmffq_rdf_1p75_signed,Local RDKit/Gasteiger/ETKDG/MMFF batch calculation,empty field in CSV,80,0.001319239458,True,True,False
2203,cheap__v5__v5_mmffq_rdf_1p75_abs,feature,cheap_rdkit_gasteiger_etkdg_mmff,float32,descriptor_specific_or_dimensionless,cheap_rdkit_gasteiger_etkdg_mmff feature: v5__v5_mmffq_rdf_1p75_abs,Local RDKit/Gasteiger/ETKDG/MMFF batch calculation,empty field in CSV,80,0.001319239458,True,True,False
2204,cheap__v5__v5_mmffq_rdf_1p75_opp,feature,cheap_rdkit_gasteiger_etkdg_mmff,float32,descriptor_specific_or_dimensionless,cheap_rdkit_gasteiger_etkdg_mmff feature: v5__v5_mmffq_rdf_1p75_opp,Local RDKit/Gasteiger/ETKDG/MMFF batch calculation,empty field in CSV,80,0.001319239458,True,True,False
2205,cheap__v5__v5_mmffq_rdf_1p75_same,feature,cheap_rdkit_gasteiger_etkdg_mmff,float32,descriptor_specific_or_dimensionless,cheap_rdkit_gasteiger_etkdg_mmff feature: v5__v5_mmffq_rdf_1p75_same,Local RDKit/Gasteiger/ETKDG/MMFF batch calculation,empty field in CSV,80,0.001319239458,True,True,False
2206,cheap__v5__v5_mmffq_rdf_2p25_signed,feature,cheap_rdkit_gasteiger_etkdg_mmff,float32,descriptor_specific_or_dimensionless,cheap_rdkit_gasteiger_etkdg_mmff feature: v5__v5_mmffq_rdf_2p25_signed,Local RDKit/Gasteiger/ETKDG/MMFF batch calculation,empty field in CSV,80,0.001319239458,False,False,False
2207,cheap__v5__v5_mmffq_rdf_2p25_abs,feature,cheap_rdkit_gasteiger_etkdg_mmff,float32,descriptor_specific_or_dimensionless,cheap_rdkit_gasteiger_etkdg_mmff feature: v5__v5_mmffq_rdf_2p25_abs,Local RDKit/Gasteiger/ETKDG/MMFF batch calculation,empty field in CSV,80,0.001319239458,True,True,False
2208,cheap__v5__v5_mmffq_rdf_2p25_opp,feature,cheap_rdkit_gasteiger_etkdg_mmff,float32,descriptor_specific_or_dimensionless,cheap_rdkit_gasteiger_etkdg_mmff feature: v5__v5_mmffq_rdf_2p25_opp,Local RDKit/Gasteiger/ETKDG/MMFF batch calculation,empty field in CSV,80,0.001319239458,True,True,False
2209,cheap__v5__v5_mmffq_rdf_2p25_same,feature,cheap_rdkit_gasteiger_etkdg_mmff,float32,descriptor_specific_or_dimensionless,cheap_rdkit_gasteiger_etkdg_mmff feature: v5__v5_mmffq_rdf_2p25_same,Local RDKit/Gasteiger/ETKDG/MMFF batch calculation,empty field in CSV,80,0.001319239458,True,True,False
2210,cheap__v5__v5_mmffq_rdf_2p75_signed,feature,cheap_rdkit_gasteiger_etkdg_mmff,float32,descriptor_specific_or_dimensionless,cheap_rdkit_gasteiger_etkdg_mmff feature: v5__v5_mmffq_rdf_2p75_signed,Local RDKit/Gasteiger/ETKDG/MMFF batch calculation,empty field in CSV,80,0.001319239458,False,False,False
2211,cheap__v5__v5_mmffq_rdf_2p75_abs,feature,cheap_rdkit_gasteiger_etkdg_mmff,float32,descriptor_specific_or_dimensionless,cheap_rdkit_gasteiger_etkdg_mmff feature: v5__v5_mmffq_rdf_2p75_abs,Local RDKit/Gasteiger/ETKDG/MMFF batch calculation,empty field in CSV,80,0.001319239458,True,True,False
2212,cheap__v5__v5_mmffq_rdf_2p75_opp,feature,cheap_rdkit_gasteiger_etkdg_mmff,float32,descriptor_specific_or_dimensionless,cheap_rdkit_gasteiger_etkdg_mmff feature: v5__v5_mmffq_rdf_2p75_opp,Local RDKit/Gasteiger/ETKDG/MMFF batch calculation,empty field in CSV,80,0.001319239458,True,True,False
2213,cheap__v5__v5_mmffq_rdf_2p75_same,feature,cheap_rdkit_gasteiger_etkdg_mmff,float32,descriptor_specific_or_dimensionless,cheap_rdkit_gasteiger_etkdg_mmff feature: v5__v5_mmffq_rdf_2p75_same,Local RDKit/Gasteiger/ETKDG/MMFF batch calculation,empty field in CSV,80,0.001319239458,True,True,False
2214,cheap__v5__v5_mmffq_rdf_3p5_signed,feature,cheap_rdkit_gasteiger_etkdg_mmff,float32,descriptor_specific_or_dimensionless,cheap_rdkit_gasteiger_etkdg_mmff feature: v5__v5_mmffq_rdf_3p5_signed,Local RDKit/Gasteiger/ETKDG/MMFF batch calculation,empty field in CSV,80,0.001319239458,False,False,False
2215,cheap__v5__v5_mmffq_rdf_3p5_abs,feature,cheap_rdkit_gasteiger_etkdg_mmff,float32,descriptor_specific_or_dimensionless,cheap_rdkit_gasteiger_etkdg_mmff feature: v5__v5_mmffq_rdf_3p5_abs,Local RDKit/Gasteiger/ETKDG/MMFF batch calculation,empty field in CSV,80,0.001319239458,True,True,False
2216,cheap__v5__v5_mmffq_rdf_3p5_opp,feature,cheap_rdkit_gasteiger_etkdg_mmff,float32,descriptor_specific_or_dimensionless,cheap_rdkit_gasteiger_etkdg_mmff feature: v5__v5_mmffq_rdf_3p5_opp,Local RDKit/Gasteiger/ETKDG/MMFF batch calculation,empty field in CSV,80,0.001319239458,True,True,False
2217,cheap__v5__v5_mmffq_rdf_3p5_same,feature,cheap_rdkit_gasteiger_etkdg_mmff,float32,descriptor_specific_or_dimensionless,cheap_rdkit_gasteiger_etkdg_mmff feature: v5__v5_mmffq_rdf_3p5_same,Local RDKit/Gasteiger/ETKDG/MMFF batch calculation,empty field in CSV,80,0.001319239458,True,True,False
2218,cheap__v5__v5_mmffq_rdf_4p5_signed,feature,cheap_rdkit_gasteiger_etkdg_mmff,float32,descriptor_specific_or_dimensionless,cheap_rdkit_gasteiger_etkdg_mmff feature: v5__v5_mmffq_rdf_4p5_signed,Local RDKit/Gasteiger/ETKDG/MMFF batch calculation,empty field in CSV,80,0.001319239458,False,False,False
2219,cheap__v5__v5_mmffq_rdf_4p5_abs,feature,cheap_rdkit_gasteiger_etkdg_mmff,float32,descriptor_specific_or_dimensionless,cheap_rdkit_gasteiger_etkdg_mmff feature: v5__v5_mmffq_rdf_4p5_abs,Local RDKit/Gasteiger/ETKDG/MMFF batch calculation,empty field in CSV,80,0.001319239458,True,True,False
2220,cheap__v5__v5_mmffq_rdf_4p5_opp,feature,cheap_rdkit_gasteiger_etkdg_mmff,float32,descriptor_specific_or_dimensionless,cheap_rdkit_gasteiger_etkdg_mmff feature: v5__v5_mmffq_rdf_4p5_opp,Local RDKit/Gasteiger/ETKDG/MMFF batch calculation,empty field in CSV,80,0.001319239458,True,True,False
2221,cheap__v5__v5_mmffq_rdf_4p5_same,feature,cheap_rdkit_gasteiger_etkdg_mmff,float32,descriptor_specific_or_dimensionless,cheap_rdkit_gasteiger_etkdg_mmff feature: v5__v5_mmffq_rdf_4p5_same,Local RDKit/Gasteiger/ETKDG/MMFF batch calculation,empty field in CSV,80,0.001319239458,True,True,False
2222,cheap__v5__v5_mmffq_rdf_5p75_signed,feature,cheap_rdkit_gasteiger_etkdg_mmff,float32,descriptor_specific_or_dimensionless,cheap_rdkit_gasteiger_etkdg_mmff feature: v5__v5_mmffq_rdf_5p75_signed,Local RDKit/Gasteiger/ETKDG/MMFF batch calculation,empty field in CSV,80,0.001319239458,False,False,False
2223,cheap__v5__v5_mmffq_rdf_5p75_abs,feature,cheap_rdkit_gasteiger_etkdg_mmff,float32,descriptor_specific_or_dimensionless,cheap_rdkit_gasteiger_etkdg_mmff feature: v5__v5_mmffq_rdf_5p75_abs,Local RDKit/Gasteiger/ETKDG/MMFF batch calculation,empty field in CSV,80,0.001319239458,True,True,False
2224,cheap__v5__v5_mmffq_rdf_5p75_opp,feature,cheap_rdkit_gasteiger_etkdg_mmff,float32,descriptor_specific_or_dimensionless,cheap_rdkit_gasteiger_etkdg_mmff feature: v5__v5_mmffq_rdf_5p75_opp,Local RDKit/Gasteiger/ETKDG/MMFF batch calculation,empty field in CSV,80,0.001319239458,True,True,False
2225,cheap__v5__v5_mmffq_rdf_5p75_same,feature,cheap_rdkit_gasteiger_etkdg_mmff,float32,descriptor_specific_or_dimensionless,cheap_rdkit_gasteiger_etkdg_mmff feature: v5__v5_mmffq_rdf_5p75_same,Local RDKit/Gasteiger/ETKDG/MMFF batch calculation,empty field in CSV,80,0.001319239458,True,True,False
2226,cheap__v5__v5_mmffq_rdf_7p25_signed,feature,cheap_rdkit_gasteiger_etkdg_mmff,float32,descriptor_specific_or_dimensionless,cheap_rdkit_gasteiger_etkdg_mmff feature: v5__v5_mmffq_rdf_7p25_signed,Local RDKit/Gasteiger/ETKDG/MMFF batch calculation,empty field in CSV,80,0.001319239458,False,False,False
2227,cheap__v5__v5_mmffq_rdf_7p25_abs,feature,cheap_rdkit_gasteiger_etkdg_mmff,float32,descriptor_specific_or_dimensionless,cheap_rdkit_gasteiger_etkdg_mmff feature: v5__v5_mmffq_rdf_7p25_abs,Local RDKit/Gasteiger/ETKDG/MMFF batch calculation,empty field in CSV,80,0.001319239458,False,False,False
2228,cheap__v5__v5_mmffq_rdf_7p25_opp,feature,cheap_rdkit_gasteiger_etkdg_mmff,float32,descriptor_specific_or_dimensionless,cheap_rdkit_gasteiger_etkdg_mmff feature: v5__v5_mmffq_rdf_7p25_opp,Local RDKit/Gasteiger/ETKDG/MMFF batch calculation,empty field in CSV,80,0.001319239458,False,False,False
2229,cheap__v5__v5_mmffq_rdf_7p25_same,feature,cheap_rdkit_gasteiger_etkdg_mmff,float32,descriptor_specific_or_dimensionless,cheap_rdkit_gasteiger_etkdg_mmff feature: v5__v5_mmffq_rdf_7p25_same,Local RDKit/Gasteiger/ETKDG/MMFF batch calculation,empty field in CSV,80,0.001319239458,False,False,False
2230,cheap__v5__v5_mmffq_epair_C_C_count,feature,cheap_rdkit_gasteiger_etkdg_mmff,float32,count,cheap_rdkit_gasteiger_etkdg_mmff feature: v5__v5_mmffq_epair_C_C_count,Local RDKit/Gasteiger/ETKDG/MMFF batch calculation,empty field in CSV,80,0.001319239458,False,False,True
2231,cheap__v5__v5_mmffq_epair_C_C_absq,feature,cheap_rdkit_gasteiger_etkdg_mmff,float32,descriptor_specific_or_dimensionless,cheap_rdkit_gasteiger_etkdg_mmff feature: v5__v5_mmffq_epair_C_C_absq,Local RDKit/Gasteiger/ETKDG/MMFF batch calculation,empty field in CSV,80,0.001319239458,True,True,False
2232,cheap__v5__v5_mmffq_epair_C_C_signedq,feature,cheap_rdkit_gasteiger_etkdg_mmff,float32,descriptor_specific_or_dimensionless,cheap_rdkit_gasteiger_etkdg_mmff feature: v5__v5_mmffq_epair_C_C_signedq,Local RDKit/Gasteiger/ETKDG/MMFF batch calculation,empty field in CSV,80,0.001319239458,False,False,False
2233,cheap__v5__v5_mmffq_epair_C_C_dist_absq,feature,cheap_rdkit_gasteiger_etkdg_mmff,float32,descriptor_specific_or_dimensionless,cheap_rdkit_gasteiger_etkdg_mmff feature: v5__v5_mmffq_epair_C_C_dist_absq,Local RDKit/Gasteiger/ETKDG/MMFF batch calculation,empty field in CSV,80,0.001319239458,False,False,False
2234,cheap__v5__v5_mmffq_epair_C_N_count,feature,cheap_rdkit_gasteiger_etkdg_mmff,float32,count,cheap_rdkit_gasteiger_etkdg_mmff feature: v5__v5_mmffq_epair_C_N_count,Local RDKit/Gasteiger/ETKDG/MMFF batch calculation,empty field in CSV,80,0.001319239458,True,True,False
2235,cheap__v5__v5_mmffq_epair_C_N_absq,feature,cheap_rdkit_gasteiger_etkdg_mmff,float32,count,cheap_rdkit_gasteiger_etkdg_mmff feature: v5__v5_mmffq_epair_C_N_absq,Local RDKit/Gasteiger/ETKDG/MMFF batch calculation,empty field in CSV,80,0.001319239458,True,True,False
2236,cheap__v5__v5_mmffq_epair_C_N_signedq,feature,cheap_rdkit_gasteiger_etkdg_mmff,float32,count,cheap_rdkit_gasteiger_etkdg_mmff feature: v5__v5_mmffq_epair_C_N_signedq,Local RDKit/Gasteiger/ETKDG/MMFF batch calculation,empty field in CSV,80,0.001319239458,True,True,False
2237,cheap__v5__v5_mmffq_epair_C_N_dist_absq,feature,cheap_rdkit_gasteiger_etkdg_mmff,float32,count,cheap_rdkit_gasteiger_etkdg_mmff feature: v5__v5_mmffq_epair_C_N_dist_absq,Local RDKit/Gasteiger/ETKDG/MMFF batch calculation,empty field in CSV,80,0.001319239458,True,True,False
2238,cheap__v5__v5_mmffq_epair_C_O_count,feature,cheap_rdkit_gasteiger_etkdg_mmff,float32,count,cheap_rdkit_gasteiger_etkdg_mmff feature: v5__v5_mmffq_epair_C_O_count,Local RDKit/Gasteiger/ETKDG/MMFF batch calculation,empty field in CSV,80,0.001319239458,False,False,False
2239,cheap__v5__v5_mmffq_epair_C_O_absq,feature,cheap_rdkit_gasteiger_etkdg_mmff,float32,descriptor_specific_or_dimensionless,cheap_rdkit_gasteiger_etkdg_mmff feature: v5__v5_mmffq_epair_C_O_absq,Local RDKit/Gasteiger/ETKDG/MMFF batch calculation,empty field in CSV,80,0.001319239458,False,False,False
2240,cheap__v5__v5_mmffq_epair_C_O_signedq,feature,cheap_rdkit_gasteiger_etkdg_mmff,float32,descriptor_specific_or_dimensionless,cheap_rdkit_gasteiger_etkdg_mmff feature: v5__v5_mmffq_epair_C_O_signedq,Local RDKit/Gasteiger/ETKDG/MMFF batch calculation,empty field in CSV,80,0.001319239458,False,False,False
2241,cheap__v5__v5_mmffq_epair_C_O_dist_absq,feature,cheap_rdkit_gasteiger_etkdg_mmff,float32,descriptor_specific_or_dimensionless,cheap_rdkit_gasteiger_etkdg_mmff feature: v5__v5_mmffq_epair_C_O_dist_absq,Local RDKit/Gasteiger/ETKDG/MMFF batch calculation,empty field in CSV,80,0.001319239458,False,False,False
2242,cheap__v5__v5_mmffq_epair_C_F_count,feature,cheap_rdkit_gasteiger_etkdg_mmff,float32,count,cheap_rdkit_gasteiger_etkdg_mmff feature: v5__v5_mmffq_epair_C_F_count,Local RDKit/Gasteiger/ETKDG/MMFF batch calculation,empty field in CSV,80,0.001319239458,True,True,False
2243,cheap__v5__v5_mmffq_epair_C_F_absq,feature,cheap_rdkit_gasteiger_etkdg_mmff,float32,descriptor_specific_or_dimensionless,cheap_rdkit_gasteiger_etkdg_mmff feature: v5__v5_mmffq_epair_C_F_absq,Local RDKit/Gasteiger/ETKDG/MMFF batch calculation,empty field in CSV,80,0.001319239458,True,True,False
2244,cheap__v5__v5_mmffq_epair_C_F_signedq,feature,cheap_rdkit_gasteiger_etkdg_mmff,float32,descriptor_specific_or_dimensionless,cheap_rdkit_gasteiger_etkdg_mmff feature: v5__v5_mmffq_epair_C_F_signedq,Local RDKit/Gasteiger/ETKDG/MMFF batch calculation,empty field in CSV,80,0.001319239458,True,True,False
2245,cheap__v5__v5_mmffq_epair_C_F_dist_absq,feature,cheap_rdkit_gasteiger_etkdg_mmff,float32,descriptor_specific_or_dimensionless,cheap_rdkit_gasteiger_etkdg_mmff feature: v5__v5_mmffq_epair_C_F_dist_absq,Local RDKit/Gasteiger/ETKDG/MMFF batch calculation,empty field in CSV,80,0.001319239458,True,True,False
2246,cheap__v5__v5_mmffq_epair_C_Si_count,feature,cheap_rdkit_gasteiger_etkdg_mmff,float32,count,cheap_rdkit_gasteiger_etkdg_mmff feature: v5__v5_mmffq_epair_C_Si_count,Local RDKit/Gasteiger/ETKDG/MMFF batch calculation,empty field in CSV,80,0.001319239458,False,False,False
2247,cheap__v5__v5_mmffq_epair_C_Si_absq,feature,cheap_rdkit_gasteiger_etkdg_mmff,float32,descriptor_specific_or_dimensionless,cheap_rdkit_gasteiger_etkdg_mmff feature: v5__v5_mmffq_epair_C_Si_absq,Local RDKit/Gasteiger/ETKDG/MMFF batch calculation,empty field in CSV,80,0.001319239458,False,False,False
2248,cheap__v5__v5_mmffq_epair_C_Si_signedq,feature,cheap_rdkit_gasteiger_etkdg_mmff,float32,descriptor_specific_or_dimensionless,cheap_rdkit_gasteiger_etkdg_mmff feature: v5__v5_mmffq_epair_C_Si_signedq,Local RDKit/Gasteiger/ETKDG/MMFF batch calculation,empty field in CSV,80,0.001319239458,False,False,False
2249,cheap__v5__v5_mmffq_epair_C_Si_dist_absq,feature,cheap_rdkit_gasteiger_etkdg_mmff,float32,descriptor_specific_or_dimensionless,cheap_rdkit_gasteiger_etkdg_mmff feature: v5__v5_mmffq_epair_C_Si_dist_absq,Local RDKit/Gasteiger/ETKDG/MMFF batch calculation,empty field in CSV,80,0.001319239458,False,False,False
2250,cheap__v5__v5_mmffq_epair_C_P_count,feature,cheap_rdkit_gasteiger_etkdg_mmff,float32,count,cheap_rdkit_gasteiger_etkdg_mmff feature: v5__v5_mmffq_epair_C_P_count,Local RDKit/Gasteiger/ETKDG/MMFF batch calculation,empty field in CSV,80,0.001319239458,False,False,False
2251,cheap__v5__v5_mmffq_epair_C_P_absq,feature,cheap_rdkit_gasteiger_etkdg_mmff,float32,descriptor_specific_or_dimensionless,cheap_rdkit_gasteiger_etkdg_mmff feature: v5__v5_mmffq_epair_C_P_absq,Local RDKit/Gasteiger/ETKDG/MMFF batch calculation,empty field in CSV,80,0.001319239458,False,False,False
2252,cheap__v5__v5_mmffq_epair_C_P_signedq,feature,cheap_rdkit_gasteiger_etkdg_mmff,float32,descriptor_specific_or_dimensionless,cheap_rdkit_gasteiger_etkdg_mmff feature: v5__v5_mmffq_epair_C_P_signedq,Local RDKit/Gasteiger/ETKDG/MMFF batch calculation,empty field in CSV,80,0.001319239458,False,False,False
2253,cheap__v5__v5_mmffq_epair_C_P_dist_absq,feature,cheap_rdkit_gasteiger_etkdg_mmff,float32,descriptor_specific_or_dimensionless,cheap_rdkit_gasteiger_etkdg_mmff feature: v5__v5_mmffq_epair_C_P_dist_absq,Local RDKit/Gasteiger/ETKDG/MMFF batch calculation,empty field in CSV,80,0.001319239458,False,False,False
2254,cheap__v5__v5_mmffq_epair_C_S_count,feature,cheap_rdkit_gasteiger_etkdg_mmff,float32,count,cheap_rdkit_gasteiger_etkdg_mmff feature: v5__v5_mmffq_epair_C_S_count,Local RDKit/Gasteiger/ETKDG/MMFF batch calculation,empty field in CSV,80,0.001319239458,False,False,False
2255,cheap__v5__v5_mmffq_epair_C_S_absq,feature,cheap_rdkit_gasteiger_etkdg_mmff,float32,descriptor_specific_or_dimensionless,cheap_rdkit_gasteiger_etkdg_mmff feature: v5__v5_mmffq_epair_C_S_absq,Local RDKit/Gasteiger/ETKDG/MMFF batch calculation,empty field in CSV,80,0.001319239458,False,False,False
2256,cheap__v5__v5_mmffq_epair_C_S_signedq,feature,cheap_rdkit_gasteiger_etkdg_mmff,float32,descriptor_specific_or_dimensionless,cheap_rdkit_gasteiger_etkdg_mmff feature: v5__v5_mmffq_epair_C_S_signedq,Local RDKit/Gasteiger/ETKDG/MMFF batch calculation,empty field in CSV,80,0.001319239458,False,False,False
2257,cheap__v5__v5_mmffq_epair_C_S_dist_absq,feature,cheap_rdkit_gasteiger_etkdg_mmff,float32,descriptor_specific_or_dimensionless,cheap_rdkit_gasteiger_etkdg_mmff feature: v5__v5_mmffq_epair_C_S_dist_absq,Local RDKit/Gasteiger/ETKDG/MMFF batch calculation,empty field in CSV,80,0.001319239458,False,False,False
2258,cheap__v5__v5_mmffq_epair_C_CL_count,feature,cheap_rdkit_gasteiger_etkdg_mmff,float32,count,cheap_rdkit_gasteiger_etkdg_mmff feature: v5__v5_mmffq_epair_C_CL_count,Local RDKit/Gasteiger/ETKDG/MMFF batch calculation,empty field in CSV,80,0.001319239458,False,False,False
2259,cheap__v5__v5_mmffq_epair_C_CL_absq,feature,cheap_rdkit_gasteiger_etkdg_mmff,float32,descriptor_specific_or_dimensionless,cheap_rdkit_gasteiger_etkdg_mmff feature: v5__v5_mmffq_epair_C_CL_absq,Local RDKit/Gasteiger/ETKDG/MMFF batch calculation,empty field in CSV,80,0.001319239458,False,False,False
2260,cheap__v5__v5_mmffq_epair_C_CL_signedq,feature,cheap_rdkit_gasteiger_etkdg_mmff,float32,descriptor_specific_or_dimensionless,cheap_rdkit_gasteiger_etkdg_mmff feature: v5__v5_mmffq_epair_C_CL_signedq,Local RDKit/Gasteiger/ETKDG/MMFF batch calculation,empty field in CSV,80,0.001319239458,False,False,False
2261,cheap__v5__v5_mmffq_epair_C_CL_dist_absq,feature,cheap_rdkit_gasteiger_etkdg_mmff,float32,descriptor_specific_or_dimensionless,cheap_rdkit_gasteiger_etkdg_mmff feature: v5__v5_mmffq_epair_C_CL_dist_absq,Local RDKit/Gasteiger/ETKDG/MMFF batch calculation,empty field in CSV,80,0.001319239458,False,False,False
2262,cheap__v5__v5_mmffq_epair_C_BR_count,feature,cheap_rdkit_gasteiger_etkdg_mmff,float32,count,cheap_rdkit_gasteiger_etkdg_mmff feature: v5__v5_mmffq_epair_C_BR_count,Local RDKit/Gasteiger/ETKDG/MMFF batch calculation,empty field in CSV,80,0.001319239458,False,False,False
2263,cheap__v5__v5_mmffq_epair_C_BR_absq,feature,cheap_rdkit_gasteiger_etkdg_mmff,float32,descriptor_specific_or_dimensionless,cheap_rdkit_gasteiger_etkdg_mmff feature: v5__v5_mmffq_epair_C_BR_absq,Local RDKit/Gasteiger/ETKDG/MMFF batch calculation,empty field in CSV,80,0.001319239458,False,False,False
2264,cheap__v5__v5_mmffq_epair_C_BR_signedq,feature,cheap_rdkit_gasteiger_etkdg_mmff,float32,descriptor_specific_or_dimensionless,cheap_rdkit_gasteiger_etkdg_mmff feature: v5__v5_mmffq_epair_C_BR_signedq,Local RDKit/Gasteiger/ETKDG/MMFF batch calculation,empty field in CSV,80,0.001319239458,False,False,False
2265,cheap__v5__v5_mmffq_epair_C_BR_dist_absq,feature,cheap_rdkit_gasteiger_etkdg_mmff,float32,descriptor_specific_or_dimensionless,cheap_rdkit_gasteiger_etkdg_mmff feature: v5__v5_mmffq_epair_C_BR_dist_absq,Local RDKit/Gasteiger/ETKDG/MMFF batch calculation,empty field in CSV,80,0.001319239458,False,False,False
2266,cheap__v5__v5_mmffq_epair_N_N_count,feature,cheap_rdkit_gasteiger_etkdg_mmff,float32,count,cheap_rdkit_gasteiger_etkdg_mmff feature: v5__v5_mmffq_epair_N_N_count,Local RDKit/Gasteiger/ETKDG/MMFF batch calculation,empty field in CSV,80,0.001319239458,True,True,False
2267,cheap__v5__v5_mmffq_epair_N_N_absq,feature,cheap_rdkit_gasteiger_etkdg_mmff,float32,count,cheap_rdkit_gasteiger_etkdg_mmff feature: v5__v5_mmffq_epair_N_N_absq,Local RDKit/Gasteiger/ETKDG/MMFF batch calculation,empty field in CSV,80,0.001319239458,True,True,False
2268,cheap__v5__v5_mmffq_epair_N_N_signedq,feature,cheap_rdkit_gasteiger_etkdg_mmff,float32,count,cheap_rdkit_gasteiger_etkdg_mmff feature: v5__v5_mmffq_epair_N_N_signedq,Local RDKit/Gasteiger/ETKDG/MMFF batch calculation,empty field in CSV,80,0.001319239458,True,True,False
2269,cheap__v5__v5_mmffq_epair_N_N_dist_absq,feature,cheap_rdkit_gasteiger_etkdg_mmff,float32,count,cheap_rdkit_gasteiger_etkdg_mmff feature: v5__v5_mmffq_epair_N_N_dist_absq,Local RDKit/Gasteiger/ETKDG/MMFF batch calculation,empty field in CSV,80,0.001319239458,True,True,False
2270,cheap__v5__v5_mmffq_epair_N_O_count,feature,cheap_rdkit_gasteiger_etkdg_mmff,float32,count,cheap_rdkit_gasteiger_etkdg_mmff feature: v5__v5_mmffq_epair_N_O_count,Local RDKit/Gasteiger/ETKDG/MMFF batch calculation,empty field in CSV,80,0.001319239458,True,True,False
2271,cheap__v5__v5_mmffq_epair_N_O_absq,feature,cheap_rdkit_gasteiger_etkdg_mmff,float32,count,cheap_rdkit_gasteiger_etkdg_mmff feature: v5__v5_mmffq_epair_N_O_absq,Local RDKit/Gasteiger/ETKDG/MMFF batch calculation,empty field in CSV,80,0.001319239458,True,True,False
2272,cheap__v5__v5_mmffq_epair_N_O_signedq,feature,cheap_rdkit_gasteiger_etkdg_mmff,float32,count,cheap_rdkit_gasteiger_etkdg_mmff feature: v5__v5_mmffq_epair_N_O_signedq,Local RDKit/Gasteiger/ETKDG/MMFF batch calculation,empty field in CSV,80,0.001319239458,True,True,False
2273,cheap__v5__v5_mmffq_epair_N_O_dist_absq,feature,cheap_rdkit_gasteiger_etkdg_mmff,float32,count,cheap_rdkit_gasteiger_etkdg_mmff feature: v5__v5_mmffq_epair_N_O_dist_absq,Local RDKit/Gasteiger/ETKDG/MMFF batch calculation,empty field in CSV,80,0.001319239458,True,True,False
2274,cheap__v5__v5_mmffq_epair_N_F_count,feature,cheap_rdkit_gasteiger_etkdg_mmff,float32,count,cheap_rdkit_gasteiger_etkdg_mmff feature: v5__v5_mmffq_epair_N_F_count,Local RDKit/Gasteiger/ETKDG/MMFF batch calculation,empty field in CSV,80,0.001319239458,False,False,False
2275,cheap__v5__v5_mmffq_epair_N_F_absq,feature,cheap_rdkit_gasteiger_etkdg_mmff,float32,count,cheap_rdkit_gasteiger_etkdg_mmff feature: v5__v5_mmffq_epair_N_F_absq,Local RDKit/Gasteiger/ETKDG/MMFF batch calculation,empty field in CSV,80,0.001319239458,False,False,False
2276,cheap__v5__v5_mmffq_epair_N_F_signedq,feature,cheap_rdkit_gasteiger_etkdg_mmff,float32,count,cheap_rdkit_gasteiger_etkdg_mmff feature: v5__v5_mmffq_epair_N_F_signedq,Local RDKit/Gasteiger/ETKDG/MMFF batch calculation,empty field in CSV,80,0.001319239458,False,False,False
2277,cheap__v5__v5_mmffq_epair_N_F_dist_absq,feature,cheap_rdkit_gasteiger_etkdg_mmff,float32,count,cheap_rdkit_gasteiger_etkdg_mmff feature: v5__v5_mmffq_epair_N_F_dist_absq,Local RDKit/Gasteiger/ETKDG/MMFF batch calculation,empty field in CSV,80,0.001319239458,False,False,False
2278,cheap__v5__v5_mmffq_epair_N_Si_count,feature,cheap_rdkit_gasteiger_etkdg_mmff,float32,count,cheap_rdkit_gasteiger_etkdg_mmff feature: v5__v5_mmffq_epair_N_Si_count,Local RDKit/Gasteiger/ETKDG/MMFF batch calculation,empty field in CSV,80,0.001319239458,False,False,False
2279,cheap__v5__v5_mmffq_epair_N_Si_absq,feature,cheap_rdkit_gasteiger_etkdg_mmff,float32,count,cheap_rdkit_gasteiger_etkdg_mmff feature: v5__v5_mmffq_epair_N_Si_absq,Local RDKit/Gasteiger/ETKDG/MMFF batch calculation,empty field in CSV,80,0.001319239458,False,False,False
2280,cheap__v5__v5_mmffq_epair_N_Si_signedq,feature,cheap_rdkit_gasteiger_etkdg_mmff,float32,count,cheap_rdkit_gasteiger_etkdg_mmff feature: v5__v5_mmffq_epair_N_Si_signedq,Local RDKit/Gasteiger/ETKDG/MMFF batch calculation,empty field in CSV,80,0.001319239458,False,False,False
2281,cheap__v5__v5_mmffq_epair_N_Si_dist_absq,feature,cheap_rdkit_gasteiger_etkdg_mmff,float32,count,cheap_rdkit_gasteiger_etkdg_mmff feature: v5__v5_mmffq_epair_N_Si_dist_absq,Local RDKit/Gasteiger/ETKDG/MMFF batch calculation,empty field in CSV,80,0.001319239458,False,False,False
2282,cheap__v5__v5_mmffq_epair_N_P_count,feature,cheap_rdkit_gasteiger_etkdg_mmff,float32,count,cheap_rdkit_gasteiger_etkdg_mmff feature: v5__v5_mmffq_epair_N_P_count,Local RDKit/Gasteiger/ETKDG/MMFF batch calculation,empty field in CSV,80,0.001319239458,False,False,False
2283,cheap__v5__v5_mmffq_epair_N_P_absq,feature,cheap_rdkit_gasteiger_etkdg_mmff,float32,count,cheap_rdkit_gasteiger_etkdg_mmff feature: v5__v5_mmffq_epair_N_P_absq,Local RDKit/Gasteiger/ETKDG/MMFF batch calculation,empty field in CSV,80,0.001319239458,False,False,False
2284,cheap__v5__v5_mmffq_epair_N_P_signedq,feature,cheap_rdkit_gasteiger_etkdg_mmff,float32,count,cheap_rdkit_gasteiger_etkdg_mmff feature: v5__v5_mmffq_epair_N_P_signedq,Local RDKit/Gasteiger/ETKDG/MMFF batch calculation,empty field in CSV,80,0.001319239458,False,False,False
2285,cheap__v5__v5_mmffq_epair_N_P_dist_absq,feature,cheap_rdkit_gasteiger_etkdg_mmff,float32,count,cheap_rdkit_gasteiger_etkdg_mmff feature: v5__v5_mmffq_epair_N_P_dist_absq,Local RDKit/Gasteiger/ETKDG/MMFF batch calculation,empty field in CSV,80,0.001319239458,False,False,False
2286,cheap__v5__v5_mmffq_epair_N_S_count,feature,cheap_rdkit_gasteiger_etkdg_mmff,float32,count,cheap_rdkit_gasteiger_etkdg_mmff feature: v5__v5_mmffq_epair_N_S_count,Local RDKit/Gasteiger/ETKDG/MMFF batch calculation,empty field in CSV,80,0.001319239458,False,False,False
2287,cheap__v5__v5_mmffq_epair_N_S_absq,feature,cheap_rdkit_gasteiger_etkdg_mmff,float32,count,cheap_rdkit_gasteiger_etkdg_mmff feature: v5__v5_mmffq_epair_N_S_absq,Local RDKit/Gasteiger/ETKDG/MMFF batch calculation,empty field in CSV,80,0.001319239458,False,False,False
2288,cheap__v5__v5_mmffq_epair_N_S_signedq,feature,cheap_rdkit_gasteiger_etkdg_mmff,float32,count,cheap_rdkit_gasteiger_etkdg_mmff feature: v5__v5_mmffq_epair_N_S_signedq,Local RDKit/Gasteiger/ETKDG/MMFF batch calculation,empty field in CSV,80,0.001319239458,False,False,False
2289,cheap__v5__v5_mmffq_epair_N_S_dist_absq,feature,cheap_rdkit_gasteiger_etkdg_mmff,float32,count,cheap_rdkit_gasteiger_etkdg_mmff feature: v5__v5_mmffq_epair_N_S_dist_absq,Local RDKit/Gasteiger/ETKDG/MMFF batch calculation,empty field in CSV,80,0.001319239458,False,False,False
2290,cheap__v5__v5_mmffq_epair_N_CL_count,feature,cheap_rdkit_gasteiger_etkdg_mmff,float32,count,cheap_rdkit_gasteiger_etkdg_mmff feature: v5__v5_mmffq_epair_N_CL_count,Local RDKit/Gasteiger/ETKDG/MMFF batch calculation,empty field in CSV,80,0.001319239458,False,False,False
2291,cheap__v5__v5_mmffq_epair_N_CL_absq,feature,cheap_rdkit_gasteiger_etkdg_mmff,float32,count,cheap_rdkit_gasteiger_etkdg_mmff feature: v5__v5_mmffq_epair_N_CL_absq,Local RDKit/Gasteiger/ETKDG/MMFF batch calculation,empty field in CSV,80,0.001319239458,False,False,False
2292,cheap__v5__v5_mmffq_epair_N_CL_signedq,feature,cheap_rdkit_gasteiger_etkdg_mmff,float32,count,cheap_rdkit_gasteiger_etkdg_mmff feature: v5__v5_mmffq_epair_N_CL_signedq,Local RDKit/Gasteiger/ETKDG/MMFF batch calculation,empty field in CSV,80,0.001319239458,False,False,False
2293,cheap__v5__v5_mmffq_epair_N_CL_dist_absq,feature,cheap_rdkit_gasteiger_etkdg_mmff,float32,count,cheap_rdkit_gasteiger_etkdg_mmff feature: v5__v5_mmffq_epair_N_CL_dist_absq,Local RDKit/Gasteiger/ETKDG/MMFF batch calculation,empty field in CSV,80,0.001319239458,False,False,False
2294,cheap__v5__v5_mmffq_epair_N_BR_count,feature,cheap_rdkit_gasteiger_etkdg_mmff,float32,count,cheap_rdkit_gasteiger_etkdg_mmff feature: v5__v5_mmffq_epair_N_BR_count,Local RDKit/Gasteiger/ETKDG/MMFF batch calculation,empty field in CSV,80,0.001319239458,False,False,False
2295,cheap__v5__v5_mmffq_epair_N_BR_absq,feature,cheap_rdkit_gasteiger_etkdg_mmff,float32,count,cheap_rdkit_gasteiger_etkdg_mmff feature: v5__v5_mmffq_epair_N_BR_absq,Local RDKit/Gasteiger/ETKDG/MMFF batch calculation,empty field in CSV,80,0.001319239458,False,False,False
2296,cheap__v5__v5_mmffq_epair_N_BR_signedq,feature,cheap_rdkit_gasteiger_etkdg_mmff,float32,count,cheap_rdkit_gasteiger_etkdg_mmff feature: v5__v5_mmffq_epair_N_BR_signedq,Local RDKit/Gasteiger/ETKDG/MMFF batch calculation,empty field in CSV,80,0.001319239458,False,False,False
2297,cheap__v5__v5_mmffq_epair_N_BR_dist_absq,feature,cheap_rdkit_gasteiger_etkdg_mmff,float32,count,cheap_rdkit_gasteiger_etkdg_mmff feature: v5__v5_mmffq_epair_N_BR_dist_absq,Local RDKit/Gasteiger/ETKDG/MMFF batch calculation,empty field in CSV,80,0.001319239458,False,False,False
2298,cheap__v5__v5_mmffq_epair_O_O_count,feature,cheap_rdkit_gasteiger_etkdg_mmff,float32,count,cheap_rdkit_gasteiger_etkdg_mmff feature: v5__v5_mmffq_epair_O_O_count,Local RDKit/Gasteiger/ETKDG/MMFF batch calculation,empty field in CSV,80,0.001319239458,False,False,False
2299,cheap__v5__v5_mmffq_epair_O_O_absq,feature,cheap_rdkit_gasteiger_etkdg_mmff,float32,descriptor_specific_or_dimensionless,cheap_rdkit_gasteiger_etkdg_mmff feature: v5__v5_mmffq_epair_O_O_absq,Local RDKit/Gasteiger/ETKDG/MMFF batch calculation,empty field in CSV,80,0.001319239458,False,False,False
2300,cheap__v5__v5_mmffq_epair_O_O_signedq,feature,cheap_rdkit_gasteiger_etkdg_mmff,float32,descriptor_specific_or_dimensionless,cheap_rdkit_gasteiger_etkdg_mmff feature: v5__v5_mmffq_epair_O_O_signedq,Local RDKit/Gasteiger/ETKDG/MMFF batch calculation,empty field in CSV,80,0.001319239458,False,False,False
2301,cheap__v5__v5_mmffq_epair_O_O_dist_absq,feature,cheap_rdkit_gasteiger_etkdg_mmff,float32,descriptor_specific_or_dimensionless,cheap_rdkit_gasteiger_etkdg_mmff feature: v5__v5_mmffq_epair_O_O_dist_absq,Local RDKit/Gasteiger/ETKDG/MMFF batch calculation,empty field in CSV,80,0.001319239458,False,False,False
2302,cheap__v5__v5_mmffq_epair_O_F_count,feature,cheap_rdkit_gasteiger_etkdg_mmff,float32,count,cheap_rdkit_gasteiger_etkdg_mmff feature: v5__v5_mmffq_epair_O_F_count,Local RDKit/Gasteiger/ETKDG/MMFF batch calculation,empty field in CSV,80,0.001319239458,False,False,False
2303,cheap__v5__v5_mmffq_epair_O_F_absq,feature,cheap_rdkit_gasteiger_etkdg_mmff,float32,descriptor_specific_or_dimensionless,cheap_rdkit_gasteiger_etkdg_mmff feature: v5__v5_mmffq_epair_O_F_absq,Local RDKit/Gasteiger/ETKDG/MMFF batch calculation,empty field in CSV,80,0.001319239458,False,False,False
2304,cheap__v5__v5_mmffq_epair_O_F_signedq,feature,cheap_rdkit_gasteiger_etkdg_mmff,float32,descriptor_specific_or_dimensionless,cheap_rdkit_gasteiger_etkdg_mmff feature: v5__v5_mmffq_epair_O_F_signedq,Local RDKit/Gasteiger/ETKDG/MMFF batch calculation,empty field in CSV,80,0.001319239458,False,False,False
2305,cheap__v5__v5_mmffq_epair_O_F_dist_absq,feature,cheap_rdkit_gasteiger_etkdg_mmff,float32,descriptor_specific_or_dimensionless,cheap_rdkit_gasteiger_etkdg_mmff feature: v5__v5_mmffq_epair_O_F_dist_absq,Local RDKit/Gasteiger/ETKDG/MMFF batch calculation,empty field in CSV,80,0.001319239458,False,False,False
2306,cheap__v5__v5_mmffq_epair_O_Si_count,feature,cheap_rdkit_gasteiger_etkdg_mmff,float32,count,cheap_rdkit_gasteiger_etkdg_mmff feature: v5__v5_mmffq_epair_O_Si_count,Local RDKit/Gasteiger/ETKDG/MMFF batch calculation,empty field in CSV,80,0.001319239458,False,False,False
2307,cheap__v5__v5_mmffq_epair_O_Si_absq,feature,cheap_rdkit_gasteiger_etkdg_mmff,float32,descriptor_specific_or_dimensionless,cheap_rdkit_gasteiger_etkdg_mmff feature: v5__v5_mmffq_epair_O_Si_absq,Local RDKit/Gasteiger/ETKDG/MMFF batch calculation,empty field in CSV,80,0.001319239458,False,False,False
2308,cheap__v5__v5_mmffq_epair_O_Si_signedq,feature,cheap_rdkit_gasteiger_etkdg_mmff,float32,descriptor_specific_or_dimensionless,cheap_rdkit_gasteiger_etkdg_mmff feature: v5__v5_mmffq_epair_O_Si_signedq,Local RDKit/Gasteiger/ETKDG/MMFF batch calculation,empty field in CSV,80,0.001319239458,False,False,False
2309,cheap__v5__v5_mmffq_epair_O_Si_dist_absq,feature,cheap_rdkit_gasteiger_etkdg_mmff,float32,descriptor_specific_or_dimensionless,cheap_rdkit_gasteiger_etkdg_mmff feature: v5__v5_mmffq_epair_O_Si_dist_absq,Local RDKit/Gasteiger/ETKDG/MMFF batch calculation,empty field in CSV,80,0.001319239458,False,False,False
2310,cheap__v5__v5_mmffq_epair_O_P_count,feature,cheap_rdkit_gasteiger_etkdg_mmff,float32,count,cheap_rdkit_gasteiger_etkdg_mmff feature: v5__v5_mmffq_epair_O_P_count,Local RDKit/Gasteiger/ETKDG/MMFF batch calculation,empty field in CSV,80,0.001319239458,False,False,False
2311,cheap__v5__v5_mmffq_epair_O_P_absq,feature,cheap_rdkit_gasteiger_etkdg_mmff,float32,descriptor_specific_or_dimensionless,cheap_rdkit_gasteiger_etkdg_mmff feature: v5__v5_mmffq_epair_O_P_absq,Local RDKit/Gasteiger/ETKDG/MMFF batch calculation,empty field in CSV,80,0.001319239458,False,False,False
2312,cheap__v5__v5_mmffq_epair_O_P_signedq,feature,cheap_rdkit_gasteiger_etkdg_mmff,float32,descriptor_specific_or_dimensionless,cheap_rdkit_gasteiger_etkdg_mmff feature: v5__v5_mmffq_epair_O_P_signedq,Local RDKit/Gasteiger/ETKDG/MMFF batch calculation,empty field in CSV,80,0.001319239458,False,False,False
2313,cheap__v5__v5_mmffq_epair_O_P_dist_absq,feature,cheap_rdkit_gasteiger_etkdg_mmff,float32,descriptor_specific_or_dimensionless,cheap_rdkit_gasteiger_etkdg_mmff feature: v5__v5_mmffq_epair_O_P_dist_absq,Local RDKit/Gasteiger/ETKDG/MMFF batch calculation,empty field in CSV,80,0.001319239458,False,False,False
2314,cheap__v5__v5_mmffq_epair_O_S_count,feature,cheap_rdkit_gasteiger_etkdg_mmff,float32,count,cheap_rdkit_gasteiger_etkdg_mmff feature: v5__v5_mmffq_epair_O_S_count,Local RDKit/Gasteiger/ETKDG/MMFF batch calculation,empty field in CSV,80,0.001319239458,False,False,False
2315,cheap__v5__v5_mmffq_epair_O_S_absq,feature,cheap_rdkit_gasteiger_etkdg_mmff,float32,descriptor_specific_or_dimensionless,cheap_rdkit_gasteiger_etkdg_mmff feature: v5__v5_mmffq_epair_O_S_absq,Local RDKit/Gasteiger/ETKDG/MMFF batch calculation,empty field in CSV,80,0.001319239458,False,False,False
2316,cheap__v5__v5_mmffq_epair_O_S_signedq,feature,cheap_rdkit_gasteiger_etkdg_mmff,float32,descriptor_specific_or_dimensionless,cheap_rdkit_gasteiger_etkdg_mmff feature: v5__v5_mmffq_epair_O_S_signedq,Local RDKit/Gasteiger/ETKDG/MMFF batch calculation,empty field in CSV,80,0.001319239458,False,False,False
2317,cheap__v5__v5_mmffq_epair_O_S_dist_absq,feature,cheap_rdkit_gasteiger_etkdg_mmff,float32,descriptor_specific_or_dimensionless,cheap_rdkit_gasteiger_etkdg_mmff feature: v5__v5_mmffq_epair_O_S_dist_absq,Local RDKit/Gasteiger/ETKDG/MMFF batch calculation,empty field in CSV,80,0.001319239458,False,False,False
2318,cheap__v5__v5_mmffq_epair_O_CL_count,feature,cheap_rdkit_gasteiger_etkdg_mmff,float32,count,cheap_rdkit_gasteiger_etkdg_mmff feature: v5__v5_mmffq_epair_O_CL_count,Local RDKit/Gasteiger/ETKDG/MMFF batch calculation,empty field in CSV,80,0.001319239458,False,False,False
2319,cheap__v5__v5_mmffq_epair_O_CL_absq,feature,cheap_rdkit_gasteiger_etkdg_mmff,float32,descriptor_specific_or_dimensionless,cheap_rdkit_gasteiger_etkdg_mmff feature: v5__v5_mmffq_epair_O_CL_absq,Local RDKit/Gasteiger/ETKDG/MMFF batch calculation,empty field in CSV,80,0.001319239458,False,False,False
2320,cheap__v5__v5_mmffq_epair_O_CL_signedq,feature,cheap_rdkit_gasteiger_etkdg_mmff,float32,descriptor_specific_or_dimensionless,cheap_rdkit_gasteiger_etkdg_mmff feature: v5__v5_mmffq_epair_O_CL_signedq,Local RDKit/Gasteiger/ETKDG/MMFF batch calculation,empty field in CSV,80,0.001319239458,False,False,False
2321,cheap__v5__v5_mmffq_epair_O_CL_dist_absq,feature,cheap_rdkit_gasteiger_etkdg_mmff,float32,descriptor_specific_or_dimensionless,cheap_rdkit_gasteiger_etkdg_mmff feature: v5__v5_mmffq_epair_O_CL_dist_absq,Local RDKit/Gasteiger/ETKDG/MMFF batch calculation,empty field in CSV,80,0.001319239458,False,False,False
2322,cheap__v5__v5_mmffq_epair_O_BR_count,feature,cheap_rdkit_gasteiger_etkdg_mmff,float32,count,cheap_rdkit_gasteiger_etkdg_mmff feature: v5__v5_mmffq_epair_O_BR_count,Local RDKit/Gasteiger/ETKDG/MMFF batch calculation,empty field in CSV,80,0.001319239458,False,False,False
2323,cheap__v5__v5_mmffq_epair_O_BR_absq,feature,cheap_rdkit_gasteiger_etkdg_mmff,float32,descriptor_specific_or_dimensionless,cheap_rdkit_gasteiger_etkdg_mmff feature: v5__v5_mmffq_epair_O_BR_absq,Local RDKit/Gasteiger/ETKDG/MMFF batch calculation,empty field in CSV,80,0.001319239458,False,False,False
2324,cheap__v5__v5_mmffq_epair_O_BR_signedq,feature,cheap_rdkit_gasteiger_etkdg_mmff,float32,descriptor_specific_or_dimensionless,cheap_rdkit_gasteiger_etkdg_mmff feature: v5__v5_mmffq_epair_O_BR_signedq,Local RDKit/Gasteiger/ETKDG/MMFF batch calculation,empty field in CSV,80,0.001319239458,False,False,False
2325,cheap__v5__v5_mmffq_epair_O_BR_dist_absq,feature,cheap_rdkit_gasteiger_etkdg_mmff,float32,descriptor_specific_or_dimensionless,cheap_rdkit_gasteiger_etkdg_mmff feature: v5__v5_mmffq_epair_O_BR_dist_absq,Local RDKit/Gasteiger/ETKDG/MMFF batch calculation,empty field in CSV,80,0.001319239458,False,False,False
2326,cheap__v5__v5_mmffq_epair_F_F_count,feature,cheap_rdkit_gasteiger_etkdg_mmff,float32,count,cheap_rdkit_gasteiger_etkdg_mmff feature: v5__v5_mmffq_epair_F_F_count,Local RDKit/Gasteiger/ETKDG/MMFF batch calculation,empty field in CSV,80,0.001319239458,True,True,False
2327,cheap__v5__v5_mmffq_epair_F_F_absq,feature,cheap_rdkit_gasteiger_etkdg_mmff,float32,descriptor_specific_or_dimensionless,cheap_rdkit_gasteiger_etkdg_mmff feature: v5__v5_mmffq_epair_F_F_absq,Local RDKit/Gasteiger/ETKDG/MMFF batch calculation,empty field in CSV,80,0.001319239458,True,True,False
2328,cheap__v5__v5_mmffq_epair_F_F_signedq,feature,cheap_rdkit_gasteiger_etkdg_mmff,float32,descriptor_specific_or_dimensionless,cheap_rdkit_gasteiger_etkdg_mmff feature: v5__v5_mmffq_epair_F_F_signedq,Local RDKit/Gasteiger/ETKDG/MMFF batch calculation,empty field in CSV,80,0.001319239458,True,True,False
2329,cheap__v5__v5_mmffq_epair_F_F_dist_absq,feature,cheap_rdkit_gasteiger_etkdg_mmff,float32,descriptor_specific_or_dimensionless,cheap_rdkit_gasteiger_etkdg_mmff feature: v5__v5_mmffq_epair_F_F_dist_absq,Local RDKit/Gasteiger/ETKDG/MMFF batch calculation,empty field in CSV,80,0.001319239458,True,True,False
2330,cheap__v5__v5_mmffq_epair_F_Si_count,feature,cheap_rdkit_gasteiger_etkdg_mmff,float32,count,cheap_rdkit_gasteiger_etkdg_mmff feature: v5__v5_mmffq_epair_F_Si_count,Local RDKit/Gasteiger/ETKDG/MMFF batch calculation,empty field in CSV,80,0.001319239458,False,False,False
2331,cheap__v5__v5_mmffq_epair_F_Si_absq,feature,cheap_rdkit_gasteiger_etkdg_mmff,float32,descriptor_specific_or_dimensionless,cheap_rdkit_gasteiger_etkdg_mmff feature: v5__v5_mmffq_epair_F_Si_absq,Local RDKit/Gasteiger/ETKDG/MMFF batch calculation,empty field in CSV,80,0.001319239458,False,False,False
2332,cheap__v5__v5_mmffq_epair_F_Si_signedq,feature,cheap_rdkit_gasteiger_etkdg_mmff,float32,descriptor_specific_or_dimensionless,cheap_rdkit_gasteiger_etkdg_mmff feature: v5__v5_mmffq_epair_F_Si_signedq,Local RDKit/Gasteiger/ETKDG/MMFF batch calculation,empty field in CSV,80,0.001319239458,False,False,False
2333,cheap__v5__v5_mmffq_epair_F_Si_dist_absq,feature,cheap_rdkit_gasteiger_etkdg_mmff,float32,descriptor_specific_or_dimensionless,cheap_rdkit_gasteiger_etkdg_mmff feature: v5__v5_mmffq_epair_F_Si_dist_absq,Local RDKit/Gasteiger/ETKDG/MMFF batch calculation,empty field in CSV,80,0.001319239458,False,False,False
2334,cheap__v5__v5_mmffq_epair_F_P_count,feature,cheap_rdkit_gasteiger_etkdg_mmff,float32,count,cheap_rdkit_gasteiger_etkdg_mmff feature: v5__v5_mmffq_epair_F_P_count,Local RDKit/Gasteiger/ETKDG/MMFF batch calculation,empty field in CSV,80,0.001319239458,False,False,False
2335,cheap__v5__v5_mmffq_epair_F_P_absq,feature,cheap_rdkit_gasteiger_etkdg_mmff,float32,descriptor_specific_or_dimensionless,cheap_rdkit_gasteiger_etkdg_mmff feature: v5__v5_mmffq_epair_F_P_absq,Local RDKit/Gasteiger/ETKDG/MMFF batch calculation,empty field in CSV,80,0.001319239458,False,False,False
2336,cheap__v5__v5_mmffq_epair_F_P_signedq,feature,cheap_rdkit_gasteiger_etkdg_mmff,float32,descriptor_specific_or_dimensionless,cheap_rdkit_gasteiger_etkdg_mmff feature: v5__v5_mmffq_epair_F_P_signedq,Local RDKit/Gasteiger/ETKDG/MMFF batch calculation,empty field in CSV,80,0.001319239458,False,False,False
2337,cheap__v5__v5_mmffq_epair_F_P_dist_absq,feature,cheap_rdkit_gasteiger_etkdg_mmff,float32,descriptor_specific_or_dimensionless,cheap_rdkit_gasteiger_etkdg_mmff feature: v5__v5_mmffq_epair_F_P_dist_absq,Local RDKit/Gasteiger/ETKDG/MMFF batch calculation,empty field in CSV,80,0.001319239458,False,False,False
2338,cheap__v5__v5_mmffq_epair_F_S_count,feature,cheap_rdkit_gasteiger_etkdg_mmff,float32,count,cheap_rdkit_gasteiger_etkdg_mmff feature: v5__v5_mmffq_epair_F_S_count,Local RDKit/Gasteiger/ETKDG/MMFF batch calculation,empty field in CSV,80,0.001319239458,False,False,False
2339,cheap__v5__v5_mmffq_epair_F_S_absq,feature,cheap_rdkit_gasteiger_etkdg_mmff,float32,descriptor_specific_or_dimensionless,cheap_rdkit_gasteiger_etkdg_mmff feature: v5__v5_mmffq_epair_F_S_absq,Local RDKit/Gasteiger/ETKDG/MMFF batch calculation,empty field in CSV,80,0.001319239458,False,False,False
2340,cheap__v5__v5_mmffq_epair_F_S_signedq,feature,cheap_rdkit_gasteiger_etkdg_mmff,float32,descriptor_specific_or_dimensionless,cheap_rdkit_gasteiger_etkdg_mmff feature: v5__v5_mmffq_epair_F_S_signedq,Local RDKit/Gasteiger/ETKDG/MMFF batch calculation,empty field in CSV,80,0.001319239458,False,False,False
2341,cheap__v5__v5_mmffq_epair_F_S_dist_absq,feature,cheap_rdkit_gasteiger_etkdg_mmff,float32,descriptor_specific_or_dimensionless,cheap_rdkit_gasteiger_etkdg_mmff feature: v5__v5_mmffq_epair_F_S_dist_absq,Local RDKit/Gasteiger/ETKDG/MMFF batch calculation,empty field in CSV,80,0.001319239458,False,False,False
2342,cheap__v5__v5_mmffq_epair_F_CL_count,feature,cheap_rdkit_gasteiger_etkdg_mmff,float32,count,cheap_rdkit_gasteiger_etkdg_mmff feature: v5__v5_mmffq_epair_F_CL_count,Local RDKit/Gasteiger/ETKDG/MMFF batch calculation,empty field in CSV,80,0.001319239458,False,False,False
2343,cheap__v5__v5_mmffq_epair_F_CL_absq,feature,cheap_rdkit_gasteiger_etkdg_mmff,float32,descriptor_specific_or_dimensionless,cheap_rdkit_gasteiger_etkdg_mmff feature: v5__v5_mmffq_epair_F_CL_absq,Local RDKit/Gasteiger/ETKDG/MMFF batch calculation,empty field in CSV,80,0.001319239458,False,False,False
2344,cheap__v5__v5_mmffq_epair_F_CL_signedq,feature,cheap_rdkit_gasteiger_etkdg_mmff,float32,descriptor_specific_or_dimensionless,cheap_rdkit_gasteiger_etkdg_mmff feature: v5__v5_mmffq_epair_F_CL_signedq,Local RDKit/Gasteiger/ETKDG/MMFF batch calculation,empty field in CSV,80,0.001319239458,False,False,False
2345,cheap__v5__v5_mmffq_epair_F_CL_dist_absq,feature,cheap_rdkit_gasteiger_etkdg_mmff,float32,descriptor_specific_or_dimensionless,cheap_rdkit_gasteiger_etkdg_mmff feature: v5__v5_mmffq_epair_F_CL_dist_absq,Local RDKit/Gasteiger/ETKDG/MMFF batch calculation,empty field in CSV,80,0.001319239458,False,False,False
2346,cheap__v5__v5_mmffq_epair_F_BR_count,feature,cheap_rdkit_gasteiger_etkdg_mmff,float32,count,cheap_rdkit_gasteiger_etkdg_mmff feature: v5__v5_mmffq_epair_F_BR_count,Local RDKit/Gasteiger/ETKDG/MMFF batch calculation,empty field in CSV,80,0.001319239458,False,False,False
2347,cheap__v5__v5_mmffq_epair_F_BR_absq,feature,cheap_rdkit_gasteiger_etkdg_mmff,float32,descriptor_specific_or_dimensionless,cheap_rdkit_gasteiger_etkdg_mmff feature: v5__v5_mmffq_epair_F_BR_absq,Local RDKit/Gasteiger/ETKDG/MMFF batch calculation,empty field in CSV,80,0.001319239458,False,False,False
2348,cheap__v5__v5_mmffq_epair_F_BR_signedq,feature,cheap_rdkit_gasteiger_etkdg_mmff,float32,descriptor_specific_or_dimensionless,cheap_rdkit_gasteiger_etkdg_mmff feature: v5__v5_mmffq_epair_F_BR_signedq,Local RDKit/Gasteiger/ETKDG/MMFF batch calculation,empty field in CSV,80,0.001319239458,False,False,False
2349,cheap__v5__v5_mmffq_epair_F_BR_dist_absq,feature,cheap_rdkit_gasteiger_etkdg_mmff,float32,descriptor_specific_or_dimensionless,cheap_rdkit_gasteiger_etkdg_mmff feature: v5__v5_mmffq_epair_F_BR_dist_absq,Local RDKit/Gasteiger/ETKDG/MMFF batch calculation,empty field in CSV,80,0.001319239458,False,False,False
2350,cheap__v5__v5_mmffq_epair_Si_Si_count,feature,cheap_rdkit_gasteiger_etkdg_mmff,float32,count,cheap_rdkit_gasteiger_etkdg_mmff feature: v5__v5_mmffq_epair_Si_Si_count,Local RDKit/Gasteiger/ETKDG/MMFF batch calculation,empty field in CSV,80,0.001319239458,False,False,False
2351,cheap__v5__v5_mmffq_epair_Si_Si_absq,feature,cheap_rdkit_gasteiger_etkdg_mmff,float32,descriptor_specific_or_dimensionless,cheap_rdkit_gasteiger_etkdg_mmff feature: v5__v5_mmffq_epair_Si_Si_absq,Local RDKit/Gasteiger/ETKDG/MMFF batch calculation,empty field in CSV,80,0.001319239458,False,False,False
2352,cheap__v5__v5_mmffq_epair_Si_Si_signedq,feature,cheap_rdkit_gasteiger_etkdg_mmff,float32,descriptor_specific_or_dimensionless,cheap_rdkit_gasteiger_etkdg_mmff feature: v5__v5_mmffq_epair_Si_Si_signedq,Local RDKit/Gasteiger/ETKDG/MMFF batch calculation,empty field in CSV,80,0.001319239458,False,False,False
2353,cheap__v5__v5_mmffq_epair_Si_Si_dist_absq,feature,cheap_rdkit_gasteiger_etkdg_mmff,float32,descriptor_specific_or_dimensionless,cheap_rdkit_gasteiger_etkdg_mmff feature: v5__v5_mmffq_epair_Si_Si_dist_absq,Local RDKit/Gasteiger/ETKDG/MMFF batch calculation,empty field in CSV,80,0.001319239458,False,False,False
2354,cheap__v5__v5_mmffq_epair_Si_P_count,feature,cheap_rdkit_gasteiger_etkdg_mmff,float32,count,cheap_rdkit_gasteiger_etkdg_mmff feature: v5__v5_mmffq_epair_Si_P_count,Local RDKit/Gasteiger/ETKDG/MMFF batch calculation,empty field in CSV,80,0.001319239458,False,False,False
2355,cheap__v5__v5_mmffq_epair_Si_P_absq,feature,cheap_rdkit_gasteiger_etkdg_mmff,float32,descriptor_specific_or_dimensionless,cheap_rdkit_gasteiger_etkdg_mmff feature: v5__v5_mmffq_epair_Si_P_absq,Local RDKit/Gasteiger/ETKDG/MMFF batch calculation,empty field in CSV,80,0.001319239458,False,False,False
2356,cheap__v5__v5_mmffq_epair_Si_P_signedq,feature,cheap_rdkit_gasteiger_etkdg_mmff,float32,descriptor_specific_or_dimensionless,cheap_rdkit_gasteiger_etkdg_mmff feature: v5__v5_mmffq_epair_Si_P_signedq,Local RDKit/Gasteiger/ETKDG/MMFF batch calculation,empty field in CSV,80,0.001319239458,False,False,False
2357,cheap__v5__v5_mmffq_epair_Si_P_dist_absq,feature,cheap_rdkit_gasteiger_etkdg_mmff,float32,descriptor_specific_or_dimensionless,cheap_rdkit_gasteiger_etkdg_mmff feature: v5__v5_mmffq_epair_Si_P_dist_absq,Local RDKit/Gasteiger/ETKDG/MMFF batch calculation,empty field in CSV,80,0.001319239458,False,False,False
2358,cheap__v5__v5_mmffq_epair_Si_S_count,feature,cheap_rdkit_gasteiger_etkdg_mmff,float32,count,cheap_rdkit_gasteiger_etkdg_mmff feature: v5__v5_mmffq_epair_Si_S_count,Local RDKit/Gasteiger/ETKDG/MMFF batch calculation,empty field in CSV,80,0.001319239458,False,False,False
2359,cheap__v5__v5_mmffq_epair_Si_S_absq,feature,cheap_rdkit_gasteiger_etkdg_mmff,float32,descriptor_specific_or_dimensionless,cheap_rdkit_gasteiger_etkdg_mmff feature: v5__v5_mmffq_epair_Si_S_absq,Local RDKit/Gasteiger/ETKDG/MMFF batch calculation,empty field in CSV,80,0.001319239458,False,False,False
2360,cheap__v5__v5_mmffq_epair_Si_S_signedq,feature,cheap_rdkit_gasteiger_etkdg_mmff,float32,descriptor_specific_or_dimensionless,cheap_rdkit_gasteiger_etkdg_mmff feature: v5__v5_mmffq_epair_Si_S_signedq,Local RDKit/Gasteiger/ETKDG/MMFF batch calculation,empty field in CSV,80,0.001319239458,False,False,False
2361,cheap__v5__v5_mmffq_epair_Si_S_dist_absq,feature,cheap_rdkit_gasteiger_etkdg_mmff,float32,descriptor_specific_or_dimensionless,cheap_rdkit_gasteiger_etkdg_mmff feature: v5__v5_mmffq_epair_Si_S_dist_absq,Local RDKit/Gasteiger/ETKDG/MMFF batch calculation,empty field in CSV,80,0.001319239458,False,False,False
2362,cheap__v5__v5_mmffq_epair_Si_CL_count,feature,cheap_rdkit_gasteiger_etkdg_mmff,float32,count,cheap_rdkit_gasteiger_etkdg_mmff feature: v5__v5_mmffq_epair_Si_CL_count,Local RDKit/Gasteiger/ETKDG/MMFF batch calculation,empty field in CSV,80,0.001319239458,False,False,False
2363,cheap__v5__v5_mmffq_epair_Si_CL_absq,feature,cheap_rdkit_gasteiger_etkdg_mmff,float32,descriptor_specific_or_dimensionless,cheap_rdkit_gasteiger_etkdg_mmff feature: v5__v5_mmffq_epair_Si_CL_absq,Local RDKit/Gasteiger/ETKDG/MMFF batch calculation,empty field in CSV,80,0.001319239458,False,False,False
2364,cheap__v5__v5_mmffq_epair_Si_CL_signedq,feature,cheap_rdkit_gasteiger_etkdg_mmff,float32,descriptor_specific_or_dimensionless,cheap_rdkit_gasteiger_etkdg_mmff feature: v5__v5_mmffq_epair_Si_CL_signedq,Local RDKit/Gasteiger/ETKDG/MMFF batch calculation,empty field in CSV,80,0.001319239458,False,False,False
2365,cheap__v5__v5_mmffq_epair_Si_CL_dist_absq,feature,cheap_rdkit_gasteiger_etkdg_mmff,float32,descriptor_specific_or_dimensionless,cheap_rdkit_gasteiger_etkdg_mmff feature: v5__v5_mmffq_epair_Si_CL_dist_absq,Local RDKit/Gasteiger/ETKDG/MMFF batch calculation,empty field in CSV,80,0.001319239458,False,False,False
2366,cheap__v5__v5_mmffq_epair_Si_BR_count,feature,cheap_rdkit_gasteiger_etkdg_mmff,float32,count,cheap_rdkit_gasteiger_etkdg_mmff feature: v5__v5_mmffq_epair_Si_BR_count,Local RDKit/Gasteiger/ETKDG/MMFF batch calculation,empty field in CSV,80,0.001319239458,False,False,False
2367,cheap__v5__v5_mmffq_epair_Si_BR_absq,feature,cheap_rdkit_gasteiger_etkdg_mmff,float32,descriptor_specific_or_dimensionless,cheap_rdkit_gasteiger_etkdg_mmff feature: v5__v5_mmffq_epair_Si_BR_absq,Local RDKit/Gasteiger/ETKDG/MMFF batch calculation,empty field in CSV,80,0.001319239458,False,False,False
2368,cheap__v5__v5_mmffq_epair_Si_BR_signedq,feature,cheap_rdkit_gasteiger_etkdg_mmff,float32,descriptor_specific_or_dimensionless,cheap_rdkit_gasteiger_etkdg_mmff feature: v5__v5_mmffq_epair_Si_BR_signedq,Local RDKit/Gasteiger/ETKDG/MMFF batch calculation,empty field in CSV,80,0.001319239458,False,False,False
2369,cheap__v5__v5_mmffq_epair_Si_BR_dist_absq,feature,cheap_rdkit_gasteiger_etkdg_mmff,float32,descriptor_specific_or_dimensionless,cheap_rdkit_gasteiger_etkdg_mmff feature: v5__v5_mmffq_epair_Si_BR_dist_absq,Local RDKit/Gasteiger/ETKDG/MMFF batch calculation,empty field in CSV,80,0.001319239458,False,False,False
2370,cheap__v5__v5_mmffq_epair_P_P_count,feature,cheap_rdkit_gasteiger_etkdg_mmff,float32,count,cheap_rdkit_gasteiger_etkdg_mmff feature: v5__v5_mmffq_epair_P_P_count,Local RDKit/Gasteiger/ETKDG/MMFF batch calculation,empty field in CSV,80,0.001319239458,False,False,False
2371,cheap__v5__v5_mmffq_epair_P_P_absq,feature,cheap_rdkit_gasteiger_etkdg_mmff,float32,descriptor_specific_or_dimensionless,cheap_rdkit_gasteiger_etkdg_mmff feature: v5__v5_mmffq_epair_P_P_absq,Local RDKit/Gasteiger/ETKDG/MMFF batch calculation,empty field in CSV,80,0.001319239458,False,False,False
2372,cheap__v5__v5_mmffq_epair_P_P_signedq,feature,cheap_rdkit_gasteiger_etkdg_mmff,float32,descriptor_specific_or_dimensionless,cheap_rdkit_gasteiger_etkdg_mmff feature: v5__v5_mmffq_epair_P_P_signedq,Local RDKit/Gasteiger/ETKDG/MMFF batch calculation,empty field in CSV,80,0.001319239458,False,False,False
2373,cheap__v5__v5_mmffq_epair_P_P_dist_absq,feature,cheap_rdkit_gasteiger_etkdg_mmff,float32,descriptor_specific_or_dimensionless,cheap_rdkit_gasteiger_etkdg_mmff feature: v5__v5_mmffq_epair_P_P_dist_absq,Local RDKit/Gasteiger/ETKDG/MMFF batch calculation,empty field in CSV,80,0.001319239458,False,False,False
2374,cheap__v5__v5_mmffq_epair_P_S_count,feature,cheap_rdkit_gasteiger_etkdg_mmff,float32,count,cheap_rdkit_gasteiger_etkdg_mmff feature: v5__v5_mmffq_epair_P_S_count,Local RDKit/Gasteiger/ETKDG/MMFF batch calculation,empty field in CSV,80,0.001319239458,False,False,False
2375,cheap__v5__v5_mmffq_epair_P_S_absq,feature,cheap_rdkit_gasteiger_etkdg_mmff,float32,descriptor_specific_or_dimensionless,cheap_rdkit_gasteiger_etkdg_mmff feature: v5__v5_mmffq_epair_P_S_absq,Local RDKit/Gasteiger/ETKDG/MMFF batch calculation,empty field in CSV,80,0.001319239458,False,False,False
2376,cheap__v5__v5_mmffq_epair_P_S_signedq,feature,cheap_rdkit_gasteiger_etkdg_mmff,float32,descriptor_specific_or_dimensionless,cheap_rdkit_gasteiger_etkdg_mmff feature: v5__v5_mmffq_epair_P_S_signedq,Local RDKit/Gasteiger/ETKDG/MMFF batch calculation,empty field in CSV,80,0.001319239458,False,False,False
2377,cheap__v5__v5_mmffq_epair_P_S_dist_absq,feature,cheap_rdkit_gasteiger_etkdg_mmff,float32,descriptor_specific_or_dimensionless,cheap_rdkit_gasteiger_etkdg_mmff feature: v5__v5_mmffq_epair_P_S_dist_absq,Local RDKit/Gasteiger/ETKDG/MMFF batch calculation,empty field in CSV,80,0.001319239458,False,False,False
2378,cheap__v5__v5_mmffq_epair_P_CL_count,feature,cheap_rdkit_gasteiger_etkdg_mmff,float32,count,cheap_rdkit_gasteiger_etkdg_mmff feature: v5__v5_mmffq_epair_P_CL_count,Local RDKit/Gasteiger/ETKDG/MMFF batch calculation,empty field in CSV,80,0.001319239458,False,False,False
2379,cheap__v5__v5_mmffq_epair_P_CL_absq,feature,cheap_rdkit_gasteiger_etkdg_mmff,float32,descriptor_specific_or_dimensionless,cheap_rdkit_gasteiger_etkdg_mmff feature: v5__v5_mmffq_epair_P_CL_absq,Local RDKit/Gasteiger/ETKDG/MMFF batch calculation,empty field in CSV,80,0.001319239458,False,False,False
2380,cheap__v5__v5_mmffq_epair_P_CL_signedq,feature,cheap_rdkit_gasteiger_etkdg_mmff,float32,descriptor_specific_or_dimensionless,cheap_rdkit_gasteiger_etkdg_mmff feature: v5__v5_mmffq_epair_P_CL_signedq,Local RDKit/Gasteiger/ETKDG/MMFF batch calculation,empty field in CSV,80,0.001319239458,False,False,False
2381,cheap__v5__v5_mmffq_epair_P_CL_dist_absq,feature,cheap_rdkit_gasteiger_etkdg_mmff,float32,descriptor_specific_or_dimensionless,cheap_rdkit_gasteiger_etkdg_mmff feature: v5__v5_mmffq_epair_P_CL_dist_absq,Local RDKit/Gasteiger/ETKDG/MMFF batch calculation,empty field in CSV,80,0.001319239458,False,False,False
2382,cheap__v5__v5_mmffq_epair_P_BR_count,feature,cheap_rdkit_gasteiger_etkdg_mmff,float32,count,cheap_rdkit_gasteiger_etkdg_mmff feature: v5__v5_mmffq_epair_P_BR_count,Local RDKit/Gasteiger/ETKDG/MMFF batch calculation,empty field in CSV,80,0.001319239458,False,False,False
2383,cheap__v5__v5_mmffq_epair_P_BR_absq,feature,cheap_rdkit_gasteiger_etkdg_mmff,float32,descriptor_specific_or_dimensionless,cheap_rdkit_gasteiger_etkdg_mmff feature: v5__v5_mmffq_epair_P_BR_absq,Local RDKit/Gasteiger/ETKDG/MMFF batch calculation,empty field in CSV,80,0.001319239458,False,False,False
2384,cheap__v5__v5_mmffq_epair_P_BR_signedq,feature,cheap_rdkit_gasteiger_etkdg_mmff,float32,descriptor_specific_or_dimensionless,cheap_rdkit_gasteiger_etkdg_mmff feature: v5__v5_mmffq_epair_P_BR_signedq,Local RDKit/Gasteiger/ETKDG/MMFF batch calculation,empty field in CSV,80,0.001319239458,False,False,False
2385,cheap__v5__v5_mmffq_epair_P_BR_dist_absq,feature,cheap_rdkit_gasteiger_etkdg_mmff,float32,descriptor_specific_or_dimensionless,cheap_rdkit_gasteiger_etkdg_mmff feature: v5__v5_mmffq_epair_P_BR_dist_absq,Local RDKit/Gasteiger/ETKDG/MMFF batch calculation,empty field in CSV,80,0.001319239458,False,False,False
2386,cheap__v5__v5_mmffq_epair_S_S_count,feature,cheap_rdkit_gasteiger_etkdg_mmff,float32,count,cheap_rdkit_gasteiger_etkdg_mmff feature: v5__v5_mmffq_epair_S_S_count,Local RDKit/Gasteiger/ETKDG/MMFF batch calculation,empty field in CSV,80,0.001319239458,False,False,False
2387,cheap__v5__v5_mmffq_epair_S_S_absq,feature,cheap_rdkit_gasteiger_etkdg_mmff,float32,descriptor_specific_or_dimensionless,cheap_rdkit_gasteiger_etkdg_mmff feature: v5__v5_mmffq_epair_S_S_absq,Local RDKit/Gasteiger/ETKDG/MMFF batch calculation,empty field in CSV,80,0.001319239458,False,False,False
2388,cheap__v5__v5_mmffq_epair_S_S_signedq,feature,cheap_rdkit_gasteiger_etkdg_mmff,float32,descriptor_specific_or_dimensionless,cheap_rdkit_gasteiger_etkdg_mmff feature: v5__v5_mmffq_epair_S_S_signedq,Local RDKit/Gasteiger/ETKDG/MMFF batch calculation,empty field in CSV,80,0.001319239458,False,False,False
2389,cheap__v5__v5_mmffq_epair_S_S_dist_absq,feature,cheap_rdkit_gasteiger_etkdg_mmff,float32,descriptor_specific_or_dimensionless,cheap_rdkit_gasteiger_etkdg_mmff feature: v5__v5_mmffq_epair_S_S_dist_absq,Local RDKit/Gasteiger/ETKDG/MMFF batch calculation,empty field in CSV,80,0.001319239458,False,False,False
2390,cheap__v5__v5_mmffq_epair_S_CL_count,feature,cheap_rdkit_gasteiger_etkdg_mmff,float32,count,cheap_rdkit_gasteiger_etkdg_mmff feature: v5__v5_mmffq_epair_S_CL_count,Local RDKit/Gasteiger/ETKDG/MMFF batch calculation,empty field in CSV,80,0.001319239458,False,False,False
2391,cheap__v5__v5_mmffq_epair_S_CL_absq,feature,cheap_rdkit_gasteiger_etkdg_mmff,float32,descriptor_specific_or_dimensionless,cheap_rdkit_gasteiger_etkdg_mmff feature: v5__v5_mmffq_epair_S_CL_absq,Local RDKit/Gasteiger/ETKDG/MMFF batch calculation,empty field in CSV,80,0.001319239458,False,False,False
2392,cheap__v5__v5_mmffq_epair_S_CL_signedq,feature,cheap_rdkit_gasteiger_etkdg_mmff,float32,descriptor_specific_or_dimensionless,cheap_rdkit_gasteiger_etkdg_mmff feature: v5__v5_mmffq_epair_S_CL_signedq,Local RDKit/Gasteiger/ETKDG/MMFF batch calculation,empty field in CSV,80,0.001319239458,False,False,False
2393,cheap__v5__v5_mmffq_epair_S_CL_dist_absq,feature,cheap_rdkit_gasteiger_etkdg_mmff,float32,descriptor_specific_or_dimensionless,cheap_rdkit_gasteiger_etkdg_mmff feature: v5__v5_mmffq_epair_S_CL_dist_absq,Local RDKit/Gasteiger/ETKDG/MMFF batch calculation,empty field in CSV,80,0.001319239458,False,False,False
2394,cheap__v5__v5_mmffq_epair_S_BR_count,feature,cheap_rdkit_gasteiger_etkdg_mmff,float32,count,cheap_rdkit_gasteiger_etkdg_mmff feature: v5__v5_mmffq_epair_S_BR_count,Local RDKit/Gasteiger/ETKDG/MMFF batch calculation,empty field in CSV,80,0.001319239458,False,False,False
2395,cheap__v5__v5_mmffq_epair_S_BR_absq,feature,cheap_rdkit_gasteiger_etkdg_mmff,float32,descriptor_specific_or_dimensionless,cheap_rdkit_gasteiger_etkdg_mmff feature: v5__v5_mmffq_epair_S_BR_absq,Local RDKit/Gasteiger/ETKDG/MMFF batch calculation,empty field in CSV,80,0.001319239458,False,False,False
2396,cheap__v5__v5_mmffq_epair_S_BR_signedq,feature,cheap_rdkit_gasteiger_etkdg_mmff,float32,descriptor_specific_or_dimensionless,cheap_rdkit_gasteiger_etkdg_mmff feature: v5__v5_mmffq_epair_S_BR_signedq,Local RDKit/Gasteiger/ETKDG/MMFF batch calculation,empty field in CSV,80,0.001319239458,False,False,False
2397,cheap__v5__v5_mmffq_epair_S_BR_dist_absq,feature,cheap_rdkit_gasteiger_etkdg_mmff,float32,descriptor_specific_or_dimensionless,cheap_rdkit_gasteiger_etkdg_mmff feature: v5__v5_mmffq_epair_S_BR_dist_absq,Local RDKit/Gasteiger/ETKDG/MMFF batch calculation,empty field in CSV,80,0.001319239458,False,False,False
2398,cheap__v5__v5_mmffq_epair_CL_CL_count,feature,cheap_rdkit_gasteiger_etkdg_mmff,float32,count,cheap_rdkit_gasteiger_etkdg_mmff feature: v5__v5_mmffq_epair_CL_CL_count,Local RDKit/Gasteiger/ETKDG/MMFF batch calculation,empty field in CSV,80,0.001319239458,False,False,False
2399,cheap__v5__v5_mmffq_epair_CL_CL_absq,feature,cheap_rdkit_gasteiger_etkdg_mmff,float32,descriptor_specific_or_dimensionless,cheap_rdkit_gasteiger_etkdg_mmff feature: v5__v5_mmffq_epair_CL_CL_absq,Local RDKit/Gasteiger/ETKDG/MMFF batch calculation,empty field in CSV,80,0.001319239458,False,False,False
2400,cheap__v5__v5_mmffq_epair_CL_CL_signedq,feature,cheap_rdkit_gasteiger_etkdg_mmff,float32,descriptor_specific_or_dimensionless,cheap_rdkit_gasteiger_etkdg_mmff feature: v5__v5_mmffq_epair_CL_CL_signedq,Local RDKit/Gasteiger/ETKDG/MMFF batch calculation,empty field in CSV,80,0.001319239458,False,False,False
2401,cheap__v5__v5_mmffq_epair_CL_CL_dist_absq,feature,cheap_rdkit_gasteiger_etkdg_mmff,float32,descriptor_specific_or_dimensionless,cheap_rdkit_gasteiger_etkdg_mmff feature: v5__v5_mmffq_epair_CL_CL_dist_absq,Local RDKit/Gasteiger/ETKDG/MMFF batch calculation,empty field in CSV,80,0.001319239458,False,False,False
2402,cheap__v5__v5_mmffq_epair_CL_BR_count,feature,cheap_rdkit_gasteiger_etkdg_mmff,float32,count,cheap_rdkit_gasteiger_etkdg_mmff feature: v5__v5_mmffq_epair_CL_BR_count,Local RDKit/Gasteiger/ETKDG/MMFF batch calculation,empty field in CSV,80,0.001319239458,False,False,False
2403,cheap__v5__v5_mmffq_epair_CL_BR_absq,feature,cheap_rdkit_gasteiger_etkdg_mmff,float32,descriptor_specific_or_dimensionless,cheap_rdkit_gasteiger_etkdg_mmff feature: v5__v5_mmffq_epair_CL_BR_absq,Local RDKit/Gasteiger/ETKDG/MMFF batch calculation,empty field in CSV,80,0.001319239458,False,False,False
2404,cheap__v5__v5_mmffq_epair_CL_BR_signedq,feature,cheap_rdkit_gasteiger_etkdg_mmff,float32,descriptor_specific_or_dimensionless,cheap_rdkit_gasteiger_etkdg_mmff feature: v5__v5_mmffq_epair_CL_BR_signedq,Local RDKit/Gasteiger/ETKDG/MMFF batch calculation,empty field in CSV,80,0.001319239458,False,False,False
2405,cheap__v5__v5_mmffq_epair_CL_BR_dist_absq,feature,cheap_rdkit_gasteiger_etkdg_mmff,float32,descriptor_specific_or_dimensionless,cheap_rdkit_gasteiger_etkdg_mmff feature: v5__v5_mmffq_epair_CL_BR_dist_absq,Local RDKit/Gasteiger/ETKDG/MMFF batch calculation,empty field in CSV,80,0.001319239458,False,False,False
2406,cheap__v5__v5_mmffq_epair_BR_BR_count,feature,cheap_rdkit_gasteiger_etkdg_mmff,float32,count,cheap_rdkit_gasteiger_etkdg_mmff feature: v5__v5_mmffq_epair_BR_BR_count,Local RDKit/Gasteiger/ETKDG/MMFF batch calculation,empty field in CSV,80,0.001319239458,False,False,False
2407,cheap__v5__v5_mmffq_epair_BR_BR_absq,feature,cheap_rdkit_gasteiger_etkdg_mmff,float32,descriptor_specific_or_dimensionless,cheap_rdkit_gasteiger_etkdg_mmff feature: v5__v5_mmffq_epair_BR_BR_absq,Local RDKit/Gasteiger/ETKDG/MMFF batch calculation,empty field in CSV,80,0.001319239458,False,False,False
2408,cheap__v5__v5_mmffq_epair_BR_BR_signedq,feature,cheap_rdkit_gasteiger_etkdg_mmff,float32,descriptor_specific_or_dimensionless,cheap_rdkit_gasteiger_etkdg_mmff feature: v5__v5_mmffq_epair_BR_BR_signedq,Local RDKit/Gasteiger/ETKDG/MMFF batch calculation,empty field in CSV,80,0.001319239458,False,False,False
2409,cheap__v5__v5_mmffq_epair_BR_BR_dist_absq,feature,cheap_rdkit_gasteiger_etkdg_mmff,float32,descriptor_specific_or_dimensionless,cheap_rdkit_gasteiger_etkdg_mmff feature: v5__v5_mmffq_epair_BR_BR_dist_absq,Local RDKit/Gasteiger/ETKDG/MMFF batch calculation,empty field in CSV,80,0.001319239458,False,False,False
2410,single__xtb_ok,feature,gfn2_xtb_single_conformer,float32,descriptor_specific_or_dimensionless,gfn2_xtb_single_conformer feature: xtb_ok,Local single-conformer GFN2-xTB batch calculation,empty field in CSV,0,0,True,True,False
2411,single__xtb_n_atoms,feature,gfn2_xtb_single_conformer,float32,count,gfn2_xtb_single_conformer feature: xtb_n_atoms,Local single-conformer GFN2-xTB batch calculation,empty field in CSV,0,0,True,True,True
2412,single__xtb_q_min,feature,gfn2_xtb_single_conformer,float32,descriptor_specific_or_dimensionless,gfn2_xtb_single_conformer feature: xtb_q_min,Local single-conformer GFN2-xTB batch calculation,empty field in CSV,0,0,True,True,False
2413,single__xtb_q_max,feature,gfn2_xtb_single_conformer,float32,descriptor_specific_or_dimensionless,gfn2_xtb_single_conformer feature: xtb_q_max,Local single-conformer GFN2-xTB batch calculation,empty field in CSV,0,0,True,True,False
2414,single__xtb_q_range,feature,gfn2_xtb_single_conformer,float32,descriptor_specific_or_dimensionless,gfn2_xtb_single_conformer feature: xtb_q_range,Local single-conformer GFN2-xTB batch calculation,empty field in CSV,0,0,True,True,False
2415,single__xtb_q_std,feature,gfn2_xtb_single_conformer,float32,descriptor_specific_or_dimensionless,gfn2_xtb_single_conformer feature: xtb_q_std,Local single-conformer GFN2-xTB batch calculation,empty field in CSV,0,0,True,True,False
2416,single__xtb_q_abs_sum,feature,gfn2_xtb_single_conformer,float32,descriptor_specific_or_dimensionless,gfn2_xtb_single_conformer feature: xtb_q_abs_sum,Local single-conformer GFN2-xTB batch calculation,empty field in CSV,0,0,True,True,False
2417,single__xtb_q_pos_sum,feature,gfn2_xtb_single_conformer,float32,descriptor_specific_or_dimensionless,gfn2_xtb_single_conformer feature: xtb_q_pos_sum,Local single-conformer GFN2-xTB batch calculation,empty field in CSV,0,0,True,True,False
2418,single__xtb_q_neg_sum,feature,gfn2_xtb_single_conformer,float32,descriptor_specific_or_dimensionless,gfn2_xtb_single_conformer feature: xtb_q_neg_sum,Local single-conformer GFN2-xTB batch calculation,empty field in CSV,0,0,True,True,False
2419,single__xtb_heavy_q_std,feature,gfn2_xtb_single_conformer,float32,descriptor_specific_or_dimensionless,gfn2_xtb_single_conformer feature: xtb_heavy_q_std,Local single-conformer GFN2-xTB batch calculation,empty field in CSV,0,0,True,True,False
2420,single__xtb_heavy_q_abs_sum,feature,gfn2_xtb_single_conformer,float32,descriptor_specific_or_dimensionless,gfn2_xtb_single_conformer feature: xtb_heavy_q_abs_sum,Local single-conformer GFN2-xTB batch calculation,empty field in CSV,0,0,True,True,False
2421,single__xtb_q_H_sum,feature,gfn2_xtb_single_conformer,float32,descriptor_specific_or_dimensionless,gfn2_xtb_single_conformer feature: xtb_q_H_sum,Local single-conformer GFN2-xTB batch calculation,empty field in CSV,0,0,True,True,False
2422,single__xtb_q_H_abs_sum,feature,gfn2_xtb_single_conformer,float32,descriptor_specific_or_dimensionless,gfn2_xtb_single_conformer feature: xtb_q_H_abs_sum,Local single-conformer GFN2-xTB batch calculation,empty field in CSV,0,0,True,True,False
2423,single__xtb_q_H_mean,feature,gfn2_xtb_single_conformer,float32,descriptor_specific_or_dimensionless,gfn2_xtb_single_conformer feature: xtb_q_H_mean,Local single-conformer GFN2-xTB batch calculation,empty field in CSV,0,0,True,True,False
2424,single__xtb_q_H_std,feature,gfn2_xtb_single_conformer,float32,descriptor_specific_or_dimensionless,gfn2_xtb_single_conformer feature: xtb_q_H_std,Local single-conformer GFN2-xTB batch calculation,empty field in CSV,0,0,True,True,False
2425,single__xtb_q_C_sum,feature,gfn2_xtb_single_conformer,float32,descriptor_specific_or_dimensionless,gfn2_xtb_single_conformer feature: xtb_q_C_sum,Local single-conformer GFN2-xTB batch calculation,empty field in CSV,0,0,True,True,True
2426,single__xtb_q_C_abs_sum,feature,gfn2_xtb_single_conformer,float32,descriptor_specific_or_dimensionless,gfn2_xtb_single_conformer feature: xtb_q_C_abs_sum,Local single-conformer GFN2-xTB batch calculation,empty field in CSV,0,0,True,True,False
2427,single__xtb_q_C_mean,feature,gfn2_xtb_single_conformer,float32,descriptor_specific_or_dimensionless,gfn2_xtb_single_conformer feature: xtb_q_C_mean,Local single-conformer GFN2-xTB batch calculation,empty field in CSV,0,0,True,True,True
2428,single__xtb_q_C_std,feature,gfn2_xtb_single_conformer,float32,descriptor_specific_or_dimensionless,gfn2_xtb_single_conformer feature: xtb_q_C_std,Local single-conformer GFN2-xTB batch calculation,empty field in CSV,0,0,True,True,False
2429,single__xtb_q_N_sum,feature,gfn2_xtb_single_conformer,float32,count,gfn2_xtb_single_conformer feature: xtb_q_N_sum,Local single-conformer GFN2-xTB batch calculation,empty field in CSV,0,0,True,True,False
2430,single__xtb_q_N_abs_sum,feature,gfn2_xtb_single_conformer,float32,count,gfn2_xtb_single_conformer feature: xtb_q_N_abs_sum,Local single-conformer GFN2-xTB batch calculation,empty field in CSV,0,0,True,True,False
2431,single__xtb_q_N_mean,feature,gfn2_xtb_single_conformer,float32,count,gfn2_xtb_single_conformer feature: xtb_q_N_mean,Local single-conformer GFN2-xTB batch calculation,empty field in CSV,0,0,True,True,False
2432,single__xtb_q_N_std,feature,gfn2_xtb_single_conformer,float32,count,gfn2_xtb_single_conformer feature: xtb_q_N_std,Local single-conformer GFN2-xTB batch calculation,empty field in CSV,0,0,True,True,False
2433,single__xtb_q_O_sum,feature,gfn2_xtb_single_conformer,float32,descriptor_specific_or_dimensionless,gfn2_xtb_single_conformer feature: xtb_q_O_sum,Local single-conformer GFN2-xTB batch calculation,empty field in CSV,0,0,True,True,False
2434,single__xtb_q_O_abs_sum,feature,gfn2_xtb_single_conformer,float32,descriptor_specific_or_dimensionless,gfn2_xtb_single_conformer feature: xtb_q_O_abs_sum,Local single-conformer GFN2-xTB batch calculation,empty field in CSV,0,0,True,True,False
2435,single__xtb_q_O_mean,feature,gfn2_xtb_single_conformer,float32,descriptor_specific_or_dimensionless,gfn2_xtb_single_conformer feature: xtb_q_O_mean,Local single-conformer GFN2-xTB batch calculation,empty field in CSV,0,0,True,True,False
2436,single__xtb_q_O_std,feature,gfn2_xtb_single_conformer,float32,descriptor_specific_or_dimensionless,gfn2_xtb_single_conformer feature: xtb_q_O_std,Local single-conformer GFN2-xTB batch calculation,empty field in CSV,0,0,True,True,False
2437,single__xtb_q_F_sum,feature,gfn2_xtb_single_conformer,float32,descriptor_specific_or_dimensionless,gfn2_xtb_single_conformer feature: xtb_q_F_sum,Local single-conformer GFN2-xTB batch calculation,empty field in CSV,0,0,True,True,False
2438,single__xtb_q_F_abs_sum,feature,gfn2_xtb_single_conformer,float32,descriptor_specific_or_dimensionless,gfn2_xtb_single_conformer feature: xtb_q_F_abs_sum,Local single-conformer GFN2-xTB batch calculation,empty field in CSV,0,0,True,True,False
2439,single__xtb_q_F_mean,feature,gfn2_xtb_single_conformer,float32,descriptor_specific_or_dimensionless,gfn2_xtb_single_conformer feature: xtb_q_F_mean,Local single-conformer GFN2-xTB batch calculation,empty field in CSV,0,0,True,True,False
2440,single__xtb_q_F_std,feature,gfn2_xtb_single_conformer,float32,descriptor_specific_or_dimensionless,gfn2_xtb_single_conformer feature: xtb_q_F_std,Local single-conformer GFN2-xTB batch calculation,empty field in CSV,0,0,True,True,False
2441,single__xtb_q_Si_sum,feature,gfn2_xtb_single_conformer,float32,descriptor_specific_or_dimensionless,gfn2_xtb_single_conformer feature: xtb_q_Si_sum,Local single-conformer GFN2-xTB batch calculation,empty field in CSV,0,0,True,True,False
2442,single__xtb_q_Si_abs_sum,feature,gfn2_xtb_single_conformer,float32,descriptor_specific_or_dimensionless,gfn2_xtb_single_conformer feature: xtb_q_Si_abs_sum,Local single-conformer GFN2-xTB batch calculation,empty field in CSV,0,0,True,True,False
2443,single__xtb_q_Si_mean,feature,gfn2_xtb_single_conformer,float32,descriptor_specific_or_dimensionless,gfn2_xtb_single_conformer feature: xtb_q_Si_mean,Local single-conformer GFN2-xTB batch calculation,empty field in CSV,0,0,True,True,False
2444,single__xtb_q_Si_std,feature,gfn2_xtb_single_conformer,float32,descriptor_specific_or_dimensionless,gfn2_xtb_single_conformer feature: xtb_q_Si_std,Local single-conformer GFN2-xTB batch calculation,empty field in CSV,0,0,True,True,False
2445,single__xtb_q_P_sum,feature,gfn2_xtb_single_conformer,float32,descriptor_specific_or_dimensionless,gfn2_xtb_single_conformer feature: xtb_q_P_sum,Local single-conformer GFN2-xTB batch calculation,empty field in CSV,0,0,True,True,False
2446,single__xtb_q_P_abs_sum,feature,gfn2_xtb_single_conformer,float32,descriptor_specific_or_dimensionless,gfn2_xtb_single_conformer feature: xtb_q_P_abs_sum,Local single-conformer GFN2-xTB batch calculation,empty field in CSV,0,0,True,True,False
2447,single__xtb_q_P_mean,feature,gfn2_xtb_single_conformer,float32,descriptor_specific_or_dimensionless,gfn2_xtb_single_conformer feature: xtb_q_P_mean,Local single-conformer GFN2-xTB batch calculation,empty field in CSV,0,0,True,True,False
2448,single__xtb_q_P_std,feature,gfn2_xtb_single_conformer,float32,descriptor_specific_or_dimensionless,gfn2_xtb_single_conformer feature: xtb_q_P_std,Local single-conformer GFN2-xTB batch calculation,empty field in CSV,0,0,True,True,False
2449,single__xtb_q_S_sum,feature,gfn2_xtb_single_conformer,float32,descriptor_specific_or_dimensionless,gfn2_xtb_single_conformer feature: xtb_q_S_sum,Local single-conformer GFN2-xTB batch calculation,empty field in CSV,0,0,True,True,False
2450,single__xtb_q_S_abs_sum,feature,gfn2_xtb_single_conformer,float32,descriptor_specific_or_dimensionless,gfn2_xtb_single_conformer feature: xtb_q_S_abs_sum,Local single-conformer GFN2-xTB batch calculation,empty field in CSV,0,0,True,True,False
2451,single__xtb_q_S_mean,feature,gfn2_xtb_single_conformer,float32,descriptor_specific_or_dimensionless,gfn2_xtb_single_conformer feature: xtb_q_S_mean,Local single-conformer GFN2-xTB batch calculation,empty field in CSV,0,0,True,True,False
2452,single__xtb_q_S_std,feature,gfn2_xtb_single_conformer,float32,descriptor_specific_or_dimensionless,gfn2_xtb_single_conformer feature: xtb_q_S_std,Local single-conformer GFN2-xTB batch calculation,empty field in CSV,0,0,True,True,False
2453,single__xtb_q_Cl_sum,feature,gfn2_xtb_single_conformer,float32,descriptor_specific_or_dimensionless,gfn2_xtb_single_conformer feature: xtb_q_Cl_sum,Local single-conformer GFN2-xTB batch calculation,empty field in CSV,0,0,True,True,False
2454,single__xtb_q_Cl_abs_sum,feature,gfn2_xtb_single_conformer,float32,descriptor_specific_or_dimensionless,gfn2_xtb_single_conformer feature: xtb_q_Cl_abs_sum,Local single-conformer GFN2-xTB batch calculation,empty field in CSV,0,0,True,True,False
2455,single__xtb_q_Cl_mean,feature,gfn2_xtb_single_conformer,float32,descriptor_specific_or_dimensionless,gfn2_xtb_single_conformer feature: xtb_q_Cl_mean,Local single-conformer GFN2-xTB batch calculation,empty field in CSV,0,0,True,True,False
2456,single__xtb_q_Cl_std,feature,gfn2_xtb_single_conformer,float32,descriptor_specific_or_dimensionless,gfn2_xtb_single_conformer feature: xtb_q_Cl_std,Local single-conformer GFN2-xTB batch calculation,empty field in CSV,0,0,True,True,False
2457,single__xtb_q_Br_sum,feature,gfn2_xtb_single_conformer,float32,descriptor_specific_or_dimensionless,gfn2_xtb_single_conformer feature: xtb_q_Br_sum,Local single-conformer GFN2-xTB batch calculation,empty field in CSV,0,0,True,True,False
2458,single__xtb_q_Br_abs_sum,feature,gfn2_xtb_single_conformer,float32,descriptor_specific_or_dimensionless,gfn2_xtb_single_conformer feature: xtb_q_Br_abs_sum,Local single-conformer GFN2-xTB batch calculation,empty field in CSV,0,0,True,True,False
2459,single__xtb_q_Br_mean,feature,gfn2_xtb_single_conformer,float32,descriptor_specific_or_dimensionless,gfn2_xtb_single_conformer feature: xtb_q_Br_mean,Local single-conformer GFN2-xTB batch calculation,empty field in CSV,0,0,True,True,False
2460,single__xtb_q_Br_std,feature,gfn2_xtb_single_conformer,float32,descriptor_specific_or_dimensionless,gfn2_xtb_single_conformer feature: xtb_q_Br_std,Local single-conformer GFN2-xTB batch calculation,empty field in CSV,0,0,True,True,False
2461,single__xtb_direct_charge_dipole_norm,feature,gfn2_xtb_single_conformer,float32,debye,gfn2_xtb_single_conformer feature: xtb_direct_charge_dipole_norm,Local single-conformer GFN2-xTB batch calculation,empty field in CSV,0,0,True,True,False
2462,single__xtb_direct_charge_dipole_heavy_norm,feature,gfn2_xtb_single_conformer,float32,debye,gfn2_xtb_single_conformer feature: xtb_direct_charge_dipole_heavy_norm,Local single-conformer GFN2-xTB batch calculation,empty field in CSV,0,0,True,True,False
2463,single__xtb_pos_neg_center_dist,feature,gfn2_xtb_single_conformer,float32,descriptor_specific_or_dimensionless,gfn2_xtb_single_conformer feature: xtb_pos_neg_center_dist,Local single-conformer GFN2-xTB batch calculation,empty field in CSV,0,0,True,True,False
2464,single__xtb_maxpos_maxneg_dist,feature,gfn2_xtb_single_conformer,float32,descriptor_specific_or_dimensionless,gfn2_xtb_single_conformer feature: xtb_maxpos_maxneg_dist,Local single-conformer GFN2-xTB batch calculation,empty field in CSV,0,0,True,True,False
2465,single__xtb_abs_charge_weighted_rg,feature,gfn2_xtb_single_conformer,float32,angstrom_or_derived,gfn2_xtb_single_conformer feature: xtb_abs_charge_weighted_rg,Local single-conformer GFN2-xTB batch calculation,empty field in CSV,0,0,True,True,True
2466,single__xtb_abs_charge_moment1,feature,gfn2_xtb_single_conformer,float32,descriptor_specific_or_dimensionless,gfn2_xtb_single_conformer feature: xtb_abs_charge_moment1,Local single-conformer GFN2-xTB batch calculation,empty field in CSV,0,0,True,True,True
2467,single__xtb_abs_charge_moment2,feature,gfn2_xtb_single_conformer,float32,descriptor_specific_or_dimensionless,gfn2_xtb_single_conformer feature: xtb_abs_charge_moment2,Local single-conformer GFN2-xTB batch calculation,empty field in CSV,0,0,True,True,True
2468,single__xtb_abs_charge_moment3,feature,gfn2_xtb_single_conformer,float32,descriptor_specific_or_dimensionless,gfn2_xtb_single_conformer feature: xtb_abs_charge_moment3,Local single-conformer GFN2-xTB batch calculation,empty field in CSV,0,0,True,True,True
2469,single__xtb_qcov_eig1,feature,gfn2_xtb_single_conformer,float32,descriptor_specific_or_dimensionless,gfn2_xtb_single_conformer feature: xtb_qcov_eig1,Local single-conformer GFN2-xTB batch calculation,empty field in CSV,0,0,True,True,False
2470,single__xtb_qcov_eig2,feature,gfn2_xtb_single_conformer,float32,descriptor_specific_or_dimensionless,gfn2_xtb_single_conformer feature: xtb_qcov_eig2,Local single-conformer GFN2-xTB batch calculation,empty field in CSV,0,0,True,True,False
2471,single__xtb_qcov_eig3,feature,gfn2_xtb_single_conformer,float32,descriptor_specific_or_dimensionless,gfn2_xtb_single_conformer feature: xtb_qcov_eig3,Local single-conformer GFN2-xTB batch calculation,empty field in CSV,0,0,True,True,False
2472,single__xtb_qcov_trace,feature,gfn2_xtb_single_conformer,float32,descriptor_specific_or_dimensionless,gfn2_xtb_single_conformer feature: xtb_qcov_trace,Local single-conformer GFN2-xTB batch calculation,empty field in CSV,0,0,True,True,True
2473,single__xtb_qcov_anisotropy,feature,gfn2_xtb_single_conformer,float32,descriptor_specific_or_dimensionless,gfn2_xtb_single_conformer feature: xtb_qcov_anisotropy,Local single-conformer GFN2-xTB batch calculation,empty field in CSV,0,0,True,True,False
2474,single__xtb_qcov_planarity,feature,gfn2_xtb_single_conformer,float32,descriptor_specific_or_dimensionless,gfn2_xtb_single_conformer feature: xtb_qcov_planarity,Local single-conformer GFN2-xTB batch calculation,empty field in CSV,0,0,True,True,False
2475,single__xtb_signed_charge_second_moment,feature,gfn2_xtb_single_conformer,float32,descriptor_specific_or_dimensionless,gfn2_xtb_single_conformer feature: xtb_signed_charge_second_moment,Local single-conformer GFN2-xTB batch calculation,empty field in CSV,0,0,True,True,False
2476,single__xtb_abs_signed_charge_second_moment,feature,gfn2_xtb_single_conformer,float32,descriptor_specific_or_dimensionless,gfn2_xtb_single_conformer feature: xtb_abs_signed_charge_second_moment,Local single-conformer GFN2-xTB batch calculation,empty field in CSV,0,0,True,True,False
2477,single__xtb_pair_abs_q_dist_sum,feature,gfn2_xtb_single_conformer,float32,descriptor_specific_or_dimensionless,gfn2_xtb_single_conformer feature: xtb_pair_abs_q_dist_sum,Local single-conformer GFN2-xTB batch calculation,empty field in CSV,0,0,True,True,False
2478,single__xtb_pair_abs_q_dist2_sum,feature,gfn2_xtb_single_conformer,float32,descriptor_specific_or_dimensionless,gfn2_xtb_single_conformer feature: xtb_pair_abs_q_dist2_sum,Local single-conformer GFN2-xTB batch calculation,empty field in CSV,0,0,True,True,False
2479,single__xtb_pair_opposite_q_dist_sum,feature,gfn2_xtb_single_conformer,float32,descriptor_specific_or_dimensionless,gfn2_xtb_single_conformer feature: xtb_pair_opposite_q_dist_sum,Local single-conformer GFN2-xTB batch calculation,empty field in CSV,0,0,True,True,False
2480,single__xtb_pair_opposite_q_dist_mean,feature,gfn2_xtb_single_conformer,float32,descriptor_specific_or_dimensionless,gfn2_xtb_single_conformer feature: xtb_pair_opposite_q_dist_mean,Local single-conformer GFN2-xTB batch calculation,empty field in CSV,0,0,True,True,True
2481,single__xtb_pair_same_q_dist_sum,feature,gfn2_xtb_single_conformer,float32,descriptor_specific_or_dimensionless,gfn2_xtb_single_conformer feature: xtb_pair_same_q_dist_sum,Local single-conformer GFN2-xTB batch calculation,empty field in CSV,0,0,True,True,False
2482,single__xtb_pair_same_q_dist_mean,feature,gfn2_xtb_single_conformer,float32,descriptor_specific_or_dimensionless,gfn2_xtb_single_conformer feature: xtb_pair_same_q_dist_mean,Local single-conformer GFN2-xTB batch calculation,empty field in CSV,0,0,True,True,True
2483,single__xtb_full_dipole_debye,feature,gfn2_xtb_single_conformer,float32,debye,gfn2_xtb_single_conformer feature: xtb_full_dipole_debye,Local single-conformer GFN2-xTB batch calculation,empty field in CSV,0,0,True,True,False
2484,single__xtb_qonly_dipole_debye,feature,gfn2_xtb_single_conformer,float32,debye,gfn2_xtb_single_conformer feature: xtb_qonly_dipole_debye,Local single-conformer GFN2-xTB batch calculation,empty field in CSV,0,0,True,True,False
2485,single__xtb_full_minus_qonly_dipole_debye,feature,gfn2_xtb_single_conformer,float32,debye,gfn2_xtb_single_conformer feature: xtb_full_minus_qonly_dipole_debye,Local single-conformer GFN2-xTB batch calculation,empty field in CSV,0,0,True,True,False
2486,single__xtb_mol_c6,feature,gfn2_xtb_single_conformer,float32,atomic_unit_or_derived,gfn2_xtb_single_conformer feature: xtb_mol_c6,Local single-conformer GFN2-xTB batch calculation,empty field in CSV,0,0,False,False,True
2487,single__xtb_mol_c8,feature,gfn2_xtb_single_conformer,float32,atomic_unit_or_derived,gfn2_xtb_single_conformer feature: xtb_mol_c8,Local single-conformer GFN2-xTB batch calculation,empty field in CSV,0,0,False,False,True
2488,single__xtb_mol_polarizability_au,feature,gfn2_xtb_single_conformer,float32,atomic_unit_or_derived,gfn2_xtb_single_conformer feature: xtb_mol_polarizability_au,Local single-conformer GFN2-xTB batch calculation,empty field in CSV,0,0,False,False,True
2489,single__xtb_quad_frobenius,feature,gfn2_xtb_single_conformer,float32,descriptor_specific_or_dimensionless,gfn2_xtb_single_conformer feature: xtb_quad_frobenius,Local single-conformer GFN2-xTB batch calculation,empty field in CSV,0,0,True,True,False
2490,single__xtb_quad_eig1,feature,gfn2_xtb_single_conformer,float32,descriptor_specific_or_dimensionless,gfn2_xtb_single_conformer feature: xtb_quad_eig1,Local single-conformer GFN2-xTB batch calculation,empty field in CSV,0,0,True,True,False
2491,single__xtb_quad_eig2,feature,gfn2_xtb_single_conformer,float32,descriptor_specific_or_dimensionless,gfn2_xtb_single_conformer feature: xtb_quad_eig2,Local single-conformer GFN2-xTB batch calculation,empty field in CSV,0,0,True,True,False
2492,single__xtb_quad_eig3,feature,gfn2_xtb_single_conformer,float32,descriptor_specific_or_dimensionless,gfn2_xtb_single_conformer feature: xtb_quad_eig3,Local single-conformer GFN2-xTB batch calculation,empty field in CSV,0,0,True,True,False
2493,single__xtb_quad_anisotropy,feature,gfn2_xtb_single_conformer,float32,descriptor_specific_or_dimensionless,gfn2_xtb_single_conformer feature: xtb_quad_anisotropy,Local single-conformer GFN2-xTB batch calculation,empty field in CSV,0,0,True,True,False
2494,mc3__n_conformer_failure,feature,gfn2_xtb_three_conformer_summary,float32,count,gfn2_xtb_three_conformer_summary feature: n_conformer_failure,Local three-conformer GFN2-xTB batch calculation,empty field in CSV,0,0,True,True,False
2495,mc3__xtb_mc3_n_conformer_success,feature,gfn2_xtb_three_conformer_summary,float32,count,gfn2_xtb_three_conformer_summary feature: xtb_mc3_n_conformer_success,Local three-conformer GFN2-xTB batch calculation,empty field in CSV,0,0,True,True,False
2496,mc3__xtb_mc3_conformer_failure_rate,feature,gfn2_xtb_three_conformer_summary,float32,descriptor_specific_or_dimensionless,gfn2_xtb_three_conformer_summary feature: xtb_mc3_conformer_failure_rate,Local three-conformer GFN2-xTB batch calculation,empty field in CSV,0,0,True,True,False
2497,mc3__xtb_mc3_energy_parse_ok_rate,feature,gfn2_xtb_three_conformer_summary,float32,descriptor_specific_or_dimensionless,gfn2_xtb_three_conformer_summary feature: xtb_mc3_energy_parse_ok_rate,Local three-conformer GFN2-xTB batch calculation,empty field in CSV,0,0,True,True,False
2498,mc3__xtb_mc3_xtb_abs_charge_moment1_mean,feature,gfn2_xtb_three_conformer_summary,float32,descriptor_specific_or_dimensionless,gfn2_xtb_three_conformer_summary feature: xtb_mc3_xtb_abs_charge_moment1_mean,Local three-conformer GFN2-xTB batch calculation,empty field in CSV,0,0,True,True,True
2499,mc3__xtb_mc3_xtb_abs_charge_moment1_std,feature,gfn2_xtb_three_conformer_summary,float32,descriptor_specific_or_dimensionless,gfn2_xtb_three_conformer_summary feature: xtb_mc3_xtb_abs_charge_moment1_std,Local three-conformer GFN2-xTB batch calculation,empty field in CSV,0,0,True,True,False
2500,mc3__xtb_mc3_xtb_abs_charge_moment1_min,feature,gfn2_xtb_three_conformer_summary,float32,descriptor_specific_or_dimensionless,gfn2_xtb_three_conformer_summary feature: xtb_mc3_xtb_abs_charge_moment1_min,Local three-conformer GFN2-xTB batch calculation,empty field in CSV,0,0,True,True,True
2501,mc3__xtb_mc3_xtb_abs_charge_moment1_max,feature,gfn2_xtb_three_conformer_summary,float32,descriptor_specific_or_dimensionless,gfn2_xtb_three_conformer_summary feature: xtb_mc3_xtb_abs_charge_moment1_max,Local three-conformer GFN2-xTB batch calculation,empty field in CSV,0,0,True,True,True
2502,mc3__xtb_mc3_xtb_abs_charge_moment1_range,feature,gfn2_xtb_three_conformer_summary,float32,descriptor_specific_or_dimensionless,gfn2_xtb_three_conformer_summary feature: xtb_mc3_xtb_abs_charge_moment1_range,Local three-conformer GFN2-xTB batch calculation,empty field in CSV,0,0,True,True,False
2503,mc3__xtb_mc3_xtb_abs_charge_moment1_lowe,feature,gfn2_xtb_three_conformer_summary,float32,descriptor_specific_or_dimensionless,gfn2_xtb_three_conformer_summary feature: xtb_mc3_xtb_abs_charge_moment1_lowe,Local three-conformer GFN2-xTB batch calculation,empty field in CSV,0,0,True,True,True
2504,mc3__xtb_mc3_xtb_abs_charge_moment2_mean,feature,gfn2_xtb_three_conformer_summary,float32,descriptor_specific_or_dimensionless,gfn2_xtb_three_conformer_summary feature: xtb_mc3_xtb_abs_charge_moment2_mean,Local three-conformer GFN2-xTB batch calculation,empty field in CSV,0,0,True,True,True
2505,mc3__xtb_mc3_xtb_abs_charge_moment2_std,feature,gfn2_xtb_three_conformer_summary,float32,descriptor_specific_or_dimensionless,gfn2_xtb_three_conformer_summary feature: xtb_mc3_xtb_abs_charge_moment2_std,Local three-conformer GFN2-xTB batch calculation,empty field in CSV,0,0,True,True,False
2506,mc3__xtb_mc3_xtb_abs_charge_moment2_min,feature,gfn2_xtb_three_conformer_summary,float32,descriptor_specific_or_dimensionless,gfn2_xtb_three_conformer_summary feature: xtb_mc3_xtb_abs_charge_moment2_min,Local three-conformer GFN2-xTB batch calculation,empty field in CSV,0,0,True,True,True
2507,mc3__xtb_mc3_xtb_abs_charge_moment2_max,feature,gfn2_xtb_three_conformer_summary,float32,descriptor_specific_or_dimensionless,gfn2_xtb_three_conformer_summary feature: xtb_mc3_xtb_abs_charge_moment2_max,Local three-conformer GFN2-xTB batch calculation,empty field in CSV,0,0,True,True,True
2508,mc3__xtb_mc3_xtb_abs_charge_moment2_range,feature,gfn2_xtb_three_conformer_summary,float32,descriptor_specific_or_dimensionless,gfn2_xtb_three_conformer_summary feature: xtb_mc3_xtb_abs_charge_moment2_range,Local three-conformer GFN2-xTB batch calculation,empty field in CSV,0,0,True,True,False
2509,mc3__xtb_mc3_xtb_abs_charge_moment2_lowe,feature,gfn2_xtb_three_conformer_summary,float32,descriptor_specific_or_dimensionless,gfn2_xtb_three_conformer_summary feature: xtb_mc3_xtb_abs_charge_moment2_lowe,Local three-conformer GFN2-xTB batch calculation,empty field in CSV,0,0,True,True,True
2510,mc3__xtb_mc3_xtb_abs_charge_moment3_mean,feature,gfn2_xtb_three_conformer_summary,float32,descriptor_specific_or_dimensionless,gfn2_xtb_three_conformer_summary feature: xtb_mc3_xtb_abs_charge_moment3_mean,Local three-conformer GFN2-xTB batch calculation,empty field in CSV,0,0,True,True,True
2511,mc3__xtb_mc3_xtb_abs_charge_moment3_std,feature,gfn2_xtb_three_conformer_summary,float32,descriptor_specific_or_dimensionless,gfn2_xtb_three_conformer_summary feature: xtb_mc3_xtb_abs_charge_moment3_std,Local three-conformer GFN2-xTB batch calculation,empty field in CSV,0,0,True,True,False
2512,mc3__xtb_mc3_xtb_abs_charge_moment3_min,feature,gfn2_xtb_three_conformer_summary,float32,descriptor_specific_or_dimensionless,gfn2_xtb_three_conformer_summary feature: xtb_mc3_xtb_abs_charge_moment3_min,Local three-conformer GFN2-xTB batch calculation,empty field in CSV,0,0,True,True,True
2513,mc3__xtb_mc3_xtb_abs_charge_moment3_max,feature,gfn2_xtb_three_conformer_summary,float32,descriptor_specific_or_dimensionless,gfn2_xtb_three_conformer_summary feature: xtb_mc3_xtb_abs_charge_moment3_max,Local three-conformer GFN2-xTB batch calculation,empty field in CSV,0,0,True,True,True
2514,mc3__xtb_mc3_xtb_abs_charge_moment3_range,feature,gfn2_xtb_three_conformer_summary,float32,descriptor_specific_or_dimensionless,gfn2_xtb_three_conformer_summary feature: xtb_mc3_xtb_abs_charge_moment3_range,Local three-conformer GFN2-xTB batch calculation,empty field in CSV,0,0,True,True,False
2515,mc3__xtb_mc3_xtb_abs_charge_moment3_lowe,feature,gfn2_xtb_three_conformer_summary,float32,descriptor_specific_or_dimensionless,gfn2_xtb_three_conformer_summary feature: xtb_mc3_xtb_abs_charge_moment3_lowe,Local three-conformer GFN2-xTB batch calculation,empty field in CSV,0,0,True,True,True
2516,mc3__xtb_mc3_xtb_abs_charge_weighted_rg_mean,feature,gfn2_xtb_three_conformer_summary,float32,descriptor_specific_or_dimensionless,gfn2_xtb_three_conformer_summary feature: xtb_mc3_xtb_abs_charge_weighted_rg_mean,Local three-conformer GFN2-xTB batch calculation,empty field in CSV,0,0,True,True,True
2517,mc3__xtb_mc3_xtb_abs_charge_weighted_rg_std,feature,gfn2_xtb_three_conformer_summary,float32,descriptor_specific_or_dimensionless,gfn2_xtb_three_conformer_summary feature: xtb_mc3_xtb_abs_charge_weighted_rg_std,Local three-conformer GFN2-xTB batch calculation,empty field in CSV,0,0,True,True,False
2518,mc3__xtb_mc3_xtb_abs_charge_weighted_rg_min,feature,gfn2_xtb_three_conformer_summary,float32,descriptor_specific_or_dimensionless,gfn2_xtb_three_conformer_summary feature: xtb_mc3_xtb_abs_charge_weighted_rg_min,Local three-conformer GFN2-xTB batch calculation,empty field in CSV,0,0,True,True,True
2519,mc3__xtb_mc3_xtb_abs_charge_weighted_rg_max,feature,gfn2_xtb_three_conformer_summary,float32,descriptor_specific_or_dimensionless,gfn2_xtb_three_conformer_summary feature: xtb_mc3_xtb_abs_charge_weighted_rg_max,Local three-conformer GFN2-xTB batch calculation,empty field in CSV,0,0,True,True,True
2520,mc3__xtb_mc3_xtb_abs_charge_weighted_rg_range,feature,gfn2_xtb_three_conformer_summary,float32,descriptor_specific_or_dimensionless,gfn2_xtb_three_conformer_summary feature: xtb_mc3_xtb_abs_charge_weighted_rg_range,Local three-conformer GFN2-xTB batch calculation,empty field in CSV,0,0,True,True,False
2521,mc3__xtb_mc3_xtb_abs_charge_weighted_rg_lowe,feature,gfn2_xtb_three_conformer_summary,float32,descriptor_specific_or_dimensionless,gfn2_xtb_three_conformer_summary feature: xtb_mc3_xtb_abs_charge_weighted_rg_lowe,Local three-conformer GFN2-xTB batch calculation,empty field in CSV,0,0,True,True,True
2522,mc3__xtb_mc3_xtb_abs_signed_charge_second_moment_mean,feature,gfn2_xtb_three_conformer_summary,float32,descriptor_specific_or_dimensionless,gfn2_xtb_three_conformer_summary feature: xtb_mc3_xtb_abs_signed_charge_second_moment_mean,Local three-conformer GFN2-xTB batch calculation,empty field in CSV,0,0,True,True,False
2523,mc3__xtb_mc3_xtb_abs_signed_charge_second_moment_std,feature,gfn2_xtb_three_conformer_summary,float32,descriptor_specific_or_dimensionless,gfn2_xtb_three_conformer_summary feature: xtb_mc3_xtb_abs_signed_charge_second_moment_std,Local three-conformer GFN2-xTB batch calculation,empty field in CSV,0,0,True,True,False
2524,mc3__xtb_mc3_xtb_abs_signed_charge_second_moment_min,feature,gfn2_xtb_three_conformer_summary,float32,descriptor_specific_or_dimensionless,gfn2_xtb_three_conformer_summary feature: xtb_mc3_xtb_abs_signed_charge_second_moment_min,Local three-conformer GFN2-xTB batch calculation,empty field in CSV,0,0,True,True,False
2525,mc3__xtb_mc3_xtb_abs_signed_charge_second_moment_max,feature,gfn2_xtb_three_conformer_summary,float32,descriptor_specific_or_dimensionless,gfn2_xtb_three_conformer_summary feature: xtb_mc3_xtb_abs_signed_charge_second_moment_max,Local three-conformer GFN2-xTB batch calculation,empty field in CSV,0,0,True,True,False
2526,mc3__xtb_mc3_xtb_abs_signed_charge_second_moment_range,feature,gfn2_xtb_three_conformer_summary,float32,descriptor_specific_or_dimensionless,gfn2_xtb_three_conformer_summary feature: xtb_mc3_xtb_abs_signed_charge_second_moment_range,Local three-conformer GFN2-xTB batch calculation,empty field in CSV,0,0,True,True,False
2527,mc3__xtb_mc3_xtb_abs_signed_charge_second_moment_lowe,feature,gfn2_xtb_three_conformer_summary,float32,descriptor_specific_or_dimensionless,gfn2_xtb_three_conformer_summary feature: xtb_mc3_xtb_abs_signed_charge_second_moment_lowe,Local three-conformer GFN2-xTB batch calculation,empty field in CSV,0,0,True,True,False
2528,mc3__xtb_mc3_xtb_direct_charge_dipole_heavy_norm_mean,feature,gfn2_xtb_three_conformer_summary,float32,debye,gfn2_xtb_three_conformer_summary feature: xtb_mc3_xtb_direct_charge_dipole_heavy_norm_mean,Local three-conformer GFN2-xTB batch calculation,empty field in CSV,0,0,True,True,False
2529,mc3__xtb_mc3_xtb_direct_charge_dipole_heavy_norm_std,feature,gfn2_xtb_three_conformer_summary,float32,debye,gfn2_xtb_three_conformer_summary feature: xtb_mc3_xtb_direct_charge_dipole_heavy_norm_std,Local three-conformer GFN2-xTB batch calculation,empty field in CSV,0,0,True,True,False
2530,mc3__xtb_mc3_xtb_direct_charge_dipole_heavy_norm_min,feature,gfn2_xtb_three_conformer_summary,float32,debye,gfn2_xtb_three_conformer_summary feature: xtb_mc3_xtb_direct_charge_dipole_heavy_norm_min,Local three-conformer GFN2-xTB batch calculation,empty field in CSV,0,0,True,True,False
2531,mc3__xtb_mc3_xtb_direct_charge_dipole_heavy_norm_max,feature,gfn2_xtb_three_conformer_summary,float32,debye,gfn2_xtb_three_conformer_summary feature: xtb_mc3_xtb_direct_charge_dipole_heavy_norm_max,Local three-conformer GFN2-xTB batch calculation,empty field in CSV,0,0,True,True,False
2532,mc3__xtb_mc3_xtb_direct_charge_dipole_heavy_norm_range,feature,gfn2_xtb_three_conformer_summary,float32,debye,gfn2_xtb_three_conformer_summary feature: xtb_mc3_xtb_direct_charge_dipole_heavy_norm_range,Local three-conformer GFN2-xTB batch calculation,empty field in CSV,0,0,True,True,False
2533,mc3__xtb_mc3_xtb_direct_charge_dipole_heavy_norm_lowe,feature,gfn2_xtb_three_conformer_summary,float32,debye,gfn2_xtb_three_conformer_summary feature: xtb_mc3_xtb_direct_charge_dipole_heavy_norm_lowe,Local three-conformer GFN2-xTB batch calculation,empty field in CSV,0,0,True,True,False
2534,mc3__xtb_mc3_xtb_direct_charge_dipole_norm_mean,feature,gfn2_xtb_three_conformer_summary,float32,debye,gfn2_xtb_three_conformer_summary feature: xtb_mc3_xtb_direct_charge_dipole_norm_mean,Local three-conformer GFN2-xTB batch calculation,empty field in CSV,0,0,True,True,False
2535,mc3__xtb_mc3_xtb_direct_charge_dipole_norm_std,feature,gfn2_xtb_three_conformer_summary,float32,debye,gfn2_xtb_three_conformer_summary feature: xtb_mc3_xtb_direct_charge_dipole_norm_std,Local three-conformer GFN2-xTB batch calculation,empty field in CSV,0,0,True,True,False
2536,mc3__xtb_mc3_xtb_direct_charge_dipole_norm_min,feature,gfn2_xtb_three_conformer_summary,float32,debye,gfn2_xtb_three_conformer_summary feature: xtb_mc3_xtb_direct_charge_dipole_norm_min,Local three-conformer GFN2-xTB batch calculation,empty field in CSV,0,0,True,True,False
2537,mc3__xtb_mc3_xtb_direct_charge_dipole_norm_max,feature,gfn2_xtb_three_conformer_summary,float32,debye,gfn2_xtb_three_conformer_summary feature: xtb_mc3_xtb_direct_charge_dipole_norm_max,Local three-conformer GFN2-xTB batch calculation,empty field in CSV,0,0,True,True,False
2538,mc3__xtb_mc3_xtb_direct_charge_dipole_norm_range,feature,gfn2_xtb_three_conformer_summary,float32,debye,gfn2_xtb_three_conformer_summary feature: xtb_mc3_xtb_direct_charge_dipole_norm_range,Local three-conformer GFN2-xTB batch calculation,empty field in CSV,0,0,True,True,False
2539,mc3__xtb_mc3_xtb_direct_charge_dipole_norm_lowe,feature,gfn2_xtb_three_conformer_summary,float32,debye,gfn2_xtb_three_conformer_summary feature: xtb_mc3_xtb_direct_charge_dipole_norm_lowe,Local three-conformer GFN2-xTB batch calculation,empty field in CSV,0,0,True,True,False
2540,mc3__xtb_mc3_xtb_full_dipole_debye_mean,feature,gfn2_xtb_three_conformer_summary,float32,debye,gfn2_xtb_three_conformer_summary feature: xtb_mc3_xtb_full_dipole_debye_mean,Local three-conformer GFN2-xTB batch calculation,empty field in CSV,0,0,True,True,False
2541,mc3__xtb_mc3_xtb_full_dipole_debye_std,feature,gfn2_xtb_three_conformer_summary,float32,debye,gfn2_xtb_three_conformer_summary feature: xtb_mc3_xtb_full_dipole_debye_std,Local three-conformer GFN2-xTB batch calculation,empty field in CSV,0,0,True,True,False
2542,mc3__xtb_mc3_xtb_full_dipole_debye_min,feature,gfn2_xtb_three_conformer_summary,float32,debye,gfn2_xtb_three_conformer_summary feature: xtb_mc3_xtb_full_dipole_debye_min,Local three-conformer GFN2-xTB batch calculation,empty field in CSV,0,0,True,True,False
2543,mc3__xtb_mc3_xtb_full_dipole_debye_max,feature,gfn2_xtb_three_conformer_summary,float32,debye,gfn2_xtb_three_conformer_summary feature: xtb_mc3_xtb_full_dipole_debye_max,Local three-conformer GFN2-xTB batch calculation,empty field in CSV,0,0,True,True,False
2544,mc3__xtb_mc3_xtb_full_dipole_debye_range,feature,gfn2_xtb_three_conformer_summary,float32,debye,gfn2_xtb_three_conformer_summary feature: xtb_mc3_xtb_full_dipole_debye_range,Local three-conformer GFN2-xTB batch calculation,empty field in CSV,0,0,True,True,False
2545,mc3__xtb_mc3_xtb_full_dipole_debye_lowe,feature,gfn2_xtb_three_conformer_summary,float32,debye,gfn2_xtb_three_conformer_summary feature: xtb_mc3_xtb_full_dipole_debye_lowe,Local three-conformer GFN2-xTB batch calculation,empty field in CSV,0,0,True,True,False
2546,mc3__xtb_mc3_xtb_full_minus_qonly_dipole_debye_mean,feature,gfn2_xtb_three_conformer_summary,float32,debye,gfn2_xtb_three_conformer_summary feature: xtb_mc3_xtb_full_minus_qonly_dipole_debye_mean,Local three-conformer GFN2-xTB batch calculation,empty field in CSV,0,0,True,True,False
2547,mc3__xtb_mc3_xtb_full_minus_qonly_dipole_debye_std,feature,gfn2_xtb_three_conformer_summary,float32,debye,gfn2_xtb_three_conformer_summary feature: xtb_mc3_xtb_full_minus_qonly_dipole_debye_std,Local three-conformer GFN2-xTB batch calculation,empty field in CSV,0,0,True,True,False
2548,mc3__xtb_mc3_xtb_full_minus_qonly_dipole_debye_min,feature,gfn2_xtb_three_conformer_summary,float32,debye,gfn2_xtb_three_conformer_summary feature: xtb_mc3_xtb_full_minus_qonly_dipole_debye_min,Local three-conformer GFN2-xTB batch calculation,empty field in CSV,0,0,True,True,False
2549,mc3__xtb_mc3_xtb_full_minus_qonly_dipole_debye_max,feature,gfn2_xtb_three_conformer_summary,float32,debye,gfn2_xtb_three_conformer_summary feature: xtb_mc3_xtb_full_minus_qonly_dipole_debye_max,Local three-conformer GFN2-xTB batch calculation,empty field in CSV,0,0,True,True,False
2550,mc3__xtb_mc3_xtb_full_minus_qonly_dipole_debye_range,feature,gfn2_xtb_three_conformer_summary,float32,debye,gfn2_xtb_three_conformer_summary feature: xtb_mc3_xtb_full_minus_qonly_dipole_debye_range,Local three-conformer GFN2-xTB batch calculation,empty field in CSV,0,0,True,True,False
2551,mc3__xtb_mc3_xtb_full_minus_qonly_dipole_debye_lowe,feature,gfn2_xtb_three_conformer_summary,float32,debye,gfn2_xtb_three_conformer_summary feature: xtb_mc3_xtb_full_minus_qonly_dipole_debye_lowe,Local three-conformer GFN2-xTB batch calculation,empty field in CSV,0,0,True,True,False
2552,mc3__xtb_mc3_xtb_heavy_q_abs_sum_mean,feature,gfn2_xtb_three_conformer_summary,float32,descriptor_specific_or_dimensionless,gfn2_xtb_three_conformer_summary feature: xtb_mc3_xtb_heavy_q_abs_sum_mean,Local three-conformer GFN2-xTB batch calculation,empty field in CSV,0,0,True,True,False
2553,mc3__xtb_mc3_xtb_heavy_q_abs_sum_std,feature,gfn2_xtb_three_conformer_summary,float32,descriptor_specific_or_dimensionless,gfn2_xtb_three_conformer_summary feature: xtb_mc3_xtb_heavy_q_abs_sum_std,Local three-conformer GFN2-xTB batch calculation,empty field in CSV,0,0,True,True,False
2554,mc3__xtb_mc3_xtb_heavy_q_abs_sum_min,feature,gfn2_xtb_three_conformer_summary,float32,descriptor_specific_or_dimensionless,gfn2_xtb_three_conformer_summary feature: xtb_mc3_xtb_heavy_q_abs_sum_min,Local three-conformer GFN2-xTB batch calculation,empty field in CSV,0,0,True,True,False
2555,mc3__xtb_mc3_xtb_heavy_q_abs_sum_max,feature,gfn2_xtb_three_conformer_summary,float32,descriptor_specific_or_dimensionless,gfn2_xtb_three_conformer_summary feature: xtb_mc3_xtb_heavy_q_abs_sum_max,Local three-conformer GFN2-xTB batch calculation,empty field in CSV,0,0,True,True,False
2556,mc3__xtb_mc3_xtb_heavy_q_abs_sum_range,feature,gfn2_xtb_three_conformer_summary,float32,descriptor_specific_or_dimensionless,gfn2_xtb_three_conformer_summary feature: xtb_mc3_xtb_heavy_q_abs_sum_range,Local three-conformer GFN2-xTB batch calculation,empty field in CSV,0,0,True,True,False
2557,mc3__xtb_mc3_xtb_heavy_q_abs_sum_lowe,feature,gfn2_xtb_three_conformer_summary,float32,descriptor_specific_or_dimensionless,gfn2_xtb_three_conformer_summary feature: xtb_mc3_xtb_heavy_q_abs_sum_lowe,Local three-conformer GFN2-xTB batch calculation,empty field in CSV,0,0,True,True,False
2558,mc3__xtb_mc3_xtb_heavy_q_std_mean,feature,gfn2_xtb_three_conformer_summary,float32,descriptor_specific_or_dimensionless,gfn2_xtb_three_conformer_summary feature: xtb_mc3_xtb_heavy_q_std_mean,Local three-conformer GFN2-xTB batch calculation,empty field in CSV,0,0,True,True,False
2559,mc3__xtb_mc3_xtb_heavy_q_std_std,feature,gfn2_xtb_three_conformer_summary,float32,descriptor_specific_or_dimensionless,gfn2_xtb_three_conformer_summary feature: xtb_mc3_xtb_heavy_q_std_std,Local three-conformer GFN2-xTB batch calculation,empty field in CSV,0,0,True,True,False
2560,mc3__xtb_mc3_xtb_heavy_q_std_min,feature,gfn2_xtb_three_conformer_summary,float32,descriptor_specific_or_dimensionless,gfn2_xtb_three_conformer_summary feature: xtb_mc3_xtb_heavy_q_std_min,Local three-conformer GFN2-xTB batch calculation,empty field in CSV,0,0,True,True,False
2561,mc3__xtb_mc3_xtb_heavy_q_std_max,feature,gfn2_xtb_three_conformer_summary,float32,descriptor_specific_or_dimensionless,gfn2_xtb_three_conformer_summary feature: xtb_mc3_xtb_heavy_q_std_max,Local three-conformer GFN2-xTB batch calculation,empty field in CSV,0,0,True,True,False
2562,mc3__xtb_mc3_xtb_heavy_q_std_range,feature,gfn2_xtb_three_conformer_summary,float32,descriptor_specific_or_dimensionless,gfn2_xtb_three_conformer_summary feature: xtb_mc3_xtb_heavy_q_std_range,Local three-conformer GFN2-xTB batch calculation,empty field in CSV,0,0,True,True,False
2563,mc3__xtb_mc3_xtb_heavy_q_std_lowe,feature,gfn2_xtb_three_conformer_summary,float32,descriptor_specific_or_dimensionless,gfn2_xtb_three_conformer_summary feature: xtb_mc3_xtb_heavy_q_std_lowe,Local three-conformer GFN2-xTB batch calculation,empty field in CSV,0,0,True,True,False
2564,mc3__xtb_mc3_xtb_maxpos_maxneg_dist_mean,feature,gfn2_xtb_three_conformer_summary,float32,descriptor_specific_or_dimensionless,gfn2_xtb_three_conformer_summary feature: xtb_mc3_xtb_maxpos_maxneg_dist_mean,Local three-conformer GFN2-xTB batch calculation,empty field in CSV,0,0,True,True,False
2565,mc3__xtb_mc3_xtb_maxpos_maxneg_dist_std,feature,gfn2_xtb_three_conformer_summary,float32,descriptor_specific_or_dimensionless,gfn2_xtb_three_conformer_summary feature: xtb_mc3_xtb_maxpos_maxneg_dist_std,Local three-conformer GFN2-xTB batch calculation,empty field in CSV,0,0,True,True,False
2566,mc3__xtb_mc3_xtb_maxpos_maxneg_dist_min,feature,gfn2_xtb_three_conformer_summary,float32,descriptor_specific_or_dimensionless,gfn2_xtb_three_conformer_summary feature: xtb_mc3_xtb_maxpos_maxneg_dist_min,Local three-conformer GFN2-xTB batch calculation,empty field in CSV,0,0,True,True,False
2567,mc3__xtb_mc3_xtb_maxpos_maxneg_dist_max,feature,gfn2_xtb_three_conformer_summary,float32,descriptor_specific_or_dimensionless,gfn2_xtb_three_conformer_summary feature: xtb_mc3_xtb_maxpos_maxneg_dist_max,Local three-conformer GFN2-xTB batch calculation,empty field in CSV,0,0,True,True,False
2568,mc3__xtb_mc3_xtb_maxpos_maxneg_dist_range,feature,gfn2_xtb_three_conformer_summary,float32,descriptor_specific_or_dimensionless,gfn2_xtb_three_conformer_summary feature: xtb_mc3_xtb_maxpos_maxneg_dist_range,Local three-conformer GFN2-xTB batch calculation,empty field in CSV,0,0,True,True,False
2569,mc3__xtb_mc3_xtb_maxpos_maxneg_dist_lowe,feature,gfn2_xtb_three_conformer_summary,float32,descriptor_specific_or_dimensionless,gfn2_xtb_three_conformer_summary feature: xtb_mc3_xtb_maxpos_maxneg_dist_lowe,Local three-conformer GFN2-xTB batch calculation,empty field in CSV,0,0,True,True,False
2570,mc3__xtb_mc3_xtb_mol_c6_mean,feature,gfn2_xtb_three_conformer_summary,float32,atomic_unit_or_derived,gfn2_xtb_three_conformer_summary feature: xtb_mc3_xtb_mol_c6_mean,Local three-conformer GFN2-xTB batch calculation,empty field in CSV,0,0,False,False,True
2571,mc3__xtb_mc3_xtb_mol_c6_std,feature,gfn2_xtb_three_conformer_summary,float32,atomic_unit_or_derived,gfn2_xtb_three_conformer_summary feature: xtb_mc3_xtb_mol_c6_std,Local three-conformer GFN2-xTB batch calculation,empty field in CSV,0,0,False,False,False
2572,mc3__xtb_mc3_xtb_mol_c6_min,feature,gfn2_xtb_three_conformer_summary,float32,atomic_unit_or_derived,gfn2_xtb_three_conformer_summary feature: xtb_mc3_xtb_mol_c6_min,Local three-conformer GFN2-xTB batch calculation,empty field in CSV,0,0,False,False,True
2573,mc3__xtb_mc3_xtb_mol_c6_max,feature,gfn2_xtb_three_conformer_summary,float32,atomic_unit_or_derived,gfn2_xtb_three_conformer_summary feature: xtb_mc3_xtb_mol_c6_max,Local three-conformer GFN2-xTB batch calculation,empty field in CSV,0,0,False,False,True
2574,mc3__xtb_mc3_xtb_mol_c6_range,feature,gfn2_xtb_three_conformer_summary,float32,atomic_unit_or_derived,gfn2_xtb_three_conformer_summary feature: xtb_mc3_xtb_mol_c6_range,Local three-conformer GFN2-xTB batch calculation,empty field in CSV,0,0,False,False,False
2575,mc3__xtb_mc3_xtb_mol_c6_lowe,feature,gfn2_xtb_three_conformer_summary,float32,atomic_unit_or_derived,gfn2_xtb_three_conformer_summary feature: xtb_mc3_xtb_mol_c6_lowe,Local three-conformer GFN2-xTB batch calculation,empty field in CSV,0,0,False,False,True
2576,mc3__xtb_mc3_xtb_mol_c8_mean,feature,gfn2_xtb_three_conformer_summary,float32,atomic_unit_or_derived,gfn2_xtb_three_conformer_summary feature: xtb_mc3_xtb_mol_c8_mean,Local three-conformer GFN2-xTB batch calculation,empty field in CSV,0,0,False,False,True
2577,mc3__xtb_mc3_xtb_mol_c8_std,feature,gfn2_xtb_three_conformer_summary,float32,atomic_unit_or_derived,gfn2_xtb_three_conformer_summary feature: xtb_mc3_xtb_mol_c8_std,Local three-conformer GFN2-xTB batch calculation,empty field in CSV,0,0,False,False,False
2578,mc3__xtb_mc3_xtb_mol_c8_min,feature,gfn2_xtb_three_conformer_summary,float32,atomic_unit_or_derived,gfn2_xtb_three_conformer_summary feature: xtb_mc3_xtb_mol_c8_min,Local three-conformer GFN2-xTB batch calculation,empty field in CSV,0,0,False,False,True
2579,mc3__xtb_mc3_xtb_mol_c8_max,feature,gfn2_xtb_three_conformer_summary,float32,atomic_unit_or_derived,gfn2_xtb_three_conformer_summary feature: xtb_mc3_xtb_mol_c8_max,Local three-conformer GFN2-xTB batch calculation,empty field in CSV,0,0,False,False,True
2580,mc3__xtb_mc3_xtb_mol_c8_range,feature,gfn2_xtb_three_conformer_summary,float32,atomic_unit_or_derived,gfn2_xtb_three_conformer_summary feature: xtb_mc3_xtb_mol_c8_range,Local three-conformer GFN2-xTB batch calculation,empty field in CSV,0,0,False,False,False
2581,mc3__xtb_mc3_xtb_mol_c8_lowe,feature,gfn2_xtb_three_conformer_summary,float32,atomic_unit_or_derived,gfn2_xtb_three_conformer_summary feature: xtb_mc3_xtb_mol_c8_lowe,Local three-conformer GFN2-xTB batch calculation,empty field in CSV,0,0,False,False,True
2582,mc3__xtb_mc3_xtb_mol_polarizability_au_mean,feature,gfn2_xtb_three_conformer_summary,float32,atomic_unit_or_derived,gfn2_xtb_three_conformer_summary feature: xtb_mc3_xtb_mol_polarizability_au_mean,Local three-conformer GFN2-xTB batch calculation,empty field in CSV,0,0,False,False,True
2583,mc3__xtb_mc3_xtb_mol_polarizability_au_std,feature,gfn2_xtb_three_conformer_summary,float32,atomic_unit_or_derived,gfn2_xtb_three_conformer_summary feature: xtb_mc3_xtb_mol_polarizability_au_std,Local three-conformer GFN2-xTB batch calculation,empty field in CSV,0,0,False,False,False
2584,mc3__xtb_mc3_xtb_mol_polarizability_au_min,feature,gfn2_xtb_three_conformer_summary,float32,atomic_unit_or_derived,gfn2_xtb_three_conformer_summary feature: xtb_mc3_xtb_mol_polarizability_au_min,Local three-conformer GFN2-xTB batch calculation,empty field in CSV,0,0,False,False,True
2585,mc3__xtb_mc3_xtb_mol_polarizability_au_max,feature,gfn2_xtb_three_conformer_summary,float32,atomic_unit_or_derived,gfn2_xtb_three_conformer_summary feature: xtb_mc3_xtb_mol_polarizability_au_max,Local three-conformer GFN2-xTB batch calculation,empty field in CSV,0,0,False,False,True
2586,mc3__xtb_mc3_xtb_mol_polarizability_au_range,feature,gfn2_xtb_three_conformer_summary,float32,atomic_unit_or_derived,gfn2_xtb_three_conformer_summary feature: xtb_mc3_xtb_mol_polarizability_au_range,Local three-conformer GFN2-xTB batch calculation,empty field in CSV,0,0,False,False,False
2587,mc3__xtb_mc3_xtb_mol_polarizability_au_lowe,feature,gfn2_xtb_three_conformer_summary,float32,atomic_unit_or_derived,gfn2_xtb_three_conformer_summary feature: xtb_mc3_xtb_mol_polarizability_au_lowe,Local three-conformer GFN2-xTB batch calculation,empty field in CSV,0,0,False,False,True
2588,mc3__xtb_mc3_xtb_n_atoms_mean,feature,gfn2_xtb_three_conformer_summary,float32,count,gfn2_xtb_three_conformer_summary feature: xtb_mc3_xtb_n_atoms_mean,Local three-conformer GFN2-xTB batch calculation,empty field in CSV,0,0,True,True,True
2589,mc3__xtb_mc3_xtb_n_atoms_std,feature,gfn2_xtb_three_conformer_summary,float32,count,gfn2_xtb_three_conformer_summary feature: xtb_mc3_xtb_n_atoms_std,Local three-conformer GFN2-xTB batch calculation,empty field in CSV,0,0,True,True,False
2590,mc3__xtb_mc3_xtb_n_atoms_min,feature,gfn2_xtb_three_conformer_summary,float32,count,gfn2_xtb_three_conformer_summary feature: xtb_mc3_xtb_n_atoms_min,Local three-conformer GFN2-xTB batch calculation,empty field in CSV,0,0,True,True,True
2591,mc3__xtb_mc3_xtb_n_atoms_max,feature,gfn2_xtb_three_conformer_summary,float32,count,gfn2_xtb_three_conformer_summary feature: xtb_mc3_xtb_n_atoms_max,Local three-conformer GFN2-xTB batch calculation,empty field in CSV,0,0,True,True,True
2592,mc3__xtb_mc3_xtb_n_atoms_range,feature,gfn2_xtb_three_conformer_summary,float32,count,gfn2_xtb_three_conformer_summary feature: xtb_mc3_xtb_n_atoms_range,Local three-conformer GFN2-xTB batch calculation,empty field in CSV,0,0,True,True,False
2593,mc3__xtb_mc3_xtb_n_atoms_lowe,feature,gfn2_xtb_three_conformer_summary,float32,count,gfn2_xtb_three_conformer_summary feature: xtb_mc3_xtb_n_atoms_lowe,Local three-conformer GFN2-xTB batch calculation,empty field in CSV,0,0,True,True,True
2594,mc3__xtb_mc3_xtb_ok_mean,feature,gfn2_xtb_three_conformer_summary,float32,descriptor_specific_or_dimensionless,gfn2_xtb_three_conformer_summary feature: xtb_mc3_xtb_ok_mean,Local three-conformer GFN2-xTB batch calculation,empty field in CSV,0,0,True,True,False
2595,mc3__xtb_mc3_xtb_ok_std,feature,gfn2_xtb_three_conformer_summary,float32,descriptor_specific_or_dimensionless,gfn2_xtb_three_conformer_summary feature: xtb_mc3_xtb_ok_std,Local three-conformer GFN2-xTB batch calculation,empty field in CSV,0,0,True,True,False
2596,mc3__xtb_mc3_xtb_ok_min,feature,gfn2_xtb_three_conformer_summary,float32,descriptor_specific_or_dimensionless,gfn2_xtb_three_conformer_summary feature: xtb_mc3_xtb_ok_min,Local three-conformer GFN2-xTB batch calculation,empty field in CSV,0,0,True,True,False
2597,mc3__xtb_mc3_xtb_ok_max,feature,gfn2_xtb_three_conformer_summary,float32,descriptor_specific_or_dimensionless,gfn2_xtb_three_conformer_summary feature: xtb_mc3_xtb_ok_max,Local three-conformer GFN2-xTB batch calculation,empty field in CSV,0,0,True,True,False
2598,mc3__xtb_mc3_xtb_ok_range,feature,gfn2_xtb_three_conformer_summary,float32,descriptor_specific_or_dimensionless,gfn2_xtb_three_conformer_summary feature: xtb_mc3_xtb_ok_range,Local three-conformer GFN2-xTB batch calculation,empty field in CSV,0,0,True,True,False
2599,mc3__xtb_mc3_xtb_ok_lowe,feature,gfn2_xtb_three_conformer_summary,float32,descriptor_specific_or_dimensionless,gfn2_xtb_three_conformer_summary feature: xtb_mc3_xtb_ok_lowe,Local three-conformer GFN2-xTB batch calculation,empty field in CSV,0,0,True,True,False
2600,mc3__xtb_mc3_xtb_pair_abs_q_dist2_sum_mean,feature,gfn2_xtb_three_conformer_summary,float32,descriptor_specific_or_dimensionless,gfn2_xtb_three_conformer_summary feature: xtb_mc3_xtb_pair_abs_q_dist2_sum_mean,Local three-conformer GFN2-xTB batch calculation,empty field in CSV,0,0,True,True,False
2601,mc3__xtb_mc3_xtb_pair_abs_q_dist2_sum_std,feature,gfn2_xtb_three_conformer_summary,float32,descriptor_specific_or_dimensionless,gfn2_xtb_three_conformer_summary feature: xtb_mc3_xtb_pair_abs_q_dist2_sum_std,Local three-conformer GFN2-xTB batch calculation,empty field in CSV,0,0,True,True,False
2602,mc3__xtb_mc3_xtb_pair_abs_q_dist2_sum_min,feature,gfn2_xtb_three_conformer_summary,float32,descriptor_specific_or_dimensionless,gfn2_xtb_three_conformer_summary feature: xtb_mc3_xtb_pair_abs_q_dist2_sum_min,Local three-conformer GFN2-xTB batch calculation,empty field in CSV,0,0,True,True,False
2603,mc3__xtb_mc3_xtb_pair_abs_q_dist2_sum_max,feature,gfn2_xtb_three_conformer_summary,float32,descriptor_specific_or_dimensionless,gfn2_xtb_three_conformer_summary feature: xtb_mc3_xtb_pair_abs_q_dist2_sum_max,Local three-conformer GFN2-xTB batch calculation,empty field in CSV,0,0,True,True,False
2604,mc3__xtb_mc3_xtb_pair_abs_q_dist2_sum_range,feature,gfn2_xtb_three_conformer_summary,float32,descriptor_specific_or_dimensionless,gfn2_xtb_three_conformer_summary feature: xtb_mc3_xtb_pair_abs_q_dist2_sum_range,Local three-conformer GFN2-xTB batch calculation,empty field in CSV,0,0,True,True,False
2605,mc3__xtb_mc3_xtb_pair_abs_q_dist2_sum_lowe,feature,gfn2_xtb_three_conformer_summary,float32,descriptor_specific_or_dimensionless,gfn2_xtb_three_conformer_summary feature: xtb_mc3_xtb_pair_abs_q_dist2_sum_lowe,Local three-conformer GFN2-xTB batch calculation,empty field in CSV,0,0,True,True,False
2606,mc3__xtb_mc3_xtb_pair_abs_q_dist_sum_mean,feature,gfn2_xtb_three_conformer_summary,float32,descriptor_specific_or_dimensionless,gfn2_xtb_three_conformer_summary feature: xtb_mc3_xtb_pair_abs_q_dist_sum_mean,Local three-conformer GFN2-xTB batch calculation,empty field in CSV,0,0,True,True,False
2607,mc3__xtb_mc3_xtb_pair_abs_q_dist_sum_std,feature,gfn2_xtb_three_conformer_summary,float32,descriptor_specific_or_dimensionless,gfn2_xtb_three_conformer_summary feature: xtb_mc3_xtb_pair_abs_q_dist_sum_std,Local three-conformer GFN2-xTB batch calculation,empty field in CSV,0,0,True,True,False
2608,mc3__xtb_mc3_xtb_pair_abs_q_dist_sum_min,feature,gfn2_xtb_three_conformer_summary,float32,descriptor_specific_or_dimensionless,gfn2_xtb_three_conformer_summary feature: xtb_mc3_xtb_pair_abs_q_dist_sum_min,Local three-conformer GFN2-xTB batch calculation,empty field in CSV,0,0,True,True,False
2609,mc3__xtb_mc3_xtb_pair_abs_q_dist_sum_max,feature,gfn2_xtb_three_conformer_summary,float32,descriptor_specific_or_dimensionless,gfn2_xtb_three_conformer_summary feature: xtb_mc3_xtb_pair_abs_q_dist_sum_max,Local three-conformer GFN2-xTB batch calculation,empty field in CSV,0,0,True,True,False
2610,mc3__xtb_mc3_xtb_pair_abs_q_dist_sum_range,feature,gfn2_xtb_three_conformer_summary,float32,descriptor_specific_or_dimensionless,gfn2_xtb_three_conformer_summary feature: xtb_mc3_xtb_pair_abs_q_dist_sum_range,Local three-conformer GFN2-xTB batch calculation,empty field in CSV,0,0,True,True,False
2611,mc3__xtb_mc3_xtb_pair_abs_q_dist_sum_lowe,feature,gfn2_xtb_three_conformer_summary,float32,descriptor_specific_or_dimensionless,gfn2_xtb_three_conformer_summary feature: xtb_mc3_xtb_pair_abs_q_dist_sum_lowe,Local three-conformer GFN2-xTB batch calculation,empty field in CSV,0,0,True,True,False
2612,mc3__xtb_mc3_xtb_pair_opposite_q_dist_mean_mean,feature,gfn2_xtb_three_conformer_summary,float32,descriptor_specific_or_dimensionless,gfn2_xtb_three_conformer_summary feature: xtb_mc3_xtb_pair_opposite_q_dist_mean_mean,Local three-conformer GFN2-xTB batch calculation,empty field in CSV,0,0,True,True,True
2613,mc3__xtb_mc3_xtb_pair_opposite_q_dist_mean_std,feature,gfn2_xtb_three_conformer_summary,float32,descriptor_specific_or_dimensionless,gfn2_xtb_three_conformer_summary feature: xtb_mc3_xtb_pair_opposite_q_dist_mean_std,Local three-conformer GFN2-xTB batch calculation,empty field in CSV,0,0,True,True,False
2614,mc3__xtb_mc3_xtb_pair_opposite_q_dist_mean_min,feature,gfn2_xtb_three_conformer_summary,float32,descriptor_specific_or_dimensionless,gfn2_xtb_three_conformer_summary feature: xtb_mc3_xtb_pair_opposite_q_dist_mean_min,Local three-conformer GFN2-xTB batch calculation,empty field in CSV,0,0,True,True,True
2615,mc3__xtb_mc3_xtb_pair_opposite_q_dist_mean_max,feature,gfn2_xtb_three_conformer_summary,float32,descriptor_specific_or_dimensionless,gfn2_xtb_three_conformer_summary feature: xtb_mc3_xtb_pair_opposite_q_dist_mean_max,Local three-conformer GFN2-xTB batch calculation,empty field in CSV,0,0,True,True,True
2616,mc3__xtb_mc3_xtb_pair_opposite_q_dist_mean_range,feature,gfn2_xtb_three_conformer_summary,float32,descriptor_specific_or_dimensionless,gfn2_xtb_three_conformer_summary feature: xtb_mc3_xtb_pair_opposite_q_dist_mean_range,Local three-conformer GFN2-xTB batch calculation,empty field in CSV,0,0,True,True,False
2617,mc3__xtb_mc3_xtb_pair_opposite_q_dist_mean_lowe,feature,gfn2_xtb_three_conformer_summary,float32,descriptor_specific_or_dimensionless,gfn2_xtb_three_conformer_summary feature: xtb_mc3_xtb_pair_opposite_q_dist_mean_lowe,Local three-conformer GFN2-xTB batch calculation,empty field in CSV,0,0,True,True,True
2618,mc3__xtb_mc3_xtb_pair_opposite_q_dist_sum_mean,feature,gfn2_xtb_three_conformer_summary,float32,descriptor_specific_or_dimensionless,gfn2_xtb_three_conformer_summary feature: xtb_mc3_xtb_pair_opposite_q_dist_sum_mean,Local three-conformer GFN2-xTB batch calculation,empty field in CSV,0,0,True,True,False
2619,mc3__xtb_mc3_xtb_pair_opposite_q_dist_sum_std,feature,gfn2_xtb_three_conformer_summary,float32,descriptor_specific_or_dimensionless,gfn2_xtb_three_conformer_summary feature: xtb_mc3_xtb_pair_opposite_q_dist_sum_std,Local three-conformer GFN2-xTB batch calculation,empty field in CSV,0,0,True,True,False
2620,mc3__xtb_mc3_xtb_pair_opposite_q_dist_sum_min,feature,gfn2_xtb_three_conformer_summary,float32,descriptor_specific_or_dimensionless,gfn2_xtb_three_conformer_summary feature: xtb_mc3_xtb_pair_opposite_q_dist_sum_min,Local three-conformer GFN2-xTB batch calculation,empty field in CSV,0,0,True,True,False
2621,mc3__xtb_mc3_xtb_pair_opposite_q_dist_sum_max,feature,gfn2_xtb_three_conformer_summary,float32,descriptor_specific_or_dimensionless,gfn2_xtb_three_conformer_summary feature: xtb_mc3_xtb_pair_opposite_q_dist_sum_max,Local three-conformer GFN2-xTB batch calculation,empty field in CSV,0,0,True,True,False
2622,mc3__xtb_mc3_xtb_pair_opposite_q_dist_sum_range,feature,gfn2_xtb_three_conformer_summary,float32,descriptor_specific_or_dimensionless,gfn2_xtb_three_conformer_summary feature: xtb_mc3_xtb_pair_opposite_q_dist_sum_range,Local three-conformer GFN2-xTB batch calculation,empty field in CSV,0,0,True,True,False
2623,mc3__xtb_mc3_xtb_pair_opposite_q_dist_sum_lowe,feature,gfn2_xtb_three_conformer_summary,float32,descriptor_specific_or_dimensionless,gfn2_xtb_three_conformer_summary feature: xtb_mc3_xtb_pair_opposite_q_dist_sum_lowe,Local three-conformer GFN2-xTB batch calculation,empty field in CSV,0,0,True,True,False
2624,mc3__xtb_mc3_xtb_pair_same_q_dist_mean_mean,feature,gfn2_xtb_three_conformer_summary,float32,descriptor_specific_or_dimensionless,gfn2_xtb_three_conformer_summary feature: xtb_mc3_xtb_pair_same_q_dist_mean_mean,Local three-conformer GFN2-xTB batch calculation,empty field in CSV,0,0,True,True,True
2625,mc3__xtb_mc3_xtb_pair_same_q_dist_mean_std,feature,gfn2_xtb_three_conformer_summary,float32,descriptor_specific_or_dimensionless,gfn2_xtb_three_conformer_summary feature: xtb_mc3_xtb_pair_same_q_dist_mean_std,Local three-conformer GFN2-xTB batch calculation,empty field in CSV,0,0,True,True,False
2626,mc3__xtb_mc3_xtb_pair_same_q_dist_mean_min,feature,gfn2_xtb_three_conformer_summary,float32,descriptor_specific_or_dimensionless,gfn2_xtb_three_conformer_summary feature: xtb_mc3_xtb_pair_same_q_dist_mean_min,Local three-conformer GFN2-xTB batch calculation,empty field in CSV,0,0,True,True,True
2627,mc3__xtb_mc3_xtb_pair_same_q_dist_mean_max,feature,gfn2_xtb_three_conformer_summary,float32,descriptor_specific_or_dimensionless,gfn2_xtb_three_conformer_summary feature: xtb_mc3_xtb_pair_same_q_dist_mean_max,Local three-conformer GFN2-xTB batch calculation,empty field in CSV,0,0,True,True,True
2628,mc3__xtb_mc3_xtb_pair_same_q_dist_mean_range,feature,gfn2_xtb_three_conformer_summary,float32,descriptor_specific_or_dimensionless,gfn2_xtb_three_conformer_summary feature: xtb_mc3_xtb_pair_same_q_dist_mean_range,Local three-conformer GFN2-xTB batch calculation,empty field in CSV,0,0,True,True,False
2629,mc3__xtb_mc3_xtb_pair_same_q_dist_mean_lowe,feature,gfn2_xtb_three_conformer_summary,float32,descriptor_specific_or_dimensionless,gfn2_xtb_three_conformer_summary feature: xtb_mc3_xtb_pair_same_q_dist_mean_lowe,Local three-conformer GFN2-xTB batch calculation,empty field in CSV,0,0,True,True,True
2630,mc3__xtb_mc3_xtb_pair_same_q_dist_sum_mean,feature,gfn2_xtb_three_conformer_summary,float32,descriptor_specific_or_dimensionless,gfn2_xtb_three_conformer_summary feature: xtb_mc3_xtb_pair_same_q_dist_sum_mean,Local three-conformer GFN2-xTB batch calculation,empty field in CSV,0,0,True,True,False
2631,mc3__xtb_mc3_xtb_pair_same_q_dist_sum_std,feature,gfn2_xtb_three_conformer_summary,float32,descriptor_specific_or_dimensionless,gfn2_xtb_three_conformer_summary feature: xtb_mc3_xtb_pair_same_q_dist_sum_std,Local three-conformer GFN2-xTB batch calculation,empty field in CSV,0,0,True,True,False
2632,mc3__xtb_mc3_xtb_pair_same_q_dist_sum_min,feature,gfn2_xtb_three_conformer_summary,float32,descriptor_specific_or_dimensionless,gfn2_xtb_three_conformer_summary feature: xtb_mc3_xtb_pair_same_q_dist_sum_min,Local three-conformer GFN2-xTB batch calculation,empty field in CSV,0,0,True,True,False
2633,mc3__xtb_mc3_xtb_pair_same_q_dist_sum_max,feature,gfn2_xtb_three_conformer_summary,float32,descriptor_specific_or_dimensionless,gfn2_xtb_three_conformer_summary feature: xtb_mc3_xtb_pair_same_q_dist_sum_max,Local three-conformer GFN2-xTB batch calculation,empty field in CSV,0,0,True,True,False
2634,mc3__xtb_mc3_xtb_pair_same_q_dist_sum_range,feature,gfn2_xtb_three_conformer_summary,float32,descriptor_specific_or_dimensionless,gfn2_xtb_three_conformer_summary feature: xtb_mc3_xtb_pair_same_q_dist_sum_range,Local three-conformer GFN2-xTB batch calculation,empty field in CSV,0,0,True,True,False
2635,mc3__xtb_mc3_xtb_pair_same_q_dist_sum_lowe,feature,gfn2_xtb_three_conformer_summary,float32,descriptor_specific_or_dimensionless,gfn2_xtb_three_conformer_summary feature: xtb_mc3_xtb_pair_same_q_dist_sum_lowe,Local three-conformer GFN2-xTB batch calculation,empty field in CSV,0,0,True,True,False
2636,mc3__xtb_mc3_xtb_pos_neg_center_dist_mean,feature,gfn2_xtb_three_conformer_summary,float32,descriptor_specific_or_dimensionless,gfn2_xtb_three_conformer_summary feature: xtb_mc3_xtb_pos_neg_center_dist_mean,Local three-conformer GFN2-xTB batch calculation,empty field in CSV,0,0,True,True,False
2637,mc3__xtb_mc3_xtb_pos_neg_center_dist_std,feature,gfn2_xtb_three_conformer_summary,float32,descriptor_specific_or_dimensionless,gfn2_xtb_three_conformer_summary feature: xtb_mc3_xtb_pos_neg_center_dist_std,Local three-conformer GFN2-xTB batch calculation,empty field in CSV,0,0,True,True,False
2638,mc3__xtb_mc3_xtb_pos_neg_center_dist_min,feature,gfn2_xtb_three_conformer_summary,float32,descriptor_specific_or_dimensionless,gfn2_xtb_three_conformer_summary feature: xtb_mc3_xtb_pos_neg_center_dist_min,Local three-conformer GFN2-xTB batch calculation,empty field in CSV,0,0,True,True,False
2639,mc3__xtb_mc3_xtb_pos_neg_center_dist_max,feature,gfn2_xtb_three_conformer_summary,float32,descriptor_specific_or_dimensionless,gfn2_xtb_three_conformer_summary feature: xtb_mc3_xtb_pos_neg_center_dist_max,Local three-conformer GFN2-xTB batch calculation,empty field in CSV,0,0,True,True,False
2640,mc3__xtb_mc3_xtb_pos_neg_center_dist_range,feature,gfn2_xtb_three_conformer_summary,float32,descriptor_specific_or_dimensionless,gfn2_xtb_three_conformer_summary feature: xtb_mc3_xtb_pos_neg_center_dist_range,Local three-conformer GFN2-xTB batch calculation,empty field in CSV,0,0,True,True,False
2641,mc3__xtb_mc3_xtb_pos_neg_center_dist_lowe,feature,gfn2_xtb_three_conformer_summary,float32,descriptor_specific_or_dimensionless,gfn2_xtb_three_conformer_summary feature: xtb_mc3_xtb_pos_neg_center_dist_lowe,Local three-conformer GFN2-xTB batch calculation,empty field in CSV,0,0,True,True,False
2642,mc3__xtb_mc3_xtb_q_Br_abs_sum_mean,feature,gfn2_xtb_three_conformer_summary,float32,descriptor_specific_or_dimensionless,gfn2_xtb_three_conformer_summary feature: xtb_mc3_xtb_q_Br_abs_sum_mean,Local three-conformer GFN2-xTB batch calculation,empty field in CSV,0,0,True,True,False
2643,mc3__xtb_mc3_xtb_q_Br_abs_sum_std,feature,gfn2_xtb_three_conformer_summary,float32,descriptor_specific_or_dimensionless,gfn2_xtb_three_conformer_summary feature: xtb_mc3_xtb_q_Br_abs_sum_std,Local three-conformer GFN2-xTB batch calculation,empty field in CSV,0,0,True,True,False
2644,mc3__xtb_mc3_xtb_q_Br_abs_sum_min,feature,gfn2_xtb_three_conformer_summary,float32,descriptor_specific_or_dimensionless,gfn2_xtb_three_conformer_summary feature: xtb_mc3_xtb_q_Br_abs_sum_min,Local three-conformer GFN2-xTB batch calculation,empty field in CSV,0,0,True,True,False
2645,mc3__xtb_mc3_xtb_q_Br_abs_sum_max,feature,gfn2_xtb_three_conformer_summary,float32,descriptor_specific_or_dimensionless,gfn2_xtb_three_conformer_summary feature: xtb_mc3_xtb_q_Br_abs_sum_max,Local three-conformer GFN2-xTB batch calculation,empty field in CSV,0,0,True,True,False
2646,mc3__xtb_mc3_xtb_q_Br_abs_sum_range,feature,gfn2_xtb_three_conformer_summary,float32,descriptor_specific_or_dimensionless,gfn2_xtb_three_conformer_summary feature: xtb_mc3_xtb_q_Br_abs_sum_range,Local three-conformer GFN2-xTB batch calculation,empty field in CSV,0,0,True,True,False
2647,mc3__xtb_mc3_xtb_q_Br_abs_sum_lowe,feature,gfn2_xtb_three_conformer_summary,float32,descriptor_specific_or_dimensionless,gfn2_xtb_three_conformer_summary feature: xtb_mc3_xtb_q_Br_abs_sum_lowe,Local three-conformer GFN2-xTB batch calculation,empty field in CSV,0,0,True,True,False
2648,mc3__xtb_mc3_xtb_q_Br_mean_mean,feature,gfn2_xtb_three_conformer_summary,float32,descriptor_specific_or_dimensionless,gfn2_xtb_three_conformer_summary feature: xtb_mc3_xtb_q_Br_mean_mean,Local three-conformer GFN2-xTB batch calculation,empty field in CSV,0,0,True,True,False
2649,mc3__xtb_mc3_xtb_q_Br_mean_std,feature,gfn2_xtb_three_conformer_summary,float32,descriptor_specific_or_dimensionless,gfn2_xtb_three_conformer_summary feature: xtb_mc3_xtb_q_Br_mean_std,Local three-conformer GFN2-xTB batch calculation,empty field in CSV,0,0,True,True,False
2650,mc3__xtb_mc3_xtb_q_Br_mean_min,feature,gfn2_xtb_three_conformer_summary,float32,descriptor_specific_or_dimensionless,gfn2_xtb_three_conformer_summary feature: xtb_mc3_xtb_q_Br_mean_min,Local three-conformer GFN2-xTB batch calculation,empty field in CSV,0,0,True,True,False
2651,mc3__xtb_mc3_xtb_q_Br_mean_max,feature,gfn2_xtb_three_conformer_summary,float32,descriptor_specific_or_dimensionless,gfn2_xtb_three_conformer_summary feature: xtb_mc3_xtb_q_Br_mean_max,Local three-conformer GFN2-xTB batch calculation,empty field in CSV,0,0,True,True,False
2652,mc3__xtb_mc3_xtb_q_Br_mean_range,feature,gfn2_xtb_three_conformer_summary,float32,descriptor_specific_or_dimensionless,gfn2_xtb_three_conformer_summary feature: xtb_mc3_xtb_q_Br_mean_range,Local three-conformer GFN2-xTB batch calculation,empty field in CSV,0,0,True,True,False
2653,mc3__xtb_mc3_xtb_q_Br_mean_lowe,feature,gfn2_xtb_three_conformer_summary,float32,descriptor_specific_or_dimensionless,gfn2_xtb_three_conformer_summary feature: xtb_mc3_xtb_q_Br_mean_lowe,Local three-conformer GFN2-xTB batch calculation,empty field in CSV,0,0,True,True,False
2654,mc3__xtb_mc3_xtb_q_Br_std_mean,feature,gfn2_xtb_three_conformer_summary,float32,descriptor_specific_or_dimensionless,gfn2_xtb_three_conformer_summary feature: xtb_mc3_xtb_q_Br_std_mean,Local three-conformer GFN2-xTB batch calculation,empty field in CSV,0,0,True,True,False
2655,mc3__xtb_mc3_xtb_q_Br_std_std,feature,gfn2_xtb_three_conformer_summary,float32,descriptor_specific_or_dimensionless,gfn2_xtb_three_conformer_summary feature: xtb_mc3_xtb_q_Br_std_std,Local three-conformer GFN2-xTB batch calculation,empty field in CSV,0,0,True,True,False
2656,mc3__xtb_mc3_xtb_q_Br_std_min,feature,gfn2_xtb_three_conformer_summary,float32,descriptor_specific_or_dimensionless,gfn2_xtb_three_conformer_summary feature: xtb_mc3_xtb_q_Br_std_min,Local three-conformer GFN2-xTB batch calculation,empty field in CSV,0,0,True,True,False
2657,mc3__xtb_mc3_xtb_q_Br_std_max,feature,gfn2_xtb_three_conformer_summary,float32,descriptor_specific_or_dimensionless,gfn2_xtb_three_conformer_summary feature: xtb_mc3_xtb_q_Br_std_max,Local three-conformer GFN2-xTB batch calculation,empty field in CSV,0,0,True,True,False
2658,mc3__xtb_mc3_xtb_q_Br_std_range,feature,gfn2_xtb_three_conformer_summary,float32,descriptor_specific_or_dimensionless,gfn2_xtb_three_conformer_summary feature: xtb_mc3_xtb_q_Br_std_range,Local three-conformer GFN2-xTB batch calculation,empty field in CSV,0,0,True,True,False
2659,mc3__xtb_mc3_xtb_q_Br_std_lowe,feature,gfn2_xtb_three_conformer_summary,float32,descriptor_specific_or_dimensionless,gfn2_xtb_three_conformer_summary feature: xtb_mc3_xtb_q_Br_std_lowe,Local three-conformer GFN2-xTB batch calculation,empty field in CSV,0,0,True,True,False
2660,mc3__xtb_mc3_xtb_q_Br_sum_mean,feature,gfn2_xtb_three_conformer_summary,float32,descriptor_specific_or_dimensionless,gfn2_xtb_three_conformer_summary feature: xtb_mc3_xtb_q_Br_sum_mean,Local three-conformer GFN2-xTB batch calculation,empty field in CSV,0,0,True,True,False
2661,mc3__xtb_mc3_xtb_q_Br_sum_std,feature,gfn2_xtb_three_conformer_summary,float32,descriptor_specific_or_dimensionless,gfn2_xtb_three_conformer_summary feature: xtb_mc3_xtb_q_Br_sum_std,Local three-conformer GFN2-xTB batch calculation,empty field in CSV,0,0,True,True,False
2662,mc3__xtb_mc3_xtb_q_Br_sum_min,feature,gfn2_xtb_three_conformer_summary,float32,descriptor_specific_or_dimensionless,gfn2_xtb_three_conformer_summary feature: xtb_mc3_xtb_q_Br_sum_min,Local three-conformer GFN2-xTB batch calculation,empty field in CSV,0,0,True,True,False
2663,mc3__xtb_mc3_xtb_q_Br_sum_max,feature,gfn2_xtb_three_conformer_summary,float32,descriptor_specific_or_dimensionless,gfn2_xtb_three_conformer_summary feature: xtb_mc3_xtb_q_Br_sum_max,Local three-conformer GFN2-xTB batch calculation,empty field in CSV,0,0,True,True,False
2664,mc3__xtb_mc3_xtb_q_Br_sum_range,feature,gfn2_xtb_three_conformer_summary,float32,descriptor_specific_or_dimensionless,gfn2_xtb_three_conformer_summary feature: xtb_mc3_xtb_q_Br_sum_range,Local three-conformer GFN2-xTB batch calculation,empty field in CSV,0,0,True,True,False
2665,mc3__xtb_mc3_xtb_q_Br_sum_lowe,feature,gfn2_xtb_three_conformer_summary,float32,descriptor_specific_or_dimensionless,gfn2_xtb_three_conformer_summary feature: xtb_mc3_xtb_q_Br_sum_lowe,Local three-conformer GFN2-xTB batch calculation,empty field in CSV,0,0,True,True,False
2666,mc3__xtb_mc3_xtb_q_C_abs_sum_mean,feature,gfn2_xtb_three_conformer_summary,float32,descriptor_specific_or_dimensionless,gfn2_xtb_three_conformer_summary feature: xtb_mc3_xtb_q_C_abs_sum_mean,Local three-conformer GFN2-xTB batch calculation,empty field in CSV,0,0,True,True,False
2667,mc3__xtb_mc3_xtb_q_C_abs_sum_std,feature,gfn2_xtb_three_conformer_summary,float32,descriptor_specific_or_dimensionless,gfn2_xtb_three_conformer_summary feature: xtb_mc3_xtb_q_C_abs_sum_std,Local three-conformer GFN2-xTB batch calculation,empty field in CSV,0,0,True,True,False
2668,mc3__xtb_mc3_xtb_q_C_abs_sum_min,feature,gfn2_xtb_three_conformer_summary,float32,descriptor_specific_or_dimensionless,gfn2_xtb_three_conformer_summary feature: xtb_mc3_xtb_q_C_abs_sum_min,Local three-conformer GFN2-xTB batch calculation,empty field in CSV,0,0,True,True,False
2669,mc3__xtb_mc3_xtb_q_C_abs_sum_max,feature,gfn2_xtb_three_conformer_summary,float32,descriptor_specific_or_dimensionless,gfn2_xtb_three_conformer_summary feature: xtb_mc3_xtb_q_C_abs_sum_max,Local three-conformer GFN2-xTB batch calculation,empty field in CSV,0,0,True,True,False
2670,mc3__xtb_mc3_xtb_q_C_abs_sum_range,feature,gfn2_xtb_three_conformer_summary,float32,descriptor_specific_or_dimensionless,gfn2_xtb_three_conformer_summary feature: xtb_mc3_xtb_q_C_abs_sum_range,Local three-conformer GFN2-xTB batch calculation,empty field in CSV,0,0,True,True,False
2671,mc3__xtb_mc3_xtb_q_C_abs_sum_lowe,feature,gfn2_xtb_three_conformer_summary,float32,descriptor_specific_or_dimensionless,gfn2_xtb_three_conformer_summary feature: xtb_mc3_xtb_q_C_abs_sum_lowe,Local three-conformer GFN2-xTB batch calculation,empty field in CSV,0,0,True,True,False
2672,mc3__xtb_mc3_xtb_q_C_mean_mean,feature,gfn2_xtb_three_conformer_summary,float32,descriptor_specific_or_dimensionless,gfn2_xtb_three_conformer_summary feature: xtb_mc3_xtb_q_C_mean_mean,Local three-conformer GFN2-xTB batch calculation,empty field in CSV,0,0,True,True,True
2673,mc3__xtb_mc3_xtb_q_C_mean_std,feature,gfn2_xtb_three_conformer_summary,float32,descriptor_specific_or_dimensionless,gfn2_xtb_three_conformer_summary feature: xtb_mc3_xtb_q_C_mean_std,Local three-conformer GFN2-xTB batch calculation,empty field in CSV,0,0,True,True,False
2674,mc3__xtb_mc3_xtb_q_C_mean_min,feature,gfn2_xtb_three_conformer_summary,float32,descriptor_specific_or_dimensionless,gfn2_xtb_three_conformer_summary feature: xtb_mc3_xtb_q_C_mean_min,Local three-conformer GFN2-xTB batch calculation,empty field in CSV,0,0,True,True,True
2675,mc3__xtb_mc3_xtb_q_C_mean_max,feature,gfn2_xtb_three_conformer_summary,float32,descriptor_specific_or_dimensionless,gfn2_xtb_three_conformer_summary feature: xtb_mc3_xtb_q_C_mean_max,Local three-conformer GFN2-xTB batch calculation,empty field in CSV,0,0,True,True,True
2676,mc3__xtb_mc3_xtb_q_C_mean_range,feature,gfn2_xtb_three_conformer_summary,float32,descriptor_specific_or_dimensionless,gfn2_xtb_three_conformer_summary feature: xtb_mc3_xtb_q_C_mean_range,Local three-conformer GFN2-xTB batch calculation,empty field in CSV,0,0,True,True,False
2677,mc3__xtb_mc3_xtb_q_C_mean_lowe,feature,gfn2_xtb_three_conformer_summary,float32,descriptor_specific_or_dimensionless,gfn2_xtb_three_conformer_summary feature: xtb_mc3_xtb_q_C_mean_lowe,Local three-conformer GFN2-xTB batch calculation,empty field in CSV,0,0,True,True,True
2678,mc3__xtb_mc3_xtb_q_C_std_mean,feature,gfn2_xtb_three_conformer_summary,float32,descriptor_specific_or_dimensionless,gfn2_xtb_three_conformer_summary feature: xtb_mc3_xtb_q_C_std_mean,Local three-conformer GFN2-xTB batch calculation,empty field in CSV,0,0,True,True,False
2679,mc3__xtb_mc3_xtb_q_C_std_std,feature,gfn2_xtb_three_conformer_summary,float32,descriptor_specific_or_dimensionless,gfn2_xtb_three_conformer_summary feature: xtb_mc3_xtb_q_C_std_std,Local three-conformer GFN2-xTB batch calculation,empty field in CSV,0,0,True,True,False
2680,mc3__xtb_mc3_xtb_q_C_std_min,feature,gfn2_xtb_three_conformer_summary,float32,descriptor_specific_or_dimensionless,gfn2_xtb_three_conformer_summary feature: xtb_mc3_xtb_q_C_std_min,Local three-conformer GFN2-xTB batch calculation,empty field in CSV,0,0,True,True,False
2681,mc3__xtb_mc3_xtb_q_C_std_max,feature,gfn2_xtb_three_conformer_summary,float32,descriptor_specific_or_dimensionless,gfn2_xtb_three_conformer_summary feature: xtb_mc3_xtb_q_C_std_max,Local three-conformer GFN2-xTB batch calculation,empty field in CSV,0,0,True,True,False
2682,mc3__xtb_mc3_xtb_q_C_std_range,feature,gfn2_xtb_three_conformer_summary,float32,descriptor_specific_or_dimensionless,gfn2_xtb_three_conformer_summary feature: xtb_mc3_xtb_q_C_std_range,Local three-conformer GFN2-xTB batch calculation,empty field in CSV,0,0,True,True,False
2683,mc3__xtb_mc3_xtb_q_C_std_lowe,feature,gfn2_xtb_three_conformer_summary,float32,descriptor_specific_or_dimensionless,gfn2_xtb_three_conformer_summary feature: xtb_mc3_xtb_q_C_std_lowe,Local three-conformer GFN2-xTB batch calculation,empty field in CSV,0,0,True,True,False
2684,mc3__xtb_mc3_xtb_q_C_sum_mean,feature,gfn2_xtb_three_conformer_summary,float32,descriptor_specific_or_dimensionless,gfn2_xtb_three_conformer_summary feature: xtb_mc3_xtb_q_C_sum_mean,Local three-conformer GFN2-xTB batch calculation,empty field in CSV,0,0,True,True,True
2685,mc3__xtb_mc3_xtb_q_C_sum_std,feature,gfn2_xtb_three_conformer_summary,float32,descriptor_specific_or_dimensionless,gfn2_xtb_three_conformer_summary feature: xtb_mc3_xtb_q_C_sum_std,Local three-conformer GFN2-xTB batch calculation,empty field in CSV,0,0,True,True,False
2686,mc3__xtb_mc3_xtb_q_C_sum_min,feature,gfn2_xtb_three_conformer_summary,float32,descriptor_specific_or_dimensionless,gfn2_xtb_three_conformer_summary feature: xtb_mc3_xtb_q_C_sum_min,Local three-conformer GFN2-xTB batch calculation,empty field in CSV,0,0,True,True,True
2687,mc3__xtb_mc3_xtb_q_C_sum_max,feature,gfn2_xtb_three_conformer_summary,float32,descriptor_specific_or_dimensionless,gfn2_xtb_three_conformer_summary feature: xtb_mc3_xtb_q_C_sum_max,Local three-conformer GFN2-xTB batch calculation,empty field in CSV,0,0,True,True,True
2688,mc3__xtb_mc3_xtb_q_C_sum_range,feature,gfn2_xtb_three_conformer_summary,float32,descriptor_specific_or_dimensionless,gfn2_xtb_three_conformer_summary feature: xtb_mc3_xtb_q_C_sum_range,Local three-conformer GFN2-xTB batch calculation,empty field in CSV,0,0,True,True,False
2689,mc3__xtb_mc3_xtb_q_C_sum_lowe,feature,gfn2_xtb_three_conformer_summary,float32,descriptor_specific_or_dimensionless,gfn2_xtb_three_conformer_summary feature: xtb_mc3_xtb_q_C_sum_lowe,Local three-conformer GFN2-xTB batch calculation,empty field in CSV,0,0,True,True,True
2690,mc3__xtb_mc3_xtb_q_Cl_abs_sum_mean,feature,gfn2_xtb_three_conformer_summary,float32,descriptor_specific_or_dimensionless,gfn2_xtb_three_conformer_summary feature: xtb_mc3_xtb_q_Cl_abs_sum_mean,Local three-conformer GFN2-xTB batch calculation,empty field in CSV,0,0,True,True,False
2691,mc3__xtb_mc3_xtb_q_Cl_abs_sum_std,feature,gfn2_xtb_three_conformer_summary,float32,descriptor_specific_or_dimensionless,gfn2_xtb_three_conformer_summary feature: xtb_mc3_xtb_q_Cl_abs_sum_std,Local three-conformer GFN2-xTB batch calculation,empty field in CSV,0,0,True,True,False
2692,mc3__xtb_mc3_xtb_q_Cl_abs_sum_min,feature,gfn2_xtb_three_conformer_summary,float32,descriptor_specific_or_dimensionless,gfn2_xtb_three_conformer_summary feature: xtb_mc3_xtb_q_Cl_abs_sum_min,Local three-conformer GFN2-xTB batch calculation,empty field in CSV,0,0,True,True,False
2693,mc3__xtb_mc3_xtb_q_Cl_abs_sum_max,feature,gfn2_xtb_three_conformer_summary,float32,descriptor_specific_or_dimensionless,gfn2_xtb_three_conformer_summary feature: xtb_mc3_xtb_q_Cl_abs_sum_max,Local three-conformer GFN2-xTB batch calculation,empty field in CSV,0,0,True,True,False
2694,mc3__xtb_mc3_xtb_q_Cl_abs_sum_range,feature,gfn2_xtb_three_conformer_summary,float32,descriptor_specific_or_dimensionless,gfn2_xtb_three_conformer_summary feature: xtb_mc3_xtb_q_Cl_abs_sum_range,Local three-conformer GFN2-xTB batch calculation,empty field in CSV,0,0,True,True,False
2695,mc3__xtb_mc3_xtb_q_Cl_abs_sum_lowe,feature,gfn2_xtb_three_conformer_summary,float32,descriptor_specific_or_dimensionless,gfn2_xtb_three_conformer_summary feature: xtb_mc3_xtb_q_Cl_abs_sum_lowe,Local three-conformer GFN2-xTB batch calculation,empty field in CSV,0,0,True,True,False
2696,mc3__xtb_mc3_xtb_q_Cl_mean_mean,feature,gfn2_xtb_three_conformer_summary,float32,descriptor_specific_or_dimensionless,gfn2_xtb_three_conformer_summary feature: xtb_mc3_xtb_q_Cl_mean_mean,Local three-conformer GFN2-xTB batch calculation,empty field in CSV,0,0,True,True,False
2697,mc3__xtb_mc3_xtb_q_Cl_mean_std,feature,gfn2_xtb_three_conformer_summary,float32,descriptor_specific_or_dimensionless,gfn2_xtb_three_conformer_summary feature: xtb_mc3_xtb_q_Cl_mean_std,Local three-conformer GFN2-xTB batch calculation,empty field in CSV,0,0,True,True,False
2698,mc3__xtb_mc3_xtb_q_Cl_mean_min,feature,gfn2_xtb_three_conformer_summary,float32,descriptor_specific_or_dimensionless,gfn2_xtb_three_conformer_summary feature: xtb_mc3_xtb_q_Cl_mean_min,Local three-conformer GFN2-xTB batch calculation,empty field in CSV,0,0,True,True,False
2699,mc3__xtb_mc3_xtb_q_Cl_mean_max,feature,gfn2_xtb_three_conformer_summary,float32,descriptor_specific_or_dimensionless,gfn2_xtb_three_conformer_summary feature: xtb_mc3_xtb_q_Cl_mean_max,Local three-conformer GFN2-xTB batch calculation,empty field in CSV,0,0,True,True,False
2700,mc3__xtb_mc3_xtb_q_Cl_mean_range,feature,gfn2_xtb_three_conformer_summary,float32,descriptor_specific_or_dimensionless,gfn2_xtb_three_conformer_summary feature: xtb_mc3_xtb_q_Cl_mean_range,Local three-conformer GFN2-xTB batch calculation,empty field in CSV,0,0,True,True,False
2701,mc3__xtb_mc3_xtb_q_Cl_mean_lowe,feature,gfn2_xtb_three_conformer_summary,float32,descriptor_specific_or_dimensionless,gfn2_xtb_three_conformer_summary feature: xtb_mc3_xtb_q_Cl_mean_lowe,Local three-conformer GFN2-xTB batch calculation,empty field in CSV,0,0,True,True,False
2702,mc3__xtb_mc3_xtb_q_Cl_std_mean,feature,gfn2_xtb_three_conformer_summary,float32,descriptor_specific_or_dimensionless,gfn2_xtb_three_conformer_summary feature: xtb_mc3_xtb_q_Cl_std_mean,Local three-conformer GFN2-xTB batch calculation,empty field in CSV,0,0,True,True,False
2703,mc3__xtb_mc3_xtb_q_Cl_std_std,feature,gfn2_xtb_three_conformer_summary,float32,descriptor_specific_or_dimensionless,gfn2_xtb_three_conformer_summary feature: xtb_mc3_xtb_q_Cl_std_std,Local three-conformer GFN2-xTB batch calculation,empty field in CSV,0,0,True,True,False
2704,mc3__xtb_mc3_xtb_q_Cl_std_min,feature,gfn2_xtb_three_conformer_summary,float32,descriptor_specific_or_dimensionless,gfn2_xtb_three_conformer_summary feature: xtb_mc3_xtb_q_Cl_std_min,Local three-conformer GFN2-xTB batch calculation,empty field in CSV,0,0,True,True,False
2705,mc3__xtb_mc3_xtb_q_Cl_std_max,feature,gfn2_xtb_three_conformer_summary,float32,descriptor_specific_or_dimensionless,gfn2_xtb_three_conformer_summary feature: xtb_mc3_xtb_q_Cl_std_max,Local three-conformer GFN2-xTB batch calculation,empty field in CSV,0,0,True,True,False
2706,mc3__xtb_mc3_xtb_q_Cl_std_range,feature,gfn2_xtb_three_conformer_summary,float32,descriptor_specific_or_dimensionless,gfn2_xtb_three_conformer_summary feature: xtb_mc3_xtb_q_Cl_std_range,Local three-conformer GFN2-xTB batch calculation,empty field in CSV,0,0,True,True,False
2707,mc3__xtb_mc3_xtb_q_Cl_std_lowe,feature,gfn2_xtb_three_conformer_summary,float32,descriptor_specific_or_dimensionless,gfn2_xtb_three_conformer_summary feature: xtb_mc3_xtb_q_Cl_std_lowe,Local three-conformer GFN2-xTB batch calculation,empty field in CSV,0,0,True,True,False
2708,mc3__xtb_mc3_xtb_q_Cl_sum_mean,feature,gfn2_xtb_three_conformer_summary,float32,descriptor_specific_or_dimensionless,gfn2_xtb_three_conformer_summary feature: xtb_mc3_xtb_q_Cl_sum_mean,Local three-conformer GFN2-xTB batch calculation,empty field in CSV,0,0,True,True,False
2709,mc3__xtb_mc3_xtb_q_Cl_sum_std,feature,gfn2_xtb_three_conformer_summary,float32,descriptor_specific_or_dimensionless,gfn2_xtb_three_conformer_summary feature: xtb_mc3_xtb_q_Cl_sum_std,Local three-conformer GFN2-xTB batch calculation,empty field in CSV,0,0,True,True,False
2710,mc3__xtb_mc3_xtb_q_Cl_sum_min,feature,gfn2_xtb_three_conformer_summary,float32,descriptor_specific_or_dimensionless,gfn2_xtb_three_conformer_summary feature: xtb_mc3_xtb_q_Cl_sum_min,Local three-conformer GFN2-xTB batch calculation,empty field in CSV,0,0,True,True,False
2711,mc3__xtb_mc3_xtb_q_Cl_sum_max,feature,gfn2_xtb_three_conformer_summary,float32,descriptor_specific_or_dimensionless,gfn2_xtb_three_conformer_summary feature: xtb_mc3_xtb_q_Cl_sum_max,Local three-conformer GFN2-xTB batch calculation,empty field in CSV,0,0,True,True,False
2712,mc3__xtb_mc3_xtb_q_Cl_sum_range,feature,gfn2_xtb_three_conformer_summary,float32,descriptor_specific_or_dimensionless,gfn2_xtb_three_conformer_summary feature: xtb_mc3_xtb_q_Cl_sum_range,Local three-conformer GFN2-xTB batch calculation,empty field in CSV,0,0,True,True,False
2713,mc3__xtb_mc3_xtb_q_Cl_sum_lowe,feature,gfn2_xtb_three_conformer_summary,float32,descriptor_specific_or_dimensionless,gfn2_xtb_three_conformer_summary feature: xtb_mc3_xtb_q_Cl_sum_lowe,Local three-conformer GFN2-xTB batch calculation,empty field in CSV,0,0,True,True,False
2714,mc3__xtb_mc3_xtb_q_F_abs_sum_mean,feature,gfn2_xtb_three_conformer_summary,float32,descriptor_specific_or_dimensionless,gfn2_xtb_three_conformer_summary feature: xtb_mc3_xtb_q_F_abs_sum_mean,Local three-conformer GFN2-xTB batch calculation,empty field in CSV,0,0,True,True,False
2715,mc3__xtb_mc3_xtb_q_F_abs_sum_std,feature,gfn2_xtb_three_conformer_summary,float32,descriptor_specific_or_dimensionless,gfn2_xtb_three_conformer_summary feature: xtb_mc3_xtb_q_F_abs_sum_std,Local three-conformer GFN2-xTB batch calculation,empty field in CSV,0,0,True,True,False
2716,mc3__xtb_mc3_xtb_q_F_abs_sum_min,feature,gfn2_xtb_three_conformer_summary,float32,descriptor_specific_or_dimensionless,gfn2_xtb_three_conformer_summary feature: xtb_mc3_xtb_q_F_abs_sum_min,Local three-conformer GFN2-xTB batch calculation,empty field in CSV,0,0,True,True,False
2717,mc3__xtb_mc3_xtb_q_F_abs_sum_max,feature,gfn2_xtb_three_conformer_summary,float32,descriptor_specific_or_dimensionless,gfn2_xtb_three_conformer_summary feature: xtb_mc3_xtb_q_F_abs_sum_max,Local three-conformer GFN2-xTB batch calculation,empty field in CSV,0,0,True,True,False
2718,mc3__xtb_mc3_xtb_q_F_abs_sum_range,feature,gfn2_xtb_three_conformer_summary,float32,descriptor_specific_or_dimensionless,gfn2_xtb_three_conformer_summary feature: xtb_mc3_xtb_q_F_abs_sum_range,Local three-conformer GFN2-xTB batch calculation,empty field in CSV,0,0,True,True,False
2719,mc3__xtb_mc3_xtb_q_F_abs_sum_lowe,feature,gfn2_xtb_three_conformer_summary,float32,descriptor_specific_or_dimensionless,gfn2_xtb_three_conformer_summary feature: xtb_mc3_xtb_q_F_abs_sum_lowe,Local three-conformer GFN2-xTB batch calculation,empty field in CSV,0,0,True,True,False
2720,mc3__xtb_mc3_xtb_q_F_mean_mean,feature,gfn2_xtb_three_conformer_summary,float32,descriptor_specific_or_dimensionless,gfn2_xtb_three_conformer_summary feature: xtb_mc3_xtb_q_F_mean_mean,Local three-conformer GFN2-xTB batch calculation,empty field in CSV,0,0,True,True,False
2721,mc3__xtb_mc3_xtb_q_F_mean_std,feature,gfn2_xtb_three_conformer_summary,float32,descriptor_specific_or_dimensionless,gfn2_xtb_three_conformer_summary feature: xtb_mc3_xtb_q_F_mean_std,Local three-conformer GFN2-xTB batch calculation,empty field in CSV,0,0,True,True,False
2722,mc3__xtb_mc3_xtb_q_F_mean_min,feature,gfn2_xtb_three_conformer_summary,float32,descriptor_specific_or_dimensionless,gfn2_xtb_three_conformer_summary feature: xtb_mc3_xtb_q_F_mean_min,Local three-conformer GFN2-xTB batch calculation,empty field in CSV,0,0,True,True,False
2723,mc3__xtb_mc3_xtb_q_F_mean_max,feature,gfn2_xtb_three_conformer_summary,float32,descriptor_specific_or_dimensionless,gfn2_xtb_three_conformer_summary feature: xtb_mc3_xtb_q_F_mean_max,Local three-conformer GFN2-xTB batch calculation,empty field in CSV,0,0,True,True,False
2724,mc3__xtb_mc3_xtb_q_F_mean_range,feature,gfn2_xtb_three_conformer_summary,float32,descriptor_specific_or_dimensionless,gfn2_xtb_three_conformer_summary feature: xtb_mc3_xtb_q_F_mean_range,Local three-conformer GFN2-xTB batch calculation,empty field in CSV,0,0,True,True,False
2725,mc3__xtb_mc3_xtb_q_F_mean_lowe,feature,gfn2_xtb_three_conformer_summary,float32,descriptor_specific_or_dimensionless,gfn2_xtb_three_conformer_summary feature: xtb_mc3_xtb_q_F_mean_lowe,Local three-conformer GFN2-xTB batch calculation,empty field in CSV,0,0,True,True,False
2726,mc3__xtb_mc3_xtb_q_F_std_mean,feature,gfn2_xtb_three_conformer_summary,float32,descriptor_specific_or_dimensionless,gfn2_xtb_three_conformer_summary feature: xtb_mc3_xtb_q_F_std_mean,Local three-conformer GFN2-xTB batch calculation,empty field in CSV,0,0,True,True,False
2727,mc3__xtb_mc3_xtb_q_F_std_std,feature,gfn2_xtb_three_conformer_summary,float32,descriptor_specific_or_dimensionless,gfn2_xtb_three_conformer_summary feature: xtb_mc3_xtb_q_F_std_std,Local three-conformer GFN2-xTB batch calculation,empty field in CSV,0,0,True,True,False
2728,mc3__xtb_mc3_xtb_q_F_std_min,feature,gfn2_xtb_three_conformer_summary,float32,descriptor_specific_or_dimensionless,gfn2_xtb_three_conformer_summary feature: xtb_mc3_xtb_q_F_std_min,Local three-conformer GFN2-xTB batch calculation,empty field in CSV,0,0,True,True,False
2729,mc3__xtb_mc3_xtb_q_F_std_max,feature,gfn2_xtb_three_conformer_summary,float32,descriptor_specific_or_dimensionless,gfn2_xtb_three_conformer_summary feature: xtb_mc3_xtb_q_F_std_max,Local three-conformer GFN2-xTB batch calculation,empty field in CSV,0,0,True,True,False
2730,mc3__xtb_mc3_xtb_q_F_std_range,feature,gfn2_xtb_three_conformer_summary,float32,descriptor_specific_or_dimensionless,gfn2_xtb_three_conformer_summary feature: xtb_mc3_xtb_q_F_std_range,Local three-conformer GFN2-xTB batch calculation,empty field in CSV,0,0,True,True,False
2731,mc3__xtb_mc3_xtb_q_F_std_lowe,feature,gfn2_xtb_three_conformer_summary,float32,descriptor_specific_or_dimensionless,gfn2_xtb_three_conformer_summary feature: xtb_mc3_xtb_q_F_std_lowe,Local three-conformer GFN2-xTB batch calculation,empty field in CSV,0,0,True,True,False
2732,mc3__xtb_mc3_xtb_q_F_sum_mean,feature,gfn2_xtb_three_conformer_summary,float32,descriptor_specific_or_dimensionless,gfn2_xtb_three_conformer_summary feature: xtb_mc3_xtb_q_F_sum_mean,Local three-conformer GFN2-xTB batch calculation,empty field in CSV,0,0,True,True,False
2733,mc3__xtb_mc3_xtb_q_F_sum_std,feature,gfn2_xtb_three_conformer_summary,float32,descriptor_specific_or_dimensionless,gfn2_xtb_three_conformer_summary feature: xtb_mc3_xtb_q_F_sum_std,Local three-conformer GFN2-xTB batch calculation,empty field in CSV,0,0,True,True,False
2734,mc3__xtb_mc3_xtb_q_F_sum_min,feature,gfn2_xtb_three_conformer_summary,float32,descriptor_specific_or_dimensionless,gfn2_xtb_three_conformer_summary feature: xtb_mc3_xtb_q_F_sum_min,Local three-conformer GFN2-xTB batch calculation,empty field in CSV,0,0,True,True,False
2735,mc3__xtb_mc3_xtb_q_F_sum_max,feature,gfn2_xtb_three_conformer_summary,float32,descriptor_specific_or_dimensionless,gfn2_xtb_three_conformer_summary feature: xtb_mc3_xtb_q_F_sum_max,Local three-conformer GFN2-xTB batch calculation,empty field in CSV,0,0,True,True,False
2736,mc3__xtb_mc3_xtb_q_F_sum_range,feature,gfn2_xtb_three_conformer_summary,float32,descriptor_specific_or_dimensionless,gfn2_xtb_three_conformer_summary feature: xtb_mc3_xtb_q_F_sum_range,Local three-conformer GFN2-xTB batch calculation,empty field in CSV,0,0,True,True,False
2737,mc3__xtb_mc3_xtb_q_F_sum_lowe,feature,gfn2_xtb_three_conformer_summary,float32,descriptor_specific_or_dimensionless,gfn2_xtb_three_conformer_summary feature: xtb_mc3_xtb_q_F_sum_lowe,Local three-conformer GFN2-xTB batch calculation,empty field in CSV,0,0,True,True,False
2738,mc3__xtb_mc3_xtb_q_H_abs_sum_mean,feature,gfn2_xtb_three_conformer_summary,float32,descriptor_specific_or_dimensionless,gfn2_xtb_three_conformer_summary feature: xtb_mc3_xtb_q_H_abs_sum_mean,Local three-conformer GFN2-xTB batch calculation,empty field in CSV,0,0,True,True,False
2739,mc3__xtb_mc3_xtb_q_H_abs_sum_std,feature,gfn2_xtb_three_conformer_summary,float32,descriptor_specific_or_dimensionless,gfn2_xtb_three_conformer_summary feature: xtb_mc3_xtb_q_H_abs_sum_std,Local three-conformer GFN2-xTB batch calculation,empty field in CSV,0,0,True,True,False
2740,mc3__xtb_mc3_xtb_q_H_abs_sum_min,feature,gfn2_xtb_three_conformer_summary,float32,descriptor_specific_or_dimensionless,gfn2_xtb_three_conformer_summary feature: xtb_mc3_xtb_q_H_abs_sum_min,Local three-conformer GFN2-xTB batch calculation,empty field in CSV,0,0,True,True,False
2741,mc3__xtb_mc3_xtb_q_H_abs_sum_max,feature,gfn2_xtb_three_conformer_summary,float32,descriptor_specific_or_dimensionless,gfn2_xtb_three_conformer_summary feature: xtb_mc3_xtb_q_H_abs_sum_max,Local three-conformer GFN2-xTB batch calculation,empty field in CSV,0,0,True,True,False
2742,mc3__xtb_mc3_xtb_q_H_abs_sum_range,feature,gfn2_xtb_three_conformer_summary,float32,descriptor_specific_or_dimensionless,gfn2_xtb_three_conformer_summary feature: xtb_mc3_xtb_q_H_abs_sum_range,Local three-conformer GFN2-xTB batch calculation,empty field in CSV,0,0,True,True,False
2743,mc3__xtb_mc3_xtb_q_H_abs_sum_lowe,feature,gfn2_xtb_three_conformer_summary,float32,descriptor_specific_or_dimensionless,gfn2_xtb_three_conformer_summary feature: xtb_mc3_xtb_q_H_abs_sum_lowe,Local three-conformer GFN2-xTB batch calculation,empty field in CSV,0,0,True,True,False
2744,mc3__xtb_mc3_xtb_q_H_mean_mean,feature,gfn2_xtb_three_conformer_summary,float32,descriptor_specific_or_dimensionless,gfn2_xtb_three_conformer_summary feature: xtb_mc3_xtb_q_H_mean_mean,Local three-conformer GFN2-xTB batch calculation,empty field in CSV,0,0,True,True,False
2745,mc3__xtb_mc3_xtb_q_H_mean_std,feature,gfn2_xtb_three_conformer_summary,float32,descriptor_specific_or_dimensionless,gfn2_xtb_three_conformer_summary feature: xtb_mc3_xtb_q_H_mean_std,Local three-conformer GFN2-xTB batch calculation,empty field in CSV,0,0,True,True,False
2746,mc3__xtb_mc3_xtb_q_H_mean_min,feature,gfn2_xtb_three_conformer_summary,float32,descriptor_specific_or_dimensionless,gfn2_xtb_three_conformer_summary feature: xtb_mc3_xtb_q_H_mean_min,Local three-conformer GFN2-xTB batch calculation,empty field in CSV,0,0,True,True,False
2747,mc3__xtb_mc3_xtb_q_H_mean_max,feature,gfn2_xtb_three_conformer_summary,float32,descriptor_specific_or_dimensionless,gfn2_xtb_three_conformer_summary feature: xtb_mc3_xtb_q_H_mean_max,Local three-conformer GFN2-xTB batch calculation,empty field in CSV,0,0,True,True,False
2748,mc3__xtb_mc3_xtb_q_H_mean_range,feature,gfn2_xtb_three_conformer_summary,float32,descriptor_specific_or_dimensionless,gfn2_xtb_three_conformer_summary feature: xtb_mc3_xtb_q_H_mean_range,Local three-conformer GFN2-xTB batch calculation,empty field in CSV,0,0,True,True,False
2749,mc3__xtb_mc3_xtb_q_H_mean_lowe,feature,gfn2_xtb_three_conformer_summary,float32,descriptor_specific_or_dimensionless,gfn2_xtb_three_conformer_summary feature: xtb_mc3_xtb_q_H_mean_lowe,Local three-conformer GFN2-xTB batch calculation,empty field in CSV,0,0,True,True,False
2750,mc3__xtb_mc3_xtb_q_H_std_mean,feature,gfn2_xtb_three_conformer_summary,float32,descriptor_specific_or_dimensionless,gfn2_xtb_three_conformer_summary feature: xtb_mc3_xtb_q_H_std_mean,Local three-conformer GFN2-xTB batch calculation,empty field in CSV,0,0,True,True,False
2751,mc3__xtb_mc3_xtb_q_H_std_std,feature,gfn2_xtb_three_conformer_summary,float32,descriptor_specific_or_dimensionless,gfn2_xtb_three_conformer_summary feature: xtb_mc3_xtb_q_H_std_std,Local three-conformer GFN2-xTB batch calculation,empty field in CSV,0,0,True,True,False
2752,mc3__xtb_mc3_xtb_q_H_std_min,feature,gfn2_xtb_three_conformer_summary,float32,descriptor_specific_or_dimensionless,gfn2_xtb_three_conformer_summary feature: xtb_mc3_xtb_q_H_std_min,Local three-conformer GFN2-xTB batch calculation,empty field in CSV,0,0,True,True,False
2753,mc3__xtb_mc3_xtb_q_H_std_max,feature,gfn2_xtb_three_conformer_summary,float32,descriptor_specific_or_dimensionless,gfn2_xtb_three_conformer_summary feature: xtb_mc3_xtb_q_H_std_max,Local three-conformer GFN2-xTB batch calculation,empty field in CSV,0,0,True,True,False
2754,mc3__xtb_mc3_xtb_q_H_std_range,feature,gfn2_xtb_three_conformer_summary,float32,descriptor_specific_or_dimensionless,gfn2_xtb_three_conformer_summary feature: xtb_mc3_xtb_q_H_std_range,Local three-conformer GFN2-xTB batch calculation,empty field in CSV,0,0,True,True,False
2755,mc3__xtb_mc3_xtb_q_H_std_lowe,feature,gfn2_xtb_three_conformer_summary,float32,descriptor_specific_or_dimensionless,gfn2_xtb_three_conformer_summary feature: xtb_mc3_xtb_q_H_std_lowe,Local three-conformer GFN2-xTB batch calculation,empty field in CSV,0,0,True,True,False
2756,mc3__xtb_mc3_xtb_q_H_sum_mean,feature,gfn2_xtb_three_conformer_summary,float32,descriptor_specific_or_dimensionless,gfn2_xtb_three_conformer_summary feature: xtb_mc3_xtb_q_H_sum_mean,Local three-conformer GFN2-xTB batch calculation,empty field in CSV,0,0,True,True,False
2757,mc3__xtb_mc3_xtb_q_H_sum_std,feature,gfn2_xtb_three_conformer_summary,float32,descriptor_specific_or_dimensionless,gfn2_xtb_three_conformer_summary feature: xtb_mc3_xtb_q_H_sum_std,Local three-conformer GFN2-xTB batch calculation,empty field in CSV,0,0,True,True,False
2758,mc3__xtb_mc3_xtb_q_H_sum_min,feature,gfn2_xtb_three_conformer_summary,float32,descriptor_specific_or_dimensionless,gfn2_xtb_three_conformer_summary feature: xtb_mc3_xtb_q_H_sum_min,Local three-conformer GFN2-xTB batch calculation,empty field in CSV,0,0,True,True,False
2759,mc3__xtb_mc3_xtb_q_H_sum_max,feature,gfn2_xtb_three_conformer_summary,float32,descriptor_specific_or_dimensionless,gfn2_xtb_three_conformer_summary feature: xtb_mc3_xtb_q_H_sum_max,Local three-conformer GFN2-xTB batch calculation,empty field in CSV,0,0,True,True,False
2760,mc3__xtb_mc3_xtb_q_H_sum_range,feature,gfn2_xtb_three_conformer_summary,float32,descriptor_specific_or_dimensionless,gfn2_xtb_three_conformer_summary feature: xtb_mc3_xtb_q_H_sum_range,Local three-conformer GFN2-xTB batch calculation,empty field in CSV,0,0,True,True,False
2761,mc3__xtb_mc3_xtb_q_H_sum_lowe,feature,gfn2_xtb_three_conformer_summary,float32,descriptor_specific_or_dimensionless,gfn2_xtb_three_conformer_summary feature: xtb_mc3_xtb_q_H_sum_lowe,Local three-conformer GFN2-xTB batch calculation,empty field in CSV,0,0,True,True,False
2762,mc3__xtb_mc3_xtb_q_N_abs_sum_mean,feature,gfn2_xtb_three_conformer_summary,float32,count,gfn2_xtb_three_conformer_summary feature: xtb_mc3_xtb_q_N_abs_sum_mean,Local three-conformer GFN2-xTB batch calculation,empty field in CSV,0,0,True,True,False
2763,mc3__xtb_mc3_xtb_q_N_abs_sum_std,feature,gfn2_xtb_three_conformer_summary,float32,count,gfn2_xtb_three_conformer_summary feature: xtb_mc3_xtb_q_N_abs_sum_std,Local three-conformer GFN2-xTB batch calculation,empty field in CSV,0,0,True,True,False
2764,mc3__xtb_mc3_xtb_q_N_abs_sum_min,feature,gfn2_xtb_three_conformer_summary,float32,count,gfn2_xtb_three_conformer_summary feature: xtb_mc3_xtb_q_N_abs_sum_min,Local three-conformer GFN2-xTB batch calculation,empty field in CSV,0,0,True,True,False
2765,mc3__xtb_mc3_xtb_q_N_abs_sum_max,feature,gfn2_xtb_three_conformer_summary,float32,count,gfn2_xtb_three_conformer_summary feature: xtb_mc3_xtb_q_N_abs_sum_max,Local three-conformer GFN2-xTB batch calculation,empty field in CSV,0,0,True,True,False
2766,mc3__xtb_mc3_xtb_q_N_abs_sum_range,feature,gfn2_xtb_three_conformer_summary,float32,count,gfn2_xtb_three_conformer_summary feature: xtb_mc3_xtb_q_N_abs_sum_range,Local three-conformer GFN2-xTB batch calculation,empty field in CSV,0,0,True,True,False
2767,mc3__xtb_mc3_xtb_q_N_abs_sum_lowe,feature,gfn2_xtb_three_conformer_summary,float32,count,gfn2_xtb_three_conformer_summary feature: xtb_mc3_xtb_q_N_abs_sum_lowe,Local three-conformer GFN2-xTB batch calculation,empty field in CSV,0,0,True,True,False
2768,mc3__xtb_mc3_xtb_q_N_mean_mean,feature,gfn2_xtb_three_conformer_summary,float32,count,gfn2_xtb_three_conformer_summary feature: xtb_mc3_xtb_q_N_mean_mean,Local three-conformer GFN2-xTB batch calculation,empty field in CSV,0,0,True,True,False
2769,mc3__xtb_mc3_xtb_q_N_mean_std,feature,gfn2_xtb_three_conformer_summary,float32,count,gfn2_xtb_three_conformer_summary feature: xtb_mc3_xtb_q_N_mean_std,Local three-conformer GFN2-xTB batch calculation,empty field in CSV,0,0,True,True,False
2770,mc3__xtb_mc3_xtb_q_N_mean_min,feature,gfn2_xtb_three_conformer_summary,float32,count,gfn2_xtb_three_conformer_summary feature: xtb_mc3_xtb_q_N_mean_min,Local three-conformer GFN2-xTB batch calculation,empty field in CSV,0,0,True,True,False
2771,mc3__xtb_mc3_xtb_q_N_mean_max,feature,gfn2_xtb_three_conformer_summary,float32,count,gfn2_xtb_three_conformer_summary feature: xtb_mc3_xtb_q_N_mean_max,Local three-conformer GFN2-xTB batch calculation,empty field in CSV,0,0,True,True,False
2772,mc3__xtb_mc3_xtb_q_N_mean_range,feature,gfn2_xtb_three_conformer_summary,float32,count,gfn2_xtb_three_conformer_summary feature: xtb_mc3_xtb_q_N_mean_range,Local three-conformer GFN2-xTB batch calculation,empty field in CSV,0,0,True,True,False
2773,mc3__xtb_mc3_xtb_q_N_mean_lowe,feature,gfn2_xtb_three_conformer_summary,float32,count,gfn2_xtb_three_conformer_summary feature: xtb_mc3_xtb_q_N_mean_lowe,Local three-conformer GFN2-xTB batch calculation,empty field in CSV,0,0,True,True,False
2774,mc3__xtb_mc3_xtb_q_N_std_mean,feature,gfn2_xtb_three_conformer_summary,float32,count,gfn2_xtb_three_conformer_summary feature: xtb_mc3_xtb_q_N_std_mean,Local three-conformer GFN2-xTB batch calculation,empty field in CSV,0,0,True,True,False
2775,mc3__xtb_mc3_xtb_q_N_std_std,feature,gfn2_xtb_three_conformer_summary,float32,count,gfn2_xtb_three_conformer_summary feature: xtb_mc3_xtb_q_N_std_std,Local three-conformer GFN2-xTB batch calculation,empty field in CSV,0,0,True,True,False
2776,mc3__xtb_mc3_xtb_q_N_std_min,feature,gfn2_xtb_three_conformer_summary,float32,count,gfn2_xtb_three_conformer_summary feature: xtb_mc3_xtb_q_N_std_min,Local three-conformer GFN2-xTB batch calculation,empty field in CSV,0,0,True,True,False
2777,mc3__xtb_mc3_xtb_q_N_std_max,feature,gfn2_xtb_three_conformer_summary,float32,count,gfn2_xtb_three_conformer_summary feature: xtb_mc3_xtb_q_N_std_max,Local three-conformer GFN2-xTB batch calculation,empty field in CSV,0,0,True,True,False
2778,mc3__xtb_mc3_xtb_q_N_std_range,feature,gfn2_xtb_three_conformer_summary,float32,count,gfn2_xtb_three_conformer_summary feature: xtb_mc3_xtb_q_N_std_range,Local three-conformer GFN2-xTB batch calculation,empty field in CSV,0,0,True,True,False
2779,mc3__xtb_mc3_xtb_q_N_std_lowe,feature,gfn2_xtb_three_conformer_summary,float32,count,gfn2_xtb_three_conformer_summary feature: xtb_mc3_xtb_q_N_std_lowe,Local three-conformer GFN2-xTB batch calculation,empty field in CSV,0,0,True,True,False
2780,mc3__xtb_mc3_xtb_q_N_sum_mean,feature,gfn2_xtb_three_conformer_summary,float32,count,gfn2_xtb_three_conformer_summary feature: xtb_mc3_xtb_q_N_sum_mean,Local three-conformer GFN2-xTB batch calculation,empty field in CSV,0,0,True,True,False
2781,mc3__xtb_mc3_xtb_q_N_sum_std,feature,gfn2_xtb_three_conformer_summary,float32,count,gfn2_xtb_three_conformer_summary feature: xtb_mc3_xtb_q_N_sum_std,Local three-conformer GFN2-xTB batch calculation,empty field in CSV,0,0,True,True,False
2782,mc3__xtb_mc3_xtb_q_N_sum_min,feature,gfn2_xtb_three_conformer_summary,float32,count,gfn2_xtb_three_conformer_summary feature: xtb_mc3_xtb_q_N_sum_min,Local three-conformer GFN2-xTB batch calculation,empty field in CSV,0,0,True,True,False
2783,mc3__xtb_mc3_xtb_q_N_sum_max,feature,gfn2_xtb_three_conformer_summary,float32,count,gfn2_xtb_three_conformer_summary feature: xtb_mc3_xtb_q_N_sum_max,Local three-conformer GFN2-xTB batch calculation,empty field in CSV,0,0,True,True,False
2784,mc3__xtb_mc3_xtb_q_N_sum_range,feature,gfn2_xtb_three_conformer_summary,float32,count,gfn2_xtb_three_conformer_summary feature: xtb_mc3_xtb_q_N_sum_range,Local three-conformer GFN2-xTB batch calculation,empty field in CSV,0,0,True,True,False
2785,mc3__xtb_mc3_xtb_q_N_sum_lowe,feature,gfn2_xtb_three_conformer_summary,float32,count,gfn2_xtb_three_conformer_summary feature: xtb_mc3_xtb_q_N_sum_lowe,Local three-conformer GFN2-xTB batch calculation,empty field in CSV,0,0,True,True,False
2786,mc3__xtb_mc3_xtb_q_O_abs_sum_mean,feature,gfn2_xtb_three_conformer_summary,float32,descriptor_specific_or_dimensionless,gfn2_xtb_three_conformer_summary feature: xtb_mc3_xtb_q_O_abs_sum_mean,Local three-conformer GFN2-xTB batch calculation,empty field in CSV,0,0,True,True,False
2787,mc3__xtb_mc3_xtb_q_O_abs_sum_std,feature,gfn2_xtb_three_conformer_summary,float32,descriptor_specific_or_dimensionless,gfn2_xtb_three_conformer_summary feature: xtb_mc3_xtb_q_O_abs_sum_std,Local three-conformer GFN2-xTB batch calculation,empty field in CSV,0,0,True,True,False
2788,mc3__xtb_mc3_xtb_q_O_abs_sum_min,feature,gfn2_xtb_three_conformer_summary,float32,descriptor_specific_or_dimensionless,gfn2_xtb_three_conformer_summary feature: xtb_mc3_xtb_q_O_abs_sum_min,Local three-conformer GFN2-xTB batch calculation,empty field in CSV,0,0,True,True,False
2789,mc3__xtb_mc3_xtb_q_O_abs_sum_max,feature,gfn2_xtb_three_conformer_summary,float32,descriptor_specific_or_dimensionless,gfn2_xtb_three_conformer_summary feature: xtb_mc3_xtb_q_O_abs_sum_max,Local three-conformer GFN2-xTB batch calculation,empty field in CSV,0,0,True,True,False
2790,mc3__xtb_mc3_xtb_q_O_abs_sum_range,feature,gfn2_xtb_three_conformer_summary,float32,descriptor_specific_or_dimensionless,gfn2_xtb_three_conformer_summary feature: xtb_mc3_xtb_q_O_abs_sum_range,Local three-conformer GFN2-xTB batch calculation,empty field in CSV,0,0,True,True,False
2791,mc3__xtb_mc3_xtb_q_O_abs_sum_lowe,feature,gfn2_xtb_three_conformer_summary,float32,descriptor_specific_or_dimensionless,gfn2_xtb_three_conformer_summary feature: xtb_mc3_xtb_q_O_abs_sum_lowe,Local three-conformer GFN2-xTB batch calculation,empty field in CSV,0,0,True,True,False
2792,mc3__xtb_mc3_xtb_q_O_mean_mean,feature,gfn2_xtb_three_conformer_summary,float32,descriptor_specific_or_dimensionless,gfn2_xtb_three_conformer_summary feature: xtb_mc3_xtb_q_O_mean_mean,Local three-conformer GFN2-xTB batch calculation,empty field in CSV,0,0,True,True,False
2793,mc3__xtb_mc3_xtb_q_O_mean_std,feature,gfn2_xtb_three_conformer_summary,float32,descriptor_specific_or_dimensionless,gfn2_xtb_three_conformer_summary feature: xtb_mc3_xtb_q_O_mean_std,Local three-conformer GFN2-xTB batch calculation,empty field in CSV,0,0,True,True,False
2794,mc3__xtb_mc3_xtb_q_O_mean_min,feature,gfn2_xtb_three_conformer_summary,float32,descriptor_specific_or_dimensionless,gfn2_xtb_three_conformer_summary feature: xtb_mc3_xtb_q_O_mean_min,Local three-conformer GFN2-xTB batch calculation,empty field in CSV,0,0,True,True,False
2795,mc3__xtb_mc3_xtb_q_O_mean_max,feature,gfn2_xtb_three_conformer_summary,float32,descriptor_specific_or_dimensionless,gfn2_xtb_three_conformer_summary feature: xtb_mc3_xtb_q_O_mean_max,Local three-conformer GFN2-xTB batch calculation,empty field in CSV,0,0,True,True,False
2796,mc3__xtb_mc3_xtb_q_O_mean_range,feature,gfn2_xtb_three_conformer_summary,float32,descriptor_specific_or_dimensionless,gfn2_xtb_three_conformer_summary feature: xtb_mc3_xtb_q_O_mean_range,Local three-conformer GFN2-xTB batch calculation,empty field in CSV,0,0,True,True,False
2797,mc3__xtb_mc3_xtb_q_O_mean_lowe,feature,gfn2_xtb_three_conformer_summary,float32,descriptor_specific_or_dimensionless,gfn2_xtb_three_conformer_summary feature: xtb_mc3_xtb_q_O_mean_lowe,Local three-conformer GFN2-xTB batch calculation,empty field in CSV,0,0,True,True,False
2798,mc3__xtb_mc3_xtb_q_O_std_mean,feature,gfn2_xtb_three_conformer_summary,float32,descriptor_specific_or_dimensionless,gfn2_xtb_three_conformer_summary feature: xtb_mc3_xtb_q_O_std_mean,Local three-conformer GFN2-xTB batch calculation,empty field in CSV,0,0,True,True,False
2799,mc3__xtb_mc3_xtb_q_O_std_std,feature,gfn2_xtb_three_conformer_summary,float32,descriptor_specific_or_dimensionless,gfn2_xtb_three_conformer_summary feature: xtb_mc3_xtb_q_O_std_std,Local three-conformer GFN2-xTB batch calculation,empty field in CSV,0,0,True,True,False
2800,mc3__xtb_mc3_xtb_q_O_std_min,feature,gfn2_xtb_three_conformer_summary,float32,descriptor_specific_or_dimensionless,gfn2_xtb_three_conformer_summary feature: xtb_mc3_xtb_q_O_std_min,Local three-conformer GFN2-xTB batch calculation,empty field in CSV,0,0,True,True,False
2801,mc3__xtb_mc3_xtb_q_O_std_max,feature,gfn2_xtb_three_conformer_summary,float32,descriptor_specific_or_dimensionless,gfn2_xtb_three_conformer_summary feature: xtb_mc3_xtb_q_O_std_max,Local three-conformer GFN2-xTB batch calculation,empty field in CSV,0,0,True,True,False
2802,mc3__xtb_mc3_xtb_q_O_std_range,feature,gfn2_xtb_three_conformer_summary,float32,descriptor_specific_or_dimensionless,gfn2_xtb_three_conformer_summary feature: xtb_mc3_xtb_q_O_std_range,Local three-conformer GFN2-xTB batch calculation,empty field in CSV,0,0,True,True,False
2803,mc3__xtb_mc3_xtb_q_O_std_lowe,feature,gfn2_xtb_three_conformer_summary,float32,descriptor_specific_or_dimensionless,gfn2_xtb_three_conformer_summary feature: xtb_mc3_xtb_q_O_std_lowe,Local three-conformer GFN2-xTB batch calculation,empty field in CSV,0,0,True,True,False
2804,mc3__xtb_mc3_xtb_q_O_sum_mean,feature,gfn2_xtb_three_conformer_summary,float32,descriptor_specific_or_dimensionless,gfn2_xtb_three_conformer_summary feature: xtb_mc3_xtb_q_O_sum_mean,Local three-conformer GFN2-xTB batch calculation,empty field in CSV,0,0,True,True,False
2805,mc3__xtb_mc3_xtb_q_O_sum_std,feature,gfn2_xtb_three_conformer_summary,float32,descriptor_specific_or_dimensionless,gfn2_xtb_three_conformer_summary feature: xtb_mc3_xtb_q_O_sum_std,Local three-conformer GFN2-xTB batch calculation,empty field in CSV,0,0,True,True,False
2806,mc3__xtb_mc3_xtb_q_O_sum_min,feature,gfn2_xtb_three_conformer_summary,float32,descriptor_specific_or_dimensionless,gfn2_xtb_three_conformer_summary feature: xtb_mc3_xtb_q_O_sum_min,Local three-conformer GFN2-xTB batch calculation,empty field in CSV,0,0,True,True,False
2807,mc3__xtb_mc3_xtb_q_O_sum_max,feature,gfn2_xtb_three_conformer_summary,float32,descriptor_specific_or_dimensionless,gfn2_xtb_three_conformer_summary feature: xtb_mc3_xtb_q_O_sum_max,Local three-conformer GFN2-xTB batch calculation,empty field in CSV,0,0,True,True,False
2808,mc3__xtb_mc3_xtb_q_O_sum_range,feature,gfn2_xtb_three_conformer_summary,float32,descriptor_specific_or_dimensionless,gfn2_xtb_three_conformer_summary feature: xtb_mc3_xtb_q_O_sum_range,Local three-conformer GFN2-xTB batch calculation,empty field in CSV,0,0,True,True,False
2809,mc3__xtb_mc3_xtb_q_O_sum_lowe,feature,gfn2_xtb_three_conformer_summary,float32,descriptor_specific_or_dimensionless,gfn2_xtb_three_conformer_summary feature: xtb_mc3_xtb_q_O_sum_lowe,Local three-conformer GFN2-xTB batch calculation,empty field in CSV,0,0,True,True,False
2810,mc3__xtb_mc3_xtb_q_P_abs_sum_mean,feature,gfn2_xtb_three_conformer_summary,float32,descriptor_specific_or_dimensionless,gfn2_xtb_three_conformer_summary feature: xtb_mc3_xtb_q_P_abs_sum_mean,Local three-conformer GFN2-xTB batch calculation,empty field in CSV,0,0,True,True,False
2811,mc3__xtb_mc3_xtb_q_P_abs_sum_std,feature,gfn2_xtb_three_conformer_summary,float32,descriptor_specific_or_dimensionless,gfn2_xtb_three_conformer_summary feature: xtb_mc3_xtb_q_P_abs_sum_std,Local three-conformer GFN2-xTB batch calculation,empty field in CSV,0,0,True,True,False
2812,mc3__xtb_mc3_xtb_q_P_abs_sum_min,feature,gfn2_xtb_three_conformer_summary,float32,descriptor_specific_or_dimensionless,gfn2_xtb_three_conformer_summary feature: xtb_mc3_xtb_q_P_abs_sum_min,Local three-conformer GFN2-xTB batch calculation,empty field in CSV,0,0,True,True,False
2813,mc3__xtb_mc3_xtb_q_P_abs_sum_max,feature,gfn2_xtb_three_conformer_summary,float32,descriptor_specific_or_dimensionless,gfn2_xtb_three_conformer_summary feature: xtb_mc3_xtb_q_P_abs_sum_max,Local three-conformer GFN2-xTB batch calculation,empty field in CSV,0,0,True,True,False
2814,mc3__xtb_mc3_xtb_q_P_abs_sum_range,feature,gfn2_xtb_three_conformer_summary,float32,descriptor_specific_or_dimensionless,gfn2_xtb_three_conformer_summary feature: xtb_mc3_xtb_q_P_abs_sum_range,Local three-conformer GFN2-xTB batch calculation,empty field in CSV,0,0,True,True,False
2815,mc3__xtb_mc3_xtb_q_P_abs_sum_lowe,feature,gfn2_xtb_three_conformer_summary,float32,descriptor_specific_or_dimensionless,gfn2_xtb_three_conformer_summary feature: xtb_mc3_xtb_q_P_abs_sum_lowe,Local three-conformer GFN2-xTB batch calculation,empty field in CSV,0,0,True,True,False
2816,mc3__xtb_mc3_xtb_q_P_mean_mean,feature,gfn2_xtb_three_conformer_summary,float32,descriptor_specific_or_dimensionless,gfn2_xtb_three_conformer_summary feature: xtb_mc3_xtb_q_P_mean_mean,Local three-conformer GFN2-xTB batch calculation,empty field in CSV,0,0,True,True,False
2817,mc3__xtb_mc3_xtb_q_P_mean_std,feature,gfn2_xtb_three_conformer_summary,float32,descriptor_specific_or_dimensionless,gfn2_xtb_three_conformer_summary feature: xtb_mc3_xtb_q_P_mean_std,Local three-conformer GFN2-xTB batch calculation,empty field in CSV,0,0,True,True,False
2818,mc3__xtb_mc3_xtb_q_P_mean_min,feature,gfn2_xtb_three_conformer_summary,float32,descriptor_specific_or_dimensionless,gfn2_xtb_three_conformer_summary feature: xtb_mc3_xtb_q_P_mean_min,Local three-conformer GFN2-xTB batch calculation,empty field in CSV,0,0,True,True,False
2819,mc3__xtb_mc3_xtb_q_P_mean_max,feature,gfn2_xtb_three_conformer_summary,float32,descriptor_specific_or_dimensionless,gfn2_xtb_three_conformer_summary feature: xtb_mc3_xtb_q_P_mean_max,Local three-conformer GFN2-xTB batch calculation,empty field in CSV,0,0,True,True,False
2820,mc3__xtb_mc3_xtb_q_P_mean_range,feature,gfn2_xtb_three_conformer_summary,float32,descriptor_specific_or_dimensionless,gfn2_xtb_three_conformer_summary feature: xtb_mc3_xtb_q_P_mean_range,Local three-conformer GFN2-xTB batch calculation,empty field in CSV,0,0,True,True,False
2821,mc3__xtb_mc3_xtb_q_P_mean_lowe,feature,gfn2_xtb_three_conformer_summary,float32,descriptor_specific_or_dimensionless,gfn2_xtb_three_conformer_summary feature: xtb_mc3_xtb_q_P_mean_lowe,Local three-conformer GFN2-xTB batch calculation,empty field in CSV,0,0,True,True,False
2822,mc3__xtb_mc3_xtb_q_P_std_mean,feature,gfn2_xtb_three_conformer_summary,float32,descriptor_specific_or_dimensionless,gfn2_xtb_three_conformer_summary feature: xtb_mc3_xtb_q_P_std_mean,Local three-conformer GFN2-xTB batch calculation,empty field in CSV,0,0,True,True,False
2823,mc3__xtb_mc3_xtb_q_P_std_std,feature,gfn2_xtb_three_conformer_summary,float32,descriptor_specific_or_dimensionless,gfn2_xtb_three_conformer_summary feature: xtb_mc3_xtb_q_P_std_std,Local three-conformer GFN2-xTB batch calculation,empty field in CSV,0,0,True,True,False
2824,mc3__xtb_mc3_xtb_q_P_std_min,feature,gfn2_xtb_three_conformer_summary,float32,descriptor_specific_or_dimensionless,gfn2_xtb_three_conformer_summary feature: xtb_mc3_xtb_q_P_std_min,Local three-conformer GFN2-xTB batch calculation,empty field in CSV,0,0,True,True,False
2825,mc3__xtb_mc3_xtb_q_P_std_max,feature,gfn2_xtb_three_conformer_summary,float32,descriptor_specific_or_dimensionless,gfn2_xtb_three_conformer_summary feature: xtb_mc3_xtb_q_P_std_max,Local three-conformer GFN2-xTB batch calculation,empty field in CSV,0,0,True,True,False
2826,mc3__xtb_mc3_xtb_q_P_std_range,feature,gfn2_xtb_three_conformer_summary,float32,descriptor_specific_or_dimensionless,gfn2_xtb_three_conformer_summary feature: xtb_mc3_xtb_q_P_std_range,Local three-conformer GFN2-xTB batch calculation,empty field in CSV,0,0,True,True,False
2827,mc3__xtb_mc3_xtb_q_P_std_lowe,feature,gfn2_xtb_three_conformer_summary,float32,descriptor_specific_or_dimensionless,gfn2_xtb_three_conformer_summary feature: xtb_mc3_xtb_q_P_std_lowe,Local three-conformer GFN2-xTB batch calculation,empty field in CSV,0,0,True,True,False
2828,mc3__xtb_mc3_xtb_q_P_sum_mean,feature,gfn2_xtb_three_conformer_summary,float32,descriptor_specific_or_dimensionless,gfn2_xtb_three_conformer_summary feature: xtb_mc3_xtb_q_P_sum_mean,Local three-conformer GFN2-xTB batch calculation,empty field in CSV,0,0,True,True,False
2829,mc3__xtb_mc3_xtb_q_P_sum_std,feature,gfn2_xtb_three_conformer_summary,float32,descriptor_specific_or_dimensionless,gfn2_xtb_three_conformer_summary feature: xtb_mc3_xtb_q_P_sum_std,Local three-conformer GFN2-xTB batch calculation,empty field in CSV,0,0,True,True,False
2830,mc3__xtb_mc3_xtb_q_P_sum_min,feature,gfn2_xtb_three_conformer_summary,float32,descriptor_specific_or_dimensionless,gfn2_xtb_three_conformer_summary feature: xtb_mc3_xtb_q_P_sum_min,Local three-conformer GFN2-xTB batch calculation,empty field in CSV,0,0,True,True,False
2831,mc3__xtb_mc3_xtb_q_P_sum_max,feature,gfn2_xtb_three_conformer_summary,float32,descriptor_specific_or_dimensionless,gfn2_xtb_three_conformer_summary feature: xtb_mc3_xtb_q_P_sum_max,Local three-conformer GFN2-xTB batch calculation,empty field in CSV,0,0,True,True,False
2832,mc3__xtb_mc3_xtb_q_P_sum_range,feature,gfn2_xtb_three_conformer_summary,float32,descriptor_specific_or_dimensionless,gfn2_xtb_three_conformer_summary feature: xtb_mc3_xtb_q_P_sum_range,Local three-conformer GFN2-xTB batch calculation,empty field in CSV,0,0,True,True,False
2833,mc3__xtb_mc3_xtb_q_P_sum_lowe,feature,gfn2_xtb_three_conformer_summary,float32,descriptor_specific_or_dimensionless,gfn2_xtb_three_conformer_summary feature: xtb_mc3_xtb_q_P_sum_lowe,Local three-conformer GFN2-xTB batch calculation,empty field in CSV,0,0,True,True,False
2834,mc3__xtb_mc3_xtb_q_S_abs_sum_mean,feature,gfn2_xtb_three_conformer_summary,float32,descriptor_specific_or_dimensionless,gfn2_xtb_three_conformer_summary feature: xtb_mc3_xtb_q_S_abs_sum_mean,Local three-conformer GFN2-xTB batch calculation,empty field in CSV,0,0,True,True,False
2835,mc3__xtb_mc3_xtb_q_S_abs_sum_std,feature,gfn2_xtb_three_conformer_summary,float32,descriptor_specific_or_dimensionless,gfn2_xtb_three_conformer_summary feature: xtb_mc3_xtb_q_S_abs_sum_std,Local three-conformer GFN2-xTB batch calculation,empty field in CSV,0,0,True,True,False
2836,mc3__xtb_mc3_xtb_q_S_abs_sum_min,feature,gfn2_xtb_three_conformer_summary,float32,descriptor_specific_or_dimensionless,gfn2_xtb_three_conformer_summary feature: xtb_mc3_xtb_q_S_abs_sum_min,Local three-conformer GFN2-xTB batch calculation,empty field in CSV,0,0,True,True,False
2837,mc3__xtb_mc3_xtb_q_S_abs_sum_max,feature,gfn2_xtb_three_conformer_summary,float32,descriptor_specific_or_dimensionless,gfn2_xtb_three_conformer_summary feature: xtb_mc3_xtb_q_S_abs_sum_max,Local three-conformer GFN2-xTB batch calculation,empty field in CSV,0,0,True,True,False
2838,mc3__xtb_mc3_xtb_q_S_abs_sum_range,feature,gfn2_xtb_three_conformer_summary,float32,descriptor_specific_or_dimensionless,gfn2_xtb_three_conformer_summary feature: xtb_mc3_xtb_q_S_abs_sum_range,Local three-conformer GFN2-xTB batch calculation,empty field in CSV,0,0,True,True,False
2839,mc3__xtb_mc3_xtb_q_S_abs_sum_lowe,feature,gfn2_xtb_three_conformer_summary,float32,descriptor_specific_or_dimensionless,gfn2_xtb_three_conformer_summary feature: xtb_mc3_xtb_q_S_abs_sum_lowe,Local three-conformer GFN2-xTB batch calculation,empty field in CSV,0,0,True,True,False
2840,mc3__xtb_mc3_xtb_q_S_mean_mean,feature,gfn2_xtb_three_conformer_summary,float32,descriptor_specific_or_dimensionless,gfn2_xtb_three_conformer_summary feature: xtb_mc3_xtb_q_S_mean_mean,Local three-conformer GFN2-xTB batch calculation,empty field in CSV,0,0,True,True,False
2841,mc3__xtb_mc3_xtb_q_S_mean_std,feature,gfn2_xtb_three_conformer_summary,float32,descriptor_specific_or_dimensionless,gfn2_xtb_three_conformer_summary feature: xtb_mc3_xtb_q_S_mean_std,Local three-conformer GFN2-xTB batch calculation,empty field in CSV,0,0,True,True,False
2842,mc3__xtb_mc3_xtb_q_S_mean_min,feature,gfn2_xtb_three_conformer_summary,float32,descriptor_specific_or_dimensionless,gfn2_xtb_three_conformer_summary feature: xtb_mc3_xtb_q_S_mean_min,Local three-conformer GFN2-xTB batch calculation,empty field in CSV,0,0,True,True,False
2843,mc3__xtb_mc3_xtb_q_S_mean_max,feature,gfn2_xtb_three_conformer_summary,float32,descriptor_specific_or_dimensionless,gfn2_xtb_three_conformer_summary feature: xtb_mc3_xtb_q_S_mean_max,Local three-conformer GFN2-xTB batch calculation,empty field in CSV,0,0,True,True,False
2844,mc3__xtb_mc3_xtb_q_S_mean_range,feature,gfn2_xtb_three_conformer_summary,float32,descriptor_specific_or_dimensionless,gfn2_xtb_three_conformer_summary feature: xtb_mc3_xtb_q_S_mean_range,Local three-conformer GFN2-xTB batch calculation,empty field in CSV,0,0,True,True,False
2845,mc3__xtb_mc3_xtb_q_S_mean_lowe,feature,gfn2_xtb_three_conformer_summary,float32,descriptor_specific_or_dimensionless,gfn2_xtb_three_conformer_summary feature: xtb_mc3_xtb_q_S_mean_lowe,Local three-conformer GFN2-xTB batch calculation,empty field in CSV,0,0,True,True,False
2846,mc3__xtb_mc3_xtb_q_S_std_mean,feature,gfn2_xtb_three_conformer_summary,float32,descriptor_specific_or_dimensionless,gfn2_xtb_three_conformer_summary feature: xtb_mc3_xtb_q_S_std_mean,Local three-conformer GFN2-xTB batch calculation,empty field in CSV,0,0,True,True,False
2847,mc3__xtb_mc3_xtb_q_S_std_std,feature,gfn2_xtb_three_conformer_summary,float32,descriptor_specific_or_dimensionless,gfn2_xtb_three_conformer_summary feature: xtb_mc3_xtb_q_S_std_std,Local three-conformer GFN2-xTB batch calculation,empty field in CSV,0,0,True,True,False
2848,mc3__xtb_mc3_xtb_q_S_std_min,feature,gfn2_xtb_three_conformer_summary,float32,descriptor_specific_or_dimensionless,gfn2_xtb_three_conformer_summary feature: xtb_mc3_xtb_q_S_std_min,Local three-conformer GFN2-xTB batch calculation,empty field in CSV,0,0,True,True,False
2849,mc3__xtb_mc3_xtb_q_S_std_max,feature,gfn2_xtb_three_conformer_summary,float32,descriptor_specific_or_dimensionless,gfn2_xtb_three_conformer_summary feature: xtb_mc3_xtb_q_S_std_max,Local three-conformer GFN2-xTB batch calculation,empty field in CSV,0,0,True,True,False
2850,mc3__xtb_mc3_xtb_q_S_std_range,feature,gfn2_xtb_three_conformer_summary,float32,descriptor_specific_or_dimensionless,gfn2_xtb_three_conformer_summary feature: xtb_mc3_xtb_q_S_std_range,Local three-conformer GFN2-xTB batch calculation,empty field in CSV,0,0,True,True,False
2851,mc3__xtb_mc3_xtb_q_S_std_lowe,feature,gfn2_xtb_three_conformer_summary,float32,descriptor_specific_or_dimensionless,gfn2_xtb_three_conformer_summary feature: xtb_mc3_xtb_q_S_std_lowe,Local three-conformer GFN2-xTB batch calculation,empty field in CSV,0,0,True,True,False
2852,mc3__xtb_mc3_xtb_q_S_sum_mean,feature,gfn2_xtb_three_conformer_summary,float32,descriptor_specific_or_dimensionless,gfn2_xtb_three_conformer_summary feature: xtb_mc3_xtb_q_S_sum_mean,Local three-conformer GFN2-xTB batch calculation,empty field in CSV,0,0,True,True,False
2853,mc3__xtb_mc3_xtb_q_S_sum_std,feature,gfn2_xtb_three_conformer_summary,float32,descriptor_specific_or_dimensionless,gfn2_xtb_three_conformer_summary feature: xtb_mc3_xtb_q_S_sum_std,Local three-conformer GFN2-xTB batch calculation,empty field in CSV,0,0,True,True,False
2854,mc3__xtb_mc3_xtb_q_S_sum_min,feature,gfn2_xtb_three_conformer_summary,float32,descriptor_specific_or_dimensionless,gfn2_xtb_three_conformer_summary feature: xtb_mc3_xtb_q_S_sum_min,Local three-conformer GFN2-xTB batch calculation,empty field in CSV,0,0,True,True,False
2855,mc3__xtb_mc3_xtb_q_S_sum_max,feature,gfn2_xtb_three_conformer_summary,float32,descriptor_specific_or_dimensionless,gfn2_xtb_three_conformer_summary feature: xtb_mc3_xtb_q_S_sum_max,Local three-conformer GFN2-xTB batch calculation,empty field in CSV,0,0,True,True,False
2856,mc3__xtb_mc3_xtb_q_S_sum_range,feature,gfn2_xtb_three_conformer_summary,float32,descriptor_specific_or_dimensionless,gfn2_xtb_three_conformer_summary feature: xtb_mc3_xtb_q_S_sum_range,Local three-conformer GFN2-xTB batch calculation,empty field in CSV,0,0,True,True,False
2857,mc3__xtb_mc3_xtb_q_S_sum_lowe,feature,gfn2_xtb_three_conformer_summary,float32,descriptor_specific_or_dimensionless,gfn2_xtb_three_conformer_summary feature: xtb_mc3_xtb_q_S_sum_lowe,Local three-conformer GFN2-xTB batch calculation,empty field in CSV,0,0,True,True,False
2858,mc3__xtb_mc3_xtb_q_Si_abs_sum_mean,feature,gfn2_xtb_three_conformer_summary,float32,descriptor_specific_or_dimensionless,gfn2_xtb_three_conformer_summary feature: xtb_mc3_xtb_q_Si_abs_sum_mean,Local three-conformer GFN2-xTB batch calculation,empty field in CSV,0,0,True,True,False
2859,mc3__xtb_mc3_xtb_q_Si_abs_sum_std,feature,gfn2_xtb_three_conformer_summary,float32,descriptor_specific_or_dimensionless,gfn2_xtb_three_conformer_summary feature: xtb_mc3_xtb_q_Si_abs_sum_std,Local three-conformer GFN2-xTB batch calculation,empty field in CSV,0,0,True,True,False
2860,mc3__xtb_mc3_xtb_q_Si_abs_sum_min,feature,gfn2_xtb_three_conformer_summary,float32,descriptor_specific_or_dimensionless,gfn2_xtb_three_conformer_summary feature: xtb_mc3_xtb_q_Si_abs_sum_min,Local three-conformer GFN2-xTB batch calculation,empty field in CSV,0,0,True,True,False
2861,mc3__xtb_mc3_xtb_q_Si_abs_sum_max,feature,gfn2_xtb_three_conformer_summary,float32,descriptor_specific_or_dimensionless,gfn2_xtb_three_conformer_summary feature: xtb_mc3_xtb_q_Si_abs_sum_max,Local three-conformer GFN2-xTB batch calculation,empty field in CSV,0,0,True,True,False
2862,mc3__xtb_mc3_xtb_q_Si_abs_sum_range,feature,gfn2_xtb_three_conformer_summary,float32,descriptor_specific_or_dimensionless,gfn2_xtb_three_conformer_summary feature: xtb_mc3_xtb_q_Si_abs_sum_range,Local three-conformer GFN2-xTB batch calculation,empty field in CSV,0,0,True,True,False
2863,mc3__xtb_mc3_xtb_q_Si_abs_sum_lowe,feature,gfn2_xtb_three_conformer_summary,float32,descriptor_specific_or_dimensionless,gfn2_xtb_three_conformer_summary feature: xtb_mc3_xtb_q_Si_abs_sum_lowe,Local three-conformer GFN2-xTB batch calculation,empty field in CSV,0,0,True,True,False
2864,mc3__xtb_mc3_xtb_q_Si_mean_mean,feature,gfn2_xtb_three_conformer_summary,float32,descriptor_specific_or_dimensionless,gfn2_xtb_three_conformer_summary feature: xtb_mc3_xtb_q_Si_mean_mean,Local three-conformer GFN2-xTB batch calculation,empty field in CSV,0,0,True,True,False
2865,mc3__xtb_mc3_xtb_q_Si_mean_std,feature,gfn2_xtb_three_conformer_summary,float32,descriptor_specific_or_dimensionless,gfn2_xtb_three_conformer_summary feature: xtb_mc3_xtb_q_Si_mean_std,Local three-conformer GFN2-xTB batch calculation,empty field in CSV,0,0,True,True,False
2866,mc3__xtb_mc3_xtb_q_Si_mean_min,feature,gfn2_xtb_three_conformer_summary,float32,descriptor_specific_or_dimensionless,gfn2_xtb_three_conformer_summary feature: xtb_mc3_xtb_q_Si_mean_min,Local three-conformer GFN2-xTB batch calculation,empty field in CSV,0,0,True,True,False
2867,mc3__xtb_mc3_xtb_q_Si_mean_max,feature,gfn2_xtb_three_conformer_summary,float32,descriptor_specific_or_dimensionless,gfn2_xtb_three_conformer_summary feature: xtb_mc3_xtb_q_Si_mean_max,Local three-conformer GFN2-xTB batch calculation,empty field in CSV,0,0,True,True,False
2868,mc3__xtb_mc3_xtb_q_Si_mean_range,feature,gfn2_xtb_three_conformer_summary,float32,descriptor_specific_or_dimensionless,gfn2_xtb_three_conformer_summary feature: xtb_mc3_xtb_q_Si_mean_range,Local three-conformer GFN2-xTB batch calculation,empty field in CSV,0,0,True,True,False
2869,mc3__xtb_mc3_xtb_q_Si_mean_lowe,feature,gfn2_xtb_three_conformer_summary,float32,descriptor_specific_or_dimensionless,gfn2_xtb_three_conformer_summary feature: xtb_mc3_xtb_q_Si_mean_lowe,Local three-conformer GFN2-xTB batch calculation,empty field in CSV,0,0,True,True,False
2870,mc3__xtb_mc3_xtb_q_Si_std_mean,feature,gfn2_xtb_three_conformer_summary,float32,descriptor_specific_or_dimensionless,gfn2_xtb_three_conformer_summary feature: xtb_mc3_xtb_q_Si_std_mean,Local three-conformer GFN2-xTB batch calculation,empty field in CSV,0,0,True,True,False
2871,mc3__xtb_mc3_xtb_q_Si_std_std,feature,gfn2_xtb_three_conformer_summary,float32,descriptor_specific_or_dimensionless,gfn2_xtb_three_conformer_summary feature: xtb_mc3_xtb_q_Si_std_std,Local three-conformer GFN2-xTB batch calculation,empty field in CSV,0,0,True,True,False
2872,mc3__xtb_mc3_xtb_q_Si_std_min,feature,gfn2_xtb_three_conformer_summary,float32,descriptor_specific_or_dimensionless,gfn2_xtb_three_conformer_summary feature: xtb_mc3_xtb_q_Si_std_min,Local three-conformer GFN2-xTB batch calculation,empty field in CSV,0,0,True,True,False
2873,mc3__xtb_mc3_xtb_q_Si_std_max,feature,gfn2_xtb_three_conformer_summary,float32,descriptor_specific_or_dimensionless,gfn2_xtb_three_conformer_summary feature: xtb_mc3_xtb_q_Si_std_max,Local three-conformer GFN2-xTB batch calculation,empty field in CSV,0,0,True,True,False
2874,mc3__xtb_mc3_xtb_q_Si_std_range,feature,gfn2_xtb_three_conformer_summary,float32,descriptor_specific_or_dimensionless,gfn2_xtb_three_conformer_summary feature: xtb_mc3_xtb_q_Si_std_range,Local three-conformer GFN2-xTB batch calculation,empty field in CSV,0,0,True,True,False
2875,mc3__xtb_mc3_xtb_q_Si_std_lowe,feature,gfn2_xtb_three_conformer_summary,float32,descriptor_specific_or_dimensionless,gfn2_xtb_three_conformer_summary feature: xtb_mc3_xtb_q_Si_std_lowe,Local three-conformer GFN2-xTB batch calculation,empty field in CSV,0,0,True,True,False
2876,mc3__xtb_mc3_xtb_q_Si_sum_mean,feature,gfn2_xtb_three_conformer_summary,float32,descriptor_specific_or_dimensionless,gfn2_xtb_three_conformer_summary feature: xtb_mc3_xtb_q_Si_sum_mean,Local three-conformer GFN2-xTB batch calculation,empty field in CSV,0,0,True,True,False
2877,mc3__xtb_mc3_xtb_q_Si_sum_std,feature,gfn2_xtb_three_conformer_summary,float32,descriptor_specific_or_dimensionless,gfn2_xtb_three_conformer_summary feature: xtb_mc3_xtb_q_Si_sum_std,Local three-conformer GFN2-xTB batch calculation,empty field in CSV,0,0,True,True,False
2878,mc3__xtb_mc3_xtb_q_Si_sum_min,feature,gfn2_xtb_three_conformer_summary,float32,descriptor_specific_or_dimensionless,gfn2_xtb_three_conformer_summary feature: xtb_mc3_xtb_q_Si_sum_min,Local three-conformer GFN2-xTB batch calculation,empty field in CSV,0,0,True,True,False
2879,mc3__xtb_mc3_xtb_q_Si_sum_max,feature,gfn2_xtb_three_conformer_summary,float32,descriptor_specific_or_dimensionless,gfn2_xtb_three_conformer_summary feature: xtb_mc3_xtb_q_Si_sum_max,Local three-conformer GFN2-xTB batch calculation,empty field in CSV,0,0,True,True,False
2880,mc3__xtb_mc3_xtb_q_Si_sum_range,feature,gfn2_xtb_three_conformer_summary,float32,descriptor_specific_or_dimensionless,gfn2_xtb_three_conformer_summary feature: xtb_mc3_xtb_q_Si_sum_range,Local three-conformer GFN2-xTB batch calculation,empty field in CSV,0,0,True,True,False
2881,mc3__xtb_mc3_xtb_q_Si_sum_lowe,feature,gfn2_xtb_three_conformer_summary,float32,descriptor_specific_or_dimensionless,gfn2_xtb_three_conformer_summary feature: xtb_mc3_xtb_q_Si_sum_lowe,Local three-conformer GFN2-xTB batch calculation,empty field in CSV,0,0,True,True,False
2882,mc3__xtb_mc3_xtb_q_abs_sum_mean,feature,gfn2_xtb_three_conformer_summary,float32,descriptor_specific_or_dimensionless,gfn2_xtb_three_conformer_summary feature: xtb_mc3_xtb_q_abs_sum_mean,Local three-conformer GFN2-xTB batch calculation,empty field in CSV,0,0,True,True,False
2883,mc3__xtb_mc3_xtb_q_abs_sum_std,feature,gfn2_xtb_three_conformer_summary,float32,descriptor_specific_or_dimensionless,gfn2_xtb_three_conformer_summary feature: xtb_mc3_xtb_q_abs_sum_std,Local three-conformer GFN2-xTB batch calculation,empty field in CSV,0,0,True,True,False
2884,mc3__xtb_mc3_xtb_q_abs_sum_min,feature,gfn2_xtb_three_conformer_summary,float32,descriptor_specific_or_dimensionless,gfn2_xtb_three_conformer_summary feature: xtb_mc3_xtb_q_abs_sum_min,Local three-conformer GFN2-xTB batch calculation,empty field in CSV,0,0,True,True,False
2885,mc3__xtb_mc3_xtb_q_abs_sum_max,feature,gfn2_xtb_three_conformer_summary,float32,descriptor_specific_or_dimensionless,gfn2_xtb_three_conformer_summary feature: xtb_mc3_xtb_q_abs_sum_max,Local three-conformer GFN2-xTB batch calculation,empty field in CSV,0,0,True,True,False
2886,mc3__xtb_mc3_xtb_q_abs_sum_range,feature,gfn2_xtb_three_conformer_summary,float32,descriptor_specific_or_dimensionless,gfn2_xtb_three_conformer_summary feature: xtb_mc3_xtb_q_abs_sum_range,Local three-conformer GFN2-xTB batch calculation,empty field in CSV,0,0,True,True,False
2887,mc3__xtb_mc3_xtb_q_abs_sum_lowe,feature,gfn2_xtb_three_conformer_summary,float32,descriptor_specific_or_dimensionless,gfn2_xtb_three_conformer_summary feature: xtb_mc3_xtb_q_abs_sum_lowe,Local three-conformer GFN2-xTB batch calculation,empty field in CSV,0,0,True,True,False
2888,mc3__xtb_mc3_xtb_q_max_mean,feature,gfn2_xtb_three_conformer_summary,float32,descriptor_specific_or_dimensionless,gfn2_xtb_three_conformer_summary feature: xtb_mc3_xtb_q_max_mean,Local three-conformer GFN2-xTB batch calculation,empty field in CSV,0,0,True,True,False
2889,mc3__xtb_mc3_xtb_q_max_std,feature,gfn2_xtb_three_conformer_summary,float32,descriptor_specific_or_dimensionless,gfn2_xtb_three_conformer_summary feature: xtb_mc3_xtb_q_max_std,Local three-conformer GFN2-xTB batch calculation,empty field in CSV,0,0,True,True,False
2890,mc3__xtb_mc3_xtb_q_max_min,feature,gfn2_xtb_three_conformer_summary,float32,descriptor_specific_or_dimensionless,gfn2_xtb_three_conformer_summary feature: xtb_mc3_xtb_q_max_min,Local three-conformer GFN2-xTB batch calculation,empty field in CSV,0,0,True,True,False
2891,mc3__xtb_mc3_xtb_q_max_max,feature,gfn2_xtb_three_conformer_summary,float32,descriptor_specific_or_dimensionless,gfn2_xtb_three_conformer_summary feature: xtb_mc3_xtb_q_max_max,Local three-conformer GFN2-xTB batch calculation,empty field in CSV,0,0,True,True,False
2892,mc3__xtb_mc3_xtb_q_max_range,feature,gfn2_xtb_three_conformer_summary,float32,descriptor_specific_or_dimensionless,gfn2_xtb_three_conformer_summary feature: xtb_mc3_xtb_q_max_range,Local three-conformer GFN2-xTB batch calculation,empty field in CSV,0,0,True,True,False
2893,mc3__xtb_mc3_xtb_q_max_lowe,feature,gfn2_xtb_three_conformer_summary,float32,descriptor_specific_or_dimensionless,gfn2_xtb_three_conformer_summary feature: xtb_mc3_xtb_q_max_lowe,Local three-conformer GFN2-xTB batch calculation,empty field in CSV,0,0,True,True,False
2894,mc3__xtb_mc3_xtb_q_min_mean,feature,gfn2_xtb_three_conformer_summary,float32,descriptor_specific_or_dimensionless,gfn2_xtb_three_conformer_summary feature: xtb_mc3_xtb_q_min_mean,Local three-conformer GFN2-xTB batch calculation,empty field in CSV,0,0,True,True,False
2895,mc3__xtb_mc3_xtb_q_min_std,feature,gfn2_xtb_three_conformer_summary,float32,descriptor_specific_or_dimensionless,gfn2_xtb_three_conformer_summary feature: xtb_mc3_xtb_q_min_std,Local three-conformer GFN2-xTB batch calculation,empty field in CSV,0,0,True,True,False
2896,mc3__xtb_mc3_xtb_q_min_min,feature,gfn2_xtb_three_conformer_summary,float32,descriptor_specific_or_dimensionless,gfn2_xtb_three_conformer_summary feature: xtb_mc3_xtb_q_min_min,Local three-conformer GFN2-xTB batch calculation,empty field in CSV,0,0,True,True,False
2897,mc3__xtb_mc3_xtb_q_min_max,feature,gfn2_xtb_three_conformer_summary,float32,descriptor_specific_or_dimensionless,gfn2_xtb_three_conformer_summary feature: xtb_mc3_xtb_q_min_max,Local three-conformer GFN2-xTB batch calculation,empty field in CSV,0,0,True,True,False
2898,mc3__xtb_mc3_xtb_q_min_range,feature,gfn2_xtb_three_conformer_summary,float32,descriptor_specific_or_dimensionless,gfn2_xtb_three_conformer_summary feature: xtb_mc3_xtb_q_min_range,Local three-conformer GFN2-xTB batch calculation,empty field in CSV,0,0,True,True,False
2899,mc3__xtb_mc3_xtb_q_min_lowe,feature,gfn2_xtb_three_conformer_summary,float32,descriptor_specific_or_dimensionless,gfn2_xtb_three_conformer_summary feature: xtb_mc3_xtb_q_min_lowe,Local three-conformer GFN2-xTB batch calculation,empty field in CSV,0,0,True,True,False
2900,mc3__xtb_mc3_xtb_q_neg_sum_mean,feature,gfn2_xtb_three_conformer_summary,float32,descriptor_specific_or_dimensionless,gfn2_xtb_three_conformer_summary feature: xtb_mc3_xtb_q_neg_sum_mean,Local three-conformer GFN2-xTB batch calculation,empty field in CSV,0,0,True,True,False
2901,mc3__xtb_mc3_xtb_q_neg_sum_std,feature,gfn2_xtb_three_conformer_summary,float32,descriptor_specific_or_dimensionless,gfn2_xtb_three_conformer_summary feature: xtb_mc3_xtb_q_neg_sum_std,Local three-conformer GFN2-xTB batch calculation,empty field in CSV,0,0,True,True,False
2902,mc3__xtb_mc3_xtb_q_neg_sum_min,feature,gfn2_xtb_three_conformer_summary,float32,descriptor_specific_or_dimensionless,gfn2_xtb_three_conformer_summary feature: xtb_mc3_xtb_q_neg_sum_min,Local three-conformer GFN2-xTB batch calculation,empty field in CSV,0,0,True,True,False
2903,mc3__xtb_mc3_xtb_q_neg_sum_max,feature,gfn2_xtb_three_conformer_summary,float32,descriptor_specific_or_dimensionless,gfn2_xtb_three_conformer_summary feature: xtb_mc3_xtb_q_neg_sum_max,Local three-conformer GFN2-xTB batch calculation,empty field in CSV,0,0,True,True,False
2904,mc3__xtb_mc3_xtb_q_neg_sum_range,feature,gfn2_xtb_three_conformer_summary,float32,descriptor_specific_or_dimensionless,gfn2_xtb_three_conformer_summary feature: xtb_mc3_xtb_q_neg_sum_range,Local three-conformer GFN2-xTB batch calculation,empty field in CSV,0,0,True,True,False
2905,mc3__xtb_mc3_xtb_q_neg_sum_lowe,feature,gfn2_xtb_three_conformer_summary,float32,descriptor_specific_or_dimensionless,gfn2_xtb_three_conformer_summary feature: xtb_mc3_xtb_q_neg_sum_lowe,Local three-conformer GFN2-xTB batch calculation,empty field in CSV,0,0,True,True,False
2906,mc3__xtb_mc3_xtb_q_pos_sum_mean,feature,gfn2_xtb_three_conformer_summary,float32,descriptor_specific_or_dimensionless,gfn2_xtb_three_conformer_summary feature: xtb_mc3_xtb_q_pos_sum_mean,Local three-conformer GFN2-xTB batch calculation,empty field in CSV,0,0,True,True,False
2907,mc3__xtb_mc3_xtb_q_pos_sum_std,feature,gfn2_xtb_three_conformer_summary,float32,descriptor_specific_or_dimensionless,gfn2_xtb_three_conformer_summary feature: xtb_mc3_xtb_q_pos_sum_std,Local three-conformer GFN2-xTB batch calculation,empty field in CSV,0,0,True,True,False
2908,mc3__xtb_mc3_xtb_q_pos_sum_min,feature,gfn2_xtb_three_conformer_summary,float32,descriptor_specific_or_dimensionless,gfn2_xtb_three_conformer_summary feature: xtb_mc3_xtb_q_pos_sum_min,Local three-conformer GFN2-xTB batch calculation,empty field in CSV,0,0,True,True,False
2909,mc3__xtb_mc3_xtb_q_pos_sum_max,feature,gfn2_xtb_three_conformer_summary,float32,descriptor_specific_or_dimensionless,gfn2_xtb_three_conformer_summary feature: xtb_mc3_xtb_q_pos_sum_max,Local three-conformer GFN2-xTB batch calculation,empty field in CSV,0,0,True,True,False
2910,mc3__xtb_mc3_xtb_q_pos_sum_range,feature,gfn2_xtb_three_conformer_summary,float32,descriptor_specific_or_dimensionless,gfn2_xtb_three_conformer_summary feature: xtb_mc3_xtb_q_pos_sum_range,Local three-conformer GFN2-xTB batch calculation,empty field in CSV,0,0,True,True,False
2911,mc3__xtb_mc3_xtb_q_pos_sum_lowe,feature,gfn2_xtb_three_conformer_summary,float32,descriptor_specific_or_dimensionless,gfn2_xtb_three_conformer_summary feature: xtb_mc3_xtb_q_pos_sum_lowe,Local three-conformer GFN2-xTB batch calculation,empty field in CSV,0,0,True,True,False
2912,mc3__xtb_mc3_xtb_q_range_mean,feature,gfn2_xtb_three_conformer_summary,float32,descriptor_specific_or_dimensionless,gfn2_xtb_three_conformer_summary feature: xtb_mc3_xtb_q_range_mean,Local three-conformer GFN2-xTB batch calculation,empty field in CSV,0,0,True,True,False
2913,mc3__xtb_mc3_xtb_q_range_std,feature,gfn2_xtb_three_conformer_summary,float32,descriptor_specific_or_dimensionless,gfn2_xtb_three_conformer_summary feature: xtb_mc3_xtb_q_range_std,Local three-conformer GFN2-xTB batch calculation,empty field in CSV,0,0,True,True,False
2914,mc3__xtb_mc3_xtb_q_range_min,feature,gfn2_xtb_three_conformer_summary,float32,descriptor_specific_or_dimensionless,gfn2_xtb_three_conformer_summary feature: xtb_mc3_xtb_q_range_min,Local three-conformer GFN2-xTB batch calculation,empty field in CSV,0,0,True,True,False
2915,mc3__xtb_mc3_xtb_q_range_max,feature,gfn2_xtb_three_conformer_summary,float32,descriptor_specific_or_dimensionless,gfn2_xtb_three_conformer_summary feature: xtb_mc3_xtb_q_range_max,Local three-conformer GFN2-xTB batch calculation,empty field in CSV,0,0,True,True,False
2916,mc3__xtb_mc3_xtb_q_range_range,feature,gfn2_xtb_three_conformer_summary,float32,descriptor_specific_or_dimensionless,gfn2_xtb_three_conformer_summary feature: xtb_mc3_xtb_q_range_range,Local three-conformer GFN2-xTB batch calculation,empty field in CSV,0,0,True,True,False
2917,mc3__xtb_mc3_xtb_q_range_lowe,feature,gfn2_xtb_three_conformer_summary,float32,descriptor_specific_or_dimensionless,gfn2_xtb_three_conformer_summary feature: xtb_mc3_xtb_q_range_lowe,Local three-conformer GFN2-xTB batch calculation,empty field in CSV,0,0,True,True,False
2918,mc3__xtb_mc3_xtb_q_std_mean,feature,gfn2_xtb_three_conformer_summary,float32,descriptor_specific_or_dimensionless,gfn2_xtb_three_conformer_summary feature: xtb_mc3_xtb_q_std_mean,Local three-conformer GFN2-xTB batch calculation,empty field in CSV,0,0,True,True,False
2919,mc3__xtb_mc3_xtb_q_std_std,feature,gfn2_xtb_three_conformer_summary,float32,descriptor_specific_or_dimensionless,gfn2_xtb_three_conformer_summary feature: xtb_mc3_xtb_q_std_std,Local three-conformer GFN2-xTB batch calculation,empty field in CSV,0,0,True,True,False
2920,mc3__xtb_mc3_xtb_q_std_min,feature,gfn2_xtb_three_conformer_summary,float32,descriptor_specific_or_dimensionless,gfn2_xtb_three_conformer_summary feature: xtb_mc3_xtb_q_std_min,Local three-conformer GFN2-xTB batch calculation,empty field in CSV,0,0,True,True,False
2921,mc3__xtb_mc3_xtb_q_std_max,feature,gfn2_xtb_three_conformer_summary,float32,descriptor_specific_or_dimensionless,gfn2_xtb_three_conformer_summary feature: xtb_mc3_xtb_q_std_max,Local three-conformer GFN2-xTB batch calculation,empty field in CSV,0,0,True,True,False
2922,mc3__xtb_mc3_xtb_q_std_range,feature,gfn2_xtb_three_conformer_summary,float32,descriptor_specific_or_dimensionless,gfn2_xtb_three_conformer_summary feature: xtb_mc3_xtb_q_std_range,Local three-conformer GFN2-xTB batch calculation,empty field in CSV,0,0,True,True,False
2923,mc3__xtb_mc3_xtb_q_std_lowe,feature,gfn2_xtb_three_conformer_summary,float32,descriptor_specific_or_dimensionless,gfn2_xtb_three_conformer_summary feature: xtb_mc3_xtb_q_std_lowe,Local three-conformer GFN2-xTB batch calculation,empty field in CSV,0,0,True,True,False
2924,mc3__xtb_mc3_xtb_qcov_anisotropy_mean,feature,gfn2_xtb_three_conformer_summary,float32,descriptor_specific_or_dimensionless,gfn2_xtb_three_conformer_summary feature: xtb_mc3_xtb_qcov_anisotropy_mean,Local three-conformer GFN2-xTB batch calculation,empty field in CSV,0,0,True,True,False
2925,mc3__xtb_mc3_xtb_qcov_anisotropy_std,feature,gfn2_xtb_three_conformer_summary,float32,descriptor_specific_or_dimensionless,gfn2_xtb_three_conformer_summary feature: xtb_mc3_xtb_qcov_anisotropy_std,Local three-conformer GFN2-xTB batch calculation,empty field in CSV,0,0,True,True,False
2926,mc3__xtb_mc3_xtb_qcov_anisotropy_min,feature,gfn2_xtb_three_conformer_summary,float32,descriptor_specific_or_dimensionless,gfn2_xtb_three_conformer_summary feature: xtb_mc3_xtb_qcov_anisotropy_min,Local three-conformer GFN2-xTB batch calculation,empty field in CSV,0,0,True,True,False
2927,mc3__xtb_mc3_xtb_qcov_anisotropy_max,feature,gfn2_xtb_three_conformer_summary,float32,descriptor_specific_or_dimensionless,gfn2_xtb_three_conformer_summary feature: xtb_mc3_xtb_qcov_anisotropy_max,Local three-conformer GFN2-xTB batch calculation,empty field in CSV,0,0,True,True,False
2928,mc3__xtb_mc3_xtb_qcov_anisotropy_range,feature,gfn2_xtb_three_conformer_summary,float32,descriptor_specific_or_dimensionless,gfn2_xtb_three_conformer_summary feature: xtb_mc3_xtb_qcov_anisotropy_range,Local three-conformer GFN2-xTB batch calculation,empty field in CSV,0,0,True,True,False
2929,mc3__xtb_mc3_xtb_qcov_anisotropy_lowe,feature,gfn2_xtb_three_conformer_summary,float32,descriptor_specific_or_dimensionless,gfn2_xtb_three_conformer_summary feature: xtb_mc3_xtb_qcov_anisotropy_lowe,Local three-conformer GFN2-xTB batch calculation,empty field in CSV,0,0,True,True,False
2930,mc3__xtb_mc3_xtb_qcov_eig1_mean,feature,gfn2_xtb_three_conformer_summary,float32,descriptor_specific_or_dimensionless,gfn2_xtb_three_conformer_summary feature: xtb_mc3_xtb_qcov_eig1_mean,Local three-conformer GFN2-xTB batch calculation,empty field in CSV,0,0,True,True,False
2931,mc3__xtb_mc3_xtb_qcov_eig1_std,feature,gfn2_xtb_three_conformer_summary,float32,descriptor_specific_or_dimensionless,gfn2_xtb_three_conformer_summary feature: xtb_mc3_xtb_qcov_eig1_std,Local three-conformer GFN2-xTB batch calculation,empty field in CSV,0,0,True,True,False
2932,mc3__xtb_mc3_xtb_qcov_eig1_min,feature,gfn2_xtb_three_conformer_summary,float32,descriptor_specific_or_dimensionless,gfn2_xtb_three_conformer_summary feature: xtb_mc3_xtb_qcov_eig1_min,Local three-conformer GFN2-xTB batch calculation,empty field in CSV,0,0,True,True,False
2933,mc3__xtb_mc3_xtb_qcov_eig1_max,feature,gfn2_xtb_three_conformer_summary,float32,descriptor_specific_or_dimensionless,gfn2_xtb_three_conformer_summary feature: xtb_mc3_xtb_qcov_eig1_max,Local three-conformer GFN2-xTB batch calculation,empty field in CSV,0,0,True,True,False
2934,mc3__xtb_mc3_xtb_qcov_eig1_range,feature,gfn2_xtb_three_conformer_summary,float32,descriptor_specific_or_dimensionless,gfn2_xtb_three_conformer_summary feature: xtb_mc3_xtb_qcov_eig1_range,Local three-conformer GFN2-xTB batch calculation,empty field in CSV,0,0,True,True,False
2935,mc3__xtb_mc3_xtb_qcov_eig1_lowe,feature,gfn2_xtb_three_conformer_summary,float32,descriptor_specific_or_dimensionless,gfn2_xtb_three_conformer_summary feature: xtb_mc3_xtb_qcov_eig1_lowe,Local three-conformer GFN2-xTB batch calculation,empty field in CSV,0,0,True,True,False
2936,mc3__xtb_mc3_xtb_qcov_eig2_mean,feature,gfn2_xtb_three_conformer_summary,float32,descriptor_specific_or_dimensionless,gfn2_xtb_three_conformer_summary feature: xtb_mc3_xtb_qcov_eig2_mean,Local three-conformer GFN2-xTB batch calculation,empty field in CSV,0,0,True,True,True
2937,mc3__xtb_mc3_xtb_qcov_eig2_std,feature,gfn2_xtb_three_conformer_summary,float32,descriptor_specific_or_dimensionless,gfn2_xtb_three_conformer_summary feature: xtb_mc3_xtb_qcov_eig2_std,Local three-conformer GFN2-xTB batch calculation,empty field in CSV,0,0,True,True,False
2938,mc3__xtb_mc3_xtb_qcov_eig2_min,feature,gfn2_xtb_three_conformer_summary,float32,descriptor_specific_or_dimensionless,gfn2_xtb_three_conformer_summary feature: xtb_mc3_xtb_qcov_eig2_min,Local three-conformer GFN2-xTB batch calculation,empty field in CSV,0,0,True,True,False
2939,mc3__xtb_mc3_xtb_qcov_eig2_max,feature,gfn2_xtb_three_conformer_summary,float32,descriptor_specific_or_dimensionless,gfn2_xtb_three_conformer_summary feature: xtb_mc3_xtb_qcov_eig2_max,Local three-conformer GFN2-xTB batch calculation,empty field in CSV,0,0,True,True,True
2940,mc3__xtb_mc3_xtb_qcov_eig2_range,feature,gfn2_xtb_three_conformer_summary,float32,descriptor_specific_or_dimensionless,gfn2_xtb_three_conformer_summary feature: xtb_mc3_xtb_qcov_eig2_range,Local three-conformer GFN2-xTB batch calculation,empty field in CSV,0,0,True,True,False
2941,mc3__xtb_mc3_xtb_qcov_eig2_lowe,feature,gfn2_xtb_three_conformer_summary,float32,descriptor_specific_or_dimensionless,gfn2_xtb_three_conformer_summary feature: xtb_mc3_xtb_qcov_eig2_lowe,Local three-conformer GFN2-xTB batch calculation,empty field in CSV,0,0,True,True,False
2942,mc3__xtb_mc3_xtb_qcov_eig3_mean,feature,gfn2_xtb_three_conformer_summary,float32,descriptor_specific_or_dimensionless,gfn2_xtb_three_conformer_summary feature: xtb_mc3_xtb_qcov_eig3_mean,Local three-conformer GFN2-xTB batch calculation,empty field in CSV,0,0,True,True,True
2943,mc3__xtb_mc3_xtb_qcov_eig3_std,feature,gfn2_xtb_three_conformer_summary,float32,descriptor_specific_or_dimensionless,gfn2_xtb_three_conformer_summary feature: xtb_mc3_xtb_qcov_eig3_std,Local three-conformer GFN2-xTB batch calculation,empty field in CSV,0,0,True,True,False
2944,mc3__xtb_mc3_xtb_qcov_eig3_min,feature,gfn2_xtb_three_conformer_summary,float32,descriptor_specific_or_dimensionless,gfn2_xtb_three_conformer_summary feature: xtb_mc3_xtb_qcov_eig3_min,Local three-conformer GFN2-xTB batch calculation,empty field in CSV,0,0,True,True,False
2945,mc3__xtb_mc3_xtb_qcov_eig3_max,feature,gfn2_xtb_three_conformer_summary,float32,descriptor_specific_or_dimensionless,gfn2_xtb_three_conformer_summary feature: xtb_mc3_xtb_qcov_eig3_max,Local three-conformer GFN2-xTB batch calculation,empty field in CSV,0,0,True,True,True
2946,mc3__xtb_mc3_xtb_qcov_eig3_range,feature,gfn2_xtb_three_conformer_summary,float32,descriptor_specific_or_dimensionless,gfn2_xtb_three_conformer_summary feature: xtb_mc3_xtb_qcov_eig3_range,Local three-conformer GFN2-xTB batch calculation,empty field in CSV,0,0,True,True,False
2947,mc3__xtb_mc3_xtb_qcov_eig3_lowe,feature,gfn2_xtb_three_conformer_summary,float32,descriptor_specific_or_dimensionless,gfn2_xtb_three_conformer_summary feature: xtb_mc3_xtb_qcov_eig3_lowe,Local three-conformer GFN2-xTB batch calculation,empty field in CSV,0,0,True,True,False
2948,mc3__xtb_mc3_xtb_qcov_planarity_mean,feature,gfn2_xtb_three_conformer_summary,float32,descriptor_specific_or_dimensionless,gfn2_xtb_three_conformer_summary feature: xtb_mc3_xtb_qcov_planarity_mean,Local three-conformer GFN2-xTB batch calculation,empty field in CSV,0,0,True,True,False
2949,mc3__xtb_mc3_xtb_qcov_planarity_std,feature,gfn2_xtb_three_conformer_summary,float32,descriptor_specific_or_dimensionless,gfn2_xtb_three_conformer_summary feature: xtb_mc3_xtb_qcov_planarity_std,Local three-conformer GFN2-xTB batch calculation,empty field in CSV,0,0,True,True,False
2950,mc3__xtb_mc3_xtb_qcov_planarity_min,feature,gfn2_xtb_three_conformer_summary,float32,descriptor_specific_or_dimensionless,gfn2_xtb_three_conformer_summary feature: xtb_mc3_xtb_qcov_planarity_min,Local three-conformer GFN2-xTB batch calculation,empty field in CSV,0,0,True,True,False
2951,mc3__xtb_mc3_xtb_qcov_planarity_max,feature,gfn2_xtb_three_conformer_summary,float32,descriptor_specific_or_dimensionless,gfn2_xtb_three_conformer_summary feature: xtb_mc3_xtb_qcov_planarity_max,Local three-conformer GFN2-xTB batch calculation,empty field in CSV,0,0,True,True,False
2952,mc3__xtb_mc3_xtb_qcov_planarity_range,feature,gfn2_xtb_three_conformer_summary,float32,descriptor_specific_or_dimensionless,gfn2_xtb_three_conformer_summary feature: xtb_mc3_xtb_qcov_planarity_range,Local three-conformer GFN2-xTB batch calculation,empty field in CSV,0,0,True,True,False
2953,mc3__xtb_mc3_xtb_qcov_planarity_lowe,feature,gfn2_xtb_three_conformer_summary,float32,descriptor_specific_or_dimensionless,gfn2_xtb_three_conformer_summary feature: xtb_mc3_xtb_qcov_planarity_lowe,Local three-conformer GFN2-xTB batch calculation,empty field in CSV,0,0,True,True,False
2954,mc3__xtb_mc3_xtb_qcov_trace_mean,feature,gfn2_xtb_three_conformer_summary,float32,descriptor_specific_or_dimensionless,gfn2_xtb_three_conformer_summary feature: xtb_mc3_xtb_qcov_trace_mean,Local three-conformer GFN2-xTB batch calculation,empty field in CSV,0,0,True,True,True
2955,mc3__xtb_mc3_xtb_qcov_trace_std,feature,gfn2_xtb_three_conformer_summary,float32,descriptor_specific_or_dimensionless,gfn2_xtb_three_conformer_summary feature: xtb_mc3_xtb_qcov_trace_std,Local three-conformer GFN2-xTB batch calculation,empty field in CSV,0,0,True,True,False
2956,mc3__xtb_mc3_xtb_qcov_trace_min,feature,gfn2_xtb_three_conformer_summary,float32,descriptor_specific_or_dimensionless,gfn2_xtb_three_conformer_summary feature: xtb_mc3_xtb_qcov_trace_min,Local three-conformer GFN2-xTB batch calculation,empty field in CSV,0,0,True,True,True
2957,mc3__xtb_mc3_xtb_qcov_trace_max,feature,gfn2_xtb_three_conformer_summary,float32,descriptor_specific_or_dimensionless,gfn2_xtb_three_conformer_summary feature: xtb_mc3_xtb_qcov_trace_max,Local three-conformer GFN2-xTB batch calculation,empty field in CSV,0,0,True,True,True
2958,mc3__xtb_mc3_xtb_qcov_trace_range,feature,gfn2_xtb_three_conformer_summary,float32,descriptor_specific_or_dimensionless,gfn2_xtb_three_conformer_summary feature: xtb_mc3_xtb_qcov_trace_range,Local three-conformer GFN2-xTB batch calculation,empty field in CSV,0,0,True,True,False
2959,mc3__xtb_mc3_xtb_qcov_trace_lowe,feature,gfn2_xtb_three_conformer_summary,float32,descriptor_specific_or_dimensionless,gfn2_xtb_three_conformer_summary feature: xtb_mc3_xtb_qcov_trace_lowe,Local three-conformer GFN2-xTB batch calculation,empty field in CSV,0,0,True,True,True
2960,mc3__xtb_mc3_xtb_qonly_dipole_debye_mean,feature,gfn2_xtb_three_conformer_summary,float32,debye,gfn2_xtb_three_conformer_summary feature: xtb_mc3_xtb_qonly_dipole_debye_mean,Local three-conformer GFN2-xTB batch calculation,empty field in CSV,0,0,True,True,False
2961,mc3__xtb_mc3_xtb_qonly_dipole_debye_std,feature,gfn2_xtb_three_conformer_summary,float32,debye,gfn2_xtb_three_conformer_summary feature: xtb_mc3_xtb_qonly_dipole_debye_std,Local three-conformer GFN2-xTB batch calculation,empty field in CSV,0,0,True,True,False
2962,mc3__xtb_mc3_xtb_qonly_dipole_debye_min,feature,gfn2_xtb_three_conformer_summary,float32,debye,gfn2_xtb_three_conformer_summary feature: xtb_mc3_xtb_qonly_dipole_debye_min,Local three-conformer GFN2-xTB batch calculation,empty field in CSV,0,0,True,True,False
2963,mc3__xtb_mc3_xtb_qonly_dipole_debye_max,feature,gfn2_xtb_three_conformer_summary,float32,debye,gfn2_xtb_three_conformer_summary feature: xtb_mc3_xtb_qonly_dipole_debye_max,Local three-conformer GFN2-xTB batch calculation,empty field in CSV,0,0,True,True,False
2964,mc3__xtb_mc3_xtb_qonly_dipole_debye_range,feature,gfn2_xtb_three_conformer_summary,float32,debye,gfn2_xtb_three_conformer_summary feature: xtb_mc3_xtb_qonly_dipole_debye_range,Local three-conformer GFN2-xTB batch calculation,empty field in CSV,0,0,True,True,False
2965,mc3__xtb_mc3_xtb_qonly_dipole_debye_lowe,feature,gfn2_xtb_three_conformer_summary,float32,debye,gfn2_xtb_three_conformer_summary feature: xtb_mc3_xtb_qonly_dipole_debye_lowe,Local three-conformer GFN2-xTB batch calculation,empty field in CSV,0,0,True,True,False
2966,mc3__xtb_mc3_xtb_quad_anisotropy_mean,feature,gfn2_xtb_three_conformer_summary,float32,descriptor_specific_or_dimensionless,gfn2_xtb_three_conformer_summary feature: xtb_mc3_xtb_quad_anisotropy_mean,Local three-conformer GFN2-xTB batch calculation,empty field in CSV,0,0,True,True,False
2967,mc3__xtb_mc3_xtb_quad_anisotropy_std,feature,gfn2_xtb_three_conformer_summary,float32,descriptor_specific_or_dimensionless,gfn2_xtb_three_conformer_summary feature: xtb_mc3_xtb_quad_anisotropy_std,Local three-conformer GFN2-xTB batch calculation,empty field in CSV,0,0,True,True,False
2968,mc3__xtb_mc3_xtb_quad_anisotropy_min,feature,gfn2_xtb_three_conformer_summary,float32,descriptor_specific_or_dimensionless,gfn2_xtb_three_conformer_summary feature: xtb_mc3_xtb_quad_anisotropy_min,Local three-conformer GFN2-xTB batch calculation,empty field in CSV,0,0,True,True,False
2969,mc3__xtb_mc3_xtb_quad_anisotropy_max,feature,gfn2_xtb_three_conformer_summary,float32,descriptor_specific_or_dimensionless,gfn2_xtb_three_conformer_summary feature: xtb_mc3_xtb_quad_anisotropy_max,Local three-conformer GFN2-xTB batch calculation,empty field in CSV,0,0,True,True,False
2970,mc3__xtb_mc3_xtb_quad_anisotropy_range,feature,gfn2_xtb_three_conformer_summary,float32,descriptor_specific_or_dimensionless,gfn2_xtb_three_conformer_summary feature: xtb_mc3_xtb_quad_anisotropy_range,Local three-conformer GFN2-xTB batch calculation,empty field in CSV,0,0,True,True,False
2971,mc3__xtb_mc3_xtb_quad_anisotropy_lowe,feature,gfn2_xtb_three_conformer_summary,float32,descriptor_specific_or_dimensionless,gfn2_xtb_three_conformer_summary feature: xtb_mc3_xtb_quad_anisotropy_lowe,Local three-conformer GFN2-xTB batch calculation,empty field in CSV,0,0,True,True,False
2972,mc3__xtb_mc3_xtb_quad_eig1_mean,feature,gfn2_xtb_three_conformer_summary,float32,descriptor_specific_or_dimensionless,gfn2_xtb_three_conformer_summary feature: xtb_mc3_xtb_quad_eig1_mean,Local three-conformer GFN2-xTB batch calculation,empty field in CSV,0,0,True,True,False
2973,mc3__xtb_mc3_xtb_quad_eig1_std,feature,gfn2_xtb_three_conformer_summary,float32,descriptor_specific_or_dimensionless,gfn2_xtb_three_conformer_summary feature: xtb_mc3_xtb_quad_eig1_std,Local three-conformer GFN2-xTB batch calculation,empty field in CSV,0,0,True,True,False
2974,mc3__xtb_mc3_xtb_quad_eig1_min,feature,gfn2_xtb_three_conformer_summary,float32,descriptor_specific_or_dimensionless,gfn2_xtb_three_conformer_summary feature: xtb_mc3_xtb_quad_eig1_min,Local three-conformer GFN2-xTB batch calculation,empty field in CSV,0,0,True,True,False
2975,mc3__xtb_mc3_xtb_quad_eig1_max,feature,gfn2_xtb_three_conformer_summary,float32,descriptor_specific_or_dimensionless,gfn2_xtb_three_conformer_summary feature: xtb_mc3_xtb_quad_eig1_max,Local three-conformer GFN2-xTB batch calculation,empty field in CSV,0,0,True,True,False
2976,mc3__xtb_mc3_xtb_quad_eig1_range,feature,gfn2_xtb_three_conformer_summary,float32,descriptor_specific_or_dimensionless,gfn2_xtb_three_conformer_summary feature: xtb_mc3_xtb_quad_eig1_range,Local three-conformer GFN2-xTB batch calculation,empty field in CSV,0,0,True,True,False
2977,mc3__xtb_mc3_xtb_quad_eig1_lowe,feature,gfn2_xtb_three_conformer_summary,float32,descriptor_specific_or_dimensionless,gfn2_xtb_three_conformer_summary feature: xtb_mc3_xtb_quad_eig1_lowe,Local three-conformer GFN2-xTB batch calculation,empty field in CSV,0,0,True,True,False
2978,mc3__xtb_mc3_xtb_quad_eig2_mean,feature,gfn2_xtb_three_conformer_summary,float32,descriptor_specific_or_dimensionless,gfn2_xtb_three_conformer_summary feature: xtb_mc3_xtb_quad_eig2_mean,Local three-conformer GFN2-xTB batch calculation,empty field in CSV,0,0,True,True,False
2979,mc3__xtb_mc3_xtb_quad_eig2_std,feature,gfn2_xtb_three_conformer_summary,float32,descriptor_specific_or_dimensionless,gfn2_xtb_three_conformer_summary feature: xtb_mc3_xtb_quad_eig2_std,Local three-conformer GFN2-xTB batch calculation,empty field in CSV,0,0,True,True,False
2980,mc3__xtb_mc3_xtb_quad_eig2_min,feature,gfn2_xtb_three_conformer_summary,float32,descriptor_specific_or_dimensionless,gfn2_xtb_three_conformer_summary feature: xtb_mc3_xtb_quad_eig2_min,Local three-conformer GFN2-xTB batch calculation,empty field in CSV,0,0,True,True,False
2981,mc3__xtb_mc3_xtb_quad_eig2_max,feature,gfn2_xtb_three_conformer_summary,float32,descriptor_specific_or_dimensionless,gfn2_xtb_three_conformer_summary feature: xtb_mc3_xtb_quad_eig2_max,Local three-conformer GFN2-xTB batch calculation,empty field in CSV,0,0,True,True,False
2982,mc3__xtb_mc3_xtb_quad_eig2_range,feature,gfn2_xtb_three_conformer_summary,float32,descriptor_specific_or_dimensionless,gfn2_xtb_three_conformer_summary feature: xtb_mc3_xtb_quad_eig2_range,Local three-conformer GFN2-xTB batch calculation,empty field in CSV,0,0,True,True,False
2983,mc3__xtb_mc3_xtb_quad_eig2_lowe,feature,gfn2_xtb_three_conformer_summary,float32,descriptor_specific_or_dimensionless,gfn2_xtb_three_conformer_summary feature: xtb_mc3_xtb_quad_eig2_lowe,Local three-conformer GFN2-xTB batch calculation,empty field in CSV,0,0,True,True,False
2984,mc3__xtb_mc3_xtb_quad_eig3_mean,feature,gfn2_xtb_three_conformer_summary,float32,descriptor_specific_or_dimensionless,gfn2_xtb_three_conformer_summary feature: xtb_mc3_xtb_quad_eig3_mean,Local three-conformer GFN2-xTB batch calculation,empty field in CSV,0,0,True,True,False
2985,mc3__xtb_mc3_xtb_quad_eig3_std,feature,gfn2_xtb_three_conformer_summary,float32,descriptor_specific_or_dimensionless,gfn2_xtb_three_conformer_summary feature: xtb_mc3_xtb_quad_eig3_std,Local three-conformer GFN2-xTB batch calculation,empty field in CSV,0,0,True,True,False
2986,mc3__xtb_mc3_xtb_quad_eig3_min,feature,gfn2_xtb_three_conformer_summary,float32,descriptor_specific_or_dimensionless,gfn2_xtb_three_conformer_summary feature: xtb_mc3_xtb_quad_eig3_min,Local three-conformer GFN2-xTB batch calculation,empty field in CSV,0,0,True,True,False
2987,mc3__xtb_mc3_xtb_quad_eig3_max,feature,gfn2_xtb_three_conformer_summary,float32,descriptor_specific_or_dimensionless,gfn2_xtb_three_conformer_summary feature: xtb_mc3_xtb_quad_eig3_max,Local three-conformer GFN2-xTB batch calculation,empty field in CSV,0,0,True,True,False
2988,mc3__xtb_mc3_xtb_quad_eig3_range,feature,gfn2_xtb_three_conformer_summary,float32,descriptor_specific_or_dimensionless,gfn2_xtb_three_conformer_summary feature: xtb_mc3_xtb_quad_eig3_range,Local three-conformer GFN2-xTB batch calculation,empty field in CSV,0,0,True,True,False
2989,mc3__xtb_mc3_xtb_quad_eig3_lowe,feature,gfn2_xtb_three_conformer_summary,float32,descriptor_specific_or_dimensionless,gfn2_xtb_three_conformer_summary feature: xtb_mc3_xtb_quad_eig3_lowe,Local three-conformer GFN2-xTB batch calculation,empty field in CSV,0,0,True,True,False
2990,mc3__xtb_mc3_xtb_quad_frobenius_mean,feature,gfn2_xtb_three_conformer_summary,float32,descriptor_specific_or_dimensionless,gfn2_xtb_three_conformer_summary feature: xtb_mc3_xtb_quad_frobenius_mean,Local three-conformer GFN2-xTB batch calculation,empty field in CSV,0,0,True,True,False
2991,mc3__xtb_mc3_xtb_quad_frobenius_std,feature,gfn2_xtb_three_conformer_summary,float32,descriptor_specific_or_dimensionless,gfn2_xtb_three_conformer_summary feature: xtb_mc3_xtb_quad_frobenius_std,Local three-conformer GFN2-xTB batch calculation,empty field in CSV,0,0,True,True,False
2992,mc3__xtb_mc3_xtb_quad_frobenius_min,feature,gfn2_xtb_three_conformer_summary,float32,descriptor_specific_or_dimensionless,gfn2_xtb_three_conformer_summary feature: xtb_mc3_xtb_quad_frobenius_min,Local three-conformer GFN2-xTB batch calculation,empty field in CSV,0,0,True,True,False
2993,mc3__xtb_mc3_xtb_quad_frobenius_max,feature,gfn2_xtb_three_conformer_summary,float32,descriptor_specific_or_dimensionless,gfn2_xtb_three_conformer_summary feature: xtb_mc3_xtb_quad_frobenius_max,Local three-conformer GFN2-xTB batch calculation,empty field in CSV,0,0,True,True,False
2994,mc3__xtb_mc3_xtb_quad_frobenius_range,feature,gfn2_xtb_three_conformer_summary,float32,descriptor_specific_or_dimensionless,gfn2_xtb_three_conformer_summary feature: xtb_mc3_xtb_quad_frobenius_range,Local three-conformer GFN2-xTB batch calculation,empty field in CSV,0,0,True,True,False
2995,mc3__xtb_mc3_xtb_quad_frobenius_lowe,feature,gfn2_xtb_three_conformer_summary,float32,descriptor_specific_or_dimensionless,gfn2_xtb_three_conformer_summary feature: xtb_mc3_xtb_quad_frobenius_lowe,Local three-conformer GFN2-xTB batch calculation,empty field in CSV,0,0,True,True,False
2996,mc3__xtb_mc3_xtb_signed_charge_second_moment_mean,feature,gfn2_xtb_three_conformer_summary,float32,descriptor_specific_or_dimensionless,gfn2_xtb_three_conformer_summary feature: xtb_mc3_xtb_signed_charge_second_moment_mean,Local three-conformer GFN2-xTB batch calculation,empty field in CSV,0,0,True,True,False
2997,mc3__xtb_mc3_xtb_signed_charge_second_moment_std,feature,gfn2_xtb_three_conformer_summary,float32,descriptor_specific_or_dimensionless,gfn2_xtb_three_conformer_summary feature: xtb_mc3_xtb_signed_charge_second_moment_std,Local three-conformer GFN2-xTB batch calculation,empty field in CSV,0,0,True,True,False
2998,mc3__xtb_mc3_xtb_signed_charge_second_moment_min,feature,gfn2_xtb_three_conformer_summary,float32,descriptor_specific_or_dimensionless,gfn2_xtb_three_conformer_summary feature: xtb_mc3_xtb_signed_charge_second_moment_min,Local three-conformer GFN2-xTB batch calculation,empty field in CSV,0,0,True,True,False
2999,mc3__xtb_mc3_xtb_signed_charge_second_moment_max,feature,gfn2_xtb_three_conformer_summary,float32,descriptor_specific_or_dimensionless,gfn2_xtb_three_conformer_summary feature: xtb_mc3_xtb_signed_charge_second_moment_max,Local three-conformer GFN2-xTB batch calculation,empty field in CSV,0,0,True,True,False
3000,mc3__xtb_mc3_xtb_signed_charge_second_moment_range,feature,gfn2_xtb_three_conformer_summary,float32,descriptor_specific_or_dimensionless,gfn2_xtb_three_conformer_summary feature: xtb_mc3_xtb_signed_charge_second_moment_range,Local three-conformer GFN2-xTB batch calculation,empty field in CSV,0,0,True,True,False
3001,mc3__xtb_mc3_xtb_signed_charge_second_moment_lowe,feature,gfn2_xtb_three_conformer_summary,float32,descriptor_specific_or_dimensionless,gfn2_xtb_three_conformer_summary feature: xtb_mc3_xtb_signed_charge_second_moment_lowe,Local three-conformer GFN2-xTB batch calculation,empty field in CSV,0,0,True,True,False
3002,mc3__xtb_mc3_xtb_total_energy_eh_mean,feature,gfn2_xtb_three_conformer_summary,float32,descriptor_specific_or_dimensionless,gfn2_xtb_three_conformer_summary feature: xtb_mc3_xtb_total_energy_eh_mean,Local three-conformer GFN2-xTB batch calculation,empty field in CSV,0,0,True,True,True
3003,mc3__xtb_mc3_xtb_total_energy_eh_std,feature,gfn2_xtb_three_conformer_summary,float32,descriptor_specific_or_dimensionless,gfn2_xtb_three_conformer_summary feature: xtb_mc3_xtb_total_energy_eh_std,Local three-conformer GFN2-xTB batch calculation,empty field in CSV,0,0,True,True,False
3004,mc3__xtb_mc3_xtb_total_energy_eh_min,feature,gfn2_xtb_three_conformer_summary,float32,descriptor_specific_or_dimensionless,gfn2_xtb_three_conformer_summary feature: xtb_mc3_xtb_total_energy_eh_min,Local three-conformer GFN2-xTB batch calculation,empty field in CSV,0,0,True,True,True
3005,mc3__xtb_mc3_xtb_total_energy_eh_max,feature,gfn2_xtb_three_conformer_summary,float32,descriptor_specific_or_dimensionless,gfn2_xtb_three_conformer_summary feature: xtb_mc3_xtb_total_energy_eh_max,Local three-conformer GFN2-xTB batch calculation,empty field in CSV,0,0,True,True,True
3006,mc3__xtb_mc3_xtb_total_energy_eh_range,feature,gfn2_xtb_three_conformer_summary,float32,descriptor_specific_or_dimensionless,gfn2_xtb_three_conformer_summary feature: xtb_mc3_xtb_total_energy_eh_range,Local three-conformer GFN2-xTB batch calculation,empty field in CSV,0,0,True,True,False
3007,mc3__xtb_mc3_xtb_total_energy_eh_lowe,feature,gfn2_xtb_three_conformer_summary,float32,descriptor_specific_or_dimensionless,gfn2_xtb_three_conformer_summary feature: xtb_mc3_xtb_total_energy_eh_lowe,Local three-conformer GFN2-xTB batch calculation,empty field in CSV,0,0,True,True,True
3008,derived__mu_per_heavy,feature,size_normalized_derived,float32,debye_per_heavy_atom,size_normalized_derived feature: mu_per_heavy,Derived from single-conformer xTB and molecular size,empty field in CSV,0,0,True,True,False
3009,derived__mu_per_mw,feature,size_normalized_derived,float32,debye_per_dalton,size_normalized_derived feature: mu_per_mw,Derived from single-conformer xTB and molecular size,empty field in CSV,0,0,True,True,False
3010,derived__mu_minus_qmu_abs,feature,size_normalized_derived,float32,debye,size_normalized_derived feature: mu_minus_qmu_abs,Derived from single-conformer xTB and molecular size,empty field in CSV,0,0,True,True,False
3011,derived__qmu_over_mu,feature,size_normalized_derived,float32,dimensionless,size_normalized_derived feature: qmu_over_mu,Derived from single-conformer xTB and molecular size,empty field in CSV,0,0,True,True,False
3012,derived__alpha_per_heavy,feature,size_normalized_derived,float32,atomic_unit_per_heavy_atom,size_normalized_derived feature: alpha_per_heavy,Derived from single-conformer xTB and molecular size,empty field in CSV,0,0,False,False,False
3013,derived__alpha_per_mw,feature,size_normalized_derived,float32,atomic_unit_per_dalton,size_normalized_derived feature: alpha_per_mw,Derived from single-conformer xTB and molecular size,empty field in CSV,0,0,False,False,True
3014,derived__c6_per_heavy,feature,size_normalized_derived,float32,atomic_unit_per_heavy_atom,size_normalized_derived feature: c6_per_heavy,Derived from single-conformer xTB and molecular size,empty field in CSV,0,0,False,False,True
3015,derived__c8_over_c6,feature,size_normalized_derived,float32,dimensionless,size_normalized_derived feature: c8_over_c6,Derived from single-conformer xTB and molecular size,empty field in CSV,0,0,False,False,False
3016,atom3d__charge_abs_rg_mean,feature,atom_resolved_3d_derived,float32,descriptor_specific_or_dimensionless,atom_resolved_3d_derived feature: charge_abs_rg_mean,Local atom-resolved three-conformer xTB/geometry aggregation,empty field in CSV,0,0,True,False,False
3017,atom3d__charge_abs_rg_std,feature,atom_resolved_3d_derived,float32,descriptor_specific_or_dimensionless,atom_resolved_3d_derived feature: charge_abs_rg_std,Local atom-resolved three-conformer xTB/geometry aggregation,empty field in CSV,0,0,False,False,False
3018,atom3d__charge_abs_rg_min,feature,atom_resolved_3d_derived,float32,descriptor_specific_or_dimensionless,atom_resolved_3d_derived feature: charge_abs_rg_min,Local atom-resolved three-conformer xTB/geometry aggregation,empty field in CSV,0,0,True,False,False
3019,atom3d__charge_abs_rg_max,feature,atom_resolved_3d_derived,float32,descriptor_specific_or_dimensionless,atom_resolved_3d_derived feature: charge_abs_rg_max,Local atom-resolved three-conformer xTB/geometry aggregation,empty field in CSV,0,0,True,False,False
3020,atom3d__charge_abs_rg_range,feature,atom_resolved_3d_derived,float32,descriptor_specific_or_dimensionless,atom_resolved_3d_derived feature: charge_abs_rg_range,Local atom-resolved three-conformer xTB/geometry aggregation,empty field in CSV,0,0,False,False,False
3021,atom3d__charge_abs_rg_lowe,feature,atom_resolved_3d_derived,float32,descriptor_specific_or_dimensionless,atom_resolved_3d_derived feature: charge_abs_rg_lowe,Local atom-resolved three-conformer xTB/geometry aggregation,empty field in CSV,0,0,True,False,False
3022,atom3d__charge_abs_rg_boltz,feature,atom_resolved_3d_derived,float32,descriptor_specific_or_dimensionless,atom_resolved_3d_derived feature: charge_abs_rg_boltz,Local atom-resolved three-conformer xTB/geometry aggregation,empty field in CSV,0,0,True,False,False
3023,atom3d__charge_abs_sum_mean,feature,atom_resolved_3d_derived,float32,descriptor_specific_or_dimensionless,atom_resolved_3d_derived feature: charge_abs_sum_mean,Local atom-resolved three-conformer xTB/geometry aggregation,empty field in CSV,0,0,False,False,False
3024,atom3d__charge_abs_sum_std,feature,atom_resolved_3d_derived,float32,descriptor_specific_or_dimensionless,atom_resolved_3d_derived feature: charge_abs_sum_std,Local atom-resolved three-conformer xTB/geometry aggregation,empty field in CSV,0,0,False,False,False
3025,atom3d__charge_abs_sum_min,feature,atom_resolved_3d_derived,float32,descriptor_specific_or_dimensionless,atom_resolved_3d_derived feature: charge_abs_sum_min,Local atom-resolved three-conformer xTB/geometry aggregation,empty field in CSV,0,0,False,False,False
3026,atom3d__charge_abs_sum_max,feature,atom_resolved_3d_derived,float32,descriptor_specific_or_dimensionless,atom_resolved_3d_derived feature: charge_abs_sum_max,Local atom-resolved three-conformer xTB/geometry aggregation,empty field in CSV,0,0,False,False,False
3027,atom3d__charge_abs_sum_range,feature,atom_resolved_3d_derived,float32,descriptor_specific_or_dimensionless,atom_resolved_3d_derived feature: charge_abs_sum_range,Local atom-resolved three-conformer xTB/geometry aggregation,empty field in CSV,0,0,False,False,False
3028,atom3d__charge_abs_sum_lowe,feature,atom_resolved_3d_derived,float32,descriptor_specific_or_dimensionless,atom_resolved_3d_derived feature: charge_abs_sum_lowe,Local atom-resolved three-conformer xTB/geometry aggregation,empty field in CSV,0,0,False,False,False
3029,atom3d__charge_abs_sum_boltz,feature,atom_resolved_3d_derived,float32,descriptor_specific_or_dimensionless,atom_resolved_3d_derived feature: charge_abs_sum_boltz,Local atom-resolved three-conformer xTB/geometry aggregation,empty field in CSV,0,0,False,False,False
3030,atom3d__charge_cov_anisotropy_mean,feature,atom_resolved_3d_derived,float32,descriptor_specific_or_dimensionless,atom_resolved_3d_derived feature: charge_cov_anisotropy_mean,Local atom-resolved three-conformer xTB/geometry aggregation,empty field in CSV,0,0,False,False,False
3031,atom3d__charge_cov_anisotropy_std,feature,atom_resolved_3d_derived,float32,descriptor_specific_or_dimensionless,atom_resolved_3d_derived feature: charge_cov_anisotropy_std,Local atom-resolved three-conformer xTB/geometry aggregation,empty field in CSV,0,0,False,False,False
3032,atom3d__charge_cov_anisotropy_min,feature,atom_resolved_3d_derived,float32,descriptor_specific_or_dimensionless,atom_resolved_3d_derived feature: charge_cov_anisotropy_min,Local atom-resolved three-conformer xTB/geometry aggregation,empty field in CSV,0,0,False,False,False
3033,atom3d__charge_cov_anisotropy_max,feature,atom_resolved_3d_derived,float32,descriptor_specific_or_dimensionless,atom_resolved_3d_derived feature: charge_cov_anisotropy_max,Local atom-resolved three-conformer xTB/geometry aggregation,empty field in CSV,0,0,False,False,False
3034,atom3d__charge_cov_anisotropy_range,feature,atom_resolved_3d_derived,float32,descriptor_specific_or_dimensionless,atom_resolved_3d_derived feature: charge_cov_anisotropy_range,Local atom-resolved three-conformer xTB/geometry aggregation,empty field in CSV,0,0,False,False,False
3035,atom3d__charge_cov_anisotropy_lowe,feature,atom_resolved_3d_derived,float32,descriptor_specific_or_dimensionless,atom_resolved_3d_derived feature: charge_cov_anisotropy_lowe,Local atom-resolved three-conformer xTB/geometry aggregation,empty field in CSV,0,0,False,False,False
3036,atom3d__charge_cov_anisotropy_boltz,feature,atom_resolved_3d_derived,float32,descriptor_specific_or_dimensionless,atom_resolved_3d_derived feature: charge_cov_anisotropy_boltz,Local atom-resolved three-conformer xTB/geometry aggregation,empty field in CSV,0,0,False,False,False
3037,atom3d__charge_cov_eig1_mean,feature,atom_resolved_3d_derived,float32,descriptor_specific_or_dimensionless,atom_resolved_3d_derived feature: charge_cov_eig1_mean,Local atom-resolved three-conformer xTB/geometry aggregation,empty field in CSV,0,0,True,False,False
3038,atom3d__charge_cov_eig1_std,feature,atom_resolved_3d_derived,float32,descriptor_specific_or_dimensionless,atom_resolved_3d_derived feature: charge_cov_eig1_std,Local atom-resolved three-conformer xTB/geometry aggregation,empty field in CSV,0,0,False,False,False
3039,atom3d__charge_cov_eig1_min,feature,atom_resolved_3d_derived,float32,descriptor_specific_or_dimensionless,atom_resolved_3d_derived feature: charge_cov_eig1_min,Local atom-resolved three-conformer xTB/geometry aggregation,empty field in CSV,0,0,True,False,False
3040,atom3d__charge_cov_eig1_max,feature,atom_resolved_3d_derived,float32,descriptor_specific_or_dimensionless,atom_resolved_3d_derived feature: charge_cov_eig1_max,Local atom-resolved three-conformer xTB/geometry aggregation,empty field in CSV,0,0,False,False,False
3041,atom3d__charge_cov_eig1_range,feature,atom_resolved_3d_derived,float32,descriptor_specific_or_dimensionless,atom_resolved_3d_derived feature: charge_cov_eig1_range,Local atom-resolved three-conformer xTB/geometry aggregation,empty field in CSV,0,0,False,False,False
3042,atom3d__charge_cov_eig1_lowe,feature,atom_resolved_3d_derived,float32,descriptor_specific_or_dimensionless,atom_resolved_3d_derived feature: charge_cov_eig1_lowe,Local atom-resolved three-conformer xTB/geometry aggregation,empty field in CSV,0,0,False,False,False
3043,atom3d__charge_cov_eig1_boltz,feature,atom_resolved_3d_derived,float32,descriptor_specific_or_dimensionless,atom_resolved_3d_derived feature: charge_cov_eig1_boltz,Local atom-resolved three-conformer xTB/geometry aggregation,empty field in CSV,0,0,True,False,False
3044,atom3d__charge_cov_eig2_mean,feature,atom_resolved_3d_derived,float32,descriptor_specific_or_dimensionless,atom_resolved_3d_derived feature: charge_cov_eig2_mean,Local atom-resolved three-conformer xTB/geometry aggregation,empty field in CSV,0,0,True,False,False
3045,atom3d__charge_cov_eig2_std,feature,atom_resolved_3d_derived,float32,descriptor_specific_or_dimensionless,atom_resolved_3d_derived feature: charge_cov_eig2_std,Local atom-resolved three-conformer xTB/geometry aggregation,empty field in CSV,0,0,False,False,False
3046,atom3d__charge_cov_eig2_min,feature,atom_resolved_3d_derived,float32,descriptor_specific_or_dimensionless,atom_resolved_3d_derived feature: charge_cov_eig2_min,Local atom-resolved three-conformer xTB/geometry aggregation,empty field in CSV,0,0,False,False,False
3047,atom3d__charge_cov_eig2_max,feature,atom_resolved_3d_derived,float32,descriptor_specific_or_dimensionless,atom_resolved_3d_derived feature: charge_cov_eig2_max,Local atom-resolved three-conformer xTB/geometry aggregation,empty field in CSV,0,0,False,False,False
3048,atom3d__charge_cov_eig2_range,feature,atom_resolved_3d_derived,float32,descriptor_specific_or_dimensionless,atom_resolved_3d_derived feature: charge_cov_eig2_range,Local atom-resolved three-conformer xTB/geometry aggregation,empty field in CSV,0,0,False,False,False
3049,atom3d__charge_cov_eig2_lowe,feature,atom_resolved_3d_derived,float32,descriptor_specific_or_dimensionless,atom_resolved_3d_derived feature: charge_cov_eig2_lowe,Local atom-resolved three-conformer xTB/geometry aggregation,empty field in CSV,0,0,False,False,False
3050,atom3d__charge_cov_eig2_boltz,feature,atom_resolved_3d_derived,float32,descriptor_specific_or_dimensionless,atom_resolved_3d_derived feature: charge_cov_eig2_boltz,Local atom-resolved three-conformer xTB/geometry aggregation,empty field in CSV,0,0,False,False,False
3051,atom3d__charge_cov_eig3_mean,feature,atom_resolved_3d_derived,float32,descriptor_specific_or_dimensionless,atom_resolved_3d_derived feature: charge_cov_eig3_mean,Local atom-resolved three-conformer xTB/geometry aggregation,empty field in CSV,0,0,False,False,False
3052,atom3d__charge_cov_eig3_std,feature,atom_resolved_3d_derived,float32,descriptor_specific_or_dimensionless,atom_resolved_3d_derived feature: charge_cov_eig3_std,Local atom-resolved three-conformer xTB/geometry aggregation,empty field in CSV,0,0,False,False,False
3053,atom3d__charge_cov_eig3_min,feature,atom_resolved_3d_derived,float32,descriptor_specific_or_dimensionless,atom_resolved_3d_derived feature: charge_cov_eig3_min,Local atom-resolved three-conformer xTB/geometry aggregation,empty field in CSV,0,0,False,False,False
3054,atom3d__charge_cov_eig3_max,feature,atom_resolved_3d_derived,float32,descriptor_specific_or_dimensionless,atom_resolved_3d_derived feature: charge_cov_eig3_max,Local atom-resolved three-conformer xTB/geometry aggregation,empty field in CSV,0,0,False,False,False
3055,atom3d__charge_cov_eig3_range,feature,atom_resolved_3d_derived,float32,descriptor_specific_or_dimensionless,atom_resolved_3d_derived feature: charge_cov_eig3_range,Local atom-resolved three-conformer xTB/geometry aggregation,empty field in CSV,0,0,False,False,False
3056,atom3d__charge_cov_eig3_lowe,feature,atom_resolved_3d_derived,float32,descriptor_specific_or_dimensionless,atom_resolved_3d_derived feature: charge_cov_eig3_lowe,Local atom-resolved three-conformer xTB/geometry aggregation,empty field in CSV,0,0,False,False,False
3057,atom3d__charge_cov_eig3_boltz,feature,atom_resolved_3d_derived,float32,descriptor_specific_or_dimensionless,atom_resolved_3d_derived feature: charge_cov_eig3_boltz,Local atom-resolved three-conformer xTB/geometry aggregation,empty field in CSV,0,0,False,False,False
3058,atom3d__charge_cov_planarity_mean,feature,atom_resolved_3d_derived,float32,descriptor_specific_or_dimensionless,atom_resolved_3d_derived feature: charge_cov_planarity_mean,Local atom-resolved three-conformer xTB/geometry aggregation,empty field in CSV,0,0,False,False,False
3059,atom3d__charge_cov_planarity_std,feature,atom_resolved_3d_derived,float32,descriptor_specific_or_dimensionless,atom_resolved_3d_derived feature: charge_cov_planarity_std,Local atom-resolved three-conformer xTB/geometry aggregation,empty field in CSV,0,0,False,False,False
3060,atom3d__charge_cov_planarity_min,feature,atom_resolved_3d_derived,float32,descriptor_specific_or_dimensionless,atom_resolved_3d_derived feature: charge_cov_planarity_min,Local atom-resolved three-conformer xTB/geometry aggregation,empty field in CSV,0,0,False,False,False
3061,atom3d__charge_cov_planarity_max,feature,atom_resolved_3d_derived,float32,descriptor_specific_or_dimensionless,atom_resolved_3d_derived feature: charge_cov_planarity_max,Local atom-resolved three-conformer xTB/geometry aggregation,empty field in CSV,0,0,False,False,False
3062,atom3d__charge_cov_planarity_range,feature,atom_resolved_3d_derived,float32,descriptor_specific_or_dimensionless,atom_resolved_3d_derived feature: charge_cov_planarity_range,Local atom-resolved three-conformer xTB/geometry aggregation,empty field in CSV,0,0,False,False,False
3063,atom3d__charge_cov_planarity_lowe,feature,atom_resolved_3d_derived,float32,descriptor_specific_or_dimensionless,atom_resolved_3d_derived feature: charge_cov_planarity_lowe,Local atom-resolved three-conformer xTB/geometry aggregation,empty field in CSV,0,0,False,False,False
3064,atom3d__charge_cov_planarity_boltz,feature,atom_resolved_3d_derived,float32,descriptor_specific_or_dimensionless,atom_resolved_3d_derived feature: charge_cov_planarity_boltz,Local atom-resolved three-conformer xTB/geometry aggregation,empty field in CSV,0,0,False,False,False
3065,atom3d__charge_cov_trace_mean,feature,atom_resolved_3d_derived,float32,descriptor_specific_or_dimensionless,atom_resolved_3d_derived feature: charge_cov_trace_mean,Local atom-resolved three-conformer xTB/geometry aggregation,empty field in CSV,0,0,True,False,False
3066,atom3d__charge_cov_trace_std,feature,atom_resolved_3d_derived,float32,descriptor_specific_or_dimensionless,atom_resolved_3d_derived feature: charge_cov_trace_std,Local atom-resolved three-conformer xTB/geometry aggregation,empty field in CSV,0,0,False,False,False
3067,atom3d__charge_cov_trace_min,feature,atom_resolved_3d_derived,float32,descriptor_specific_or_dimensionless,atom_resolved_3d_derived feature: charge_cov_trace_min,Local atom-resolved three-conformer xTB/geometry aggregation,empty field in CSV,0,0,True,False,False
3068,atom3d__charge_cov_trace_max,feature,atom_resolved_3d_derived,float32,descriptor_specific_or_dimensionless,atom_resolved_3d_derived feature: charge_cov_trace_max,Local atom-resolved three-conformer xTB/geometry aggregation,empty field in CSV,0,0,True,False,False
3069,atom3d__charge_cov_trace_range,feature,atom_resolved_3d_derived,float32,descriptor_specific_or_dimensionless,atom_resolved_3d_derived feature: charge_cov_trace_range,Local atom-resolved three-conformer xTB/geometry aggregation,empty field in CSV,0,0,False,False,False
3070,atom3d__charge_cov_trace_lowe,feature,atom_resolved_3d_derived,float32,descriptor_specific_or_dimensionless,atom_resolved_3d_derived feature: charge_cov_trace_lowe,Local atom-resolved three-conformer xTB/geometry aggregation,empty field in CSV,0,0,True,False,False
3071,atom3d__charge_cov_trace_boltz,feature,atom_resolved_3d_derived,float32,descriptor_specific_or_dimensionless,atom_resolved_3d_derived feature: charge_cov_trace_boltz,Local atom-resolved three-conformer xTB/geometry aggregation,empty field in CSV,0,0,True,False,False
3072,atom3d__charge_dipole_ea_mean,feature,atom_resolved_3d_derived,float32,debye,atom_resolved_3d_derived feature: charge_dipole_ea_mean,Local atom-resolved three-conformer xTB/geometry aggregation,empty field in CSV,0,0,True,False,False
3073,atom3d__charge_dipole_ea_std,feature,atom_resolved_3d_derived,float32,debye,atom_resolved_3d_derived feature: charge_dipole_ea_std,Local atom-resolved three-conformer xTB/geometry aggregation,empty field in CSV,0,0,False,False,False
3074,atom3d__charge_dipole_ea_min,feature,atom_resolved_3d_derived,float32,debye,atom_resolved_3d_derived feature: charge_dipole_ea_min,Local atom-resolved three-conformer xTB/geometry aggregation,empty field in CSV,0,0,True,False,False
3075,atom3d__charge_dipole_ea_max,feature,atom_resolved_3d_derived,float32,debye,atom_resolved_3d_derived feature: charge_dipole_ea_max,Local atom-resolved three-conformer xTB/geometry aggregation,empty field in CSV,0,0,True,False,False
3076,atom3d__charge_dipole_ea_range,feature,atom_resolved_3d_derived,float32,debye,atom_resolved_3d_derived feature: charge_dipole_ea_range,Local atom-resolved three-conformer xTB/geometry aggregation,empty field in CSV,0,0,False,False,False
3077,atom3d__charge_dipole_ea_lowe,feature,atom_resolved_3d_derived,float32,debye,atom_resolved_3d_derived feature: charge_dipole_ea_lowe,Local atom-resolved three-conformer xTB/geometry aggregation,empty field in CSV,0,0,True,False,False
3078,atom3d__charge_dipole_ea_boltz,feature,atom_resolved_3d_derived,float32,debye,atom_resolved_3d_derived feature: charge_dipole_ea_boltz,Local atom-resolved three-conformer xTB/geometry aggregation,empty field in CSV,0,0,True,False,False
3079,atom3d__charge_max_mean,feature,atom_resolved_3d_derived,float32,descriptor_specific_or_dimensionless,atom_resolved_3d_derived feature: charge_max_mean,Local atom-resolved three-conformer xTB/geometry aggregation,empty field in CSV,0,0,False,False,False
3080,atom3d__charge_max_std,feature,atom_resolved_3d_derived,float32,descriptor_specific_or_dimensionless,atom_resolved_3d_derived feature: charge_max_std,Local atom-resolved three-conformer xTB/geometry aggregation,empty field in CSV,0,0,False,False,False
3081,atom3d__charge_max_min,feature,atom_resolved_3d_derived,float32,descriptor_specific_or_dimensionless,atom_resolved_3d_derived feature: charge_max_min,Local atom-resolved three-conformer xTB/geometry aggregation,empty field in CSV,0,0,False,False,False
3082,atom3d__charge_max_max,feature,atom_resolved_3d_derived,float32,descriptor_specific_or_dimensionless,atom_resolved_3d_derived feature: charge_max_max,Local atom-resolved three-conformer xTB/geometry aggregation,empty field in CSV,0,0,False,False,False
3083,atom3d__charge_max_range,feature,atom_resolved_3d_derived,float32,descriptor_specific_or_dimensionless,atom_resolved_3d_derived feature: charge_max_range,Local atom-resolved three-conformer xTB/geometry aggregation,empty field in CSV,0,0,False,False,False
3084,atom3d__charge_max_lowe,feature,atom_resolved_3d_derived,float32,descriptor_specific_or_dimensionless,atom_resolved_3d_derived feature: charge_max_lowe,Local atom-resolved three-conformer xTB/geometry aggregation,empty field in CSV,0,0,False,False,False
3085,atom3d__charge_max_boltz,feature,atom_resolved_3d_derived,float32,descriptor_specific_or_dimensionless,atom_resolved_3d_derived feature: charge_max_boltz,Local atom-resolved three-conformer xTB/geometry aggregation,empty field in CSV,0,0,False,False,False
3086,atom3d__charge_min_mean,feature,atom_resolved_3d_derived,float32,descriptor_specific_or_dimensionless,atom_resolved_3d_derived feature: charge_min_mean,Local atom-resolved three-conformer xTB/geometry aggregation,empty field in CSV,0,0,True,False,False
3087,atom3d__charge_min_std,feature,atom_resolved_3d_derived,float32,descriptor_specific_or_dimensionless,atom_resolved_3d_derived feature: charge_min_std,Local atom-resolved three-conformer xTB/geometry aggregation,empty field in CSV,0,0,False,False,False
3088,atom3d__charge_min_min,feature,atom_resolved_3d_derived,float32,descriptor_specific_or_dimensionless,atom_resolved_3d_derived feature: charge_min_min,Local atom-resolved three-conformer xTB/geometry aggregation,empty field in CSV,0,0,True,False,False
3089,atom3d__charge_min_max,feature,atom_resolved_3d_derived,float32,descriptor_specific_or_dimensionless,atom_resolved_3d_derived feature: charge_min_max,Local atom-resolved three-conformer xTB/geometry aggregation,empty field in CSV,0,0,True,False,False
3090,atom3d__charge_min_range,feature,atom_resolved_3d_derived,float32,descriptor_specific_or_dimensionless,atom_resolved_3d_derived feature: charge_min_range,Local atom-resolved three-conformer xTB/geometry aggregation,empty field in CSV,0,0,False,False,False
3091,atom3d__charge_min_lowe,feature,atom_resolved_3d_derived,float32,descriptor_specific_or_dimensionless,atom_resolved_3d_derived feature: charge_min_lowe,Local atom-resolved three-conformer xTB/geometry aggregation,empty field in CSV,0,0,True,False,False
3092,atom3d__charge_min_boltz,feature,atom_resolved_3d_derived,float32,descriptor_specific_or_dimensionless,atom_resolved_3d_derived feature: charge_min_boltz,Local atom-resolved three-conformer xTB/geometry aggregation,empty field in CSV,0,0,True,False,False
3093,atom3d__charge_range_mean,feature,atom_resolved_3d_derived,float32,descriptor_specific_or_dimensionless,atom_resolved_3d_derived feature: charge_range_mean,Local atom-resolved three-conformer xTB/geometry aggregation,empty field in CSV,0,0,True,False,False
3094,atom3d__charge_range_std,feature,atom_resolved_3d_derived,float32,descriptor_specific_or_dimensionless,atom_resolved_3d_derived feature: charge_range_std,Local atom-resolved three-conformer xTB/geometry aggregation,empty field in CSV,0,0,False,False,False
3095,atom3d__charge_range_min,feature,atom_resolved_3d_derived,float32,descriptor_specific_or_dimensionless,atom_resolved_3d_derived feature: charge_range_min,Local atom-resolved three-conformer xTB/geometry aggregation,empty field in CSV,0,0,True,False,False
3096,atom3d__charge_range_max,feature,atom_resolved_3d_derived,float32,descriptor_specific_or_dimensionless,atom_resolved_3d_derived feature: charge_range_max,Local atom-resolved three-conformer xTB/geometry aggregation,empty field in CSV,0,0,True,False,False
3097,atom3d__charge_range_range,feature,atom_resolved_3d_derived,float32,descriptor_specific_or_dimensionless,atom_resolved_3d_derived feature: charge_range_range,Local atom-resolved three-conformer xTB/geometry aggregation,empty field in CSV,0,0,False,False,False
3098,atom3d__charge_range_lowe,feature,atom_resolved_3d_derived,float32,descriptor_specific_or_dimensionless,atom_resolved_3d_derived feature: charge_range_lowe,Local atom-resolved three-conformer xTB/geometry aggregation,empty field in CSV,0,0,True,False,False
3099,atom3d__charge_range_boltz,feature,atom_resolved_3d_derived,float32,descriptor_specific_or_dimensionless,atom_resolved_3d_derived feature: charge_range_boltz,Local atom-resolved three-conformer xTB/geometry aggregation,empty field in CSV,0,0,True,False,False
3100,atom3d__charge_std_mean,feature,atom_resolved_3d_derived,float32,descriptor_specific_or_dimensionless,atom_resolved_3d_derived feature: charge_std_mean,Local atom-resolved three-conformer xTB/geometry aggregation,empty field in CSV,0,0,False,False,False
3101,atom3d__charge_std_std,feature,atom_resolved_3d_derived,float32,descriptor_specific_or_dimensionless,atom_resolved_3d_derived feature: charge_std_std,Local atom-resolved three-conformer xTB/geometry aggregation,empty field in CSV,0,0,False,False,False
3102,atom3d__charge_std_min,feature,atom_resolved_3d_derived,float32,descriptor_specific_or_dimensionless,atom_resolved_3d_derived feature: charge_std_min,Local atom-resolved three-conformer xTB/geometry aggregation,empty field in CSV,0,0,False,False,False
3103,atom3d__charge_std_max,feature,atom_resolved_3d_derived,float32,descriptor_specific_or_dimensionless,atom_resolved_3d_derived feature: charge_std_max,Local atom-resolved three-conformer xTB/geometry aggregation,empty field in CSV,0,0,False,False,False
3104,atom3d__charge_std_range,feature,atom_resolved_3d_derived,float32,descriptor_specific_or_dimensionless,atom_resolved_3d_derived feature: charge_std_range,Local atom-resolved three-conformer xTB/geometry aggregation,empty field in CSV,0,0,False,False,False
3105,atom3d__charge_std_lowe,feature,atom_resolved_3d_derived,float32,descriptor_specific_or_dimensionless,atom_resolved_3d_derived feature: charge_std_lowe,Local atom-resolved three-conformer xTB/geometry aggregation,empty field in CSV,0,0,False,False,False
3106,atom3d__charge_std_boltz,feature,atom_resolved_3d_derived,float32,descriptor_specific_or_dimensionless,atom_resolved_3d_derived feature: charge_std_boltz,Local atom-resolved three-conformer xTB/geometry aggregation,empty field in CSV,0,0,False,False,False
3107,atom3d__energy_eh_mean,feature,atom_resolved_3d_derived,float32,descriptor_specific_or_dimensionless,atom_resolved_3d_derived feature: energy_eh_mean,Local atom-resolved three-conformer xTB/geometry aggregation,empty field in CSV,0,0,False,False,False
3108,atom3d__energy_eh_std,feature,atom_resolved_3d_derived,float32,descriptor_specific_or_dimensionless,atom_resolved_3d_derived feature: energy_eh_std,Local atom-resolved three-conformer xTB/geometry aggregation,empty field in CSV,0,0,False,False,False
3109,atom3d__energy_eh_min,feature,atom_resolved_3d_derived,float32,descriptor_specific_or_dimensionless,atom_resolved_3d_derived feature: energy_eh_min,Local atom-resolved three-conformer xTB/geometry aggregation,empty field in CSV,0,0,False,False,False
3110,atom3d__energy_eh_max,feature,atom_resolved_3d_derived,float32,descriptor_specific_or_dimensionless,atom_resolved_3d_derived feature: energy_eh_max,Local atom-resolved three-conformer xTB/geometry aggregation,empty field in CSV,0,0,False,False,False
3111,atom3d__energy_eh_range,feature,atom_resolved_3d_derived,float32,descriptor_specific_or_dimensionless,atom_resolved_3d_derived feature: energy_eh_range,Local atom-resolved three-conformer xTB/geometry aggregation,empty field in CSV,0,0,False,False,False
3112,atom3d__energy_eh_lowe,feature,atom_resolved_3d_derived,float32,descriptor_specific_or_dimensionless,atom_resolved_3d_derived feature: energy_eh_lowe,Local atom-resolved three-conformer xTB/geometry aggregation,empty field in CSV,0,0,False,False,False
3113,atom3d__energy_eh_boltz,feature,atom_resolved_3d_derived,float32,descriptor_specific_or_dimensionless,atom_resolved_3d_derived feature: energy_eh_boltz,Local atom-resolved three-conformer xTB/geometry aggregation,empty field in CSV,0,0,False,False,False
3114,atom3d__full_charge_dipole_cos_mean,feature,atom_resolved_3d_derived,float32,debye,atom_resolved_3d_derived feature: full_charge_dipole_cos_mean,Local atom-resolved three-conformer xTB/geometry aggregation,empty field in CSV,0,0,True,False,False
3115,atom3d__full_charge_dipole_cos_std,feature,atom_resolved_3d_derived,float32,debye,atom_resolved_3d_derived feature: full_charge_dipole_cos_std,Local atom-resolved three-conformer xTB/geometry aggregation,empty field in CSV,0,0,False,False,False
3116,atom3d__full_charge_dipole_cos_min,feature,atom_resolved_3d_derived,float32,debye,atom_resolved_3d_derived feature: full_charge_dipole_cos_min,Local atom-resolved three-conformer xTB/geometry aggregation,empty field in CSV,0,0,True,False,False
3117,atom3d__full_charge_dipole_cos_max,feature,atom_resolved_3d_derived,float32,debye,atom_resolved_3d_derived feature: full_charge_dipole_cos_max,Local atom-resolved three-conformer xTB/geometry aggregation,empty field in CSV,0,0,True,False,False
3118,atom3d__full_charge_dipole_cos_range,feature,atom_resolved_3d_derived,float32,debye,atom_resolved_3d_derived feature: full_charge_dipole_cos_range,Local atom-resolved three-conformer xTB/geometry aggregation,empty field in CSV,0,0,False,False,False
3119,atom3d__full_charge_dipole_cos_lowe,feature,atom_resolved_3d_derived,float32,debye,atom_resolved_3d_derived feature: full_charge_dipole_cos_lowe,Local atom-resolved three-conformer xTB/geometry aggregation,empty field in CSV,0,0,True,False,False
3120,atom3d__full_charge_dipole_cos_boltz,feature,atom_resolved_3d_derived,float32,debye,atom_resolved_3d_derived feature: full_charge_dipole_cos_boltz,Local atom-resolved three-conformer xTB/geometry aggregation,empty field in CSV,0,0,True,False,False
3121,atom3d__full_mu_mean,feature,atom_resolved_3d_derived,float32,descriptor_specific_or_dimensionless,atom_resolved_3d_derived feature: full_mu_mean,Local atom-resolved three-conformer xTB/geometry aggregation,empty field in CSV,0,0,True,False,False
3122,atom3d__full_mu_std,feature,atom_resolved_3d_derived,float32,descriptor_specific_or_dimensionless,atom_resolved_3d_derived feature: full_mu_std,Local atom-resolved three-conformer xTB/geometry aggregation,empty field in CSV,0,0,False,False,False
3123,atom3d__full_mu_min,feature,atom_resolved_3d_derived,float32,descriptor_specific_or_dimensionless,atom_resolved_3d_derived feature: full_mu_min,Local atom-resolved three-conformer xTB/geometry aggregation,empty field in CSV,0,0,True,False,False
3124,atom3d__full_mu_max,feature,atom_resolved_3d_derived,float32,descriptor_specific_or_dimensionless,atom_resolved_3d_derived feature: full_mu_max,Local atom-resolved three-conformer xTB/geometry aggregation,empty field in CSV,0,0,True,False,False
3125,atom3d__full_mu_range,feature,atom_resolved_3d_derived,float32,descriptor_specific_or_dimensionless,atom_resolved_3d_derived feature: full_mu_range,Local atom-resolved three-conformer xTB/geometry aggregation,empty field in CSV,0,0,False,False,False
3126,atom3d__full_mu_lowe,feature,atom_resolved_3d_derived,float32,descriptor_specific_or_dimensionless,atom_resolved_3d_derived feature: full_mu_lowe,Local atom-resolved three-conformer xTB/geometry aggregation,empty field in CSV,0,0,True,False,False
3127,atom3d__full_mu_boltz,feature,atom_resolved_3d_derived,float32,descriptor_specific_or_dimensionless,atom_resolved_3d_derived feature: full_mu_boltz,Local atom-resolved three-conformer xTB/geometry aggregation,empty field in CSV,0,0,True,False,False
3128,atom3d__full_q_cos_mean,feature,atom_resolved_3d_derived,float32,descriptor_specific_or_dimensionless,atom_resolved_3d_derived feature: full_q_cos_mean,Local atom-resolved three-conformer xTB/geometry aggregation,empty field in CSV,0,0,False,False,False
3129,atom3d__full_q_cos_std,feature,atom_resolved_3d_derived,float32,descriptor_specific_or_dimensionless,atom_resolved_3d_derived feature: full_q_cos_std,Local atom-resolved three-conformer xTB/geometry aggregation,empty field in CSV,0,0,False,False,False
3130,atom3d__full_q_cos_min,feature,atom_resolved_3d_derived,float32,descriptor_specific_or_dimensionless,atom_resolved_3d_derived feature: full_q_cos_min,Local atom-resolved three-conformer xTB/geometry aggregation,empty field in CSV,0,0,False,False,False
3131,atom3d__full_q_cos_max,feature,atom_resolved_3d_derived,float32,descriptor_specific_or_dimensionless,atom_resolved_3d_derived feature: full_q_cos_max,Local atom-resolved three-conformer xTB/geometry aggregation,empty field in CSV,0,0,False,False,False
3132,atom3d__full_q_cos_range,feature,atom_resolved_3d_derived,float32,descriptor_specific_or_dimensionless,atom_resolved_3d_derived feature: full_q_cos_range,Local atom-resolved three-conformer xTB/geometry aggregation,empty field in CSV,0,0,False,False,False
3133,atom3d__full_q_cos_lowe,feature,atom_resolved_3d_derived,float32,descriptor_specific_or_dimensionless,atom_resolved_3d_derived feature: full_q_cos_lowe,Local atom-resolved three-conformer xTB/geometry aggregation,empty field in CSV,0,0,False,False,False
3134,atom3d__full_q_cos_boltz,feature,atom_resolved_3d_derived,float32,descriptor_specific_or_dimensionless,atom_resolved_3d_derived feature: full_q_cos_boltz,Local atom-resolved three-conformer xTB/geometry aggregation,empty field in CSV,0,0,False,False,False
3135,atom3d__full_q_dot_mean,feature,atom_resolved_3d_derived,float32,descriptor_specific_or_dimensionless,atom_resolved_3d_derived feature: full_q_dot_mean,Local atom-resolved three-conformer xTB/geometry aggregation,empty field in CSV,0,0,False,False,False
3136,atom3d__full_q_dot_std,feature,atom_resolved_3d_derived,float32,descriptor_specific_or_dimensionless,atom_resolved_3d_derived feature: full_q_dot_std,Local atom-resolved three-conformer xTB/geometry aggregation,empty field in CSV,0,0,True,False,False
3137,atom3d__full_q_dot_min,feature,atom_resolved_3d_derived,float32,descriptor_specific_or_dimensionless,atom_resolved_3d_derived feature: full_q_dot_min,Local atom-resolved three-conformer xTB/geometry aggregation,empty field in CSV,0,0,True,False,False
3138,atom3d__full_q_dot_max,feature,atom_resolved_3d_derived,float32,descriptor_specific_or_dimensionless,atom_resolved_3d_derived feature: full_q_dot_max,Local atom-resolved three-conformer xTB/geometry aggregation,empty field in CSV,0,0,True,False,False
3139,atom3d__full_q_dot_range,feature,atom_resolved_3d_derived,float32,descriptor_specific_or_dimensionless,atom_resolved_3d_derived feature: full_q_dot_range,Local atom-resolved three-conformer xTB/geometry aggregation,empty field in CSV,0,0,True,False,False
3140,atom3d__full_q_dot_lowe,feature,atom_resolved_3d_derived,float32,descriptor_specific_or_dimensionless,atom_resolved_3d_derived feature: full_q_dot_lowe,Local atom-resolved three-conformer xTB/geometry aggregation,empty field in CSV,0,0,False,False,False
3141,atom3d__full_q_dot_boltz,feature,atom_resolved_3d_derived,float32,descriptor_specific_or_dimensionless,atom_resolved_3d_derived feature: full_q_dot_boltz,Local atom-resolved three-conformer xTB/geometry aggregation,empty field in CSV,0,0,False,False,False
3142,atom3d__full_vec_x_mean,feature,atom_resolved_3d_derived,float32,descriptor_specific_or_dimensionless,atom_resolved_3d_derived feature: full_vec_x_mean,Local atom-resolved three-conformer xTB/geometry aggregation,empty field in CSV,0,0,False,False,False
3143,atom3d__full_vec_x_std,feature,atom_resolved_3d_derived,float32,descriptor_specific_or_dimensionless,atom_resolved_3d_derived feature: full_vec_x_std,Local atom-resolved three-conformer xTB/geometry aggregation,empty field in CSV,0,0,False,False,False
3144,atom3d__full_vec_x_min,feature,atom_resolved_3d_derived,float32,descriptor_specific_or_dimensionless,atom_resolved_3d_derived feature: full_vec_x_min,Local atom-resolved three-conformer xTB/geometry aggregation,empty field in CSV,0,0,False,False,False
3145,atom3d__full_vec_x_max,feature,atom_resolved_3d_derived,float32,descriptor_specific_or_dimensionless,atom_resolved_3d_derived feature: full_vec_x_max,Local atom-resolved three-conformer xTB/geometry aggregation,empty field in CSV,0,0,False,False,False
3146,atom3d__full_vec_x_range,feature,atom_resolved_3d_derived,float32,descriptor_specific_or_dimensionless,atom_resolved_3d_derived feature: full_vec_x_range,Local atom-resolved three-conformer xTB/geometry aggregation,empty field in CSV,0,0,False,False,False
3147,atom3d__full_vec_x_lowe,feature,atom_resolved_3d_derived,float32,descriptor_specific_or_dimensionless,atom_resolved_3d_derived feature: full_vec_x_lowe,Local atom-resolved three-conformer xTB/geometry aggregation,empty field in CSV,0,0,False,False,False
3148,atom3d__full_vec_x_boltz,feature,atom_resolved_3d_derived,float32,descriptor_specific_or_dimensionless,atom_resolved_3d_derived feature: full_vec_x_boltz,Local atom-resolved three-conformer xTB/geometry aggregation,empty field in CSV,0,0,False,False,False
3149,atom3d__full_vec_y_mean,feature,atom_resolved_3d_derived,float32,descriptor_specific_or_dimensionless,atom_resolved_3d_derived feature: full_vec_y_mean,Local atom-resolved three-conformer xTB/geometry aggregation,empty field in CSV,0,0,False,False,False
3150,atom3d__full_vec_y_std,feature,atom_resolved_3d_derived,float32,descriptor_specific_or_dimensionless,atom_resolved_3d_derived feature: full_vec_y_std,Local atom-resolved three-conformer xTB/geometry aggregation,empty field in CSV,0,0,False,False,False
3151,atom3d__full_vec_y_min,feature,atom_resolved_3d_derived,float32,descriptor_specific_or_dimensionless,atom_resolved_3d_derived feature: full_vec_y_min,Local atom-resolved three-conformer xTB/geometry aggregation,empty field in CSV,0,0,False,False,False
3152,atom3d__full_vec_y_max,feature,atom_resolved_3d_derived,float32,descriptor_specific_or_dimensionless,atom_resolved_3d_derived feature: full_vec_y_max,Local atom-resolved three-conformer xTB/geometry aggregation,empty field in CSV,0,0,False,False,False
3153,atom3d__full_vec_y_range,feature,atom_resolved_3d_derived,float32,descriptor_specific_or_dimensionless,atom_resolved_3d_derived feature: full_vec_y_range,Local atom-resolved three-conformer xTB/geometry aggregation,empty field in CSV,0,0,False,False,False
3154,atom3d__full_vec_y_lowe,feature,atom_resolved_3d_derived,float32,descriptor_specific_or_dimensionless,atom_resolved_3d_derived feature: full_vec_y_lowe,Local atom-resolved three-conformer xTB/geometry aggregation,empty field in CSV,0,0,False,False,False
3155,atom3d__full_vec_y_boltz,feature,atom_resolved_3d_derived,float32,descriptor_specific_or_dimensionless,atom_resolved_3d_derived feature: full_vec_y_boltz,Local atom-resolved three-conformer xTB/geometry aggregation,empty field in CSV,0,0,False,False,False
3156,atom3d__full_vec_z_mean,feature,atom_resolved_3d_derived,float32,descriptor_specific_or_dimensionless,atom_resolved_3d_derived feature: full_vec_z_mean,Local atom-resolved three-conformer xTB/geometry aggregation,empty field in CSV,0,0,False,False,False
3157,atom3d__full_vec_z_std,feature,atom_resolved_3d_derived,float32,descriptor_specific_or_dimensionless,atom_resolved_3d_derived feature: full_vec_z_std,Local atom-resolved three-conformer xTB/geometry aggregation,empty field in CSV,0,0,False,False,False
3158,atom3d__full_vec_z_min,feature,atom_resolved_3d_derived,float32,descriptor_specific_or_dimensionless,atom_resolved_3d_derived feature: full_vec_z_min,Local atom-resolved three-conformer xTB/geometry aggregation,empty field in CSV,0,0,False,False,False
3159,atom3d__full_vec_z_max,feature,atom_resolved_3d_derived,float32,descriptor_specific_or_dimensionless,atom_resolved_3d_derived feature: full_vec_z_max,Local atom-resolved three-conformer xTB/geometry aggregation,empty field in CSV,0,0,False,False,False
3160,atom3d__full_vec_z_range,feature,atom_resolved_3d_derived,float32,descriptor_specific_or_dimensionless,atom_resolved_3d_derived feature: full_vec_z_range,Local atom-resolved three-conformer xTB/geometry aggregation,empty field in CSV,0,0,False,False,False
3161,atom3d__full_vec_z_lowe,feature,atom_resolved_3d_derived,float32,descriptor_specific_or_dimensionless,atom_resolved_3d_derived feature: full_vec_z_lowe,Local atom-resolved three-conformer xTB/geometry aggregation,empty field in CSV,0,0,False,False,False
3162,atom3d__full_vec_z_boltz,feature,atom_resolved_3d_derived,float32,descriptor_specific_or_dimensionless,atom_resolved_3d_derived feature: full_vec_z_boltz,Local atom-resolved three-conformer xTB/geometry aggregation,empty field in CSV,0,0,False,False,False
3163,atom3d__mu_difference_mean,feature,atom_resolved_3d_derived,float32,descriptor_specific_or_dimensionless,atom_resolved_3d_derived feature: mu_difference_mean,Local atom-resolved three-conformer xTB/geometry aggregation,empty field in CSV,0,0,True,False,False
3164,atom3d__mu_difference_std,feature,atom_resolved_3d_derived,float32,descriptor_specific_or_dimensionless,atom_resolved_3d_derived feature: mu_difference_std,Local atom-resolved three-conformer xTB/geometry aggregation,empty field in CSV,0,0,True,False,False
3165,atom3d__mu_difference_min,feature,atom_resolved_3d_derived,float32,descriptor_specific_or_dimensionless,atom_resolved_3d_derived feature: mu_difference_min,Local atom-resolved three-conformer xTB/geometry aggregation,empty field in CSV,0,0,True,False,False
3166,atom3d__mu_difference_max,feature,atom_resolved_3d_derived,float32,descriptor_specific_or_dimensionless,atom_resolved_3d_derived feature: mu_difference_max,Local atom-resolved three-conformer xTB/geometry aggregation,empty field in CSV,0,0,True,False,False
3167,atom3d__mu_difference_range,feature,atom_resolved_3d_derived,float32,descriptor_specific_or_dimensionless,atom_resolved_3d_derived feature: mu_difference_range,Local atom-resolved three-conformer xTB/geometry aggregation,empty field in CSV,0,0,True,False,False
3168,atom3d__mu_difference_lowe,feature,atom_resolved_3d_derived,float32,descriptor_specific_or_dimensionless,atom_resolved_3d_derived feature: mu_difference_lowe,Local atom-resolved three-conformer xTB/geometry aggregation,empty field in CSV,0,0,True,False,False
3169,atom3d__mu_difference_boltz,feature,atom_resolved_3d_derived,float32,descriptor_specific_or_dimensionless,atom_resolved_3d_derived feature: mu_difference_boltz,Local atom-resolved three-conformer xTB/geometry aggregation,empty field in CSV,0,0,True,False,False
3170,atom3d__pair_C_F_absqdist_mean,feature,atom_resolved_3d_derived,float32,descriptor_specific_or_dimensionless,atom_resolved_3d_derived feature: pair_C_F_absqdist_mean,Local atom-resolved three-conformer xTB/geometry aggregation,empty field in CSV,0,0,False,False,False
3171,atom3d__pair_C_F_absqdist_std,feature,atom_resolved_3d_derived,float32,descriptor_specific_or_dimensionless,atom_resolved_3d_derived feature: pair_C_F_absqdist_std,Local atom-resolved three-conformer xTB/geometry aggregation,empty field in CSV,0,0,False,False,False
3172,atom3d__pair_C_F_absqdist_range,feature,atom_resolved_3d_derived,float32,descriptor_specific_or_dimensionless,atom_resolved_3d_derived feature: pair_C_F_absqdist_range,Local atom-resolved three-conformer xTB/geometry aggregation,empty field in CSV,0,0,False,False,False
3173,atom3d__pair_C_F_absqdist_lowe,feature,atom_resolved_3d_derived,float32,descriptor_specific_or_dimensionless,atom_resolved_3d_derived feature: pair_C_F_absqdist_lowe,Local atom-resolved three-conformer xTB/geometry aggregation,empty field in CSV,0,0,False,False,False
3174,atom3d__pair_C_F_coulomb_mean,feature,atom_resolved_3d_derived,float32,descriptor_specific_or_dimensionless,atom_resolved_3d_derived feature: pair_C_F_coulomb_mean,Local atom-resolved three-conformer xTB/geometry aggregation,empty field in CSV,0,0,False,False,False
3175,atom3d__pair_C_F_coulomb_std,feature,atom_resolved_3d_derived,float32,descriptor_specific_or_dimensionless,atom_resolved_3d_derived feature: pair_C_F_coulomb_std,Local atom-resolved three-conformer xTB/geometry aggregation,empty field in CSV,0,0,False,False,False
3176,atom3d__pair_C_F_coulomb_range,feature,atom_resolved_3d_derived,float32,descriptor_specific_or_dimensionless,atom_resolved_3d_derived feature: pair_C_F_coulomb_range,Local atom-resolved three-conformer xTB/geometry aggregation,empty field in CSV,0,0,False,False,False
3177,atom3d__pair_C_F_coulomb_lowe,feature,atom_resolved_3d_derived,float32,descriptor_specific_or_dimensionless,atom_resolved_3d_derived feature: pair_C_F_coulomb_lowe,Local atom-resolved three-conformer xTB/geometry aggregation,empty field in CSV,0,0,False,False,False
3178,atom3d__pair_C_F_count_mean,feature,atom_resolved_3d_derived,float32,count,atom_resolved_3d_derived feature: pair_C_F_count_mean,Local atom-resolved three-conformer xTB/geometry aggregation,empty field in CSV,0,0,False,False,False
3179,atom3d__pair_C_F_count_std,feature,atom_resolved_3d_derived,float32,count,atom_resolved_3d_derived feature: pair_C_F_count_std,Local atom-resolved three-conformer xTB/geometry aggregation,empty field in CSV,0,0,False,False,False
3180,atom3d__pair_C_F_count_range,feature,atom_resolved_3d_derived,float32,count,atom_resolved_3d_derived feature: pair_C_F_count_range,Local atom-resolved three-conformer xTB/geometry aggregation,empty field in CSV,0,0,False,False,False
3181,atom3d__pair_C_F_count_lowe,feature,atom_resolved_3d_derived,float32,count,atom_resolved_3d_derived feature: pair_C_F_count_lowe,Local atom-resolved three-conformer xTB/geometry aggregation,empty field in CSV,0,0,False,False,False
3182,atom3d__pair_C_F_opposite_absqdist_mean,feature,atom_resolved_3d_derived,float32,descriptor_specific_or_dimensionless,atom_resolved_3d_derived feature: pair_C_F_opposite_absqdist_mean,Local atom-resolved three-conformer xTB/geometry aggregation,empty field in CSV,0,0,False,False,False
3183,atom3d__pair_C_F_opposite_absqdist_std,feature,atom_resolved_3d_derived,float32,descriptor_specific_or_dimensionless,atom_resolved_3d_derived feature: pair_C_F_opposite_absqdist_std,Local atom-resolved three-conformer xTB/geometry aggregation,empty field in CSV,0,0,False,False,False
3184,atom3d__pair_C_F_opposite_absqdist_range,feature,atom_resolved_3d_derived,float32,descriptor_specific_or_dimensionless,atom_resolved_3d_derived feature: pair_C_F_opposite_absqdist_range,Local atom-resolved three-conformer xTB/geometry aggregation,empty field in CSV,0,0,False,False,False
3185,atom3d__pair_C_F_opposite_absqdist_lowe,feature,atom_resolved_3d_derived,float32,descriptor_specific_or_dimensionless,atom_resolved_3d_derived feature: pair_C_F_opposite_absqdist_lowe,Local atom-resolved three-conformer xTB/geometry aggregation,empty field in CSV,0,0,False,False,False
3186,atom3d__pair_C_F_same_absqdist_mean,feature,atom_resolved_3d_derived,float32,descriptor_specific_or_dimensionless,atom_resolved_3d_derived feature: pair_C_F_same_absqdist_mean,Local atom-resolved three-conformer xTB/geometry aggregation,empty field in CSV,0,0,False,False,False
3187,atom3d__pair_C_F_same_absqdist_std,feature,atom_resolved_3d_derived,float32,descriptor_specific_or_dimensionless,atom_resolved_3d_derived feature: pair_C_F_same_absqdist_std,Local atom-resolved three-conformer xTB/geometry aggregation,empty field in CSV,0,0,False,False,False
3188,atom3d__pair_C_F_same_absqdist_range,feature,atom_resolved_3d_derived,float32,descriptor_specific_or_dimensionless,atom_resolved_3d_derived feature: pair_C_F_same_absqdist_range,Local atom-resolved three-conformer xTB/geometry aggregation,empty field in CSV,0,0,False,False,False
3189,atom3d__pair_C_F_same_absqdist_lowe,feature,atom_resolved_3d_derived,float32,descriptor_specific_or_dimensionless,atom_resolved_3d_derived feature: pair_C_F_same_absqdist_lowe,Local atom-resolved three-conformer xTB/geometry aggregation,empty field in CSV,0,0,False,False,False
3190,atom3d__pair_C_N_absqdist_mean,feature,atom_resolved_3d_derived,float32,count,atom_resolved_3d_derived feature: pair_C_N_absqdist_mean,Local atom-resolved three-conformer xTB/geometry aggregation,empty field in CSV,0,0,True,False,False
3191,atom3d__pair_C_N_absqdist_std,feature,atom_resolved_3d_derived,float32,count,atom_resolved_3d_derived feature: pair_C_N_absqdist_std,Local atom-resolved three-conformer xTB/geometry aggregation,empty field in CSV,0,0,True,False,False
3192,atom3d__pair_C_N_absqdist_range,feature,atom_resolved_3d_derived,float32,count,atom_resolved_3d_derived feature: pair_C_N_absqdist_range,Local atom-resolved three-conformer xTB/geometry aggregation,empty field in CSV,0,0,True,False,False
3193,atom3d__pair_C_N_absqdist_lowe,feature,atom_resolved_3d_derived,float32,count,atom_resolved_3d_derived feature: pair_C_N_absqdist_lowe,Local atom-resolved three-conformer xTB/geometry aggregation,empty field in CSV,0,0,True,False,False
3194,atom3d__pair_C_N_coulomb_mean,feature,atom_resolved_3d_derived,float32,count,atom_resolved_3d_derived feature: pair_C_N_coulomb_mean,Local atom-resolved three-conformer xTB/geometry aggregation,empty field in CSV,0,0,False,False,False
3195,atom3d__pair_C_N_coulomb_std,feature,atom_resolved_3d_derived,float32,count,atom_resolved_3d_derived feature: pair_C_N_coulomb_std,Local atom-resolved three-conformer xTB/geometry aggregation,empty field in CSV,0,0,False,False,False
3196,atom3d__pair_C_N_coulomb_range,feature,atom_resolved_3d_derived,float32,count,atom_resolved_3d_derived feature: pair_C_N_coulomb_range,Local atom-resolved three-conformer xTB/geometry aggregation,empty field in CSV,0,0,False,False,False
3197,atom3d__pair_C_N_coulomb_lowe,feature,atom_resolved_3d_derived,float32,count,atom_resolved_3d_derived feature: pair_C_N_coulomb_lowe,Local atom-resolved three-conformer xTB/geometry aggregation,empty field in CSV,0,0,False,False,False
3198,atom3d__pair_C_N_count_mean,feature,atom_resolved_3d_derived,float32,count,atom_resolved_3d_derived feature: pair_C_N_count_mean,Local atom-resolved three-conformer xTB/geometry aggregation,empty field in CSV,0,0,True,False,False
3199,atom3d__pair_C_N_count_std,feature,atom_resolved_3d_derived,float32,count,atom_resolved_3d_derived feature: pair_C_N_count_std,Local atom-resolved three-conformer xTB/geometry aggregation,empty field in CSV,0,0,False,False,False
3200,atom3d__pair_C_N_count_range,feature,atom_resolved_3d_derived,float32,count,atom_resolved_3d_derived feature: pair_C_N_count_range,Local atom-resolved three-conformer xTB/geometry aggregation,empty field in CSV,0,0,False,False,False
3201,atom3d__pair_C_N_count_lowe,feature,atom_resolved_3d_derived,float32,count,atom_resolved_3d_derived feature: pair_C_N_count_lowe,Local atom-resolved three-conformer xTB/geometry aggregation,empty field in CSV,0,0,True,False,False
3202,atom3d__pair_C_N_opposite_absqdist_mean,feature,atom_resolved_3d_derived,float32,count,atom_resolved_3d_derived feature: pair_C_N_opposite_absqdist_mean,Local atom-resolved three-conformer xTB/geometry aggregation,empty field in CSV,0,0,True,False,False
3203,atom3d__pair_C_N_opposite_absqdist_std,feature,atom_resolved_3d_derived,float32,count,atom_resolved_3d_derived feature: pair_C_N_opposite_absqdist_std,Local atom-resolved three-conformer xTB/geometry aggregation,empty field in CSV,0,0,False,False,False
3204,atom3d__pair_C_N_opposite_absqdist_range,feature,atom_resolved_3d_derived,float32,count,atom_resolved_3d_derived feature: pair_C_N_opposite_absqdist_range,Local atom-resolved three-conformer xTB/geometry aggregation,empty field in CSV,0,0,False,False,False
3205,atom3d__pair_C_N_opposite_absqdist_lowe,feature,atom_resolved_3d_derived,float32,count,atom_resolved_3d_derived feature: pair_C_N_opposite_absqdist_lowe,Local atom-resolved three-conformer xTB/geometry aggregation,empty field in CSV,0,0,True,False,False
3206,atom3d__pair_C_N_same_absqdist_mean,feature,atom_resolved_3d_derived,float32,count,atom_resolved_3d_derived feature: pair_C_N_same_absqdist_mean,Local atom-resolved three-conformer xTB/geometry aggregation,empty field in CSV,0,0,True,False,False
3207,atom3d__pair_C_N_same_absqdist_std,feature,atom_resolved_3d_derived,float32,count,atom_resolved_3d_derived feature: pair_C_N_same_absqdist_std,Local atom-resolved three-conformer xTB/geometry aggregation,empty field in CSV,0,0,True,False,False
3208,atom3d__pair_C_N_same_absqdist_range,feature,atom_resolved_3d_derived,float32,count,atom_resolved_3d_derived feature: pair_C_N_same_absqdist_range,Local atom-resolved three-conformer xTB/geometry aggregation,empty field in CSV,0,0,True,False,False
3209,atom3d__pair_C_N_same_absqdist_lowe,feature,atom_resolved_3d_derived,float32,count,atom_resolved_3d_derived feature: pair_C_N_same_absqdist_lowe,Local atom-resolved three-conformer xTB/geometry aggregation,empty field in CSV,0,0,True,False,False
3210,atom3d__pair_C_O_absqdist_mean,feature,atom_resolved_3d_derived,float32,descriptor_specific_or_dimensionless,atom_resolved_3d_derived feature: pair_C_O_absqdist_mean,Local atom-resolved three-conformer xTB/geometry aggregation,empty field in CSV,0,0,False,False,False
3211,atom3d__pair_C_O_absqdist_std,feature,atom_resolved_3d_derived,float32,descriptor_specific_or_dimensionless,atom_resolved_3d_derived feature: pair_C_O_absqdist_std,Local atom-resolved three-conformer xTB/geometry aggregation,empty field in CSV,0,0,False,False,False
3212,atom3d__pair_C_O_absqdist_range,feature,atom_resolved_3d_derived,float32,descriptor_specific_or_dimensionless,atom_resolved_3d_derived feature: pair_C_O_absqdist_range,Local atom-resolved three-conformer xTB/geometry aggregation,empty field in CSV,0,0,False,False,False
3213,atom3d__pair_C_O_absqdist_lowe,feature,atom_resolved_3d_derived,float32,descriptor_specific_or_dimensionless,atom_resolved_3d_derived feature: pair_C_O_absqdist_lowe,Local atom-resolved three-conformer xTB/geometry aggregation,empty field in CSV,0,0,False,False,False
3214,atom3d__pair_C_O_coulomb_mean,feature,atom_resolved_3d_derived,float32,descriptor_specific_or_dimensionless,atom_resolved_3d_derived feature: pair_C_O_coulomb_mean,Local atom-resolved three-conformer xTB/geometry aggregation,empty field in CSV,0,0,False,False,False
3215,atom3d__pair_C_O_coulomb_std,feature,atom_resolved_3d_derived,float32,descriptor_specific_or_dimensionless,atom_resolved_3d_derived feature: pair_C_O_coulomb_std,Local atom-resolved three-conformer xTB/geometry aggregation,empty field in CSV,0,0,False,False,False
3216,atom3d__pair_C_O_coulomb_range,feature,atom_resolved_3d_derived,float32,descriptor_specific_or_dimensionless,atom_resolved_3d_derived feature: pair_C_O_coulomb_range,Local atom-resolved three-conformer xTB/geometry aggregation,empty field in CSV,0,0,False,False,False
3217,atom3d__pair_C_O_coulomb_lowe,feature,atom_resolved_3d_derived,float32,descriptor_specific_or_dimensionless,atom_resolved_3d_derived feature: pair_C_O_coulomb_lowe,Local atom-resolved three-conformer xTB/geometry aggregation,empty field in CSV,0,0,False,False,False
3218,atom3d__pair_C_O_count_mean,feature,atom_resolved_3d_derived,float32,count,atom_resolved_3d_derived feature: pair_C_O_count_mean,Local atom-resolved three-conformer xTB/geometry aggregation,empty field in CSV,0,0,False,False,False
3219,atom3d__pair_C_O_count_std,feature,atom_resolved_3d_derived,float32,count,atom_resolved_3d_derived feature: pair_C_O_count_std,Local atom-resolved three-conformer xTB/geometry aggregation,empty field in CSV,0,0,False,False,False
3220,atom3d__pair_C_O_count_range,feature,atom_resolved_3d_derived,float32,count,atom_resolved_3d_derived feature: pair_C_O_count_range,Local atom-resolved three-conformer xTB/geometry aggregation,empty field in CSV,0,0,False,False,False
3221,atom3d__pair_C_O_count_lowe,feature,atom_resolved_3d_derived,float32,count,atom_resolved_3d_derived feature: pair_C_O_count_lowe,Local atom-resolved three-conformer xTB/geometry aggregation,empty field in CSV,0,0,False,False,False
3222,atom3d__pair_C_O_opposite_absqdist_mean,feature,atom_resolved_3d_derived,float32,descriptor_specific_or_dimensionless,atom_resolved_3d_derived feature: pair_C_O_opposite_absqdist_mean,Local atom-resolved three-conformer xTB/geometry aggregation,empty field in CSV,0,0,False,False,False
3223,atom3d__pair_C_O_opposite_absqdist_std,feature,atom_resolved_3d_derived,float32,descriptor_specific_or_dimensionless,atom_resolved_3d_derived feature: pair_C_O_opposite_absqdist_std,Local atom-resolved three-conformer xTB/geometry aggregation,empty field in CSV,0,0,False,False,False
3224,atom3d__pair_C_O_opposite_absqdist_range,feature,atom_resolved_3d_derived,float32,descriptor_specific_or_dimensionless,atom_resolved_3d_derived feature: pair_C_O_opposite_absqdist_range,Local atom-resolved three-conformer xTB/geometry aggregation,empty field in CSV,0,0,False,False,False
3225,atom3d__pair_C_O_opposite_absqdist_lowe,feature,atom_resolved_3d_derived,float32,descriptor_specific_or_dimensionless,atom_resolved_3d_derived feature: pair_C_O_opposite_absqdist_lowe,Local atom-resolved three-conformer xTB/geometry aggregation,empty field in CSV,0,0,False,False,False
3226,atom3d__pair_C_O_same_absqdist_mean,feature,atom_resolved_3d_derived,float32,descriptor_specific_or_dimensionless,atom_resolved_3d_derived feature: pair_C_O_same_absqdist_mean,Local atom-resolved three-conformer xTB/geometry aggregation,empty field in CSV,0,0,False,False,False
3227,atom3d__pair_C_O_same_absqdist_std,feature,atom_resolved_3d_derived,float32,descriptor_specific_or_dimensionless,atom_resolved_3d_derived feature: pair_C_O_same_absqdist_std,Local atom-resolved three-conformer xTB/geometry aggregation,empty field in CSV,0,0,False,False,False
3228,atom3d__pair_C_O_same_absqdist_range,feature,atom_resolved_3d_derived,float32,descriptor_specific_or_dimensionless,atom_resolved_3d_derived feature: pair_C_O_same_absqdist_range,Local atom-resolved three-conformer xTB/geometry aggregation,empty field in CSV,0,0,False,False,False
3229,atom3d__pair_C_O_same_absqdist_lowe,feature,atom_resolved_3d_derived,float32,descriptor_specific_or_dimensionless,atom_resolved_3d_derived feature: pair_C_O_same_absqdist_lowe,Local atom-resolved three-conformer xTB/geometry aggregation,empty field in CSV,0,0,False,False,False
3230,atom3d__pair_C_P_absqdist_mean,feature,atom_resolved_3d_derived,float32,descriptor_specific_or_dimensionless,atom_resolved_3d_derived feature: pair_C_P_absqdist_mean,Local atom-resolved three-conformer xTB/geometry aggregation,empty field in CSV,0,0,False,False,False
3231,atom3d__pair_C_P_absqdist_std,feature,atom_resolved_3d_derived,float32,descriptor_specific_or_dimensionless,atom_resolved_3d_derived feature: pair_C_P_absqdist_std,Local atom-resolved three-conformer xTB/geometry aggregation,empty field in CSV,0,0,False,False,False
3232,atom3d__pair_C_P_absqdist_range,feature,atom_resolved_3d_derived,float32,descriptor_specific_or_dimensionless,atom_resolved_3d_derived feature: pair_C_P_absqdist_range,Local atom-resolved three-conformer xTB/geometry aggregation,empty field in CSV,0,0,False,False,False
3233,atom3d__pair_C_P_absqdist_lowe,feature,atom_resolved_3d_derived,float32,descriptor_specific_or_dimensionless,atom_resolved_3d_derived feature: pair_C_P_absqdist_lowe,Local atom-resolved three-conformer xTB/geometry aggregation,empty field in CSV,0,0,False,False,False
3234,atom3d__pair_C_P_coulomb_mean,feature,atom_resolved_3d_derived,float32,descriptor_specific_or_dimensionless,atom_resolved_3d_derived feature: pair_C_P_coulomb_mean,Local atom-resolved three-conformer xTB/geometry aggregation,empty field in CSV,0,0,False,False,False
3235,atom3d__pair_C_P_coulomb_std,feature,atom_resolved_3d_derived,float32,descriptor_specific_or_dimensionless,atom_resolved_3d_derived feature: pair_C_P_coulomb_std,Local atom-resolved three-conformer xTB/geometry aggregation,empty field in CSV,0,0,False,False,False
3236,atom3d__pair_C_P_coulomb_range,feature,atom_resolved_3d_derived,float32,descriptor_specific_or_dimensionless,atom_resolved_3d_derived feature: pair_C_P_coulomb_range,Local atom-resolved three-conformer xTB/geometry aggregation,empty field in CSV,0,0,False,False,False
3237,atom3d__pair_C_P_coulomb_lowe,feature,atom_resolved_3d_derived,float32,descriptor_specific_or_dimensionless,atom_resolved_3d_derived feature: pair_C_P_coulomb_lowe,Local atom-resolved three-conformer xTB/geometry aggregation,empty field in CSV,0,0,False,False,False
3238,atom3d__pair_C_P_count_mean,feature,atom_resolved_3d_derived,float32,count,atom_resolved_3d_derived feature: pair_C_P_count_mean,Local atom-resolved three-conformer xTB/geometry aggregation,empty field in CSV,0,0,False,False,False
3239,atom3d__pair_C_P_count_std,feature,atom_resolved_3d_derived,float32,count,atom_resolved_3d_derived feature: pair_C_P_count_std,Local atom-resolved three-conformer xTB/geometry aggregation,empty field in CSV,0,0,False,False,False
3240,atom3d__pair_C_P_count_range,feature,atom_resolved_3d_derived,float32,count,atom_resolved_3d_derived feature: pair_C_P_count_range,Local atom-resolved three-conformer xTB/geometry aggregation,empty field in CSV,0,0,False,False,False
3241,atom3d__pair_C_P_count_lowe,feature,atom_resolved_3d_derived,float32,count,atom_resolved_3d_derived feature: pair_C_P_count_lowe,Local atom-resolved three-conformer xTB/geometry aggregation,empty field in CSV,0,0,False,False,False
3242,atom3d__pair_C_P_opposite_absqdist_mean,feature,atom_resolved_3d_derived,float32,descriptor_specific_or_dimensionless,atom_resolved_3d_derived feature: pair_C_P_opposite_absqdist_mean,Local atom-resolved three-conformer xTB/geometry aggregation,empty field in CSV,0,0,False,False,False
3243,atom3d__pair_C_P_opposite_absqdist_std,feature,atom_resolved_3d_derived,float32,descriptor_specific_or_dimensionless,atom_resolved_3d_derived feature: pair_C_P_opposite_absqdist_std,Local atom-resolved three-conformer xTB/geometry aggregation,empty field in CSV,0,0,False,False,False
3244,atom3d__pair_C_P_opposite_absqdist_range,feature,atom_resolved_3d_derived,float32,descriptor_specific_or_dimensionless,atom_resolved_3d_derived feature: pair_C_P_opposite_absqdist_range,Local atom-resolved three-conformer xTB/geometry aggregation,empty field in CSV,0,0,False,False,False
3245,atom3d__pair_C_P_opposite_absqdist_lowe,feature,atom_resolved_3d_derived,float32,descriptor_specific_or_dimensionless,atom_resolved_3d_derived feature: pair_C_P_opposite_absqdist_lowe,Local atom-resolved three-conformer xTB/geometry aggregation,empty field in CSV,0,0,False,False,False
3246,atom3d__pair_C_P_same_absqdist_mean,feature,atom_resolved_3d_derived,float32,descriptor_specific_or_dimensionless,atom_resolved_3d_derived feature: pair_C_P_same_absqdist_mean,Local atom-resolved three-conformer xTB/geometry aggregation,empty field in CSV,0,0,False,False,False
3247,atom3d__pair_C_P_same_absqdist_std,feature,atom_resolved_3d_derived,float32,descriptor_specific_or_dimensionless,atom_resolved_3d_derived feature: pair_C_P_same_absqdist_std,Local atom-resolved three-conformer xTB/geometry aggregation,empty field in CSV,0,0,False,False,False
3248,atom3d__pair_C_P_same_absqdist_range,feature,atom_resolved_3d_derived,float32,descriptor_specific_or_dimensionless,atom_resolved_3d_derived feature: pair_C_P_same_absqdist_range,Local atom-resolved three-conformer xTB/geometry aggregation,empty field in CSV,0,0,False,False,False
3249,atom3d__pair_C_P_same_absqdist_lowe,feature,atom_resolved_3d_derived,float32,descriptor_specific_or_dimensionless,atom_resolved_3d_derived feature: pair_C_P_same_absqdist_lowe,Local atom-resolved three-conformer xTB/geometry aggregation,empty field in CSV,0,0,False,False,False
3250,atom3d__pair_C_S_absqdist_mean,feature,atom_resolved_3d_derived,float32,descriptor_specific_or_dimensionless,atom_resolved_3d_derived feature: pair_C_S_absqdist_mean,Local atom-resolved three-conformer xTB/geometry aggregation,empty field in CSV,0,0,False,False,False
3251,atom3d__pair_C_S_absqdist_std,feature,atom_resolved_3d_derived,float32,descriptor_specific_or_dimensionless,atom_resolved_3d_derived feature: pair_C_S_absqdist_std,Local atom-resolved three-conformer xTB/geometry aggregation,empty field in CSV,0,0,False,False,False
3252,atom3d__pair_C_S_absqdist_range,feature,atom_resolved_3d_derived,float32,descriptor_specific_or_dimensionless,atom_resolved_3d_derived feature: pair_C_S_absqdist_range,Local atom-resolved three-conformer xTB/geometry aggregation,empty field in CSV,0,0,False,False,False
3253,atom3d__pair_C_S_absqdist_lowe,feature,atom_resolved_3d_derived,float32,descriptor_specific_or_dimensionless,atom_resolved_3d_derived feature: pair_C_S_absqdist_lowe,Local atom-resolved three-conformer xTB/geometry aggregation,empty field in CSV,0,0,False,False,False
3254,atom3d__pair_C_S_coulomb_mean,feature,atom_resolved_3d_derived,float32,descriptor_specific_or_dimensionless,atom_resolved_3d_derived feature: pair_C_S_coulomb_mean,Local atom-resolved three-conformer xTB/geometry aggregation,empty field in CSV,0,0,False,False,False
3255,atom3d__pair_C_S_coulomb_std,feature,atom_resolved_3d_derived,float32,descriptor_specific_or_dimensionless,atom_resolved_3d_derived feature: pair_C_S_coulomb_std,Local atom-resolved three-conformer xTB/geometry aggregation,empty field in CSV,0,0,False,False,False
3256,atom3d__pair_C_S_coulomb_range,feature,atom_resolved_3d_derived,float32,descriptor_specific_or_dimensionless,atom_resolved_3d_derived feature: pair_C_S_coulomb_range,Local atom-resolved three-conformer xTB/geometry aggregation,empty field in CSV,0,0,False,False,False
3257,atom3d__pair_C_S_coulomb_lowe,feature,atom_resolved_3d_derived,float32,descriptor_specific_or_dimensionless,atom_resolved_3d_derived feature: pair_C_S_coulomb_lowe,Local atom-resolved three-conformer xTB/geometry aggregation,empty field in CSV,0,0,False,False,False
3258,atom3d__pair_C_S_count_mean,feature,atom_resolved_3d_derived,float32,count,atom_resolved_3d_derived feature: pair_C_S_count_mean,Local atom-resolved three-conformer xTB/geometry aggregation,empty field in CSV,0,0,False,False,False
3259,atom3d__pair_C_S_count_std,feature,atom_resolved_3d_derived,float32,count,atom_resolved_3d_derived feature: pair_C_S_count_std,Local atom-resolved three-conformer xTB/geometry aggregation,empty field in CSV,0,0,False,False,False
3260,atom3d__pair_C_S_count_range,feature,atom_resolved_3d_derived,float32,count,atom_resolved_3d_derived feature: pair_C_S_count_range,Local atom-resolved three-conformer xTB/geometry aggregation,empty field in CSV,0,0,False,False,False
3261,atom3d__pair_C_S_count_lowe,feature,atom_resolved_3d_derived,float32,count,atom_resolved_3d_derived feature: pair_C_S_count_lowe,Local atom-resolved three-conformer xTB/geometry aggregation,empty field in CSV,0,0,False,False,False
3262,atom3d__pair_C_S_opposite_absqdist_mean,feature,atom_resolved_3d_derived,float32,descriptor_specific_or_dimensionless,atom_resolved_3d_derived feature: pair_C_S_opposite_absqdist_mean,Local atom-resolved three-conformer xTB/geometry aggregation,empty field in CSV,0,0,False,False,False
3263,atom3d__pair_C_S_opposite_absqdist_std,feature,atom_resolved_3d_derived,float32,descriptor_specific_or_dimensionless,atom_resolved_3d_derived feature: pair_C_S_opposite_absqdist_std,Local atom-resolved three-conformer xTB/geometry aggregation,empty field in CSV,0,0,False,False,False
3264,atom3d__pair_C_S_opposite_absqdist_range,feature,atom_resolved_3d_derived,float32,descriptor_specific_or_dimensionless,atom_resolved_3d_derived feature: pair_C_S_opposite_absqdist_range,Local atom-resolved three-conformer xTB/geometry aggregation,empty field in CSV,0,0,False,False,False
3265,atom3d__pair_C_S_opposite_absqdist_lowe,feature,atom_resolved_3d_derived,float32,descriptor_specific_or_dimensionless,atom_resolved_3d_derived feature: pair_C_S_opposite_absqdist_lowe,Local atom-resolved three-conformer xTB/geometry aggregation,empty field in CSV,0,0,False,False,False
3266,atom3d__pair_C_S_same_absqdist_mean,feature,atom_resolved_3d_derived,float32,descriptor_specific_or_dimensionless,atom_resolved_3d_derived feature: pair_C_S_same_absqdist_mean,Local atom-resolved three-conformer xTB/geometry aggregation,empty field in CSV,0,0,False,False,False
3267,atom3d__pair_C_S_same_absqdist_std,feature,atom_resolved_3d_derived,float32,descriptor_specific_or_dimensionless,atom_resolved_3d_derived feature: pair_C_S_same_absqdist_std,Local atom-resolved three-conformer xTB/geometry aggregation,empty field in CSV,0,0,False,False,False
3268,atom3d__pair_C_S_same_absqdist_range,feature,atom_resolved_3d_derived,float32,descriptor_specific_or_dimensionless,atom_resolved_3d_derived feature: pair_C_S_same_absqdist_range,Local atom-resolved three-conformer xTB/geometry aggregation,empty field in CSV,0,0,False,False,False
3269,atom3d__pair_C_S_same_absqdist_lowe,feature,atom_resolved_3d_derived,float32,descriptor_specific_or_dimensionless,atom_resolved_3d_derived feature: pair_C_S_same_absqdist_lowe,Local atom-resolved three-conformer xTB/geometry aggregation,empty field in CSV,0,0,False,False,False
3270,atom3d__pair_C_Si_absqdist_mean,feature,atom_resolved_3d_derived,float32,descriptor_specific_or_dimensionless,atom_resolved_3d_derived feature: pair_C_Si_absqdist_mean,Local atom-resolved three-conformer xTB/geometry aggregation,empty field in CSV,0,0,False,False,False
3271,atom3d__pair_C_Si_absqdist_std,feature,atom_resolved_3d_derived,float32,descriptor_specific_or_dimensionless,atom_resolved_3d_derived feature: pair_C_Si_absqdist_std,Local atom-resolved three-conformer xTB/geometry aggregation,empty field in CSV,0,0,False,False,False
3272,atom3d__pair_C_Si_absqdist_range,feature,atom_resolved_3d_derived,float32,descriptor_specific_or_dimensionless,atom_resolved_3d_derived feature: pair_C_Si_absqdist_range,Local atom-resolved three-conformer xTB/geometry aggregation,empty field in CSV,0,0,False,False,False
3273,atom3d__pair_C_Si_absqdist_lowe,feature,atom_resolved_3d_derived,float32,descriptor_specific_or_dimensionless,atom_resolved_3d_derived feature: pair_C_Si_absqdist_lowe,Local atom-resolved three-conformer xTB/geometry aggregation,empty field in CSV,0,0,False,False,False
3274,atom3d__pair_C_Si_coulomb_mean,feature,atom_resolved_3d_derived,float32,descriptor_specific_or_dimensionless,atom_resolved_3d_derived feature: pair_C_Si_coulomb_mean,Local atom-resolved three-conformer xTB/geometry aggregation,empty field in CSV,0,0,False,False,False
3275,atom3d__pair_C_Si_coulomb_std,feature,atom_resolved_3d_derived,float32,descriptor_specific_or_dimensionless,atom_resolved_3d_derived feature: pair_C_Si_coulomb_std,Local atom-resolved three-conformer xTB/geometry aggregation,empty field in CSV,0,0,False,False,False
3276,atom3d__pair_C_Si_coulomb_range,feature,atom_resolved_3d_derived,float32,descriptor_specific_or_dimensionless,atom_resolved_3d_derived feature: pair_C_Si_coulomb_range,Local atom-resolved three-conformer xTB/geometry aggregation,empty field in CSV,0,0,False,False,False
3277,atom3d__pair_C_Si_coulomb_lowe,feature,atom_resolved_3d_derived,float32,descriptor_specific_or_dimensionless,atom_resolved_3d_derived feature: pair_C_Si_coulomb_lowe,Local atom-resolved three-conformer xTB/geometry aggregation,empty field in CSV,0,0,False,False,False
3278,atom3d__pair_C_Si_count_mean,feature,atom_resolved_3d_derived,float32,count,atom_resolved_3d_derived feature: pair_C_Si_count_mean,Local atom-resolved three-conformer xTB/geometry aggregation,empty field in CSV,0,0,False,False,False
3279,atom3d__pair_C_Si_count_std,feature,atom_resolved_3d_derived,float32,count,atom_resolved_3d_derived feature: pair_C_Si_count_std,Local atom-resolved three-conformer xTB/geometry aggregation,empty field in CSV,0,0,False,False,False
3280,atom3d__pair_C_Si_count_range,feature,atom_resolved_3d_derived,float32,count,atom_resolved_3d_derived feature: pair_C_Si_count_range,Local atom-resolved three-conformer xTB/geometry aggregation,empty field in CSV,0,0,False,False,False
3281,atom3d__pair_C_Si_count_lowe,feature,atom_resolved_3d_derived,float32,count,atom_resolved_3d_derived feature: pair_C_Si_count_lowe,Local atom-resolved three-conformer xTB/geometry aggregation,empty field in CSV,0,0,False,False,False
3282,atom3d__pair_C_Si_opposite_absqdist_mean,feature,atom_resolved_3d_derived,float32,descriptor_specific_or_dimensionless,atom_resolved_3d_derived feature: pair_C_Si_opposite_absqdist_mean,Local atom-resolved three-conformer xTB/geometry aggregation,empty field in CSV,0,0,False,False,False
3283,atom3d__pair_C_Si_opposite_absqdist_std,feature,atom_resolved_3d_derived,float32,descriptor_specific_or_dimensionless,atom_resolved_3d_derived feature: pair_C_Si_opposite_absqdist_std,Local atom-resolved three-conformer xTB/geometry aggregation,empty field in CSV,0,0,False,False,False
3284,atom3d__pair_C_Si_opposite_absqdist_range,feature,atom_resolved_3d_derived,float32,descriptor_specific_or_dimensionless,atom_resolved_3d_derived feature: pair_C_Si_opposite_absqdist_range,Local atom-resolved three-conformer xTB/geometry aggregation,empty field in CSV,0,0,False,False,False
3285,atom3d__pair_C_Si_opposite_absqdist_lowe,feature,atom_resolved_3d_derived,float32,descriptor_specific_or_dimensionless,atom_resolved_3d_derived feature: pair_C_Si_opposite_absqdist_lowe,Local atom-resolved three-conformer xTB/geometry aggregation,empty field in CSV,0,0,False,False,False
3286,atom3d__pair_C_Si_same_absqdist_mean,feature,atom_resolved_3d_derived,float32,descriptor_specific_or_dimensionless,atom_resolved_3d_derived feature: pair_C_Si_same_absqdist_mean,Local atom-resolved three-conformer xTB/geometry aggregation,empty field in CSV,0,0,False,False,False
3287,atom3d__pair_C_Si_same_absqdist_std,feature,atom_resolved_3d_derived,float32,descriptor_specific_or_dimensionless,atom_resolved_3d_derived feature: pair_C_Si_same_absqdist_std,Local atom-resolved three-conformer xTB/geometry aggregation,empty field in CSV,0,0,False,False,False
3288,atom3d__pair_C_Si_same_absqdist_range,feature,atom_resolved_3d_derived,float32,descriptor_specific_or_dimensionless,atom_resolved_3d_derived feature: pair_C_Si_same_absqdist_range,Local atom-resolved three-conformer xTB/geometry aggregation,empty field in CSV,0,0,False,False,False
3289,atom3d__pair_C_Si_same_absqdist_lowe,feature,atom_resolved_3d_derived,float32,descriptor_specific_or_dimensionless,atom_resolved_3d_derived feature: pair_C_Si_same_absqdist_lowe,Local atom-resolved three-conformer xTB/geometry aggregation,empty field in CSV,0,0,False,False,False
3290,atom3d__pair_N_O_absqdist_mean,feature,atom_resolved_3d_derived,float32,count,atom_resolved_3d_derived feature: pair_N_O_absqdist_mean,Local atom-resolved three-conformer xTB/geometry aggregation,empty field in CSV,0,0,True,False,False
3291,atom3d__pair_N_O_absqdist_std,feature,atom_resolved_3d_derived,float32,count,atom_resolved_3d_derived feature: pair_N_O_absqdist_std,Local atom-resolved three-conformer xTB/geometry aggregation,empty field in CSV,0,0,False,False,False
3292,atom3d__pair_N_O_absqdist_range,feature,atom_resolved_3d_derived,float32,count,atom_resolved_3d_derived feature: pair_N_O_absqdist_range,Local atom-resolved three-conformer xTB/geometry aggregation,empty field in CSV,0,0,False,False,False
3293,atom3d__pair_N_O_absqdist_lowe,feature,atom_resolved_3d_derived,float32,count,atom_resolved_3d_derived feature: pair_N_O_absqdist_lowe,Local atom-resolved three-conformer xTB/geometry aggregation,empty field in CSV,0,0,True,False,False
3294,atom3d__pair_N_O_coulomb_mean,feature,atom_resolved_3d_derived,float32,count,atom_resolved_3d_derived feature: pair_N_O_coulomb_mean,Local atom-resolved three-conformer xTB/geometry aggregation,empty field in CSV,0,0,False,False,False
3295,atom3d__pair_N_O_coulomb_std,feature,atom_resolved_3d_derived,float32,count,atom_resolved_3d_derived feature: pair_N_O_coulomb_std,Local atom-resolved three-conformer xTB/geometry aggregation,empty field in CSV,0,0,False,False,False
3296,atom3d__pair_N_O_coulomb_range,feature,atom_resolved_3d_derived,float32,count,atom_resolved_3d_derived feature: pair_N_O_coulomb_range,Local atom-resolved three-conformer xTB/geometry aggregation,empty field in CSV,0,0,False,False,False
3297,atom3d__pair_N_O_coulomb_lowe,feature,atom_resolved_3d_derived,float32,count,atom_resolved_3d_derived feature: pair_N_O_coulomb_lowe,Local atom-resolved three-conformer xTB/geometry aggregation,empty field in CSV,0,0,False,False,False
3298,atom3d__pair_N_O_count_mean,feature,atom_resolved_3d_derived,float32,count,atom_resolved_3d_derived feature: pair_N_O_count_mean,Local atom-resolved three-conformer xTB/geometry aggregation,empty field in CSV,0,0,True,False,False
3299,atom3d__pair_N_O_count_std,feature,atom_resolved_3d_derived,float32,count,atom_resolved_3d_derived feature: pair_N_O_count_std,Local atom-resolved three-conformer xTB/geometry aggregation,empty field in CSV,0,0,False,False,False
3300,atom3d__pair_N_O_count_range,feature,atom_resolved_3d_derived,float32,count,atom_resolved_3d_derived feature: pair_N_O_count_range,Local atom-resolved three-conformer xTB/geometry aggregation,empty field in CSV,0,0,False,False,False
3301,atom3d__pair_N_O_count_lowe,feature,atom_resolved_3d_derived,float32,count,atom_resolved_3d_derived feature: pair_N_O_count_lowe,Local atom-resolved three-conformer xTB/geometry aggregation,empty field in CSV,0,0,True,False,False
3302,atom3d__pair_N_O_opposite_absqdist_mean,feature,atom_resolved_3d_derived,float32,count,atom_resolved_3d_derived feature: pair_N_O_opposite_absqdist_mean,Local atom-resolved three-conformer xTB/geometry aggregation,empty field in CSV,0,0,False,False,False
3303,atom3d__pair_N_O_opposite_absqdist_std,feature,atom_resolved_3d_derived,float32,count,atom_resolved_3d_derived feature: pair_N_O_opposite_absqdist_std,Local atom-resolved three-conformer xTB/geometry aggregation,empty field in CSV,0,0,False,False,False
3304,atom3d__pair_N_O_opposite_absqdist_range,feature,atom_resolved_3d_derived,float32,count,atom_resolved_3d_derived feature: pair_N_O_opposite_absqdist_range,Local atom-resolved three-conformer xTB/geometry aggregation,empty field in CSV,0,0,False,False,False
3305,atom3d__pair_N_O_opposite_absqdist_lowe,feature,atom_resolved_3d_derived,float32,count,atom_resolved_3d_derived feature: pair_N_O_opposite_absqdist_lowe,Local atom-resolved three-conformer xTB/geometry aggregation,empty field in CSV,0,0,False,False,False
3306,atom3d__pair_N_O_same_absqdist_mean,feature,atom_resolved_3d_derived,float32,count,atom_resolved_3d_derived feature: pair_N_O_same_absqdist_mean,Local atom-resolved three-conformer xTB/geometry aggregation,empty field in CSV,0,0,True,False,False
3307,atom3d__pair_N_O_same_absqdist_std,feature,atom_resolved_3d_derived,float32,count,atom_resolved_3d_derived feature: pair_N_O_same_absqdist_std,Local atom-resolved three-conformer xTB/geometry aggregation,empty field in CSV,0,0,False,False,False
3308,atom3d__pair_N_O_same_absqdist_range,feature,atom_resolved_3d_derived,float32,count,atom_resolved_3d_derived feature: pair_N_O_same_absqdist_range,Local atom-resolved three-conformer xTB/geometry aggregation,empty field in CSV,0,0,False,False,False
3309,atom3d__pair_N_O_same_absqdist_lowe,feature,atom_resolved_3d_derived,float32,count,atom_resolved_3d_derived feature: pair_N_O_same_absqdist_lowe,Local atom-resolved three-conformer xTB/geometry aggregation,empty field in CSV,0,0,True,False,False
3310,atom3d__pair_N_S_absqdist_mean,feature,atom_resolved_3d_derived,float32,count,atom_resolved_3d_derived feature: pair_N_S_absqdist_mean,Local atom-resolved three-conformer xTB/geometry aggregation,empty field in CSV,0,0,False,False,False
3311,atom3d__pair_N_S_absqdist_std,feature,atom_resolved_3d_derived,float32,count,atom_resolved_3d_derived feature: pair_N_S_absqdist_std,Local atom-resolved three-conformer xTB/geometry aggregation,empty field in CSV,0,0,False,False,False
3312,atom3d__pair_N_S_absqdist_range,feature,atom_resolved_3d_derived,float32,count,atom_resolved_3d_derived feature: pair_N_S_absqdist_range,Local atom-resolved three-conformer xTB/geometry aggregation,empty field in CSV,0,0,False,False,False
3313,atom3d__pair_N_S_absqdist_lowe,feature,atom_resolved_3d_derived,float32,count,atom_resolved_3d_derived feature: pair_N_S_absqdist_lowe,Local atom-resolved three-conformer xTB/geometry aggregation,empty field in CSV,0,0,False,False,False
3314,atom3d__pair_N_S_coulomb_mean,feature,atom_resolved_3d_derived,float32,count,atom_resolved_3d_derived feature: pair_N_S_coulomb_mean,Local atom-resolved three-conformer xTB/geometry aggregation,empty field in CSV,0,0,False,False,False
3315,atom3d__pair_N_S_coulomb_std,feature,atom_resolved_3d_derived,float32,count,atom_resolved_3d_derived feature: pair_N_S_coulomb_std,Local atom-resolved three-conformer xTB/geometry aggregation,empty field in CSV,0,0,False,False,False
3316,atom3d__pair_N_S_coulomb_range,feature,atom_resolved_3d_derived,float32,count,atom_resolved_3d_derived feature: pair_N_S_coulomb_range,Local atom-resolved three-conformer xTB/geometry aggregation,empty field in CSV,0,0,False,False,False
3317,atom3d__pair_N_S_coulomb_lowe,feature,atom_resolved_3d_derived,float32,count,atom_resolved_3d_derived feature: pair_N_S_coulomb_lowe,Local atom-resolved three-conformer xTB/geometry aggregation,empty field in CSV,0,0,False,False,False
3318,atom3d__pair_N_S_count_mean,feature,atom_resolved_3d_derived,float32,count,atom_resolved_3d_derived feature: pair_N_S_count_mean,Local atom-resolved three-conformer xTB/geometry aggregation,empty field in CSV,0,0,False,False,False
3319,atom3d__pair_N_S_count_std,feature,atom_resolved_3d_derived,float32,count,atom_resolved_3d_derived feature: pair_N_S_count_std,Local atom-resolved three-conformer xTB/geometry aggregation,empty field in CSV,0,0,False,False,False
3320,atom3d__pair_N_S_count_range,feature,atom_resolved_3d_derived,float32,count,atom_resolved_3d_derived feature: pair_N_S_count_range,Local atom-resolved three-conformer xTB/geometry aggregation,empty field in CSV,0,0,False,False,False
3321,atom3d__pair_N_S_count_lowe,feature,atom_resolved_3d_derived,float32,count,atom_resolved_3d_derived feature: pair_N_S_count_lowe,Local atom-resolved three-conformer xTB/geometry aggregation,empty field in CSV,0,0,False,False,False
3322,atom3d__pair_N_S_opposite_absqdist_mean,feature,atom_resolved_3d_derived,float32,count,atom_resolved_3d_derived feature: pair_N_S_opposite_absqdist_mean,Local atom-resolved three-conformer xTB/geometry aggregation,empty field in CSV,0,0,False,False,False
3323,atom3d__pair_N_S_opposite_absqdist_std,feature,atom_resolved_3d_derived,float32,count,atom_resolved_3d_derived feature: pair_N_S_opposite_absqdist_std,Local atom-resolved three-conformer xTB/geometry aggregation,empty field in CSV,0,0,False,False,False
3324,atom3d__pair_N_S_opposite_absqdist_range,feature,atom_resolved_3d_derived,float32,count,atom_resolved_3d_derived feature: pair_N_S_opposite_absqdist_range,Local atom-resolved three-conformer xTB/geometry aggregation,empty field in CSV,0,0,False,False,False
3325,atom3d__pair_N_S_opposite_absqdist_lowe,feature,atom_resolved_3d_derived,float32,count,atom_resolved_3d_derived feature: pair_N_S_opposite_absqdist_lowe,Local atom-resolved three-conformer xTB/geometry aggregation,empty field in CSV,0,0,False,False,False
3326,atom3d__pair_N_S_same_absqdist_mean,feature,atom_resolved_3d_derived,float32,count,atom_resolved_3d_derived feature: pair_N_S_same_absqdist_mean,Local atom-resolved three-conformer xTB/geometry aggregation,empty field in CSV,0,0,False,False,False
3327,atom3d__pair_N_S_same_absqdist_std,feature,atom_resolved_3d_derived,float32,count,atom_resolved_3d_derived feature: pair_N_S_same_absqdist_std,Local atom-resolved three-conformer xTB/geometry aggregation,empty field in CSV,0,0,False,False,False
3328,atom3d__pair_N_S_same_absqdist_range,feature,atom_resolved_3d_derived,float32,count,atom_resolved_3d_derived feature: pair_N_S_same_absqdist_range,Local atom-resolved three-conformer xTB/geometry aggregation,empty field in CSV,0,0,False,False,False
3329,atom3d__pair_N_S_same_absqdist_lowe,feature,atom_resolved_3d_derived,float32,count,atom_resolved_3d_derived feature: pair_N_S_same_absqdist_lowe,Local atom-resolved three-conformer xTB/geometry aggregation,empty field in CSV,0,0,False,False,False
3330,atom3d__pair_O_F_absqdist_mean,feature,atom_resolved_3d_derived,float32,descriptor_specific_or_dimensionless,atom_resolved_3d_derived feature: pair_O_F_absqdist_mean,Local atom-resolved three-conformer xTB/geometry aggregation,empty field in CSV,0,0,False,False,False
3331,atom3d__pair_O_F_absqdist_std,feature,atom_resolved_3d_derived,float32,descriptor_specific_or_dimensionless,atom_resolved_3d_derived feature: pair_O_F_absqdist_std,Local atom-resolved three-conformer xTB/geometry aggregation,empty field in CSV,0,0,False,False,False
3332,atom3d__pair_O_F_absqdist_range,feature,atom_resolved_3d_derived,float32,descriptor_specific_or_dimensionless,atom_resolved_3d_derived feature: pair_O_F_absqdist_range,Local atom-resolved three-conformer xTB/geometry aggregation,empty field in CSV,0,0,False,False,False
3333,atom3d__pair_O_F_absqdist_lowe,feature,atom_resolved_3d_derived,float32,descriptor_specific_or_dimensionless,atom_resolved_3d_derived feature: pair_O_F_absqdist_lowe,Local atom-resolved three-conformer xTB/geometry aggregation,empty field in CSV,0,0,False,False,False
3334,atom3d__pair_O_F_coulomb_mean,feature,atom_resolved_3d_derived,float32,descriptor_specific_or_dimensionless,atom_resolved_3d_derived feature: pair_O_F_coulomb_mean,Local atom-resolved three-conformer xTB/geometry aggregation,empty field in CSV,0,0,False,False,False
3335,atom3d__pair_O_F_coulomb_std,feature,atom_resolved_3d_derived,float32,descriptor_specific_or_dimensionless,atom_resolved_3d_derived feature: pair_O_F_coulomb_std,Local atom-resolved three-conformer xTB/geometry aggregation,empty field in CSV,0,0,False,False,False
3336,atom3d__pair_O_F_coulomb_range,feature,atom_resolved_3d_derived,float32,descriptor_specific_or_dimensionless,atom_resolved_3d_derived feature: pair_O_F_coulomb_range,Local atom-resolved three-conformer xTB/geometry aggregation,empty field in CSV,0,0,False,False,False
3337,atom3d__pair_O_F_coulomb_lowe,feature,atom_resolved_3d_derived,float32,descriptor_specific_or_dimensionless,atom_resolved_3d_derived feature: pair_O_F_coulomb_lowe,Local atom-resolved three-conformer xTB/geometry aggregation,empty field in CSV,0,0,False,False,False
3338,atom3d__pair_O_F_count_mean,feature,atom_resolved_3d_derived,float32,count,atom_resolved_3d_derived feature: pair_O_F_count_mean,Local atom-resolved three-conformer xTB/geometry aggregation,empty field in CSV,0,0,False,False,False
3339,atom3d__pair_O_F_count_std,feature,atom_resolved_3d_derived,float32,count,atom_resolved_3d_derived feature: pair_O_F_count_std,Local atom-resolved three-conformer xTB/geometry aggregation,empty field in CSV,0,0,False,False,False
3340,atom3d__pair_O_F_count_range,feature,atom_resolved_3d_derived,float32,count,atom_resolved_3d_derived feature: pair_O_F_count_range,Local atom-resolved three-conformer xTB/geometry aggregation,empty field in CSV,0,0,False,False,False
3341,atom3d__pair_O_F_count_lowe,feature,atom_resolved_3d_derived,float32,count,atom_resolved_3d_derived feature: pair_O_F_count_lowe,Local atom-resolved three-conformer xTB/geometry aggregation,empty field in CSV,0,0,False,False,False
3342,atom3d__pair_O_F_opposite_absqdist_mean,feature,atom_resolved_3d_derived,float32,descriptor_specific_or_dimensionless,atom_resolved_3d_derived feature: pair_O_F_opposite_absqdist_mean,Local atom-resolved three-conformer xTB/geometry aggregation,empty field in CSV,0,0,False,False,False
3343,atom3d__pair_O_F_opposite_absqdist_std,feature,atom_resolved_3d_derived,float32,descriptor_specific_or_dimensionless,atom_resolved_3d_derived feature: pair_O_F_opposite_absqdist_std,Local atom-resolved three-conformer xTB/geometry aggregation,empty field in CSV,0,0,False,False,False
3344,atom3d__pair_O_F_opposite_absqdist_range,feature,atom_resolved_3d_derived,float32,descriptor_specific_or_dimensionless,atom_resolved_3d_derived feature: pair_O_F_opposite_absqdist_range,Local atom-resolved three-conformer xTB/geometry aggregation,empty field in CSV,0,0,False,False,False
3345,atom3d__pair_O_F_opposite_absqdist_lowe,feature,atom_resolved_3d_derived,float32,descriptor_specific_or_dimensionless,atom_resolved_3d_derived feature: pair_O_F_opposite_absqdist_lowe,Local atom-resolved three-conformer xTB/geometry aggregation,empty field in CSV,0,0,False,False,False
3346,atom3d__pair_O_F_same_absqdist_mean,feature,atom_resolved_3d_derived,float32,descriptor_specific_or_dimensionless,atom_resolved_3d_derived feature: pair_O_F_same_absqdist_mean,Local atom-resolved three-conformer xTB/geometry aggregation,empty field in CSV,0,0,False,False,False
3347,atom3d__pair_O_F_same_absqdist_std,feature,atom_resolved_3d_derived,float32,descriptor_specific_or_dimensionless,atom_resolved_3d_derived feature: pair_O_F_same_absqdist_std,Local atom-resolved three-conformer xTB/geometry aggregation,empty field in CSV,0,0,False,False,False
3348,atom3d__pair_O_F_same_absqdist_range,feature,atom_resolved_3d_derived,float32,descriptor_specific_or_dimensionless,atom_resolved_3d_derived feature: pair_O_F_same_absqdist_range,Local atom-resolved three-conformer xTB/geometry aggregation,empty field in CSV,0,0,False,False,False
3349,atom3d__pair_O_F_same_absqdist_lowe,feature,atom_resolved_3d_derived,float32,descriptor_specific_or_dimensionless,atom_resolved_3d_derived feature: pair_O_F_same_absqdist_lowe,Local atom-resolved three-conformer xTB/geometry aggregation,empty field in CSV,0,0,False,False,False
3350,atom3d__pair_O_O_absqdist_mean,feature,atom_resolved_3d_derived,float32,descriptor_specific_or_dimensionless,atom_resolved_3d_derived feature: pair_O_O_absqdist_mean,Local atom-resolved three-conformer xTB/geometry aggregation,empty field in CSV,0,0,False,False,False
3351,atom3d__pair_O_O_absqdist_std,feature,atom_resolved_3d_derived,float32,descriptor_specific_or_dimensionless,atom_resolved_3d_derived feature: pair_O_O_absqdist_std,Local atom-resolved three-conformer xTB/geometry aggregation,empty field in CSV,0,0,False,False,False
3352,atom3d__pair_O_O_absqdist_range,feature,atom_resolved_3d_derived,float32,descriptor_specific_or_dimensionless,atom_resolved_3d_derived feature: pair_O_O_absqdist_range,Local atom-resolved three-conformer xTB/geometry aggregation,empty field in CSV,0,0,False,False,False
3353,atom3d__pair_O_O_absqdist_lowe,feature,atom_resolved_3d_derived,float32,descriptor_specific_or_dimensionless,atom_resolved_3d_derived feature: pair_O_O_absqdist_lowe,Local atom-resolved three-conformer xTB/geometry aggregation,empty field in CSV,0,0,False,False,False
3354,atom3d__pair_O_O_coulomb_mean,feature,atom_resolved_3d_derived,float32,descriptor_specific_or_dimensionless,atom_resolved_3d_derived feature: pair_O_O_coulomb_mean,Local atom-resolved three-conformer xTB/geometry aggregation,empty field in CSV,0,0,False,False,False
3355,atom3d__pair_O_O_coulomb_std,feature,atom_resolved_3d_derived,float32,descriptor_specific_or_dimensionless,atom_resolved_3d_derived feature: pair_O_O_coulomb_std,Local atom-resolved three-conformer xTB/geometry aggregation,empty field in CSV,0,0,False,False,False
3356,atom3d__pair_O_O_coulomb_range,feature,atom_resolved_3d_derived,float32,descriptor_specific_or_dimensionless,atom_resolved_3d_derived feature: pair_O_O_coulomb_range,Local atom-resolved three-conformer xTB/geometry aggregation,empty field in CSV,0,0,False,False,False
3357,atom3d__pair_O_O_coulomb_lowe,feature,atom_resolved_3d_derived,float32,descriptor_specific_or_dimensionless,atom_resolved_3d_derived feature: pair_O_O_coulomb_lowe,Local atom-resolved three-conformer xTB/geometry aggregation,empty field in CSV,0,0,False,False,False
3358,atom3d__pair_O_O_count_mean,feature,atom_resolved_3d_derived,float32,count,atom_resolved_3d_derived feature: pair_O_O_count_mean,Local atom-resolved three-conformer xTB/geometry aggregation,empty field in CSV,0,0,False,False,False
3359,atom3d__pair_O_O_count_std,feature,atom_resolved_3d_derived,float32,count,atom_resolved_3d_derived feature: pair_O_O_count_std,Local atom-resolved three-conformer xTB/geometry aggregation,empty field in CSV,0,0,False,False,False
3360,atom3d__pair_O_O_count_range,feature,atom_resolved_3d_derived,float32,count,atom_resolved_3d_derived feature: pair_O_O_count_range,Local atom-resolved three-conformer xTB/geometry aggregation,empty field in CSV,0,0,False,False,False
3361,atom3d__pair_O_O_count_lowe,feature,atom_resolved_3d_derived,float32,count,atom_resolved_3d_derived feature: pair_O_O_count_lowe,Local atom-resolved three-conformer xTB/geometry aggregation,empty field in CSV,0,0,False,False,False
3362,atom3d__pair_O_O_opposite_absqdist_mean,feature,atom_resolved_3d_derived,float32,descriptor_specific_or_dimensionless,atom_resolved_3d_derived feature: pair_O_O_opposite_absqdist_mean,Local atom-resolved three-conformer xTB/geometry aggregation,empty field in CSV,0,0,False,False,False
3363,atom3d__pair_O_O_opposite_absqdist_std,feature,atom_resolved_3d_derived,float32,descriptor_specific_or_dimensionless,atom_resolved_3d_derived feature: pair_O_O_opposite_absqdist_std,Local atom-resolved three-conformer xTB/geometry aggregation,empty field in CSV,0,0,False,False,False
3364,atom3d__pair_O_O_opposite_absqdist_range,feature,atom_resolved_3d_derived,float32,descriptor_specific_or_dimensionless,atom_resolved_3d_derived feature: pair_O_O_opposite_absqdist_range,Local atom-resolved three-conformer xTB/geometry aggregation,empty field in CSV,0,0,False,False,False
3365,atom3d__pair_O_O_opposite_absqdist_lowe,feature,atom_resolved_3d_derived,float32,descriptor_specific_or_dimensionless,atom_resolved_3d_derived feature: pair_O_O_opposite_absqdist_lowe,Local atom-resolved three-conformer xTB/geometry aggregation,empty field in CSV,0,0,False,False,False
3366,atom3d__pair_O_O_same_absqdist_mean,feature,atom_resolved_3d_derived,float32,descriptor_specific_or_dimensionless,atom_resolved_3d_derived feature: pair_O_O_same_absqdist_mean,Local atom-resolved three-conformer xTB/geometry aggregation,empty field in CSV,0,0,False,False,False
3367,atom3d__pair_O_O_same_absqdist_std,feature,atom_resolved_3d_derived,float32,descriptor_specific_or_dimensionless,atom_resolved_3d_derived feature: pair_O_O_same_absqdist_std,Local atom-resolved three-conformer xTB/geometry aggregation,empty field in CSV,0,0,False,False,False
3368,atom3d__pair_O_O_same_absqdist_range,feature,atom_resolved_3d_derived,float32,descriptor_specific_or_dimensionless,atom_resolved_3d_derived feature: pair_O_O_same_absqdist_range,Local atom-resolved three-conformer xTB/geometry aggregation,empty field in CSV,0,0,False,False,False
3369,atom3d__pair_O_O_same_absqdist_lowe,feature,atom_resolved_3d_derived,float32,descriptor_specific_or_dimensionless,atom_resolved_3d_derived feature: pair_O_O_same_absqdist_lowe,Local atom-resolved three-conformer xTB/geometry aggregation,empty field in CSV,0,0,False,False,False
3370,atom3d__pair_O_P_absqdist_mean,feature,atom_resolved_3d_derived,float32,descriptor_specific_or_dimensionless,atom_resolved_3d_derived feature: pair_O_P_absqdist_mean,Local atom-resolved three-conformer xTB/geometry aggregation,empty field in CSV,0,0,False,False,False
3371,atom3d__pair_O_P_absqdist_std,feature,atom_resolved_3d_derived,float32,descriptor_specific_or_dimensionless,atom_resolved_3d_derived feature: pair_O_P_absqdist_std,Local atom-resolved three-conformer xTB/geometry aggregation,empty field in CSV,0,0,False,False,False
3372,atom3d__pair_O_P_absqdist_range,feature,atom_resolved_3d_derived,float32,descriptor_specific_or_dimensionless,atom_resolved_3d_derived feature: pair_O_P_absqdist_range,Local atom-resolved three-conformer xTB/geometry aggregation,empty field in CSV,0,0,False,False,False
3373,atom3d__pair_O_P_absqdist_lowe,feature,atom_resolved_3d_derived,float32,descriptor_specific_or_dimensionless,atom_resolved_3d_derived feature: pair_O_P_absqdist_lowe,Local atom-resolved three-conformer xTB/geometry aggregation,empty field in CSV,0,0,False,False,False
3374,atom3d__pair_O_P_coulomb_mean,feature,atom_resolved_3d_derived,float32,descriptor_specific_or_dimensionless,atom_resolved_3d_derived feature: pair_O_P_coulomb_mean,Local atom-resolved three-conformer xTB/geometry aggregation,empty field in CSV,0,0,False,False,False
3375,atom3d__pair_O_P_coulomb_std,feature,atom_resolved_3d_derived,float32,descriptor_specific_or_dimensionless,atom_resolved_3d_derived feature: pair_O_P_coulomb_std,Local atom-resolved three-conformer xTB/geometry aggregation,empty field in CSV,0,0,False,False,False
3376,atom3d__pair_O_P_coulomb_range,feature,atom_resolved_3d_derived,float32,descriptor_specific_or_dimensionless,atom_resolved_3d_derived feature: pair_O_P_coulomb_range,Local atom-resolved three-conformer xTB/geometry aggregation,empty field in CSV,0,0,False,False,False
3377,atom3d__pair_O_P_coulomb_lowe,feature,atom_resolved_3d_derived,float32,descriptor_specific_or_dimensionless,atom_resolved_3d_derived feature: pair_O_P_coulomb_lowe,Local atom-resolved three-conformer xTB/geometry aggregation,empty field in CSV,0,0,False,False,False
3378,atom3d__pair_O_P_count_mean,feature,atom_resolved_3d_derived,float32,count,atom_resolved_3d_derived feature: pair_O_P_count_mean,Local atom-resolved three-conformer xTB/geometry aggregation,empty field in CSV,0,0,False,False,False
3379,atom3d__pair_O_P_count_std,feature,atom_resolved_3d_derived,float32,count,atom_resolved_3d_derived feature: pair_O_P_count_std,Local atom-resolved three-conformer xTB/geometry aggregation,empty field in CSV,0,0,False,False,False
3380,atom3d__pair_O_P_count_range,feature,atom_resolved_3d_derived,float32,count,atom_resolved_3d_derived feature: pair_O_P_count_range,Local atom-resolved three-conformer xTB/geometry aggregation,empty field in CSV,0,0,False,False,False
3381,atom3d__pair_O_P_count_lowe,feature,atom_resolved_3d_derived,float32,count,atom_resolved_3d_derived feature: pair_O_P_count_lowe,Local atom-resolved three-conformer xTB/geometry aggregation,empty field in CSV,0,0,False,False,False
3382,atom3d__pair_O_P_opposite_absqdist_mean,feature,atom_resolved_3d_derived,float32,descriptor_specific_or_dimensionless,atom_resolved_3d_derived feature: pair_O_P_opposite_absqdist_mean,Local atom-resolved three-conformer xTB/geometry aggregation,empty field in CSV,0,0,False,False,False
3383,atom3d__pair_O_P_opposite_absqdist_std,feature,atom_resolved_3d_derived,float32,descriptor_specific_or_dimensionless,atom_resolved_3d_derived feature: pair_O_P_opposite_absqdist_std,Local atom-resolved three-conformer xTB/geometry aggregation,empty field in CSV,0,0,False,False,False
3384,atom3d__pair_O_P_opposite_absqdist_range,feature,atom_resolved_3d_derived,float32,descriptor_specific_or_dimensionless,atom_resolved_3d_derived feature: pair_O_P_opposite_absqdist_range,Local atom-resolved three-conformer xTB/geometry aggregation,empty field in CSV,0,0,False,False,False
3385,atom3d__pair_O_P_opposite_absqdist_lowe,feature,atom_resolved_3d_derived,float32,descriptor_specific_or_dimensionless,atom_resolved_3d_derived feature: pair_O_P_opposite_absqdist_lowe,Local atom-resolved three-conformer xTB/geometry aggregation,empty field in CSV,0,0,False,False,False
3386,atom3d__pair_O_P_same_absqdist_mean,feature,atom_resolved_3d_derived,float32,descriptor_specific_or_dimensionless,atom_resolved_3d_derived feature: pair_O_P_same_absqdist_mean,Local atom-resolved three-conformer xTB/geometry aggregation,empty field in CSV,0,0,False,False,False
3387,atom3d__pair_O_P_same_absqdist_std,feature,atom_resolved_3d_derived,float32,descriptor_specific_or_dimensionless,atom_resolved_3d_derived feature: pair_O_P_same_absqdist_std,Local atom-resolved three-conformer xTB/geometry aggregation,empty field in CSV,0,0,False,False,False
3388,atom3d__pair_O_P_same_absqdist_range,feature,atom_resolved_3d_derived,float32,descriptor_specific_or_dimensionless,atom_resolved_3d_derived feature: pair_O_P_same_absqdist_range,Local atom-resolved three-conformer xTB/geometry aggregation,empty field in CSV,0,0,False,False,False
3389,atom3d__pair_O_P_same_absqdist_lowe,feature,atom_resolved_3d_derived,float32,descriptor_specific_or_dimensionless,atom_resolved_3d_derived feature: pair_O_P_same_absqdist_lowe,Local atom-resolved three-conformer xTB/geometry aggregation,empty field in CSV,0,0,False,False,False
3390,atom3d__pair_O_S_absqdist_mean,feature,atom_resolved_3d_derived,float32,descriptor_specific_or_dimensionless,atom_resolved_3d_derived feature: pair_O_S_absqdist_mean,Local atom-resolved three-conformer xTB/geometry aggregation,empty field in CSV,0,0,False,False,False
3391,atom3d__pair_O_S_absqdist_std,feature,atom_resolved_3d_derived,float32,descriptor_specific_or_dimensionless,atom_resolved_3d_derived feature: pair_O_S_absqdist_std,Local atom-resolved three-conformer xTB/geometry aggregation,empty field in CSV,0,0,False,False,False
3392,atom3d__pair_O_S_absqdist_range,feature,atom_resolved_3d_derived,float32,descriptor_specific_or_dimensionless,atom_resolved_3d_derived feature: pair_O_S_absqdist_range,Local atom-resolved three-conformer xTB/geometry aggregation,empty field in CSV,0,0,False,False,False
3393,atom3d__pair_O_S_absqdist_lowe,feature,atom_resolved_3d_derived,float32,descriptor_specific_or_dimensionless,atom_resolved_3d_derived feature: pair_O_S_absqdist_lowe,Local atom-resolved three-conformer xTB/geometry aggregation,empty field in CSV,0,0,False,False,False
3394,atom3d__pair_O_S_coulomb_mean,feature,atom_resolved_3d_derived,float32,descriptor_specific_or_dimensionless,atom_resolved_3d_derived feature: pair_O_S_coulomb_mean,Local atom-resolved three-conformer xTB/geometry aggregation,empty field in CSV,0,0,False,False,False
3395,atom3d__pair_O_S_coulomb_std,feature,atom_resolved_3d_derived,float32,descriptor_specific_or_dimensionless,atom_resolved_3d_derived feature: pair_O_S_coulomb_std,Local atom-resolved three-conformer xTB/geometry aggregation,empty field in CSV,0,0,False,False,False
3396,atom3d__pair_O_S_coulomb_range,feature,atom_resolved_3d_derived,float32,descriptor_specific_or_dimensionless,atom_resolved_3d_derived feature: pair_O_S_coulomb_range,Local atom-resolved three-conformer xTB/geometry aggregation,empty field in CSV,0,0,False,False,False
3397,atom3d__pair_O_S_coulomb_lowe,feature,atom_resolved_3d_derived,float32,descriptor_specific_or_dimensionless,atom_resolved_3d_derived feature: pair_O_S_coulomb_lowe,Local atom-resolved three-conformer xTB/geometry aggregation,empty field in CSV,0,0,False,False,False
3398,atom3d__pair_O_S_count_mean,feature,atom_resolved_3d_derived,float32,count,atom_resolved_3d_derived feature: pair_O_S_count_mean,Local atom-resolved three-conformer xTB/geometry aggregation,empty field in CSV,0,0,False,False,False
3399,atom3d__pair_O_S_count_std,feature,atom_resolved_3d_derived,float32,count,atom_resolved_3d_derived feature: pair_O_S_count_std,Local atom-resolved three-conformer xTB/geometry aggregation,empty field in CSV,0,0,False,False,False
3400,atom3d__pair_O_S_count_range,feature,atom_resolved_3d_derived,float32,count,atom_resolved_3d_derived feature: pair_O_S_count_range,Local atom-resolved three-conformer xTB/geometry aggregation,empty field in CSV,0,0,False,False,False
3401,atom3d__pair_O_S_count_lowe,feature,atom_resolved_3d_derived,float32,count,atom_resolved_3d_derived feature: pair_O_S_count_lowe,Local atom-resolved three-conformer xTB/geometry aggregation,empty field in CSV,0,0,False,False,False
3402,atom3d__pair_O_S_opposite_absqdist_mean,feature,atom_resolved_3d_derived,float32,descriptor_specific_or_dimensionless,atom_resolved_3d_derived feature: pair_O_S_opposite_absqdist_mean,Local atom-resolved three-conformer xTB/geometry aggregation,empty field in CSV,0,0,False,False,False
3403,atom3d__pair_O_S_opposite_absqdist_std,feature,atom_resolved_3d_derived,float32,descriptor_specific_or_dimensionless,atom_resolved_3d_derived feature: pair_O_S_opposite_absqdist_std,Local atom-resolved three-conformer xTB/geometry aggregation,empty field in CSV,0,0,False,False,False
3404,atom3d__pair_O_S_opposite_absqdist_range,feature,atom_resolved_3d_derived,float32,descriptor_specific_or_dimensionless,atom_resolved_3d_derived feature: pair_O_S_opposite_absqdist_range,Local atom-resolved three-conformer xTB/geometry aggregation,empty field in CSV,0,0,False,False,False
3405,atom3d__pair_O_S_opposite_absqdist_lowe,feature,atom_resolved_3d_derived,float32,descriptor_specific_or_dimensionless,atom_resolved_3d_derived feature: pair_O_S_opposite_absqdist_lowe,Local atom-resolved three-conformer xTB/geometry aggregation,empty field in CSV,0,0,False,False,False
3406,atom3d__pair_O_S_same_absqdist_mean,feature,atom_resolved_3d_derived,float32,descriptor_specific_or_dimensionless,atom_resolved_3d_derived feature: pair_O_S_same_absqdist_mean,Local atom-resolved three-conformer xTB/geometry aggregation,empty field in CSV,0,0,False,False,False
3407,atom3d__pair_O_S_same_absqdist_std,feature,atom_resolved_3d_derived,float32,descriptor_specific_or_dimensionless,atom_resolved_3d_derived feature: pair_O_S_same_absqdist_std,Local atom-resolved three-conformer xTB/geometry aggregation,empty field in CSV,0,0,False,False,False
3408,atom3d__pair_O_S_same_absqdist_range,feature,atom_resolved_3d_derived,float32,descriptor_specific_or_dimensionless,atom_resolved_3d_derived feature: pair_O_S_same_absqdist_range,Local atom-resolved three-conformer xTB/geometry aggregation,empty field in CSV,0,0,False,False,False
3409,atom3d__pair_O_S_same_absqdist_lowe,feature,atom_resolved_3d_derived,float32,descriptor_specific_or_dimensionless,atom_resolved_3d_derived feature: pair_O_S_same_absqdist_lowe,Local atom-resolved three-conformer xTB/geometry aggregation,empty field in CSV,0,0,False,False,False
3410,atom3d__pair_O_Si_absqdist_mean,feature,atom_resolved_3d_derived,float32,descriptor_specific_or_dimensionless,atom_resolved_3d_derived feature: pair_O_Si_absqdist_mean,Local atom-resolved three-conformer xTB/geometry aggregation,empty field in CSV,0,0,False,False,False
3411,atom3d__pair_O_Si_absqdist_std,feature,atom_resolved_3d_derived,float32,descriptor_specific_or_dimensionless,atom_resolved_3d_derived feature: pair_O_Si_absqdist_std,Local atom-resolved three-conformer xTB/geometry aggregation,empty field in CSV,0,0,False,False,False
3412,atom3d__pair_O_Si_absqdist_range,feature,atom_resolved_3d_derived,float32,descriptor_specific_or_dimensionless,atom_resolved_3d_derived feature: pair_O_Si_absqdist_range,Local atom-resolved three-conformer xTB/geometry aggregation,empty field in CSV,0,0,False,False,False
3413,atom3d__pair_O_Si_absqdist_lowe,feature,atom_resolved_3d_derived,float32,descriptor_specific_or_dimensionless,atom_resolved_3d_derived feature: pair_O_Si_absqdist_lowe,Local atom-resolved three-conformer xTB/geometry aggregation,empty field in CSV,0,0,False,False,False
3414,atom3d__pair_O_Si_coulomb_mean,feature,atom_resolved_3d_derived,float32,descriptor_specific_or_dimensionless,atom_resolved_3d_derived feature: pair_O_Si_coulomb_mean,Local atom-resolved three-conformer xTB/geometry aggregation,empty field in CSV,0,0,False,False,False
3415,atom3d__pair_O_Si_coulomb_std,feature,atom_resolved_3d_derived,float32,descriptor_specific_or_dimensionless,atom_resolved_3d_derived feature: pair_O_Si_coulomb_std,Local atom-resolved three-conformer xTB/geometry aggregation,empty field in CSV,0,0,False,False,False
3416,atom3d__pair_O_Si_coulomb_range,feature,atom_resolved_3d_derived,float32,descriptor_specific_or_dimensionless,atom_resolved_3d_derived feature: pair_O_Si_coulomb_range,Local atom-resolved three-conformer xTB/geometry aggregation,empty field in CSV,0,0,False,False,False
3417,atom3d__pair_O_Si_coulomb_lowe,feature,atom_resolved_3d_derived,float32,descriptor_specific_or_dimensionless,atom_resolved_3d_derived feature: pair_O_Si_coulomb_lowe,Local atom-resolved three-conformer xTB/geometry aggregation,empty field in CSV,0,0,False,False,False
3418,atom3d__pair_O_Si_count_mean,feature,atom_resolved_3d_derived,float32,count,atom_resolved_3d_derived feature: pair_O_Si_count_mean,Local atom-resolved three-conformer xTB/geometry aggregation,empty field in CSV,0,0,False,False,False
3419,atom3d__pair_O_Si_count_std,feature,atom_resolved_3d_derived,float32,count,atom_resolved_3d_derived feature: pair_O_Si_count_std,Local atom-resolved three-conformer xTB/geometry aggregation,empty field in CSV,0,0,False,False,False
3420,atom3d__pair_O_Si_count_range,feature,atom_resolved_3d_derived,float32,count,atom_resolved_3d_derived feature: pair_O_Si_count_range,Local atom-resolved three-conformer xTB/geometry aggregation,empty field in CSV,0,0,False,False,False
3421,atom3d__pair_O_Si_count_lowe,feature,atom_resolved_3d_derived,float32,count,atom_resolved_3d_derived feature: pair_O_Si_count_lowe,Local atom-resolved three-conformer xTB/geometry aggregation,empty field in CSV,0,0,False,False,False
3422,atom3d__pair_O_Si_opposite_absqdist_mean,feature,atom_resolved_3d_derived,float32,descriptor_specific_or_dimensionless,atom_resolved_3d_derived feature: pair_O_Si_opposite_absqdist_mean,Local atom-resolved three-conformer xTB/geometry aggregation,empty field in CSV,0,0,False,False,False
3423,atom3d__pair_O_Si_opposite_absqdist_std,feature,atom_resolved_3d_derived,float32,descriptor_specific_or_dimensionless,atom_resolved_3d_derived feature: pair_O_Si_opposite_absqdist_std,Local atom-resolved three-conformer xTB/geometry aggregation,empty field in CSV,0,0,False,False,False
3424,atom3d__pair_O_Si_opposite_absqdist_range,feature,atom_resolved_3d_derived,float32,descriptor_specific_or_dimensionless,atom_resolved_3d_derived feature: pair_O_Si_opposite_absqdist_range,Local atom-resolved three-conformer xTB/geometry aggregation,empty field in CSV,0,0,False,False,False
3425,atom3d__pair_O_Si_opposite_absqdist_lowe,feature,atom_resolved_3d_derived,float32,descriptor_specific_or_dimensionless,atom_resolved_3d_derived feature: pair_O_Si_opposite_absqdist_lowe,Local atom-resolved three-conformer xTB/geometry aggregation,empty field in CSV,0,0,False,False,False
3426,atom3d__pair_O_Si_same_absqdist_mean,feature,atom_resolved_3d_derived,float32,descriptor_specific_or_dimensionless,atom_resolved_3d_derived feature: pair_O_Si_same_absqdist_mean,Local atom-resolved three-conformer xTB/geometry aggregation,empty field in CSV,0,0,False,False,False
3427,atom3d__pair_O_Si_same_absqdist_std,feature,atom_resolved_3d_derived,float32,descriptor_specific_or_dimensionless,atom_resolved_3d_derived feature: pair_O_Si_same_absqdist_std,Local atom-resolved three-conformer xTB/geometry aggregation,empty field in CSV,0,0,False,False,False
3428,atom3d__pair_O_Si_same_absqdist_range,feature,atom_resolved_3d_derived,float32,descriptor_specific_or_dimensionless,atom_resolved_3d_derived feature: pair_O_Si_same_absqdist_range,Local atom-resolved three-conformer xTB/geometry aggregation,empty field in CSV,0,0,False,False,False
3429,atom3d__pair_O_Si_same_absqdist_lowe,feature,atom_resolved_3d_derived,float32,descriptor_specific_or_dimensionless,atom_resolved_3d_derived feature: pair_O_Si_same_absqdist_lowe,Local atom-resolved three-conformer xTB/geometry aggregation,empty field in CSV,0,0,False,False,False
3430,atom3d__pair_Si_S_absqdist_mean,feature,atom_resolved_3d_derived,float32,descriptor_specific_or_dimensionless,atom_resolved_3d_derived feature: pair_Si_S_absqdist_mean,Local atom-resolved three-conformer xTB/geometry aggregation,empty field in CSV,0,0,False,False,False
3431,atom3d__pair_Si_S_absqdist_std,feature,atom_resolved_3d_derived,float32,descriptor_specific_or_dimensionless,atom_resolved_3d_derived feature: pair_Si_S_absqdist_std,Local atom-resolved three-conformer xTB/geometry aggregation,empty field in CSV,0,0,False,False,False
3432,atom3d__pair_Si_S_absqdist_range,feature,atom_resolved_3d_derived,float32,descriptor_specific_or_dimensionless,atom_resolved_3d_derived feature: pair_Si_S_absqdist_range,Local atom-resolved three-conformer xTB/geometry aggregation,empty field in CSV,0,0,False,False,False
3433,atom3d__pair_Si_S_absqdist_lowe,feature,atom_resolved_3d_derived,float32,descriptor_specific_or_dimensionless,atom_resolved_3d_derived feature: pair_Si_S_absqdist_lowe,Local atom-resolved three-conformer xTB/geometry aggregation,empty field in CSV,0,0,False,False,False
3434,atom3d__pair_Si_S_coulomb_mean,feature,atom_resolved_3d_derived,float32,descriptor_specific_or_dimensionless,atom_resolved_3d_derived feature: pair_Si_S_coulomb_mean,Local atom-resolved three-conformer xTB/geometry aggregation,empty field in CSV,0,0,False,False,False
3435,atom3d__pair_Si_S_coulomb_std,feature,atom_resolved_3d_derived,float32,descriptor_specific_or_dimensionless,atom_resolved_3d_derived feature: pair_Si_S_coulomb_std,Local atom-resolved three-conformer xTB/geometry aggregation,empty field in CSV,0,0,False,False,False
3436,atom3d__pair_Si_S_coulomb_range,feature,atom_resolved_3d_derived,float32,descriptor_specific_or_dimensionless,atom_resolved_3d_derived feature: pair_Si_S_coulomb_range,Local atom-resolved three-conformer xTB/geometry aggregation,empty field in CSV,0,0,False,False,False
3437,atom3d__pair_Si_S_coulomb_lowe,feature,atom_resolved_3d_derived,float32,descriptor_specific_or_dimensionless,atom_resolved_3d_derived feature: pair_Si_S_coulomb_lowe,Local atom-resolved three-conformer xTB/geometry aggregation,empty field in CSV,0,0,False,False,False
3438,atom3d__pair_Si_S_count_mean,feature,atom_resolved_3d_derived,float32,count,atom_resolved_3d_derived feature: pair_Si_S_count_mean,Local atom-resolved three-conformer xTB/geometry aggregation,empty field in CSV,0,0,False,False,False
3439,atom3d__pair_Si_S_count_std,feature,atom_resolved_3d_derived,float32,count,atom_resolved_3d_derived feature: pair_Si_S_count_std,Local atom-resolved three-conformer xTB/geometry aggregation,empty field in CSV,0,0,False,False,False
3440,atom3d__pair_Si_S_count_range,feature,atom_resolved_3d_derived,float32,count,atom_resolved_3d_derived feature: pair_Si_S_count_range,Local atom-resolved three-conformer xTB/geometry aggregation,empty field in CSV,0,0,False,False,False
3441,atom3d__pair_Si_S_count_lowe,feature,atom_resolved_3d_derived,float32,count,atom_resolved_3d_derived feature: pair_Si_S_count_lowe,Local atom-resolved three-conformer xTB/geometry aggregation,empty field in CSV,0,0,False,False,False
3442,atom3d__pair_Si_S_opposite_absqdist_mean,feature,atom_resolved_3d_derived,float32,descriptor_specific_or_dimensionless,atom_resolved_3d_derived feature: pair_Si_S_opposite_absqdist_mean,Local atom-resolved three-conformer xTB/geometry aggregation,empty field in CSV,0,0,False,False,False
3443,atom3d__pair_Si_S_opposite_absqdist_std,feature,atom_resolved_3d_derived,float32,descriptor_specific_or_dimensionless,atom_resolved_3d_derived feature: pair_Si_S_opposite_absqdist_std,Local atom-resolved three-conformer xTB/geometry aggregation,empty field in CSV,0,0,False,False,False
3444,atom3d__pair_Si_S_opposite_absqdist_range,feature,atom_resolved_3d_derived,float32,descriptor_specific_or_dimensionless,atom_resolved_3d_derived feature: pair_Si_S_opposite_absqdist_range,Local atom-resolved three-conformer xTB/geometry aggregation,empty field in CSV,0,0,False,False,False
3445,atom3d__pair_Si_S_opposite_absqdist_lowe,feature,atom_resolved_3d_derived,float32,descriptor_specific_or_dimensionless,atom_resolved_3d_derived feature: pair_Si_S_opposite_absqdist_lowe,Local atom-resolved three-conformer xTB/geometry aggregation,empty field in CSV,0,0,False,False,False
3446,atom3d__pair_Si_S_same_absqdist_mean,feature,atom_resolved_3d_derived,float32,descriptor_specific_or_dimensionless,atom_resolved_3d_derived feature: pair_Si_S_same_absqdist_mean,Local atom-resolved three-conformer xTB/geometry aggregation,empty field in CSV,0,0,False,False,False
3447,atom3d__pair_Si_S_same_absqdist_std,feature,atom_resolved_3d_derived,float32,descriptor_specific_or_dimensionless,atom_resolved_3d_derived feature: pair_Si_S_same_absqdist_std,Local atom-resolved three-conformer xTB/geometry aggregation,empty field in CSV,0,0,False,False,False
3448,atom3d__pair_Si_S_same_absqdist_range,feature,atom_resolved_3d_derived,float32,descriptor_specific_or_dimensionless,atom_resolved_3d_derived feature: pair_Si_S_same_absqdist_range,Local atom-resolved three-conformer xTB/geometry aggregation,empty field in CSV,0,0,False,False,False
3449,atom3d__pair_Si_S_same_absqdist_lowe,feature,atom_resolved_3d_derived,float32,descriptor_specific_or_dimensionless,atom_resolved_3d_derived feature: pair_Si_S_same_absqdist_lowe,Local atom-resolved three-conformer xTB/geometry aggregation,empty field in CSV,0,0,False,False,False
3450,atom3d__pos_neg_center_dist_mean,feature,atom_resolved_3d_derived,float32,descriptor_specific_or_dimensionless,atom_resolved_3d_derived feature: pos_neg_center_dist_mean,Local atom-resolved three-conformer xTB/geometry aggregation,empty field in CSV,0,0,True,False,False
3451,atom3d__pos_neg_center_dist_std,feature,atom_resolved_3d_derived,float32,descriptor_specific_or_dimensionless,atom_resolved_3d_derived feature: pos_neg_center_dist_std,Local atom-resolved three-conformer xTB/geometry aggregation,empty field in CSV,0,0,False,False,False
3452,atom3d__pos_neg_center_dist_min,feature,atom_resolved_3d_derived,float32,descriptor_specific_or_dimensionless,atom_resolved_3d_derived feature: pos_neg_center_dist_min,Local atom-resolved three-conformer xTB/geometry aggregation,empty field in CSV,0,0,True,False,False
3453,atom3d__pos_neg_center_dist_max,feature,atom_resolved_3d_derived,float32,descriptor_specific_or_dimensionless,atom_resolved_3d_derived feature: pos_neg_center_dist_max,Local atom-resolved three-conformer xTB/geometry aggregation,empty field in CSV,0,0,True,False,False
3454,atom3d__pos_neg_center_dist_range,feature,atom_resolved_3d_derived,float32,descriptor_specific_or_dimensionless,atom_resolved_3d_derived feature: pos_neg_center_dist_range,Local atom-resolved three-conformer xTB/geometry aggregation,empty field in CSV,0,0,False,False,False
3455,atom3d__pos_neg_center_dist_lowe,feature,atom_resolved_3d_derived,float32,descriptor_specific_or_dimensionless,atom_resolved_3d_derived feature: pos_neg_center_dist_lowe,Local atom-resolved three-conformer xTB/geometry aggregation,empty field in CSV,0,0,True,False,False
3456,atom3d__pos_neg_center_dist_boltz,feature,atom_resolved_3d_derived,float32,descriptor_specific_or_dimensionless,atom_resolved_3d_derived feature: pos_neg_center_dist_boltz,Local atom-resolved three-conformer xTB/geometry aggregation,empty field in CSV,0,0,True,False,False
3457,atom3d__q_charge_dipole_cos_mean,feature,atom_resolved_3d_derived,float32,debye,atom_resolved_3d_derived feature: q_charge_dipole_cos_mean,Local atom-resolved three-conformer xTB/geometry aggregation,empty field in CSV,0,0,False,False,False
3458,atom3d__q_charge_dipole_cos_std,feature,atom_resolved_3d_derived,float32,debye,atom_resolved_3d_derived feature: q_charge_dipole_cos_std,Local atom-resolved three-conformer xTB/geometry aggregation,empty field in CSV,0,0,False,False,False
3459,atom3d__q_charge_dipole_cos_min,feature,atom_resolved_3d_derived,float32,debye,atom_resolved_3d_derived feature: q_charge_dipole_cos_min,Local atom-resolved three-conformer xTB/geometry aggregation,empty field in CSV,0,0,False,False,False
3460,atom3d__q_charge_dipole_cos_max,feature,atom_resolved_3d_derived,float32,debye,atom_resolved_3d_derived feature: q_charge_dipole_cos_max,Local atom-resolved three-conformer xTB/geometry aggregation,empty field in CSV,0,0,False,False,False
3461,atom3d__q_charge_dipole_cos_range,feature,atom_resolved_3d_derived,float32,debye,atom_resolved_3d_derived feature: q_charge_dipole_cos_range,Local atom-resolved three-conformer xTB/geometry aggregation,empty field in CSV,0,0,False,False,False
3462,atom3d__q_charge_dipole_cos_lowe,feature,atom_resolved_3d_derived,float32,debye,atom_resolved_3d_derived feature: q_charge_dipole_cos_lowe,Local atom-resolved three-conformer xTB/geometry aggregation,empty field in CSV,0,0,False,False,False
3463,atom3d__q_charge_dipole_cos_boltz,feature,atom_resolved_3d_derived,float32,debye,atom_resolved_3d_derived feature: q_charge_dipole_cos_boltz,Local atom-resolved three-conformer xTB/geometry aggregation,empty field in CSV,0,0,False,False,False
3464,atom3d__q_mu_mean,feature,atom_resolved_3d_derived,float32,descriptor_specific_or_dimensionless,atom_resolved_3d_derived feature: q_mu_mean,Local atom-resolved three-conformer xTB/geometry aggregation,empty field in CSV,0,0,False,False,False
3465,atom3d__q_mu_std,feature,atom_resolved_3d_derived,float32,descriptor_specific_or_dimensionless,atom_resolved_3d_derived feature: q_mu_std,Local atom-resolved three-conformer xTB/geometry aggregation,empty field in CSV,0,0,True,False,False
3466,atom3d__q_mu_min,feature,atom_resolved_3d_derived,float32,descriptor_specific_or_dimensionless,atom_resolved_3d_derived feature: q_mu_min,Local atom-resolved three-conformer xTB/geometry aggregation,empty field in CSV,0,0,True,False,False
3467,atom3d__q_mu_max,feature,atom_resolved_3d_derived,float32,descriptor_specific_or_dimensionless,atom_resolved_3d_derived feature: q_mu_max,Local atom-resolved three-conformer xTB/geometry aggregation,empty field in CSV,0,0,True,False,False
3468,atom3d__q_mu_range,feature,atom_resolved_3d_derived,float32,descriptor_specific_or_dimensionless,atom_resolved_3d_derived feature: q_mu_range,Local atom-resolved three-conformer xTB/geometry aggregation,empty field in CSV,0,0,True,False,False
3469,atom3d__q_mu_lowe,feature,atom_resolved_3d_derived,float32,descriptor_specific_or_dimensionless,atom_resolved_3d_derived feature: q_mu_lowe,Local atom-resolved three-conformer xTB/geometry aggregation,empty field in CSV,0,0,False,False,False
3470,atom3d__q_mu_boltz,feature,atom_resolved_3d_derived,float32,descriptor_specific_or_dimensionless,atom_resolved_3d_derived feature: q_mu_boltz,Local atom-resolved three-conformer xTB/geometry aggregation,empty field in CSV,0,0,False,False,False
3471,atom3d__q_vec_x_mean,feature,atom_resolved_3d_derived,float32,descriptor_specific_or_dimensionless,atom_resolved_3d_derived feature: q_vec_x_mean,Local atom-resolved three-conformer xTB/geometry aggregation,empty field in CSV,0,0,False,False,False
3472,atom3d__q_vec_x_std,feature,atom_resolved_3d_derived,float32,descriptor_specific_or_dimensionless,atom_resolved_3d_derived feature: q_vec_x_std,Local atom-resolved three-conformer xTB/geometry aggregation,empty field in CSV,0,0,True,False,False
3473,atom3d__q_vec_x_min,feature,atom_resolved_3d_derived,float32,descriptor_specific_or_dimensionless,atom_resolved_3d_derived feature: q_vec_x_min,Local atom-resolved three-conformer xTB/geometry aggregation,empty field in CSV,0,0,True,False,False
3474,atom3d__q_vec_x_max,feature,atom_resolved_3d_derived,float32,descriptor_specific_or_dimensionless,atom_resolved_3d_derived feature: q_vec_x_max,Local atom-resolved three-conformer xTB/geometry aggregation,empty field in CSV,0,0,True,False,False
3475,atom3d__q_vec_x_range,feature,atom_resolved_3d_derived,float32,descriptor_specific_or_dimensionless,atom_resolved_3d_derived feature: q_vec_x_range,Local atom-resolved three-conformer xTB/geometry aggregation,empty field in CSV,0,0,True,False,False
3476,atom3d__q_vec_x_lowe,feature,atom_resolved_3d_derived,float32,descriptor_specific_or_dimensionless,atom_resolved_3d_derived feature: q_vec_x_lowe,Local atom-resolved three-conformer xTB/geometry aggregation,empty field in CSV,0,0,False,False,False
3477,atom3d__q_vec_x_boltz,feature,atom_resolved_3d_derived,float32,descriptor_specific_or_dimensionless,atom_resolved_3d_derived feature: q_vec_x_boltz,Local atom-resolved three-conformer xTB/geometry aggregation,empty field in CSV,0,0,False,False,False
3478,atom3d__q_vec_y_mean,feature,atom_resolved_3d_derived,float32,descriptor_specific_or_dimensionless,atom_resolved_3d_derived feature: q_vec_y_mean,Local atom-resolved three-conformer xTB/geometry aggregation,empty field in CSV,0,0,False,False,False
3479,atom3d__q_vec_y_std,feature,atom_resolved_3d_derived,float32,descriptor_specific_or_dimensionless,atom_resolved_3d_derived feature: q_vec_y_std,Local atom-resolved three-conformer xTB/geometry aggregation,empty field in CSV,0,0,True,False,False
3480,atom3d__q_vec_y_min,feature,atom_resolved_3d_derived,float32,descriptor_specific_or_dimensionless,atom_resolved_3d_derived feature: q_vec_y_min,Local atom-resolved three-conformer xTB/geometry aggregation,empty field in CSV,0,0,True,False,False
3481,atom3d__q_vec_y_max,feature,atom_resolved_3d_derived,float32,descriptor_specific_or_dimensionless,atom_resolved_3d_derived feature: q_vec_y_max,Local atom-resolved three-conformer xTB/geometry aggregation,empty field in CSV,0,0,True,False,False
3482,atom3d__q_vec_y_range,feature,atom_resolved_3d_derived,float32,descriptor_specific_or_dimensionless,atom_resolved_3d_derived feature: q_vec_y_range,Local atom-resolved three-conformer xTB/geometry aggregation,empty field in CSV,0,0,True,False,False
3483,atom3d__q_vec_y_lowe,feature,atom_resolved_3d_derived,float32,descriptor_specific_or_dimensionless,atom_resolved_3d_derived feature: q_vec_y_lowe,Local atom-resolved three-conformer xTB/geometry aggregation,empty field in CSV,0,0,False,False,False
3484,atom3d__q_vec_y_boltz,feature,atom_resolved_3d_derived,float32,descriptor_specific_or_dimensionless,atom_resolved_3d_derived feature: q_vec_y_boltz,Local atom-resolved three-conformer xTB/geometry aggregation,empty field in CSV,0,0,False,False,False
3485,atom3d__q_vec_z_mean,feature,atom_resolved_3d_derived,float32,descriptor_specific_or_dimensionless,atom_resolved_3d_derived feature: q_vec_z_mean,Local atom-resolved three-conformer xTB/geometry aggregation,empty field in CSV,0,0,False,False,False
3486,atom3d__q_vec_z_std,feature,atom_resolved_3d_derived,float32,descriptor_specific_or_dimensionless,atom_resolved_3d_derived feature: q_vec_z_std,Local atom-resolved three-conformer xTB/geometry aggregation,empty field in CSV,0,0,True,False,False
3487,atom3d__q_vec_z_min,feature,atom_resolved_3d_derived,float32,descriptor_specific_or_dimensionless,atom_resolved_3d_derived feature: q_vec_z_min,Local atom-resolved three-conformer xTB/geometry aggregation,empty field in CSV,0,0,True,False,False
3488,atom3d__q_vec_z_max,feature,atom_resolved_3d_derived,float32,descriptor_specific_or_dimensionless,atom_resolved_3d_derived feature: q_vec_z_max,Local atom-resolved three-conformer xTB/geometry aggregation,empty field in CSV,0,0,True,False,False
3489,atom3d__q_vec_z_range,feature,atom_resolved_3d_derived,float32,descriptor_specific_or_dimensionless,atom_resolved_3d_derived feature: q_vec_z_range,Local atom-resolved three-conformer xTB/geometry aggregation,empty field in CSV,0,0,True,False,False
3490,atom3d__q_vec_z_lowe,feature,atom_resolved_3d_derived,float32,descriptor_specific_or_dimensionless,atom_resolved_3d_derived feature: q_vec_z_lowe,Local atom-resolved three-conformer xTB/geometry aggregation,empty field in CSV,0,0,False,False,False
3491,atom3d__q_vec_z_boltz,feature,atom_resolved_3d_derived,float32,descriptor_specific_or_dimensionless,atom_resolved_3d_derived feature: q_vec_z_boltz,Local atom-resolved three-conformer xTB/geometry aggregation,empty field in CSV,0,0,False,False,False
3492,atom3d__quad_anisotropy_mean,feature,atom_resolved_3d_derived,float32,descriptor_specific_or_dimensionless,atom_resolved_3d_derived feature: quad_anisotropy_mean,Local atom-resolved three-conformer xTB/geometry aggregation,empty field in CSV,0,0,False,False,False
3493,atom3d__quad_anisotropy_std,feature,atom_resolved_3d_derived,float32,descriptor_specific_or_dimensionless,atom_resolved_3d_derived feature: quad_anisotropy_std,Local atom-resolved three-conformer xTB/geometry aggregation,empty field in CSV,0,0,False,False,False
3494,atom3d__quad_anisotropy_min,feature,atom_resolved_3d_derived,float32,descriptor_specific_or_dimensionless,atom_resolved_3d_derived feature: quad_anisotropy_min,Local atom-resolved three-conformer xTB/geometry aggregation,empty field in CSV,0,0,False,False,False
3495,atom3d__quad_anisotropy_max,feature,atom_resolved_3d_derived,float32,descriptor_specific_or_dimensionless,atom_resolved_3d_derived feature: quad_anisotropy_max,Local atom-resolved three-conformer xTB/geometry aggregation,empty field in CSV,0,0,False,False,False
3496,atom3d__quad_anisotropy_range,feature,atom_resolved_3d_derived,float32,descriptor_specific_or_dimensionless,atom_resolved_3d_derived feature: quad_anisotropy_range,Local atom-resolved three-conformer xTB/geometry aggregation,empty field in CSV,0,0,False,False,False
3497,atom3d__quad_anisotropy_lowe,feature,atom_resolved_3d_derived,float32,descriptor_specific_or_dimensionless,atom_resolved_3d_derived feature: quad_anisotropy_lowe,Local atom-resolved three-conformer xTB/geometry aggregation,empty field in CSV,0,0,False,False,False
3498,atom3d__quad_anisotropy_boltz,feature,atom_resolved_3d_derived,float32,descriptor_specific_or_dimensionless,atom_resolved_3d_derived feature: quad_anisotropy_boltz,Local atom-resolved three-conformer xTB/geometry aggregation,empty field in CSV,0,0,False,False,False
3499,atom3d__quad_eig1_mean,feature,atom_resolved_3d_derived,float32,descriptor_specific_or_dimensionless,atom_resolved_3d_derived feature: quad_eig1_mean,Local atom-resolved three-conformer xTB/geometry aggregation,empty field in CSV,0,0,True,False,False
3500,atom3d__quad_eig1_std,feature,atom_resolved_3d_derived,float32,descriptor_specific_or_dimensionless,atom_resolved_3d_derived feature: quad_eig1_std,Local atom-resolved three-conformer xTB/geometry aggregation,empty field in CSV,0,0,True,False,False
3501,atom3d__quad_eig1_min,feature,atom_resolved_3d_derived,float32,descriptor_specific_or_dimensionless,atom_resolved_3d_derived feature: quad_eig1_min,Local atom-resolved three-conformer xTB/geometry aggregation,empty field in CSV,0,0,True,False,False
3502,atom3d__quad_eig1_max,feature,atom_resolved_3d_derived,float32,descriptor_specific_or_dimensionless,atom_resolved_3d_derived feature: quad_eig1_max,Local atom-resolved three-conformer xTB/geometry aggregation,empty field in CSV,0,0,True,False,False
3503,atom3d__quad_eig1_range,feature,atom_resolved_3d_derived,float32,descriptor_specific_or_dimensionless,atom_resolved_3d_derived feature: quad_eig1_range,Local atom-resolved three-conformer xTB/geometry aggregation,empty field in CSV,0,0,True,False,False
3504,atom3d__quad_eig1_lowe,feature,atom_resolved_3d_derived,float32,descriptor_specific_or_dimensionless,atom_resolved_3d_derived feature: quad_eig1_lowe,Local atom-resolved three-conformer xTB/geometry aggregation,empty field in CSV,0,0,True,False,False
3505,atom3d__quad_eig1_boltz,feature,atom_resolved_3d_derived,float32,descriptor_specific_or_dimensionless,atom_resolved_3d_derived feature: quad_eig1_boltz,Local atom-resolved three-conformer xTB/geometry aggregation,empty field in CSV,0,0,True,False,False
3506,atom3d__quad_eig2_mean,feature,atom_resolved_3d_derived,float32,descriptor_specific_or_dimensionless,atom_resolved_3d_derived feature: quad_eig2_mean,Local atom-resolved three-conformer xTB/geometry aggregation,empty field in CSV,0,0,True,False,False
3507,atom3d__quad_eig2_std,feature,atom_resolved_3d_derived,float32,descriptor_specific_or_dimensionless,atom_resolved_3d_derived feature: quad_eig2_std,Local atom-resolved three-conformer xTB/geometry aggregation,empty field in CSV,0,0,True,False,False
3508,atom3d__quad_eig2_min,feature,atom_resolved_3d_derived,float32,descriptor_specific_or_dimensionless,atom_resolved_3d_derived feature: quad_eig2_min,Local atom-resolved three-conformer xTB/geometry aggregation,empty field in CSV,0,0,False,False,False
3509,atom3d__quad_eig2_max,feature,atom_resolved_3d_derived,float32,descriptor_specific_or_dimensionless,atom_resolved_3d_derived feature: quad_eig2_max,Local atom-resolved three-conformer xTB/geometry aggregation,empty field in CSV,0,0,True,False,False
3510,atom3d__quad_eig2_range,feature,atom_resolved_3d_derived,float32,descriptor_specific_or_dimensionless,atom_resolved_3d_derived feature: quad_eig2_range,Local atom-resolved three-conformer xTB/geometry aggregation,empty field in CSV,0,0,True,False,False
3511,atom3d__quad_eig2_lowe,feature,atom_resolved_3d_derived,float32,descriptor_specific_or_dimensionless,atom_resolved_3d_derived feature: quad_eig2_lowe,Local atom-resolved three-conformer xTB/geometry aggregation,empty field in CSV,0,0,True,False,False
3512,atom3d__quad_eig2_boltz,feature,atom_resolved_3d_derived,float32,descriptor_specific_or_dimensionless,atom_resolved_3d_derived feature: quad_eig2_boltz,Local atom-resolved three-conformer xTB/geometry aggregation,empty field in CSV,0,0,True,False,False
3513,atom3d__quad_eig3_mean,feature,atom_resolved_3d_derived,float32,descriptor_specific_or_dimensionless,atom_resolved_3d_derived feature: quad_eig3_mean,Local atom-resolved three-conformer xTB/geometry aggregation,empty field in CSV,0,0,True,False,False
3514,atom3d__quad_eig3_std,feature,atom_resolved_3d_derived,float32,descriptor_specific_or_dimensionless,atom_resolved_3d_derived feature: quad_eig3_std,Local atom-resolved three-conformer xTB/geometry aggregation,empty field in CSV,0,0,True,False,False
3515,atom3d__quad_eig3_min,feature,atom_resolved_3d_derived,float32,descriptor_specific_or_dimensionless,atom_resolved_3d_derived feature: quad_eig3_min,Local atom-resolved three-conformer xTB/geometry aggregation,empty field in CSV,0,0,True,False,False
3516,atom3d__quad_eig3_max,feature,atom_resolved_3d_derived,float32,descriptor_specific_or_dimensionless,atom_resolved_3d_derived feature: quad_eig3_max,Local atom-resolved three-conformer xTB/geometry aggregation,empty field in CSV,0,0,True,False,False
3517,atom3d__quad_eig3_range,feature,atom_resolved_3d_derived,float32,descriptor_specific_or_dimensionless,atom_resolved_3d_derived feature: quad_eig3_range,Local atom-resolved three-conformer xTB/geometry aggregation,empty field in CSV,0,0,True,False,False
3518,atom3d__quad_eig3_lowe,feature,atom_resolved_3d_derived,float32,descriptor_specific_or_dimensionless,atom_resolved_3d_derived feature: quad_eig3_lowe,Local atom-resolved three-conformer xTB/geometry aggregation,empty field in CSV,0,0,True,False,False
3519,atom3d__quad_eig3_boltz,feature,atom_resolved_3d_derived,float32,descriptor_specific_or_dimensionless,atom_resolved_3d_derived feature: quad_eig3_boltz,Local atom-resolved three-conformer xTB/geometry aggregation,empty field in CSV,0,0,True,False,False
3520,atom3d__quad_frobenius_mean,feature,atom_resolved_3d_derived,float32,descriptor_specific_or_dimensionless,atom_resolved_3d_derived feature: quad_frobenius_mean,Local atom-resolved three-conformer xTB/geometry aggregation,empty field in CSV,0,0,True,False,False
3521,atom3d__quad_frobenius_std,feature,atom_resolved_3d_derived,float32,descriptor_specific_or_dimensionless,atom_resolved_3d_derived feature: quad_frobenius_std,Local atom-resolved three-conformer xTB/geometry aggregation,empty field in CSV,0,0,True,False,False
3522,atom3d__quad_frobenius_min,feature,atom_resolved_3d_derived,float32,descriptor_specific_or_dimensionless,atom_resolved_3d_derived feature: quad_frobenius_min,Local atom-resolved three-conformer xTB/geometry aggregation,empty field in CSV,0,0,True,False,False
3523,atom3d__quad_frobenius_max,feature,atom_resolved_3d_derived,float32,descriptor_specific_or_dimensionless,atom_resolved_3d_derived feature: quad_frobenius_max,Local atom-resolved three-conformer xTB/geometry aggregation,empty field in CSV,0,0,True,False,False
3524,atom3d__quad_frobenius_range,feature,atom_resolved_3d_derived,float32,descriptor_specific_or_dimensionless,atom_resolved_3d_derived feature: quad_frobenius_range,Local atom-resolved three-conformer xTB/geometry aggregation,empty field in CSV,0,0,True,False,False
3525,atom3d__quad_frobenius_lowe,feature,atom_resolved_3d_derived,float32,descriptor_specific_or_dimensionless,atom_resolved_3d_derived feature: quad_frobenius_lowe,Local atom-resolved three-conformer xTB/geometry aggregation,empty field in CSV,0,0,True,False,False
3526,atom3d__quad_frobenius_boltz,feature,atom_resolved_3d_derived,float32,descriptor_specific_or_dimensionless,atom_resolved_3d_derived feature: quad_frobenius_boltz,Local atom-resolved three-conformer xTB/geometry aggregation,empty field in CSV,0,0,True,False,False
3527,atom3d__rmsd_to_lowe_mean,feature,atom_resolved_3d_derived,float32,descriptor_specific_or_dimensionless,atom_resolved_3d_derived feature: rmsd_to_lowe_mean,Local atom-resolved three-conformer xTB/geometry aggregation,empty field in CSV,0,0,False,False,False
3528,atom3d__rmsd_to_lowe_std,feature,atom_resolved_3d_derived,float32,descriptor_specific_or_dimensionless,atom_resolved_3d_derived feature: rmsd_to_lowe_std,Local atom-resolved three-conformer xTB/geometry aggregation,empty field in CSV,0,0,False,False,False
3529,atom3d__rmsd_to_lowe_min,feature,atom_resolved_3d_derived,float32,descriptor_specific_or_dimensionless,atom_resolved_3d_derived feature: rmsd_to_lowe_min,Local atom-resolved three-conformer xTB/geometry aggregation,empty field in CSV,0,0,False,False,False
3530,atom3d__rmsd_to_lowe_max,feature,atom_resolved_3d_derived,float32,descriptor_specific_or_dimensionless,atom_resolved_3d_derived feature: rmsd_to_lowe_max,Local atom-resolved three-conformer xTB/geometry aggregation,empty field in CSV,0,0,False,False,False
3531,atom3d__rmsd_to_lowe_range,feature,atom_resolved_3d_derived,float32,descriptor_specific_or_dimensionless,atom_resolved_3d_derived feature: rmsd_to_lowe_range,Local atom-resolved three-conformer xTB/geometry aggregation,empty field in CSV,0,0,False,False,False
3532,atom3d__rmsd_to_lowe_lowe,feature,atom_resolved_3d_derived,float32,descriptor_specific_or_dimensionless,atom_resolved_3d_derived feature: rmsd_to_lowe_lowe,Local atom-resolved three-conformer xTB/geometry aggregation,empty field in CSV,0,0,False,False,False
3533,atom3d__rmsd_to_lowe_boltz,feature,atom_resolved_3d_derived,float32,descriptor_specific_or_dimensionless,atom_resolved_3d_derived feature: rmsd_to_lowe_boltz,Local atom-resolved three-conformer xTB/geometry aggregation,empty field in CSV,0,0,False,False,False
3534,atom3d__signed_cov_eig1_mean,feature,atom_resolved_3d_derived,float32,descriptor_specific_or_dimensionless,atom_resolved_3d_derived feature: signed_cov_eig1_mean,Local atom-resolved three-conformer xTB/geometry aggregation,empty field in CSV,0,0,False,False,False
3535,atom3d__signed_cov_eig1_std,feature,atom_resolved_3d_derived,float32,descriptor_specific_or_dimensionless,atom_resolved_3d_derived feature: signed_cov_eig1_std,Local atom-resolved three-conformer xTB/geometry aggregation,empty field in CSV,0,0,False,False,False
3536,atom3d__signed_cov_eig1_min,feature,atom_resolved_3d_derived,float32,descriptor_specific_or_dimensionless,atom_resolved_3d_derived feature: signed_cov_eig1_min,Local atom-resolved three-conformer xTB/geometry aggregation,empty field in CSV,0,0,False,False,False
3537,atom3d__signed_cov_eig1_max,feature,atom_resolved_3d_derived,float32,descriptor_specific_or_dimensionless,atom_resolved_3d_derived feature: signed_cov_eig1_max,Local atom-resolved three-conformer xTB/geometry aggregation,empty field in CSV,0,0,False,False,False
3538,atom3d__signed_cov_eig1_range,feature,atom_resolved_3d_derived,float32,descriptor_specific_or_dimensionless,atom_resolved_3d_derived feature: signed_cov_eig1_range,Local atom-resolved three-conformer xTB/geometry aggregation,empty field in CSV,0,0,False,False,False
3539,atom3d__signed_cov_eig1_lowe,feature,atom_resolved_3d_derived,float32,descriptor_specific_or_dimensionless,atom_resolved_3d_derived feature: signed_cov_eig1_lowe,Local atom-resolved three-conformer xTB/geometry aggregation,empty field in CSV,0,0,False,False,False
3540,atom3d__signed_cov_eig1_boltz,feature,atom_resolved_3d_derived,float32,descriptor_specific_or_dimensionless,atom_resolved_3d_derived feature: signed_cov_eig1_boltz,Local atom-resolved three-conformer xTB/geometry aggregation,empty field in CSV,0,0,False,False,False
3541,atom3d__signed_cov_eig2_mean,feature,atom_resolved_3d_derived,float32,descriptor_specific_or_dimensionless,atom_resolved_3d_derived feature: signed_cov_eig2_mean,Local atom-resolved three-conformer xTB/geometry aggregation,empty field in CSV,0,0,True,False,False
3542,atom3d__signed_cov_eig2_std,feature,atom_resolved_3d_derived,float32,descriptor_specific_or_dimensionless,atom_resolved_3d_derived feature: signed_cov_eig2_std,Local atom-resolved three-conformer xTB/geometry aggregation,empty field in CSV,0,0,False,False,False
3543,atom3d__signed_cov_eig2_min,feature,atom_resolved_3d_derived,float32,descriptor_specific_or_dimensionless,atom_resolved_3d_derived feature: signed_cov_eig2_min,Local atom-resolved three-conformer xTB/geometry aggregation,empty field in CSV,0,0,True,False,False
3544,atom3d__signed_cov_eig2_max,feature,atom_resolved_3d_derived,float32,descriptor_specific_or_dimensionless,atom_resolved_3d_derived feature: signed_cov_eig2_max,Local atom-resolved three-conformer xTB/geometry aggregation,empty field in CSV,0,0,False,False,False
3545,atom3d__signed_cov_eig2_range,feature,atom_resolved_3d_derived,float32,descriptor_specific_or_dimensionless,atom_resolved_3d_derived feature: signed_cov_eig2_range,Local atom-resolved three-conformer xTB/geometry aggregation,empty field in CSV,0,0,False,False,False
3546,atom3d__signed_cov_eig2_lowe,feature,atom_resolved_3d_derived,float32,descriptor_specific_or_dimensionless,atom_resolved_3d_derived feature: signed_cov_eig2_lowe,Local atom-resolved three-conformer xTB/geometry aggregation,empty field in CSV,0,0,True,False,False
3547,atom3d__signed_cov_eig2_boltz,feature,atom_resolved_3d_derived,float32,descriptor_specific_or_dimensionless,atom_resolved_3d_derived feature: signed_cov_eig2_boltz,Local atom-resolved three-conformer xTB/geometry aggregation,empty field in CSV,0,0,True,False,False
3548,atom3d__signed_cov_eig3_mean,feature,atom_resolved_3d_derived,float32,descriptor_specific_or_dimensionless,atom_resolved_3d_derived feature: signed_cov_eig3_mean,Local atom-resolved three-conformer xTB/geometry aggregation,empty field in CSV,0,0,True,False,False
3549,atom3d__signed_cov_eig3_std,feature,atom_resolved_3d_derived,float32,descriptor_specific_or_dimensionless,atom_resolved_3d_derived feature: signed_cov_eig3_std,Local atom-resolved three-conformer xTB/geometry aggregation,empty field in CSV,0,0,False,False,False
3550,atom3d__signed_cov_eig3_min,feature,atom_resolved_3d_derived,float32,descriptor_specific_or_dimensionless,atom_resolved_3d_derived feature: signed_cov_eig3_min,Local atom-resolved three-conformer xTB/geometry aggregation,empty field in CSV,0,0,True,False,False
3551,atom3d__signed_cov_eig3_max,feature,atom_resolved_3d_derived,float32,descriptor_specific_or_dimensionless,atom_resolved_3d_derived feature: signed_cov_eig3_max,Local atom-resolved three-conformer xTB/geometry aggregation,empty field in CSV,0,0,True,False,False
3552,atom3d__signed_cov_eig3_range,feature,atom_resolved_3d_derived,float32,descriptor_specific_or_dimensionless,atom_resolved_3d_derived feature: signed_cov_eig3_range,Local atom-resolved three-conformer xTB/geometry aggregation,empty field in CSV,0,0,False,False,False
3553,atom3d__signed_cov_eig3_lowe,feature,atom_resolved_3d_derived,float32,descriptor_specific_or_dimensionless,atom_resolved_3d_derived feature: signed_cov_eig3_lowe,Local atom-resolved three-conformer xTB/geometry aggregation,empty field in CSV,0,0,True,False,False
3554,atom3d__signed_cov_eig3_boltz,feature,atom_resolved_3d_derived,float32,descriptor_specific_or_dimensionless,atom_resolved_3d_derived feature: signed_cov_eig3_boltz,Local atom-resolved three-conformer xTB/geometry aggregation,empty field in CSV,0,0,True,False,False
3555,atom3d__full_vector_resultant,feature,atom_resolved_3d_derived,float32,descriptor_specific_or_dimensionless,atom_resolved_3d_derived feature: full_vector_resultant,Local atom-resolved three-conformer xTB/geometry aggregation,empty field in CSV,0,0,True,False,False
3556,atom3d__q_vector_resultant,feature,atom_resolved_3d_derived,float32,descriptor_specific_or_dimensionless,atom_resolved_3d_derived feature: q_vector_resultant,Local atom-resolved three-conformer xTB/geometry aggregation,empty field in CSV,0,0,True,False,False
3557,atom3d__full_vector_resultant_ratio,feature,atom_resolved_3d_derived,float32,descriptor_specific_or_dimensionless,atom_resolved_3d_derived feature: full_vector_resultant_ratio,Local atom-resolved three-conformer xTB/geometry aggregation,empty field in CSV,0,0,True,False,False
3558,atom3d__q_vector_resultant_ratio,feature,atom_resolved_3d_derived,float32,descriptor_specific_or_dimensionless,atom_resolved_3d_derived feature: q_vector_resultant_ratio,Local atom-resolved three-conformer xTB/geometry aggregation,empty field in CSV,0,0,False,False,False
3559,atom3d__conformer_energy_span_kbt,feature,atom_resolved_3d_derived,float32,descriptor_specific_or_dimensionless,atom_resolved_3d_derived feature: conformer_energy_span_kbt,Local atom-resolved three-conformer xTB/geometry aggregation,empty field in CSV,0,0,False,False,False
3560,atom3d__conformer_energy_entropy,feature,atom_resolved_3d_derived,float32,descriptor_specific_or_dimensionless,atom_resolved_3d_derived feature: conformer_energy_entropy,Local atom-resolved three-conformer xTB/geometry aggregation,empty field in CSV,0,0,False,False,False
3561,atom3d__lowest_energy_index,feature,atom_resolved_3d_derived,float32,descriptor_specific_or_dimensionless,atom_resolved_3d_derived feature: lowest_energy_index,Local atom-resolved three-conformer xTB/geometry aggregation,empty field in CSV,0,0,False,False,False
3562,atom3d__n_conformer_success,feature,atom_resolved_3d_derived,float32,count,atom_resolved_3d_derived feature: n_conformer_success,Local atom-resolved three-conformer xTB/geometry aggregation,empty field in CSV,0,0,False,False,False
