feature,family,mean_abs_weighted_shap,mean_weighted_shap,importance_fraction
mc3__xtb_mc3_xtb_full_dipole_debye_mean,Three-conformer xTB,0.21914356542914915,0.034101625436094095,0.0897842311589805
cheap__v3__rd2d_fr_nitrile,2D descriptors,0.08838148438233773,-0.02437554850583503,0.036210342787925336
atom3d__full_mu_mean,Atom-resolved 3D,0.08432470704474601,0.012262124402031057,0.034548260519958365
cheap__v4__v4_mmffq3d_dipole_norm_lowE,2D descriptors,0.07459910067501764,-0.002081586345613426,0.03056363022177487
mc3__xtb_mc3_xtb_direct_charge_dipole_norm_mean,Three-conformer xTB,0.054852863897278184,0.0043844349370672645,0.022473496779341153
single__xtb_direct_charge_dipole_norm,Single-conformer xTB,0.04745586494469077,0.0031590205146182233,0.019442908760289482
single__xtb_full_dipole_debye,Single-conformer xTB,0.04341692595177228,-0.001341165734376365,0.017788134952685008
mc3__xtb_mc3_xtb_full_dipole_debye_min,Three-conformer xTB,0.043398491809103976,-0.002861020325853329,0.017780582390859577
mc3__xtb_mc3_xtb_full_dipole_debye_max,Three-conformer xTB,0.03931299984786472,0.00817901467009551,0.016106735595824862
cheap__v3__rd3d_getaway_264,2D descriptors,0.03153909851013969,0.00256921269389221,0.012921728756374345
mc3__xtb_mc3_xtb_full_dipole_debye_lowe,Three-conformer xTB,0.030341811305732568,0.0029208614340028565,0.01243119411113543
cheap__v5__v5_mmffq_rbin0_heavy_abs_qprod,2D descriptors,0.027290824509104923,-0.004503350316484146,0.01118118933333155
atom3d__full_vector_resultant,Atom-resolved 3D,0.026160976605591142,0.0029419441750188897,0.010718284911999736
cheap__v5__v5_gast_rbin0_heavy_abs_qprod,2D descriptors,0.021202322252312923,-0.001166384228393839,0.00868669905265514
derived__mu_per_mw,Dipole-derived,0.02109225205119567,0.0002003577780023186,0.008641602732526033
cheap__v3__gast3d_dipole_norm,2D descriptors,0.019977584290030003,-0.001301028442918974,0.008184917692570716
mc3__xtb_mc3_xtb_direct_charge_dipole_norm_min,Three-conformer xTB,0.019111368827408035,-0.0005752803191953061,0.00783002482050654
cheap__v4__v4_mmffq3d_dipole_norm_max,2D descriptors,0.01719145726383589,-0.00042101901682270167,0.007043427307177809
mc3__xtb_mc3_xtb_direct_charge_dipole_norm_lowe,Three-conformer xTB,0.015369948187988038,0.0012863505365469684,0.006297145792574181
cheap__v3__rd3d_autocorr2d_142,2D descriptors,0.014536356071829938,0.001255539904560621,0.005955618871156815
atom3d__full_mu_boltz,Atom-resolved 3D,0.013491678924313856,0.001105615727605523,0.005527609340895644
cheap__v3__rd2d_TPSA,2D descriptors,0.013360790666708,-0.00101700515151641,0.005473983757347859
atom3d__full_mu_max,Atom-resolved 3D,0.01229656155670147,0.003252765586648428,0.005037963688805921
cheap__v3__rd3d_autocorr2d_148,2D descriptors,0.012276538797724088,-0.0037513102131490604,0.005029760262814629
cheap__v3__rd2d_MaxAbsEStateIndex,2D descriptors,0.01226600095431481,-0.0001804937388752629,0.005025442854878316
cheap__v3__rd2d_MinAbsPartialCharge,2D descriptors,0.011378219907095886,-0.0030630822594582235,0.004661714453334917
cheap__v4__v4_mmffq_q_max,2D descriptors,0.01132097094666666,0.0013668706362854036,0.004638259263643523
atom3d__charge_dipole_ea_mean,Atom-resolved 3D,0.010211152197376089,0.0003951756222942198,0.00418356088846768
cheap__v3__rd2d_PEOE_VSA2,2D descriptors,0.010161272440430873,0.0002978715696965513,0.004163124898850769
cheap__v3__rd3d_autocorr2d_186,2D descriptors,0.010144920945255586,0.0006601701566353782,0.004156425608275032
atom3d__charge_dipole_ea_boltz,Atom-resolved 3D,0.009650841957564061,-0.0005848022821516236,0.003953998939005415
cheap__v3__rd2d_fr_C_O_noCOO,2D descriptors,0.009621241544397252,-0.00028634809023251397,0.003941871499475235
cheap__v3__rd3d_autocorr2d_119,2D descriptors,0.009126687472386213,0.0002922476501917417,0.0037392501857483208
cheap__v3__rd2d_VSA_EState2,2D descriptors,0.008577078597090533,-0.0012957455707039414,0.0035140726396499906
cheap__v3__rd3d_autocorr2d_141,2D descriptors,0.00846383559795853,-0.0007811377077286588,0.0034676764080686837
cheap__v3__rd2d_BertzCT,2D descriptors,0.00829905729739182,-0.0013396205744229787,0.003400165901889352
atom3d__full_mu_min,Atom-resolved 3D,0.00798732353444156,-0.0005261559040092731,0.003272446996805488
cheap__v3__rd3d_autocorr2d_117,2D descriptors,0.0077604149033687194,0.0009071683882281495,0.003179481378835754
single__xtb_quad_frobenius,Single-conformer xTB,0.007638351680363462,0.0007537029640911737,0.0031294714567609142
cheap__v5__v5_mmffq_rbin6_heavy_abs_qprod,2D descriptors,0.007446536334188345,-0.0006496642688931501,0.003050883735752083
cheap__v3__rd3d_autocorr2d_118,2D descriptors,0.0073803847578826605,0.0007779323669510934,0.0030237810991452113
cheap__v5__v5_mmffq_pair_absq_dist_max,2D descriptors,0.007003630076723417,0.00018870378776854115,0.002869422793816069
mc3__xtb_mc3_xtb_direct_charge_dipole_norm_max,Three-conformer xTB,0.006997545470944517,0.0028526484128234223,0.0028669298999421636
cheap__v3__rd3d_autocorr2d_184,2D descriptors,0.006872440669385913,0.0001801563239704935,0.00281567382769455
cheap__v3__gast3d_dipole_per_heavy_atom,2D descriptors,0.006861225859162218,2.795422287237198e-05,0.0028110790630179947
cheap__v5__v5_mmffq_rdf_1p25_signed,2D descriptors,0.006850154888179281,0.0009259859956352896,0.0028065432300085247
cheap__v3__rd2d_Chi1,2D descriptors,0.006666041177199239,-0.0002572917094199013,0.0027311109080336675
cheap__v5__v5_gast_topo4_dist_absq_mean,2D descriptors,0.006536146466125598,-0.0005596177910127557,0.0026778923855435084
single__xtb_quad_eig1,Single-conformer xTB,0.006492856642612969,0.0006178178342146335,0.00266015632510533
mc3__xtb_mc3_xtb_q_O_mean_max,Three-conformer xTB,0.006471978681719144,0.0010852810708966382,0.0026516025185477497
mc3__xtb_mc3_xtb_quad_eig1_mean,Three-conformer xTB,0.006317161332279254,0.001936031866525439,0.0025881730646082238
cheap__v3__rd2d_FpDensityMorgan3,2D descriptors,0.0062264888115452985,-0.0014470971487855417,0.0025510240725974275
cheap__v3__gast3d_dipole_per_abs_charge,2D descriptors,0.006217901040445014,-4.7989524693364024e-05,0.0025475056191849423
cheap__v3__rd3d_whim_067,2D descriptors,0.006140615196406148,-0.0010097805317746179,0.002515841216568722
mc3__xtb_mc3_xtb_pair_same_q_dist_sum_range,Three-conformer xTB,0.006135442972475704,0.00023531916766650907,0.0025137221301695044
mc3__xtb_mc3_xtb_q_O_mean_min,Three-conformer xTB,0.00602046172047807,0.0004512721486789387,0.0024666137275655402
cheap__v3__rd3d_autocorr2d_113,2D descriptors,0.006019881386705296,-0.001283676335051833,0.0024663759618729813
cheap__v5__v5_gast_rbin0_signed_qprod,2D descriptors,0.0056879807425977745,-0.0001151620368660239,0.0023303945832091454
cheap__v3__rd3d_whim_074,2D descriptors,0.005562311182751589,-0.0002610050063660043,0.0022789071266243197
single__xtb_pos_neg_center_dist,Single-conformer xTB,0.0053639564704169454,0.00013313460814089114,0.002197640194105215
mc3__xtb_mc3_xtb_quad_frobenius_mean,Three-conformer xTB,0.005326330648120637,0.0007265874943324655,0.0021822247037166062
cheap__v3__rd2d_HallKierAlpha,2D descriptors,0.005308339450241128,-0.0013161338392278826,0.0021748536186195944
cheap__v3__rd2d_PEOE_VSA12,2D descriptors,0.005150214815297822,0.0004312433331419249,0.002110069153021086
cheap__v5__v5_gast_rbin3_signed_qprod,2D descriptors,0.005127704873495987,0.00047218806402550036,0.0021008467156013364
cheap__v4__v4_mmffq3d_dipole_per_heavy_atom_lowE,2D descriptors,0.005098316181938571,-3.288752009327291e-05,0.002088806019489252
cheap__v3__rd3d_getaway_269,2D descriptors,0.005069326404179094,0.0011881614683600195,0.0020769287603851242
cheap__v3__rd2d_Ipc,2D descriptors,0.004890410517593992,-0.0005315110094136552,0.0020036260134497406
cheap__v3__rd3d_autocorr2d_145,2D descriptors,0.0048717645007006,-0.0004629958982749014,0.00199598664567879
mc3__xtb_mc3_xtb_pos_neg_center_dist_max,Three-conformer xTB,0.004834650391051656,0.0004281864143974912,0.00198078080655933
mc3__xtb_mc3_xtb_direct_charge_dipole_heavy_norm_std,Three-conformer xTB,0.004828710441416491,-0.0001859983183592125,0.0019783471790418075
mc3__xtb_mc3_xtb_signed_charge_second_moment_max,Three-conformer xTB,0.004798306860349718,-0.0004844818328165808,0.001965890677546022
cheap__v3__rd3d_autocorr3d_031,2D descriptors,0.004681590353381028,-0.0008694668022339007,0.0019180713321720248
cheap__v4__v4_mmffq3d_pos_neg_center_dist_max,2D descriptors,0.004579685530400858,-0.0003138971479765672,0.0018763204089142546
cheap__v4__v4_gast_q_N_abs_sum,2D descriptors,0.0045783704078966436,0.0008006151152457571,0.0018757815965485367
mc3__xtb_mc3_xtb_qcov_anisotropy_lowe,Three-conformer xTB,0.004525154719672246,-0.0004525666128393183,0.001853978858952902
mc3__xtb_mc3_xtb_direct_charge_dipole_heavy_norm_range,Three-conformer xTB,0.004476920101498655,-0.0006824920407728628,0.001834216891041674
cheap__v5__v5_mmffq_rdf_5p75_opp,2D descriptors,0.0042894822653622156,0.00019722355240257697,0.0017574226581165277
cheap__v3__rd3d_autocorr2d_190,2D descriptors,0.004249605233263486,-0.0022191703261079674,0.0017410848356444186
cheap__v3__rd3d_getaway_139,2D descriptors,0.004200579192000813,-0.0007489285545943429,0.0017209986176762225
cheap__v4__v4_gast_q_N_sum,2D descriptors,0.004194661849819528,-0.00019567806054663858,0.0017185742525473132
cheap__v3__rd3d_autocorr2d_137,2D descriptors,0.0041812024422305995,-0.0001412634051061825,0.0017130598649363388
cheap__v3__rd3d_autocorr2d_188,2D descriptors,0.004172881607059073,-0.001206924378697658,0.0017096507765288688
cheap__v4__v4_gast3d_dipole_per_heavy_atom_lowE,2D descriptors,0.004103593019496005,-0.00027566093844255744,0.0016812628904859493
cheap__v4__v4_gast_q_N_mean,2D descriptors,0.00408738807604565,-0.0007421063718965253,0.0016746236428958334
cheap__v3__rd3d_autocorr2d_103,2D descriptors,0.004051004314057354,0.00041475998154710396,0.0016597170309202854
cheap__v3__rd3d_autocorr2d_189,2D descriptors,0.004041504735117652,-0.0010514854489810203,0.0016558250052075298
mc3__xtb_mc3_xtb_q_O_mean_mean,Three-conformer xTB,0.0040300035595666915,0.0007086059718274672,0.0016511129152027638
cheap__v5__v5_gast_rbin7_heavy_abs_qprod,2D descriptors,0.004023974123050279,1.2899121114485143e-05,0.0016486426244557465
cheap__v3__rd3d_autocorr2d_136,2D descriptors,0.004001556553092481,0.0003609898432102954,0.0016394580322493912
cheap__v5__v5_gast_topo5_dist_absq_mean,2D descriptors,0.003978878069031032,0.0006100729740458656,0.0016301665422103339
cheap__v5__v5_mmffq_rdf_5p75_same,2D descriptors,0.003934411275866715,4.511225474629904e-05,0.0016119482713314003
cheap__v3__rd3d_autocorr2d_140,2D descriptors,0.003920577620096577,-6.88783650222341e-05,0.0016062805523408491
cheap__v3__rd3d_getaway_268,2D descriptors,0.003912042133102229,-0.0005422551735315948,0.0016027835199919674
cheap__v5__v5_mmffq_epair_C_N_dist_absq,2D descriptors,0.003911928250012976,-4.447169332773713e-05,0.0016027368615122142
cheap__v3__rd3d_whim_106,2D descriptors,0.00391160818324919,0.0003405262895920051,0.0016026057285343884
cheap__v5__v5_mmffq_rbin5_heavy_abs_qprod,2D descriptors,0.003875953955985205,0.000818859223889165,0.0015879980106386085
cheap__v5__v5_mmffq_topo5_abs_qprod,2D descriptors,0.0038710642419133106,0.00022043815130795758,0.001585994669962497
cheap__v5__v5_mmffq_rbin1_signed_qprod,2D descriptors,0.0038566458490874255,0.0002235896150344385,0.0015800873812320015
cheap__v5__v5_mmffq_topo6_abs_qprod,2D descriptors,0.0037635646115517485,0.000685018274351277,0.0015419515257205643
cheap__v5__v5_mmffq_rbin4_opp_abs_qprod,2D descriptors,0.003738164385064279,-0.00029708948033805677,0.0015315449239936304
cheap__v3__rd3d_morse_215,2D descriptors,0.0037296631952959953,0.0003295471439047532,0.0015280619433923647
atom3d__charge_dipole_ea_min,Atom-resolved 3D,0.003719385017011062,0.0004723421288893275,0.0015238509215755912
cheap__v4__v4_mmffq3d_abs_charge_moment3_min,2D descriptors,0.003715413010863236,-0.0002482319992852641,0.0015222235704943814
mc3__xtb_mc3_xtb_quad_eig2_mean,Three-conformer xTB,0.0036842779374137566,0.000142269398224387,0.001509467372856246
cheap__v5__v5_mmffq_rbin3_abs_qprod,2D descriptors,0.003675464087974437,4.492353035530147e-05,0.0015058562940006535
cheap__v3__rd2d_VSA_EState3,2D descriptors,0.0035631167703541393,0.0003751468208462677,0.0014598270276812945
cheap__v5__v5_gast_rbin5_opp_abs_qprod,2D descriptors,0.003548957181392254,4.527095322454972e-05,0.001454025772207603
mc3__xtb_mc3_xtb_pair_same_q_dist_sum_std,Three-conformer xTB,0.0035383012493746062,0.0007602966477676708,0.001449659982769007
mc3__xtb_mc3_xtb_pos_neg_center_dist_min,Three-conformer xTB,0.0034966081811325603,0.00033382827835579673,0.0014325781210705341
atom3d__signed_cov_eig3_min,Atom-resolved 3D,0.003472771644791286,0.0006001135663913465,0.0014228121711340011
mc3__xtb_mc3_xtb_q_range_std,Three-conformer xTB,0.003392431293272472,-0.0001211483884708324,0.0013898963212981496
mc3__xtb_mc3_xtb_direct_charge_dipole_heavy_norm_mean,Three-conformer xTB,0.0033825586867183796,-0.0001540582619396227,0.0013858514642782393
atom3d__charge_dipole_ea_max,Atom-resolved 3D,0.0033823085363635023,0.0016951572102863503,0.0013857489764080488
single__xtb_q_O_mean,Single-conformer xTB,0.0033822312306791397,0.00018207883436784393,0.001385717303876751
cheap__v5__v5_mmffq_rdf_1p25_same,2D descriptors,0.0033760044938472003,-0.00038866577559312955,0.0013831661781889392
single__xtb_quad_eig3,Single-conformer xTB,0.0033616088325136005,0.00016511435425770456,0.0013772682026662211
cheap__v3__rd3d_morse_201,2D descriptors,0.0033484620458857266,-0.00012089311547595338,0.0013718818974498973
mc3__xtb_mc3_xtb_q_N_mean_min,Three-conformer xTB,0.003337050997692169,-0.0012392908842336337,0.001367206733080958
cheap__v3__rd3d_whim_063,2D descriptors,0.003332482327995115,-0.0004898789871879201,0.0013653349259148838
cheap__v3__rd3d_morse_202,2D descriptors,0.0032965062604731177,-7.033463122306802e-05,0.001350595348431691
cheap__v5__v5_mmffq_topo3_opp_abs_qprod,2D descriptors,0.0032957714040029195,0.0010874535963971668,0.0013502942740056191
mc3__xtb_mc3_xtb_signed_charge_second_moment_lowe,Three-conformer xTB,0.0032779018342631236,0.0008117882569552539,0.0013429730205748488
cheap__v5__v5_mmffq_topo5_opp_abs_qprod,2D descriptors,0.003252893972126297,-4.07592181340807e-05,0.0013327271725140685
cheap__v5__v5_gast_epair_C_N_signedq,2D descriptors,0.0032134886109863453,-0.00030829103518613084,0.001316582596028037
cheap__v3__rd3d_autocorr2d_149,2D descriptors,0.003212423422861351,-0.0009844090938540984,0.0013161461830461865
cheap__v3__rd3d_morse_089,2D descriptors,0.0032022919808221773,-6.403979839848673e-05,0.001311995279814154
cheap__v3__rd3d_autocorr2d_166,2D descriptors,0.0032019265391164302,-0.0007056585334155741,0.0013118455564922775
cheap__v3__rd3d_rdf_030,2D descriptors,0.003195263242997199,-0.0009632138243487916,0.0013091155702484275
cheap__v3__rd2d_FpDensityMorgan2,2D descriptors,0.003194671902825204,-0.00046735072220328996,0.0013088732951782379
single__xtb_q_max,Single-conformer xTB,0.0031927448994466456,-0.0012546778470314056,0.0013080837921123102
cheap__v5__v5_gast_rbin6_heavy_abs_qprod,2D descriptors,0.0031736322569990046,9.365147070507895e-06,0.0013002532454831292
mc3__xtb_mc3_xtb_q_min_mean,Three-conformer xTB,0.0031541833679285683,0.0008555865811754888,0.0012922849369057551
cheap__v3__rd3d_autocorr2d_091,2D descriptors,0.003143481086073236,-7.670235977890345e-07,0.0012879001577033814
cheap__v5__v5_mmffq_topo3_abs_qprod,2D descriptors,0.0031109706745203144,-0.0005011869993344013,0.0012745804770628619
cheap__v5__v5_mmffq_pair_absq_dist_std,2D descriptors,0.0030887229935374887,0.00047244882311043445,0.001265465489231932
cheap__v3__rd3d_getaway_192,2D descriptors,0.003069651683669624,0.0003535101028224758,0.001257651876770495
atom3d__signed_cov_eig3_mean,Atom-resolved 3D,0.0030667192151742372,0.000664218277177658,0.0012564504295423246
cheap__v4__v4_gast3d_qcov_eig2_mean,2D descriptors,0.0030605262011865688,0.00034536176598420036,0.0012539131202749924
mc3__xtb_mc3_xtb_pos_neg_center_dist_lowe,Three-conformer xTB,0.0030573411765353496,2.9537909290880457e-05,0.0012526081995077678
cheap__v5__v5_mmffq_rbin6_opp_abs_qprod,2D descriptors,0.0029874048201702858,-1.0429441297936102e-05,0.0012239549192985077
cheap__v5__v5_mmffq_rbin3_signed_qprod,2D descriptors,0.002976722655588189,0.00028605249342001727,0.001219578382245097
mc3__xtb_mc3_xtb_abs_charge_moment1_std,Three-conformer xTB,0.002973465093211179,0.0008123157176330867,0.0012182437424034045
cheap__v5__v5_gast_topo1_dist_absq_mean,2D descriptors,0.002973125677493706,-0.00031892918017436633,0.0012181046820610353
cheap__v5__v5_mmffq_topo1_signed_qprod,2D descriptors,0.0029679019319927002,0.00020811742939828463,0.0012159644870128278
mc3__xtb_mc3_xtb_qcov_eig1_range,Three-conformer xTB,0.0029575360436343463,-0.00010345642809373701,0.0012117175299337457
cheap__v5__v5_mmffq_epair_C_N_signedq,2D descriptors,0.0029569249692473517,-6.838570496018714e-05,0.001211467169655497
derived__mu_per_heavy,Dipole-derived,0.0029298471542026556,-0.00045850856398805905,0.0012003732513809987
cheap__v3__rd2d_MinAbsEStateIndex,2D descriptors,0.002922403326300522,-0.00010497455240708469,0.0011973234773036078
mc3__xtb_mc3_xtb_q_O_abs_sum_lowe,Three-conformer xTB,0.0029197770398910975,0.0005335192678162645,0.0011962474744302784
cheap__v4__v4_mmffq_q_N_mean,2D descriptors,0.0028900653889373487,0.0004871168027612415,0.0011840744602141307
cheap__v4__v4_gast3d_dipole_norm_lowE,2D descriptors,0.0028390899374793003,5.064502422095642e-05,0.001163189558993417
cheap__v4__v4_mmffq_q_min,2D descriptors,0.0028042364096446067,0.0008086590052361345,0.001148909891718277
cheap__v3__rd3d_morse_214,2D descriptors,0.002798940398332182,-0.00017474118368119773,0.0011467400890003002
cheap__v3__rd2d_fr_methoxy,2D descriptors,0.0027980420409101435,0.0004436216845206553,0.001146372027404306
mc3__xtb_mc3_xtb_q_O_mean_lowe,Three-conformer xTB,0.0027938961592371674,0.000276412878162467,0.0011446734386378263
cheap__v4__v4_mmffq_q_C_sum,2D descriptors,0.002786772438694329,2.3987703160269586e-05,0.0011417548141704472
cheap__v3__rd2d_SMR_VSA3,2D descriptors,0.002786475104932835,-0.0004453167477982228,0.0011416329950190564
cheap__v3__rd3d_getaway_185,2D descriptors,0.002777113345132428,0.00017421401415300964,0.0011377974345072588
mc3__xtb_mc3_xtb_maxpos_maxneg_dist_lowe,Three-conformer xTB,0.002770542090405578,0.0009807480540999776,0.0011351051580890822
cheap__v3__rd3d_autocorr2d_161,2D descriptors,0.0027278941104904504,-0.0005249764546844141,0.0011176320642308855
mc3__xtb_mc3_xtb_q_H_std_lowe,Three-conformer xTB,0.002725503321206414,-0.0005608909437156299,0.001116652545725243
mc3__xtb_mc3_xtb_q_min_max,Three-conformer xTB,0.0027085153816156673,0.00020780614920012043,0.0011096925006418134
cheap__v5__v5_mmffq_rbin4_heavy_abs_qprod,2D descriptors,0.002675241140703197,0.000367300345848595,0.0010960598752353843
cheap__v3__rd3d_autocorr3d_023,2D descriptors,0.002650503951365149,0.0009598833275377012,0.0010859249231942355
cheap__v5__v5_mmffq_pair_opp_dist_max,2D descriptors,0.0026494978126369436,-0.0005305542086161589,0.0010855127030499924
cheap__v3__rd3d_morse_025,2D descriptors,0.002645615187839075,0.00024162158954272822,0.001083921971961572
cheap__v3__rd3d_getaway_059,2D descriptors,0.002643893050832202,-0.00023699198681031603,0.0010832164036880536
cheap__v5__v5_gast_rdf_2p25_signed,2D descriptors,0.0026373869849855842,1.3563535025282841e-05,0.0010805508354850158
cheap__v3__rd3d_getaway_058,2D descriptors,0.0026302235414301495,-0.00012953912098039947,0.0010776159362977367
cheap__v3__rd3d_getaway_125,2D descriptors,0.0026265229259084147,-8.68631870710322e-05,0.0010760997753336522
mc3__xtb_mc3_xtb_signed_charge_second_moment_mean,Three-conformer xTB,0.002620548513884128,-0.0005225677583579254,0.0010736520284003708
mc3__xtb_mc3_xtb_q_max_max,Three-conformer xTB,0.0026148692672152197,-0.0008468881737601075,0.0010713252122114877
cheap__v5__v5_mmffq_rdf_4p5_same,2D descriptors,0.00261140966153781,0.0003188239475688277,0.0010699077942040221
atom3d__signed_cov_eig3_boltz,Atom-resolved 3D,0.002603945963855272,0.0006324075311951552,0.0010668498793767378
single__xtb_maxpos_maxneg_dist,Single-conformer xTB,0.002597431138041287,4.760905987017606e-05,0.001064180722170603
cheap__v5__v5_mmffq_rbin0_signed_qprod,2D descriptors,0.0025966851021318846,-0.0013415833034078667,0.0010638750674715404
cheap__v5__v5_mmffq_epair_C_C_absq,2D descriptors,0.0025957901894238314,-0.0002797931566315733,0.001063508417192352
cheap__v3__rd2d_SlogP_VSA4,2D descriptors,0.002572942116209762,0.0007577343361395941,0.0010541474456166086
mc3__xtb_mc3_xtb_q_max_mean,Three-conformer xTB,0.0025592574037432447,-6.77134788706195e-05,0.0010485407494536076
mc3__xtb_mc3_xtb_pos_neg_center_dist_mean,Three-conformer xTB,0.002540146714317657,-0.00041300589578539305,0.0010407110029874757
single__xtb_direct_charge_dipole_heavy_norm,Single-conformer xTB,0.0025294935334891715,1.771343111715079e-05,0.0010363463407250448
cheap__v3__rd3d_getaway_025,2D descriptors,0.002523760382791009,0.0003986170736151021,0.0010339974397817519
mc3__xtb_mc3_xtb_quad_eig1_max,Three-conformer xTB,0.0025235833805993236,0.00012353649402800296,0.0010339249210853311
mc3__xtb_mc3_xtb_qcov_eig1_lowe,Three-conformer xTB,0.0025167436938150775,-0.0004488813002258985,0.0010311226666906415
cheap__v3__rd3d_morse_196,2D descriptors,0.0024844522918864285,-0.0004164764609031618,0.001017892715404909
cheap__v4__v4_mmffq3d_dipole_norm_min,2D descriptors,0.002476853016323378,1.1352919816272674e-05,0.001014779253631767
cheap__v3__rd3d_autocorr2d_104,2D descriptors,0.0024622656059906356,-0.0004393622338646622,0.001008802717570756
cheap__v3__tpsa,2D descriptors,0.002446974148123825,-8.193113697170763e-05,0.0010025377296611958
cheap__v4__v4_mmffq3d_dipole_y_abs_max,2D descriptors,0.0024469636757418266,0.00043513075549305694,0.0010025334390731317
cheap__v3__rd3d_autocorr3d_061,2D descriptors,0.00244109442590869,-0.0013253297426155356,0.0010001287776233822
cheap__v5__v5_mmffq_topo1_dist_absq_mean,2D descriptors,0.0024338068655729663,-0.00015776211105166237,0.000997143027161185
mc3__xtb_mc3_xtb_qcov_eig1_min,Three-conformer xTB,0.0024285876450367743,-0.00015752932377879685,0.000995004686014031
cheap__v3__rd3d_whim_008,2D descriptors,0.0024280995327389866,-0.0002889818846710155,0.0009948047039279027
single__xtb_quad_eig2,Single-conformer xTB,0.002424055911001499,-5.473716663131072e-05,0.000993148011576078
mc3__xtb_mc3_xtb_q_max_min,Three-conformer xTB,0.002416588035274238,-0.0001810716949968521,0.0009900883849826624
cheap__v3__rd2d_fr_amide,2D descriptors,0.0024094193007369296,0.0008980528662266733,0.0009871513180532518
cheap__v3__rd3d_morse_135,2D descriptors,0.002409333724363334,-0.0003847355774735694,0.0009871162569785926
cheap__v5__v5_gast_epair_N_O_signedq,2D descriptors,0.002404533414264249,-0.0006858685252250412,0.000985149545563968
mc3__xtb_mc3_xtb_qcov_eig1_max,Three-conformer xTB,0.0024003600036946677,-0.0003743803844610381,0.0009834396780688086
mc3__xtb_mc3_xtb_q_abs_sum_std,Three-conformer xTB,0.002311943317313952,0.0002108160368249004,0.0009472149128434575
cheap__v3__rd3d_autocorr2d_162,2D descriptors,0.0023097189440943783,5.376799128064336e-05,0.0009463035758441762
mc3__xtb_mc3_xtb_direct_charge_dipole_norm_std,Three-conformer xTB,0.0023070148484779173,0.0001400446034313174,0.0009451956941437535
cheap__v3__rd3d_getaway_202,2D descriptors,0.0023027763059860905,-0.0001398667028531726,0.0009434591417694317
cheap__v3__rd3d_morse_153,2D descriptors,0.0023024573386955616,-0.00021974409103703798,0.0009433284592513804
mc3__xtb_mc3_xtb_q_min_min,Three-conformer xTB,0.0022940859553834967,0.00014412098647440224,0.0009398986610141428
cheap__v4__v4_mmffq_q_C_abs_sum,2D descriptors,0.0022928141101276798,-0.00035794823683388803,0.0009393775795567745
cheap__v3__rd3d_morse_220,2D descriptors,0.002288030589400286,5.846499721641334e-06,0.0009374177468329569
mc3__xtb_mc3_xtb_q_N_mean_range,Three-conformer xTB,0.002283270244906229,-0.0001622425035012607,0.0009354674095295831
mc3__xtb_mc3_xtb_quad_eig3_min,Three-conformer xTB,0.002271973015754978,5.5630901311179365e-05,0.0009308388774000381
cheap__v3__rd3d_autocorr2d_152,2D descriptors,0.0022631459507641955,-0.0006239620981374137,0.0009272223840659274
single__xtb_q_H_std,Single-conformer xTB,0.0022498159621885247,1.2392808611980628e-05,0.0009217610200816331
mc3__xtb_mc3_xtb_full_dipole_debye_range,Three-conformer xTB,0.002249527609149999,2.7258047863405082e-05,0.0009216428803780298
cheap__v3__rd3d_getaway_098,2D descriptors,0.0022369240237441234,-0.00026721255975828753,0.0009164791274597222
cheap__v3__rd3d_autocorr2d_164,2D descriptors,0.0021882217836094683,0.00013117364249050042,0.0008965255724573337
cheap__v3__rd3d_getaway_260,2D descriptors,0.0021836173568884044,-0.0004353592082824047,0.0008946391154570151
cheap__v4__v4_mmffq3d_dipole_heavy_norm_lowE,2D descriptors,0.0021756789962050255,0.0001332006131458477,0.0008913867287888321
mc3__xtb_mc3_xtb_qcov_eig3_lowe,Three-conformer xTB,0.002170025093951421,0.0005959267034321816,0.0008890702963355507
mc3__xtb_mc3_xtb_abs_charge_moment3_lowe,Three-conformer xTB,0.0021692874179379765,0.0011485970720345705,0.0008887680667282982
cheap__v4__v4_mmffq3d_pair_opposite_q_dist_mean_lowE,2D descriptors,0.002144043814149442,0.000869855739950361,0.0008784256341161562
mc3__xtb_mc3_xtb_quad_eig1_min,Three-conformer xTB,0.002137399077846262,0.0007057217380205494,0.0008757032519231547
single__xtb_quad_anisotropy,Single-conformer xTB,0.002129062747845326,-1.7885981433263227e-05,0.0008722878152054221
mc3__xtb_mc3_xtb_q_N_mean_lowe,Three-conformer xTB,0.0021192769999945323,-0.0008390814189974714,0.0008682785446371597
mc3__xtb_mc3_xtb_q_min_lowe,Three-conformer xTB,0.002112550512382468,-1.475984360435288e-05,0.0008655226685179274
mc3__xtb_mc3_xtb_full_dipole_debye_std,Three-conformer xTB,0.002105754734936857,-0.0002351566496834976,0.0008627384040021665
atom3d__signed_cov_eig3_lowe,Atom-resolved 3D,0.002096255264930593,0.0005223248034260311,0.0008588464229199934
mc3__xtb_mc3_xtb_heavy_q_abs_sum_range,Three-conformer xTB,0.0020891781232985694,0.0005404369896721796,0.0008559468820688161
cheap__v3__rd3d_rdf_065,2D descriptors,0.00208161151958213,-0.0006858203053568122,0.0008528468061170774
cheap__v5__v5_mmffq_pair_same_dist_mean,2D descriptors,0.0020649043666786824,0.0002195386142178366,0.0008460018007647457
cheap__v3__rd3d_getaway_215,2D descriptors,0.002057643358960598,5.5589466336345495e-05,0.0008430269290447799
cheap__v3__rd2d_NOCount,2D descriptors,0.002056309511592965,-0.00040231703293625704,0.0008424804450074694
mc3__xtb_mc3_xtb_full_minus_qonly_dipole_debye_range,Three-conformer xTB,0.0020481679688020503,-3.7841878199242506e-05,0.0008391448135984488
cheap__v5__v5_gast_rbin0_abs_qprod,2D descriptors,0.002046781059675358,7.650344756928592e-06,0.000838576589889103
mc3__xtb_mc3_xtb_abs_signed_charge_second_moment_lowe,Three-conformer xTB,0.002046596952946105,-0.00014627173211318042,0.0008385011604275771
cheap__v5__v5_mmffq_topo4_dist_absq_mean,2D descriptors,0.0020299801556052577,0.00018478116109463705,0.0008316931742078999
cheap__v4__v4_mmffq3d_dipole_x_abs_max,2D descriptors,0.0020113203986714566,3.190087207035392e-05,0.0008240481770726477
cheap__v3__rd3d_morse_216,2D descriptors,0.0020101221605066436,0.00045405849014711915,0.0008235572528141034
mc3__xtb_mc3_xtb_q_O_std_max,Three-conformer xTB,0.0020061430741690656,-0.00021894768472735423,0.0008219270009432122
mc3__xtb_mc3_xtb_q_H_std_range,Three-conformer xTB,0.0019975575575650823,0.0001584381319597564,0.0008184094712093057
mc3__xtb_mc3_xtb_q_H_mean_std,Three-conformer xTB,0.00197706522480967,-0.0003784208535479758,0.0008100136584575344
mc3__xtb_mc3_xtb_q_Cl_mean_max,Three-conformer xTB,0.0019523169996744304,0.001165902291468977,0.000799874184994257
cheap__v3__rd2d_SMR_VSA2,2D descriptors,0.0019468095201670777,0.0001301029145290754,0.0007976177426833766
cheap__v4__v4_gast3d_signed_charge_second_moment_max,2D descriptors,0.0019445177473642957,-4.0562261653237816e-05,0.0007966787917327253
mc3__xtb_mc3_xtb_maxpos_maxneg_dist_max,Three-conformer xTB,0.0019424477495084394,-6.324056233114069e-05,0.0007958307031035892
cheap__v3__rd3d_morse_189,2D descriptors,0.0019374986464868796,-9.945089998527049e-05,0.0007938030304733335
cheap__v4__v4_mmffq3d_qcov_eig3_max,2D descriptors,0.0019364467488952653,9.0906617501306e-05,0.0007933720626904733
cheap__v4__v4_mmffq_q_range,2D descriptors,0.0019334976540704614,-1.04481596442176e-05,0.0007921638035707432
mc3__xtb_mc3_xtb_qcov_eig1_std,Three-conformer xTB,0.0019324975161281181,4.9528980277708695e-05,0.0007917540419789285
cheap__v3__rd3d_morse_205,2D descriptors,0.0019316977096330468,-3.89353570227088e-05,0.0007914263571979708
cheap__v3__rd3d_morse_211,2D descriptors,0.0019296040628324419,-0.00019828219840913272,0.0007905685794761259
mc3__xtb_mc3_xtb_direct_charge_dipole_heavy_norm_min,Three-conformer xTB,0.0019250620084543962,-0.0001404658884691237,0.0007887076767413524
mc3__xtb_mc3_xtb_q_H_mean_range,Three-conformer xTB,0.001924797645067581,-0.0003339580910173987,0.0007885993657198296
cheap__v3__rd3d_autocorr2d_102,2D descriptors,0.001915387506949324,0.0004624303815532047,0.0007847439843656338
mc3__xtb_mc3_xtb_abs_signed_charge_second_moment_range,Three-conformer xTB,0.0018899465482529456,8.749495454734653e-06,0.0007743206944459478
cheap__v3__rd3d_getaway_259,2D descriptors,0.001884238424486817,0.00042834780951066107,0.0007719820471637492
mc3__xtb_mc3_xtb_direct_charge_dipole_heavy_norm_max,Three-conformer xTB,0.0018774410967822238,5.9583230335055146e-06,0.000769197147499014
cheap__v3__gast3d_abs_charge_weighted_rg,2D descriptors,0.0018722303215985788,-0.0007945713860936217,0.0007670622664556684
mc3__xtb_mc3_xtb_q_C_std_std,Three-conformer xTB,0.0018500389086775746,-0.0003319357695385329,0.0007579703319352912
cheap__v3__rd2d_VSA_EState9,2D descriptors,0.0018440104053329886,0.0005939909569432072,0.0007555004235135082
mc3__xtb_mc3_xtb_pos_neg_center_dist_std,Three-conformer xTB,0.0018416081414424203,-0.00036867043412016894,0.0007545162038033228
cheap__v4__v4_mmffq3d_abs_signed_charge_second_moment_lowE,2D descriptors,0.0018408737914095254,-0.00029267382100908013,0.0007542153368671848
mc3__xtb_mc3_xtb_maxpos_maxneg_dist_mean,Three-conformer xTB,0.0018153718016198379,0.0002299745139748995,0.0007437670421987678
cheap__v3__rd3d_autocorr3d_033,2D descriptors,0.0018146388179669647,-0.00019222416769173987,0.0007434667350754606
single__xtb_q_O_std,Single-conformer xTB,0.0017951975158664903,-1.2455470742332181e-05,0.0007355015349181924
atom3d__quad_frobenius_mean,Atom-resolved 3D,0.0017799462201546607,0.0003031006649557048,0.0007292530016473965
mc3__xtb_mc3_xtb_abs_signed_charge_second_moment_min,Three-conformer xTB,0.001777463534061226,8.19402518424342e-05,0.0007282358325524628
mc3__xtb_mc3_xtb_direct_charge_dipole_norm_range,Three-conformer xTB,0.0017730597302348964,-9.447283635977595e-05,0.000726431571770506
single__xtb_q_Br_abs_sum,Single-conformer xTB,0.0017584652158751347,-0.0003225512556881202,0.0007204521251535642
mc3__xtb_mc3_xtb_quad_eig2_max,Three-conformer xTB,0.0017545861707399532,0.00013504785497404822,0.0007188628606711176
mc3__xtb_mc3_xtb_total_energy_eh_std,Three-conformer xTB,0.001751140971973341,0.00017389719402964416,0.0007174513452481372
cheap__v5__v5_gast_epair_C_F_absq,2D descriptors,0.0017441312691217875,5.6531030115653845e-05,0.000714579434407647
cheap__v4__v4_mmffq3d_abs_charge_moment1_max,2D descriptors,0.0017323591199681113,-0.0003672368675889992,0.0007097563251423495
cheap__v5__v5_gast_epair_C_N_dist_absq,2D descriptors,0.0017296257038082242,0.0007989448380046744,0.0007086364306664502
mc3__xtb_mc3_xtb_q_H_std_std,Three-conformer xTB,0.001728243450696396,8.2703582333304e-05,0.0007080701145500286
cheap__v3__rd3d_getaway_140,2D descriptors,0.001726347116255284,-4.2843240073971346e-05,0.0007072931767034525
cheap__v4__v4_gast_q_F_mean,2D descriptors,0.0017256094292962042,0.00012563387601527488,0.0007069909426117177
mc3__xtb_mc3_xtb_q_max_std,Three-conformer xTB,0.001723937475550123,-0.00013967302297609581,0.0007063059346748828
single__xtb_q_range,Single-conformer xTB,0.001708987698966689,0.00015876135917318915,0.0007001809353215429
cheap__v4__v4_gast_q_O_mean,2D descriptors,0.001707759144014858,-0.0002657459339966024,0.000699677590121465
cheap__v3__rd2d_Chi0,2D descriptors,0.0017025632018138402,-2.5223779764504766e-06,0.000697548786226396
cheap__v4__v4_mmffq3d_qcov_eig2_min,2D descriptors,0.0017023968261863456,0.00025679741202937466,0.0006974806212872661
cheap__v4__v4_gast3d_abs_charge_moment1_min,2D descriptors,0.001696917292748285,-0.0004772844447675157,0.0006952356286228328
cheap__v4__v4_mmffq3d_signed_charge_second_moment_min,2D descriptors,0.0016893033315262822,0.00042794015345596335,0.0006921161500606716
cheap__v3__rd3d_autocorr2d_003,2D descriptors,0.0016872052340683114,0.00030055830988153203,0.0006912565488819117
cheap__v3__rd3d_morse_125,2D descriptors,0.0016839530995702945,0.00015407183677328807,0.0006899241328697955
cheap__v5__v5_mmffq_rdf_1p75_signed,2D descriptors,0.0016818842000369718,-0.00041643679923469173,0.0006890764942289767
cheap__v4__v4_mmffq3d_dipole_z_abs_lowE,2D descriptors,0.0016764379139421345,-7.833735801191246e-06,0.0006868451231698301
mc3__xtb_mc3_xtb_signed_charge_second_moment_std,Three-conformer xTB,0.0016751025121960722,0.00021620776248403007,0.0006862980022957867
cheap__v3__rd3d_whim_108,2D descriptors,0.0016698345994498043,-6.427386769957618e-05,0.0006841397117029964
cheap__v3__rd3d_morse_206,2D descriptors,0.0016668227618368988,8.941191099422601e-05,0.0006829057465444901
mc3__xtb_mc3_xtb_maxpos_maxneg_dist_min,Three-conformer xTB,0.001662419079459425,0.00019320374249822453,0.0006811015355207462
mc3__xtb_mc3_xtb_q_O_sum_min,Three-conformer xTB,0.0016514715574180243,-0.0002111486504013367,0.0006766162801692677
cheap__v3__rd3d_autocorr2d_093,2D descriptors,0.001645999540297349,-4.435607941348709e-05,0.000674374366978221
cheap__v3__rd3d_morse_029,2D descriptors,0.0016402247247937123,-0.0003810107483318072,0.0006720083957526291
cheap__v3__rd3d_morse_151,2D descriptors,0.0016287026716656715,0.00039646602256847914,0.000667287752098556
atom3d__pos_neg_center_dist_max,Atom-resolved 3D,0.001620198452101513,8.747025551359685e-05,0.0006638035301745406
cheap__v5__v5_gast_epair_N_O_dist_absq,2D descriptors,0.0016200924214061095,-0.00010030372609053419,0.0006637600888604075
cheap__v5__v5_mmffq_topo4_opp_abs_qprod,2D descriptors,0.0016150885330114414,-0.0001587533974871364,0.0006617099703846913
single__xtb_q_Br_mean,Single-conformer xTB,0.0016092780902385421,-0.0006701313016922134,0.0006593294024860337
mc3__xtb_mc3_xtb_qcov_eig2_mean,Three-conformer xTB,0.0016081456850276369,0.00036701737495670775,0.0006588654503228824
cheap__v3__rd3d_morse_087,2D descriptors,0.0016053694162220862,-0.00018869342224340038,0.0006577279989005288
cheap__v3__rd3d_morse_055,2D descriptors,0.0016050522139335693,-0.00010178442291359775,0.0006575980395127612
cheap__v3__rd2d_MaxEStateIndex,2D descriptors,0.001603093437167686,-0.0001225073315402068,0.0006567955187287606
mc3__xtb_mc3_xtb_qcov_planarity_lowe,Three-conformer xTB,0.0015999426914456779,-0.00012655783066211048,0.0006555046422128384
mc3__xtb_mc3_xtb_total_energy_eh_range,Three-conformer xTB,0.0015996252948808083,-0.0001730066054750821,0.000655374603229063
mc3__xtb_mc3_xtb_q_O_sum_lowe,Three-conformer xTB,0.0015930350547463904,0.0006638057767516246,0.0006526745483930334
mc3__xtb_mc3_xtb_qonly_dipole_debye_max,Three-conformer xTB,0.0015927286215918018,6.817650394980466e-05,0.0006525490011741018
mc3__xtb_mc3_xtb_q_range_range,Three-conformer xTB,0.0015926176428211398,-1.4075723781317178e-05,0.0006525035326084182
mc3__xtb_mc3_xtb_q_N_mean_max,Three-conformer xTB,0.0015910977453230213,-0.0007236764049103985,0.0006518808228882318
cheap__v3__rd3d_autocorr2d_185,2D descriptors,0.0015893631151696706,1.4496611397175944e-05,0.0006511701361091845
cheap__v3__rd3d_autocorr3d_073,2D descriptors,0.0015880531899777229,0.00047577713455759937,0.0006506334531086844
cheap__v4__v4_gast3d_dipole_per_abs_charge_max,2D descriptors,0.0015854382706252874,0.00025806040433207504,0.000649562107376304
mc3__xtb_mc3_xtb_q_N_mean_mean,Three-conformer xTB,0.0015717952634252653,-0.0005857133899647902,0.0006439724980726877
cheap__v3__rd3d_morse_209,2D descriptors,0.0015699484683990446,9.413702679343016e-05,0.0006432158567758615
cheap__v3__rd3d_autocorr2d_043,2D descriptors,0.0015675951993061172,5.6664218240832624e-05,0.0006422517104829738
mc3__xtb_mc3_xtb_q_H_abs_sum_lowe,Three-conformer xTB,0.0015618412485759222,0.0007466428192281586,0.0006398942876609734
mc3__xtb_mc3_xtb_quad_frobenius_max,Three-conformer xTB,0.0015603058843866606,0.0002731841572087297,0.0006392652411589147
cheap__v4__v4_gast3d_pair_opposite_q_dist_mean_lowE,2D descriptors,0.0015556621932665922,-0.0006731552859456468,0.0006373626973350126
single__xtb_q_S_sum,Single-conformer xTB,0.0015530202120740612,0.0004709407796230165,0.0006362802642293754
atom3d__signed_cov_eig3_max,Atom-resolved 3D,0.0015529259590166063,0.00017914366621168498,0.0006362416482732947
cheap__v3__rd3d_autocorr2d_165,2D descriptors,0.0015524631964491213,-0.0003036018609691113,0.0006360520521003501
mc3__xtb_mc3_xtb_quad_frobenius_min,Three-conformer xTB,0.001534893041778985,0.00014713006702317345,0.0006288534705434913
mc3__xtb_mc3_xtb_q_O_std_std,Three-conformer xTB,0.0015316910073809942,6.611899690559061e-05,0.0006275415807966706
cheap__v3__rd3d_morse_194,2D descriptors,0.0015289569030788577,-0.00017939584151044127,0.0006264214043853986
mc3__xtb_mc3_xtb_heavy_q_std_range,Three-conformer xTB,0.001526272204163222,-0.00017570133287067458,0.0006253214696117645
mc3__xtb_mc3_xtb_pair_opposite_q_dist_mean_std,Three-conformer xTB,0.0015173998797824652,-0.0003239002585800547,0.0006216864332758385
cheap__v3__rd3d_morse_222,2D descriptors,0.0015155349485482415,-0.00032012643384015125,0.0006209223614825314
cheap__v3__rd3d_getaway_186,2D descriptors,0.001504193503909623,0.00032356233177249105,0.0006162757140433681
mc3__xtb_mc3_xtb_qonly_dipole_debye_mean,Three-conformer xTB,0.0015019690722983424,-4.7361472347565205e-05,0.0006153643531207078
mc3__xtb_mc3_xtb_maxpos_maxneg_dist_std,Three-conformer xTB,0.0014986990805631731,0.00014473081054554207,0.0006140246209078845
mc3__xtb_mc3_xtb_q_O_std_range,Three-conformer xTB,0.0014972757599291677,-3.559516993222368e-05,0.0006134414792191626
mc3__xtb_mc3_xtb_signed_charge_second_moment_range,Three-conformer xTB,0.0014925970808244305,0.00017384930764970704,0.0006115246006403378
mc3__xtb_mc3_xtb_heavy_q_abs_sum_std,Three-conformer xTB,0.0014919399474742048,-0.0005290347641429697,0.0006112553697710517
cheap__v3__rd3d_morse_034,2D descriptors,0.0014890911426943577,-0.0002200530309111055,0.0006100881999918263
cheap__v3__rd3d_getaway_053,2D descriptors,0.0014890108697334246,0.0004271382118111517,0.0006100553117522555
mc3__xtb_mc3_xtb_quad_anisotropy_lowe,Three-conformer xTB,0.0014740607456522775,0.00015709672198802285,0.0006039301700273386
cheap__v3__rd3d_morse_185,2D descriptors,0.0014727434682965093,0.000445232382066717,0.0006033904748080006
cheap__v4__v4_gast3d_dipole_z_abs_max,2D descriptors,0.001469965107004114,2.325226072296981e-05,0.0006022521660831651
single__xtb_q_N_mean,Single-conformer xTB,0.0014679682701545882,-0.00043849573307871363,0.0006014340518896978
cheap__v5__v5_gast_pair_opp_dist_mean,2D descriptors,0.0014645620478628211,-0.0004979784078452024,0.0006000385053263114
mc3__xtb_mc3_xtb_q_O_abs_sum_max,Three-conformer xTB,0.0014619882418441374,8.222267289181543e-05,0.000598984003935466
mc3__xtb_mc3_xtb_pair_same_q_dist_mean_min,Three-conformer xTB,0.0014612672202656575,4.930389561548065e-05,0.0005986885977347588
mc3__xtb_mc3_xtb_q_max_lowe,Three-conformer xTB,0.0014548054383585044,-0.00016223133234040754,0.0005960411728865109
cheap__v5__v5_mmffq_rbin7_opp_abs_qprod,2D descriptors,0.0014469955037661947,-0.00028336034073735285,0.0005928414030397474
cheap__v3__rd3d_getaway_250,2D descriptors,0.0014426189124592344,4.3712248788440774e-05,0.0005910482913651107
cheap__v4__v4_gast_q_F_abs_sum,2D descriptors,0.0014420512860439936,-7.067111777598496e-05,0.0005908157319414374
mc3__xtb_mc3_xtb_q_N_abs_sum_min,Three-conformer xTB,0.0014361010147564003,5.033132175987936e-05,0.0005883778755905209
cheap__v5__v5_gast_pair_opp_dist_max,2D descriptors,0.0014279658518386545,-0.00023610336842461304,0.0005850448580479228
cheap__v3__rd3d_getaway_200,2D descriptors,0.0014262354146317591,1.728897928550516e-05,0.0005843358891403223
mc3__xtb_mc3_xtb_signed_charge_second_moment_min,Three-conformer xTB,0.0014095320270519859,0.0003405533280521995,0.0005774924264602133
mc3__xtb_mc3_xtb_heavy_q_std_std,Three-conformer xTB,0.001408271066891466,-0.00037127352001850903,0.0005769758046816423
single__xtb_signed_charge_second_moment,Single-conformer xTB,0.0014077297375259948,0.00017957895542261028,0.000576754019292747
mc3__xtb_mc3_xtb_qcov_anisotropy_min,Three-conformer xTB,0.0014022871389022934,-5.4488232641175425e-05,0.0005745241590092429
cheap__v4__v4_mmffq3d_dipole_norm_mean,2D descriptors,0.0014010704395807192,-2.6960744571607185e-05,0.0005740256711210621
mc3__xtb_mc3_xtb_q_O_abs_sum_min,Three-conformer xTB,0.0013977746255079244,0.00036493407591369067,0.0005726753593654358
atom3d__charge_dipole_ea_lowe,Atom-resolved 3D,0.0013911123680816107,-5.635551489276883e-05,0.0005699457986793468
cheap__v3__rd2d_fr_NH0,2D descriptors,0.001385229289226585,-0.0002203881441316867,0.0005675354714091312
cheap__v3__rd3d_getaway_255,2D descriptors,0.0013815859427611865,0.00021931729014435468,0.0005660427738681334
cheap__v3__rd3d_rdf_185,2D descriptors,0.0013762910253015627,-0.0003548911415565442,0.0005638734193072016
single__xtb_pair_same_q_dist_mean,Single-conformer xTB,0.0013744175424449854,-0.00037819339302228266,0.000563105843870807
mc3__xtb_mc3_xtb_abs_charge_moment1_range,Three-conformer xTB,0.0013651273450909238,0.00013153894711068277,0.0005592996028565379
cheap__v3__rd3d_whim_085,2D descriptors,0.0013591446358326075,0.00024622623515785645,0.0005568484565043566
cheap__v5__v5_mmffq_epair_N_O_dist_absq,2D descriptors,0.0013575264543459475,0.00012029039758235437,0.0005561854793351619
cheap__v3__rd3d_getaway_238,2D descriptors,0.0013558372219705215,1.956316549961088e-05,0.0005554933922561757
mc3__xtb_mc3_xtb_quad_frobenius_lowe,Three-conformer xTB,0.001346239788727584,0.00027484235180298715,0.0005515612751386627
mc3__xtb_mc3_xtb_quad_anisotropy_std,Three-conformer xTB,0.0013436582626557138,-2.7449408738740727e-05,0.0005505036108028387
cheap__v4__v4_gast3d_dipole_x_abs_max,2D descriptors,0.001341636251753316,-0.00010597507778367088,0.0005496751826721229
cheap__v4__v4_gast3d_abs_signed_charge_second_moment_min,2D descriptors,0.0013335003335059993,-7.010861308734685e-05,0.0005463418556671655
atom3d__pair_C_N_absqdist_range,Atom-resolved 3D,0.0013298869362576152,-0.00013306959322981844,0.0005448614284724047
mc3__xtb_mc3_xtb_quad_eig2_min,Three-conformer xTB,0.0013254961291600848,5.142224514114291e-06,0.0005430624925162102
single__xtb_qcov_eig1,Single-conformer xTB,0.0013252122187618915,-0.00019430788626589429,0.0005429461729849024
cheap__v3__rd3d_autocorr3d_064,2D descriptors,0.0013241981448202068,-0.00010484948241263863,0.0005425307017434165
cheap__v3__rd2d_fr_lactone,2D descriptors,0.0013235451452138461,-4.319470804459722e-05,0.0005422631644899753
mc3__xtb_mc3_xtb_q_abs_sum_range,Three-conformer xTB,0.0013207166686842308,-7.462398821113687e-05,0.0005411043232980588
atom3d__full_mu_lowe,Atom-resolved 3D,0.0013171258309358723,-0.000509720822272529,0.0005396331388449737
mc3__xtb_mc3_xtb_q_C_sum_std,Three-conformer xTB,0.0013160997117037138,-0.00017871944153881078,0.0005392127325868371
cheap__v3__rd3d_getaway_118,2D descriptors,0.0013141676813989054,0.00010112066585086543,0.0005384211699637075
single__xtb_abs_signed_charge_second_moment,Single-conformer xTB,0.0013126979448938646,-8.289985881463141e-05,0.0005378190114570091
cheap__v3__rd3d_getaway_221,2D descriptors,0.0013089001001412718,-9.295368172872126e-05,0.0005362630151834933
single__xtb_q_C_abs_sum,Single-conformer xTB,0.001305957888744518,0.0005452288778811325,0.0005350575762391765
mc3__xtb_mc3_xtb_pair_opposite_q_dist_sum_std,Three-conformer xTB,0.0013018419202766522,8.799733849534882e-05,0.000533371243064674
cheap__v5__v5_mmffq_rbin7_abs_qprod,2D descriptors,0.0012999578135464583,0.00022901585496068442,0.0005325993149733305
single__xtb_q_C_std,Single-conformer xTB,0.0012996199815273918,-0.0005210964943991702,0.0005324609034802376
cheap__v3__rd2d_fr_halogen,2D descriptors,0.0012967139975450799,-0.00015083836088070844,0.0005312703070915129
atom3d__quad_eig3_boltz,Atom-resolved 3D,0.001295930511946343,0.00037970646911201963,0.0005309493090646305
cheap__v3__rd2d_PEOE_VSA4,2D descriptors,0.0012884523468085379,-1.8986079322534863e-05,0.0005278854668474846
mc3__xtb_mc3_xtb_quad_eig2_lowe,Three-conformer xTB,0.001284312198097445,0.00013197877033948793,0.0005261892269045897
cheap__v3__rd2d_MolLogP,2D descriptors,0.001283108920708318,2.3237059807461346e-05,0.000525696238050264
cheap__v3__rd3d_autocorr3d_003,2D descriptors,0.0012754304731032113,0.00021175079262542978,0.0005225503390896034
mc3__xtb_mc3_xtb_q_C_std_mean,Three-conformer xTB,0.001274232861277011,1.4782223987761405e-05,0.000522059671445168
cheap__v3__rd3d_autocorr3d_051,2D descriptors,0.0012722219928685355,-0.00011543980780978371,0.000521235808450773
single__xtb_q_O_sum,Single-conformer xTB,0.0012718891497872835,-0.00032715048198773955,0.0005210994409508272
cheap__v5__v5_gast_pair_opp_dist_std,2D descriptors,0.001265415356628841,-0.0006266513976952333,0.0005184470950319553
mc3__xtb_mc3_xtb_pair_abs_q_dist_sum_min,Three-conformer xTB,0.0012647605466990007,-0.0005359005096457341,0.0005181788160797951
mc3__xtb_mc3_xtb_qcov_eig3_min,Three-conformer xTB,0.0012643402885849457,-0.0005821983868417927,0.0005180066341971793
mc3__xtb_mc3_xtb_q_H_std_min,Three-conformer xTB,0.0012629580918671916,-0.00022780585237106818,0.0005174403411856961
cheap__v3__rd3d_autocorr2d_160,2D descriptors,0.0012505217684777006,0.00016882370073801806,0.0005123451163645462
mc3__xtb_mc3_xtb_qcov_planarity_std,Three-conformer xTB,0.0012501501057109311,-0.000173584235437037,0.0005121928442423898
atom3d__quad_frobenius_boltz,Atom-resolved 3D,0.001248394414881927,0.00025808714302925386,0.0005114735287976205
mc3__xtb_mc3_xtb_q_O_abs_sum_std,Three-conformer xTB,0.0012471280385811323,-0.00045159706425833214,0.0005109546879988858
cheap__v3__rd3d_getaway_135,2D descriptors,0.0012454384270181227,0.0004486713745816094,0.0005102624455648218
single__xtb_qcov_eig3,Single-conformer xTB,0.0012445382676875532,-0.0003764729969433318,0.0005098936457177558
cheap__v4__v4_mmffq3d_abs_charge_weighted_rg_max,2D descriptors,0.0012412121468655844,-0.00012333956181750867,0.0005085309171331519
mc3__xtb_mc3_xtb_q_C_std_range,Three-conformer xTB,0.0012411030239397128,-0.00012035527988393651,0.0005084862089164994
mc3__xtb_mc3_xtb_qcov_eig2_range,Three-conformer xTB,0.001239005585354375,7.790739797623856e-05,0.0005076268776812019
cheap__v4__v4_mmffq3d_pair_same_q_dist_mean_lowE,2D descriptors,0.0012333977425958039,-0.00014305591084694304,0.0005053293160368397
cheap__v3__rd3d_getaway_222,2D descriptors,0.0012326733379271627,0.00015731659058735488,0.0005050325237669204
cheap__v5__v5_gast_pair_absq_dist_std,2D descriptors,0.0012298932636398622,0.00032991748310460064,0.0005038935132193768
cheap__v3__rd3d_getaway_016,2D descriptors,0.0012266385142978367,3.5499939485662836e-05,0.0005025600258923969
cheap__v4__v4_gast_q_N_std,2D descriptors,0.001224919111824882,0.00020278391851613576,0.0005018555779713056
mc3__xtb_mc3_xtb_quad_frobenius_range,Three-conformer xTB,0.0012213371378657278,-0.00019689351104685773,0.0005003880250576513
cheap__v5__v5_mmffq_rdf_1p75_same,2D descriptors,0.001218806556428042,0.0005311942899010241,0.0004993512329970546
mc3__xtb_mc3_xtb_maxpos_maxneg_dist_range,Three-conformer xTB,0.0012149601940390508,-1.5502272023958373e-05,0.0004977753588016243
mc3__xtb_mc3_xtb_direct_charge_dipole_heavy_norm_lowe,Three-conformer xTB,0.0012078348667322989,-0.00015003413707556575,0.0004948560760349137
cheap__v3__rd3d_autocorr2d_040,2D descriptors,0.0012074679539209822,-0.00012370798348863003,0.0004947057499936178
cheap__v3__rd3d_getaway_078,2D descriptors,0.0012069609968215311,-0.00022288172165870474,0.0004944980470965892
cheap__v3__rd2d_VSA_EState1,2D descriptors,0.001205596245371283,5.438366706696465e-05,0.0004939389014997578
mc3__xtb_mc3_xtb_pair_same_q_dist_mean_std,Three-conformer xTB,0.001201463992110597,0.00021614050942592947,0.0004922458963629731
mc3__xtb_mc3_xtb_qcov_eig2_lowe,Three-conformer xTB,0.0012013900408851734,-0.0003855243766355079,0.0004922155981705305
mc3__xtb_mc3_xtb_q_N_mean_std,Three-conformer xTB,0.0011968055577886892,9.284683792076119e-05,0.0004903373121744388
mc3__xtb_mc3_xtb_pos_neg_center_dist_range,Three-conformer xTB,0.0011967853666843722,0.00034123767186865786,0.0004903290397765074
mc3__xtb_mc3_xtb_pair_opposite_q_dist_mean_range,Three-conformer xTB,0.0011956723479505716,-2.3652687633999935e-05,0.0004898730303514342
mc3__xtb_mc3_xtb_quad_anisotropy_mean,Three-conformer xTB,0.0011890557903737383,-0.00017035299449087263,0.00048716219312565595
mc3__xtb_mc3_xtb_qcov_planarity_mean,Three-conformer xTB,0.00118864942631094,4.886993963929398e-05,0.000486995703706368
cheap__v3__rd3d_morse_192,2D descriptors,0.0011858251582746253,-3.4261183783698935e-05,0.00048583858675551976
derived__mu_minus_qmu_abs,Dipole-derived,0.0011843500547825422,4.1211866755586645e-05,0.0004852342293669866
cheap__v5__v5_gast_rbin0_opp_abs_qprod,2D descriptors,0.0011809495312172145,-0.00015041096538660466,0.0004838410176007499
mc3__xtb_mc3_xtb_q_O_abs_sum_mean,Three-conformer xTB,0.0011760288305184491,-5.648018469326731e-05,0.00048182498154631715
cheap__v3__rd3d_getaway_183,2D descriptors,0.0011746513418207192,0.0002242513308973069,0.0004812606174345365
single__xtb_qcov_planarity,Single-conformer xTB,0.001172129877102106,-3.561003818369395e-06,0.0004802275605400215
cheap__v3__gast3d_pos_neg_center_dist,2D descriptors,0.0011686413644753266,6.964596802530686e-05,0.0004787982992086636
cheap__v3__rd3d_getaway_116,2D descriptors,0.001167337285993292,-0.0001798077964191382,0.0004782640116348936
mc3__xtb_mc3_xtb_q_Br_mean_std,Three-conformer xTB,0.0011653471126636121,-0.00023076125828490327,0.00047744862751933223
mc3__xtb_mc3_xtb_abs_signed_charge_second_moment_std,Three-conformer xTB,0.0011642248149206906,-8.120246536462261e-05,0.0004769888164371207
mc3__xtb_mc3_xtb_abs_signed_charge_second_moment_mean,Three-conformer xTB,0.0011633288381852896,-0.00010423410461668429,0.00047662173022052667
cheap__v5__v5_gast_pair_absq_dist_mean,2D descriptors,0.001161331547967207,3.228279819798065e-05,0.0004758034302796604
cheap__v3__rd3d_getaway_018,2D descriptors,0.0011586831221736009,-0.00022185162936227314,0.000474718356788249
cheap__v3__rd3d_getaway_160,2D descriptors,0.001157643199044261,9.228757322648115e-06,0.0004742922950033667
atom3d__charge_min_boltz,Atom-resolved 3D,0.0011566907344599036,9.333989150456822e-05,0.0004739020654283152
cheap__v3__rd3d_getaway_045,2D descriptors,0.0011566764051502722,3.601671706866992e-05,0.0004738961946374217
cheap__v5__v5_gast_epair_N_O_absq,2D descriptors,0.0011551494738577983,-2.854953643624834e-05,0.0004732706031359834
mc3__xtb_mc3_xtb_qonly_dipole_debye_lowe,Three-conformer xTB,0.0011522690488427862,0.00011055913694934388,0.00047209047838590233
atom3d__signed_cov_eig2_mean,Atom-resolved 3D,0.001152224168037846,-0.00028619286197353823,0.0004720720904922973
mc3__xtb_mc3_xtb_q_min_std,Three-conformer xTB,0.001148848365480591,-0.0001250858010877284,0.00047068900704855515
cheap__v3__rd3d_whim_090,2D descriptors,0.0011486580816970277,-0.00016752327599731356,0.00047061104681652284
cheap__v5__v5_mmffq_rdf_4p5_abs,2D descriptors,0.0011484508999366886,8.227038525789427e-05,0.000470526163397629
cheap__v3__rd3d_getaway_214,2D descriptors,0.001147083696755648,0.00021447084462370688,0.00046996601331424667
mc3__xtb_mc3_xtb_full_minus_qonly_dipole_debye_min,Three-conformer xTB,0.0011420144918779264,-3.2514560507989754e-06,0.00046788913434386804
mc3__xtb_mc3_xtb_q_C_abs_sum_range,Three-conformer xTB,0.0011395452310252728,-6.993852207251649e-05,0.0004668774656382306
mc3__xtb_mc3_xtb_q_O_std_mean,Three-conformer xTB,0.0011374754920003452,4.821678238068275e-05,0.00046602948305343993
cheap__v3__rd3d_getaway_191,2D descriptors,0.0011357206116057348,0.0002677180650657012,0.00046531049964775554
mc3__xtb_mc3_xtb_q_C_sum_range,Three-conformer xTB,0.0011355844742166623,0.0001147657100652527,0.0004652547234684006
mc3__xtb_mc3_xtb_abs_charge_moment3_min,Three-conformer xTB,0.0011331309039749639,0.0004030413334705566,0.0004642494832857192
mc3__xtb_mc3_xtb_quad_eig3_mean,Three-conformer xTB,0.001124863716012421,3.784331409103226e-05,0.00046086237441209056
mc3__xtb_mc3_xtb_quad_eig3_lowe,Three-conformer xTB,0.0011234014971719098,-5.413828932296062e-05,0.00046026329593071064
mc3__xtb_mc3_xtb_quad_eig1_lowe,Three-conformer xTB,0.0011215683838681288,0.00024400271135038902,0.00045951226010501817
cheap__v3__rd3d_getaway_079,2D descriptors,0.001119206833818159,0.00019992270878462827,0.00045854472106199507
cheap__v4__v4_mmffq_q_N_abs_sum,2D descriptors,0.0011060450249012472,8.563934695197222e-05,0.00045315226113759724
mc3__xtb_mc3_xtb_abs_signed_charge_second_moment_max,Three-conformer xTB,0.0011050515318674677,-0.00013126902563994722,0.0004527452219985515
cheap__v3__rd3d_whim_012,2D descriptors,0.0011024957300720803,-6.030560348475584e-05,0.0004516980970293824
mc3__xtb_mc3_xtb_q_O_mean_range,Three-conformer xTB,0.001102380495397479,0.00011837767555106857,0.00045165088479825127
mc3__xtb_mc3_xtb_q_C_mean_std,Three-conformer xTB,0.0010968923764937862,-0.00021538114514904508,0.0004494023746249675
mc3__xtb_mc3_xtb_pair_abs_q_dist_sum_std,Three-conformer xTB,0.0010906591131825503,0.0004046995404781599,0.0004468485750054585
mc3__xtb_mc3_xtb_full_minus_qonly_dipole_debye_max,Three-conformer xTB,0.0010905476009166908,2.731194166886254e-05,0.00044680288786408444
cheap__v4__v4_mmffq3d_qcov_trace_max,2D descriptors,0.0010835978034278249,-0.00045333853487100514,0.0004439555205547752
cheap__v5__v5_mmffq_epair_C_F_dist_absq,2D descriptors,0.001081600952222803,-0.0001133137178771408,0.00044313740047978835
cheap__v3__rd3d_morse_121,2D descriptors,0.001079880630558478,-1.4375812208915958e-05,0.0004424325759613267
mc3__xtb_mc3_xtb_qonly_dipole_debye_min,Three-conformer xTB,0.0010738260088483927,8.97078404424026e-05,0.0004399519667126183
cheap__v3__rd3d_autocorr2d_044,2D descriptors,0.0010709644893502491,0.00025655289786636666,0.00043877958764876524
cheap__v3__rd3d_autocorr3d_043,2D descriptors,0.0010651064457299368,0.0003467010171905313,0.0004363795174412941
cheap__v5__v5_mmffq_pair_opp_dist_mean,2D descriptors,0.001064120851958102,-0.00019775022490911513,0.00043597571466996477
mc3__xtb_mc3_xtb_q_N_sum_range,Three-conformer xTB,0.0010641006511354842,1.0666061377893078e-05,0.00043596743829039616
cheap__v3__rd2d_SlogP_VSA12,2D descriptors,0.0010621306029028517,-0.00044013031854259866,0.00043516029952925283
atom3d__full_vector_resultant_ratio,Atom-resolved 3D,0.0010611546133806936,5.089908584173783e-05,0.0004347604316677686
single__xtb_qcov_anisotropy,Single-conformer xTB,0.0010552538648657525,7.001683701250832e-05,0.0004323428650481921
cheap__v3__rd3d_getaway_099,2D descriptors,0.001053347873810327,8.12030947766262e-06,0.0004315619708377135
single__xtb_qcov_eig2,Single-conformer xTB,0.0010503155178947375,-3.3003194245150417e-05,0.0004303195992264438
cheap__v5__v5_mmffq_epair_N_N_dist_absq,2D descriptors,0.0010492004305667543,-6.314592082473521e-05,0.00042986274228783356
mc3__xtb_mc3_xtb_qcov_eig2_min,Three-conformer xTB,0.0010484128793764853,0.00018011807682142137,0.00042954007856746304
mc3__xtb_mc3_xtb_abs_charge_moment1_lowe,Three-conformer xTB,0.0010463428961967444,0.00017862708197020314,0.0004286919959512059
mc3__xtb_mc3_xtb_qcov_planarity_min,Three-conformer xTB,0.0010444745792678794,4.4072224662105286e-05,0.0004279265370216181
mc3__xtb_mc3_xtb_q_O_mean_std,Three-conformer xTB,0.0010409399261138304,6.494347969181277e-05,0.00042647837168202223
mc3__xtb_mc3_xtb_full_minus_qonly_dipole_debye_lowe,Three-conformer xTB,0.001040337278121781,-2.798456047317902e-05,0.00042623146374055605
mc3__xtb_mc3_xtb_pair_same_q_dist_mean_range,Three-conformer xTB,0.001039028532110065,0.00016435573326012719,0.00042569526385618264
mc3__xtb_mc3_xtb_qcov_trace_std,Three-conformer xTB,0.0010387945816215584,-0.00035387135153684327,0.00042559941315347685
cheap__v5__v5_mmffq_rbin1_opp_abs_qprod,2D descriptors,0.0010352233564677109,-0.00015264951381874692,0.00042413626407991904
atom3d__q_vec_x_range,Atom-resolved 3D,0.001033763225542635,1.7689319520368107e-05,0.0004235380410280915
mc3__xtb_mc3_xtb_full_minus_qonly_dipole_debye_std,Three-conformer xTB,0.0010312024856706527,-0.000185635318101493,0.0004224888929038752
mc3__xtb_mc3_xtb_pair_abs_q_dist_sum_range,Three-conformer xTB,0.0010275442134444906,7.163974430616057e-05,0.0004209900802029273
mc3__xtb_mc3_xtb_q_N_sum_max,Three-conformer xTB,0.0010256987826208056,-0.00017646632074221142,0.00042023399782680474
cheap__v5__v5_mmffq_rdf_4p5_opp,2D descriptors,0.0010242084938274418,-0.0005251297952430336,0.00041962341894325416
cheap__v5__v5_mmffq_rdf_5p75_abs,2D descriptors,0.00102365714055551,0.0006502329198248554,0.00041939752670899923
cheap__v4__v4_mmffq_q_S_mean,2D descriptors,0.0010203613324595048,-0.00010339567012464956,0.00041804721740209405
mc3__xtb_mc3_xtb_q_range_min,Three-conformer xTB,0.0010091690937280224,0.00032597102373589724,0.0004134617003804738
atom3d__signed_cov_eig2_lowe,Atom-resolved 3D,0.0010089741752938436,-0.00021207584340849763,0.00041338184130855813
mc3__xtb_mc3_xtb_q_range_mean,Three-conformer xTB,0.001006909104960201,0.0006221188094488475,0.0004125357715102858
mc3__xtb_mc3_xtb_qcov_trace_range,Three-conformer xTB,0.0010050957468006987,-0.00030488100915749606,0.0004117928294674841
cheap__v5__v5_gast_epair_N_N_dist_absq,2D descriptors,0.0010023214175842114,6.083942737348934e-05,0.0004106561727046154
cheap__v4__v4_gast3d_dipole_y_abs_max,2D descriptors,0.0010018509126721057,-1.566803026349859e-05,0.00041046340445377854
mc3__xtb_mc3_xtb_pair_same_q_dist_mean_max,Three-conformer xTB,0.0009955519493035263,-0.00023455640911890582,0.0004078826871872735
cheap__v3__rd3d_getaway_148,2D descriptors,0.0009944116569526047,-0.00013903996472244736,0.00040741550362282124
mc3__xtb_mc3_xtb_quad_eig2_range,Three-conformer xTB,0.000992018802560566,-0.00016755527289696355,0.00040643513903194743
mc3__xtb_mc3_xtb_q_C_std_min,Three-conformer xTB,0.0009906647014146601,-4.8190209369387805e-05,0.00040588035691886746
mc3__xtb_mc3_xtb_full_minus_qonly_dipole_debye_mean,Three-conformer xTB,0.0009860341614579041,-7.255830748366943e-07,0.0004039832011933315
atom3d__full_q_dot_std,Atom-resolved 3D,0.000982502999889999,8.230703694886988e-05,0.00040253646637430256
cheap__v5__v5_mmffq_rbin7_heavy_abs_qprod,2D descriptors,0.0009818779281667493,0.0002365040800757117,0.00040228037131633773
cheap__v5__v5_mmffq_rbin4_abs_qprod,2D descriptors,0.0009812070877941654,5.240108832052827e-05,0.00040200552461041277
cheap__v5__v5_mmffq_rdf_3p5_opp,2D descriptors,0.0009769659482507817,0.00019421773944965453,0.0004002679082108851
cheap__v3__rd3d_autocorr2d_092,2D descriptors,0.0009752403866583886,0.00014667042741428704,0.0003995609368672954
cheap__v3__rd3d_getaway_196,2D descriptors,0.0009747761864962773,-4.9408773325595345e-05,0.000399370751704535
mc3__xtb_mc3_xtb_q_N_std_max,Three-conformer xTB,0.0009706419963555042,-1.8341080601393123e-05,0.0003976769530181467
mc3__xtb_mc3_xtb_qcov_eig1_mean,Three-conformer xTB,0.0009693524065541507,6.180604411901393e-05,0.00039714860153039825
single__xtb_q_min,Single-conformer xTB,0.0009677544680230109,0.0003515344002480724,0.0003964939180028361
mc3__xtb_mc3_xtb_qcov_anisotropy_mean,Three-conformer xTB,0.0009668727271499899,-0.00011507192578351499,0.00039613266429132236
derived__qmu_over_mu,Dipole-derived,0.000966109727555773,-8.682856433241683e-06,0.0003958200594844816
mc3__xtb_mc3_xtb_quad_anisotropy_max,Three-conformer xTB,0.0009581695854759711,-7.536281204752334e-06,0.0003925669429691415
cheap__v3__rd3d_getaway_136,2D descriptors,0.0009543644457995283,0.00016070672789667283,0.0003910079579282943
mc3__xtb_mc3_xtb_quad_eig2_std,Three-conformer xTB,0.0009501813151382537,2.6657686621386905e-07,0.0003892941080622278
mc3__xtb_mc3_xtb_q_O_std_min,Three-conformer xTB,0.0009495293690291668,-4.175225908899683e-05,0.00038902700243196735
mc3__xtb_mc3_xtb_q_N_sum_std,Three-conformer xTB,0.0009492498210010855,-4.349262531005451e-05,0.0003889124701858385
cheap__v5__v5_mmffq_rbin6_abs_qprod,2D descriptors,0.0009490664958627955,0.00019422312197444377,0.00038883736094609767
mc3__xtb_mc3_xtb_quad_eig1_range,Three-conformer xTB,0.0009485268026072817,4.4502278314012456e-05,0.00038861624587975703
cheap__v3__geom_radius_gyration,2D descriptors,0.0009468325326134333,0.00019859409857928052,0.0003879220948629315
mc3__xtb_mc3_xtb_quad_eig1_std,Three-conformer xTB,0.0009462532589457046,3.628703626856307e-06,0.00038768476350079087
mc3__xtb_mc3_xtb_qcov_eig3_max,Three-conformer xTB,0.0009456149521057974,3.379442650161519e-05,0.0003874232459483482
single__xtb_q_N_std,Single-conformer xTB,0.0009441320937978562,-0.00013651556091427347,0.00038681571137239343
cheap__v3__rd3d_autocorr3d_053,2D descriptors,0.0009414071261803987,-2.6506120281522056e-06,0.00038569927830721346
cheap__v4__v4_gast3d_abs_charge_moment3_mean,2D descriptors,0.0009376975738842408,0.00031234835653845354,0.00038417945590128364
cheap__v5__v5_mmffq_pair_opp_dist_std,2D descriptors,0.0009351967147024461,1.1356645917400209e-06,0.0003831548411997997
atom3d__quad_eig2_boltz,Atom-resolved 3D,0.0009347488063778122,0.00010027066320123914,0.00038297133088555335
cheap__v5__v5_mmffq_epair_C_F_signedq,2D descriptors,0.000934744217008117,0.0001354710100796438,0.000382969450597493
mc3__xtb_mc3_xtb_qcov_eig2_std,Three-conformer xTB,0.0009312498721150832,-0.0001564243928415942,0.00038153779975704525
mc3__xtb_mc3_xtb_q_O_sum_max,Three-conformer xTB,0.0009293421798911829,-1.6122499356340643e-05,0.00038075620856920715
cheap__v4__v4_mmffq3d_pos_neg_center_dist_min,2D descriptors,0.0009265676208346451,-0.00010693597142577663,0.000379619457639703
cheap__v3__rd3d_autocorr2d_026,2D descriptors,0.0009235593168202329,-0.0002054632112130863,0.00037838694021443645
cheap__v3__rd3d_morse_193,2D descriptors,0.0009188077784171648,2.7244954146492795e-05,0.00037644021081124175
cheap__v5__v5_mmffq_rbin5_opp_abs_qprod,2D descriptors,0.0009181421044549224,0.00013005856330148484,0.0003761674808098591
atom3d__q_vec_z_min,Atom-resolved 3D,0.000917193257744846,8.054966229714896e-05,0.0003757787334962654
mc3__xtb_mc3_xtb_qcov_anisotropy_max,Three-conformer xTB,0.0009143522580632788,0.00010608496087412291,0.000374614761505425
mc3__xtb_mc3_xtb_qcov_eig2_max,Three-conformer xTB,0.0009138623742900275,0.00010896789724725008,0.000374414053636807
cheap__v4__v4_gast3d_qcov_eig2_min,2D descriptors,0.0009134944138918391,-0.00013143046815120387,0.00037426329839385206
mc3__xtb_mc3_xtb_qonly_dipole_debye_range,Three-conformer xTB,0.000910087691482403,0.00013012584777793,0.000372867546929718
mc3__xtb_mc3_xtb_q_N_std_std,Three-conformer xTB,0.000908389023761902,-0.0001756713409772209,0.00037217159414195945
mc3__xtb_mc3_xtb_qcov_anisotropy_std,Three-conformer xTB,0.0009064089417480523,1.1248281825573163e-05,0.0003713603444897186
cheap__v4__v4_gast3d_abs_charge_weighted_rg_max,2D descriptors,0.0009062790844661455,-0.0002265606850950588,0.0003713071413021481
mc3__xtb_mc3_xtb_q_C_std_lowe,Three-conformer xTB,0.0009048313166498415,-5.3077638512821155e-05,0.0003707139834787412
mc3__xtb_mc3_xtb_q_C_abs_sum_min,Three-conformer xTB,0.000901448756423175,-2.8307830434995924e-05,0.0003693281313835384
single__xtb_q_O_abs_sum,Single-conformer xTB,0.0008977590861741499,-0.0007919233766955149,0.0003678164547532429
cheap__v5__v5_mmffq_rdf_3p5_same,2D descriptors,0.0008966278876635032,8.82334786339538e-05,0.0003673529969813129
mc3__xtb_mc3_xtb_quad_eig3_max,Three-conformer xTB,0.0008965179432200648,0.00018049757828100007,0.00036730795218474315
cheap__v5__v5_gast_epair_C_N_absq,2D descriptors,0.0008957477036580332,-0.0001327051315839629,0.00036699238112633764
cheap__v4__v4_mmffq_q_N_std,2D descriptors,0.0008952441716621238,2.150162020134742e-05,0.0003667860815116164
cheap__v4__v4_mmffq3d_dipole_per_abs_charge_mean,2D descriptors,0.0008950804912412587,1.0805054130818713e-05,0.0003667190208123238
cheap__v5__v5_mmffq_rdf_2p75_same,2D descriptors,0.0008930282246252437,0.00018872072861707902,0.0003658781967621569
mc3__xtb_mc3_xtb_q_std_std,Three-conformer xTB,0.0008856419086556209,8.070842781196321e-05,0.00036285198561545413
cheap__v3__rd3d_whim_066,2D descriptors,0.0008851638234956503,0.00017285040125058674,0.00036265611169858863
mc3__xtb_mc3_xtb_q_C_std_max,Three-conformer xTB,0.0008795420109670186,0.0001741496496750277,0.00036035282656852026
cheap__v5__v5_mmffq_rdf_2p75_opp,2D descriptors,0.0008767583188013825,-0.000556279172340603,0.00035921233375785764
mc3__xtb_mc3_xtb_quad_eig3_range,Three-conformer xTB,0.0008764509265230844,-4.8602220612837047e-05,0.00035908639358107376
mc3__xtb_mc3_xtb_quad_frobenius_std,Three-conformer xTB,0.0008747821774847273,-3.207874549248167e-05,0.0003584026986292609
cheap__v4__v4_mmffq_q_heavy_std,2D descriptors,0.0008742733318561172,-0.00019171762285017947,0.00035819422199224945
mc3__xtb_mc3_xtb_heavy_q_abs_sum_max,Three-conformer xTB,0.0008731103224224849,0.0001921843378608071,0.0003577177311236957
single__xtb_q_N_abs_sum,Single-conformer xTB,0.0008729708088296117,0.00028226863723459985,0.00035766057169650544
atom3d__quad_eig1_max,Atom-resolved 3D,0.0008699895706471138,5.339368952886949e-05,0.000356439143279964
mc3__xtb_mc3_xtb_q_S_sum_mean,Three-conformer xTB,0.0008693182345757471,0.00030720364034490273,0.0003561640934837315
single__xtb_qonly_dipole_debye,Single-conformer xTB,0.0008691588591940184,-1.4887906632866941e-05,0.0003560987965808261
cheap__v3__rd2d_NumHAcceptors,2D descriptors,0.0008667243650358536,-4.982190003765927e-05,0.0003551013719664012
cheap__v5__v5_mmffq_pair_absq_dist_mean,2D descriptors,0.0008662302447774962,-2.8952945822975045e-05,0.00035489892838833027
cheap__v5__v5_mmffq_topo1_opp_abs_qprod,2D descriptors,0.0008623282342745551,0.0004956554275371192,0.0003533002548781373
cheap__v5__v5_mmffq_pair_signed_qprod_sum,2D descriptors,0.0008611841722012347,-0.000589830446359671,0.0003528315268392826
mc3__xtb_mc3_xtb_q_N_abs_sum_std,Three-conformer xTB,0.0008607431607504134,-0.0002566120998458402,0.00035265084220924677
atom3d__charge_cov_eig2_mean,Atom-resolved 3D,0.0008591325154556088,0.00012143683032084845,0.0003519909526561099
cheap__v3__rd3d_whim_078,2D descriptors,0.0008561768270483939,4.0941637605129e-05,0.00035077999211219606
single__xtb_q_H_mean,Single-conformer xTB,0.0008557956016200704,-0.00023473992711843983,0.00035062380211905964
atom3d__pos_neg_center_dist_min,Atom-resolved 3D,0.0008515026627356993,7.810131075370496e-05,0.0003488649632665889
cheap__v5__v5_mmffq_pair_abs_qprod_heavy_sum,2D descriptors,0.0008469981255410918,-0.0003791041674608741,0.0003470194315123124
mc3__xtb_mc3_xtb_quad_anisotropy_min,Three-conformer xTB,0.0008448075051389458,4.896625625002425e-05,0.00034612192321366493
mc3__xtb_mc3_xtb_q_O_sum_mean,Three-conformer xTB,0.0008446701989111688,-5.191310852514976e-05,0.0003460656681551595
mc3__xtb_mc3_xtb_abs_charge_moment3_mean,Three-conformer xTB,0.0008418571766609333,2.8712930915496238e-05,0.00034491315865995304
cheap__v4__v4_mmffq3d_dipole_per_heavy_atom_max,2D descriptors,0.0008416899353747522,8.524383045983009e-05,0.00034484463905606503
mc3__xtb_mc3_xtb_q_S_mean_lowe,Three-conformer xTB,0.0008401017614212863,0.00032841717569184666,0.0003441939561255422
cheap__v5__v5_mmffq_rdf_2p25_same,2D descriptors,0.0008393169373876485,0.00042800090941334,0.0003438724097350869
mc3__xtb_mc3_xtb_quad_anisotropy_range,Three-conformer xTB,0.0008388482374572366,1.2202104864178299e-05,0.00034368038099441225
mc3__xtb_mc3_xtb_pair_same_q_dist_mean_mean,Three-conformer xTB,0.0008379421355787105,-0.00012707726735392862,0.0003433091464552833
single__xtb_q_C_sum,Single-conformer xTB,0.0008379055185253847,-0.0001643606810740427,0.00034329414426266254
mc3__xtb_mc3_xtb_q_max_range,Three-conformer xTB,0.0008229025187547411,-0.00016254353221703104,0.00033714733909935465
cheap__v3__rd3d_getaway_197,2D descriptors,0.0008218825516026239,-9.204833145276417e-06,0.00033672945337963973
mc3__xtb_mc3_xtb_abs_charge_moment3_std,Three-conformer xTB,0.0008199974691483385,-3.394934340063417e-05,0.0003359571255291831
cheap__v3__rd2d_VSA_EState6,2D descriptors,0.0008182436137562984,-0.00020570489329903259,0.0003352385620722548
mc3__xtb_mc3_xtb_q_C_abs_sum_std,Three-conformer xTB,0.0008086472011691729,-0.00011128556334632838,0.000331306863122609
mc3__xtb_mc3_xtb_q_C_abs_sum_lowe,Three-conformer xTB,0.0008082370682561226,0.00025216551731307334,0.00033113882958624163
mc3__xtb_mc3_xtb_q_H_mean_max,Three-conformer xTB,0.0008056713966396549,7.329077944689209e-05,0.0003300876609012754
cheap__v4__v4_mmffq_q_S_sum,2D descriptors,0.0008051100640154679,-8.134143532582584e-05,0.00032985768007574493
mc3__xtb_mc3_xtb_q_min_range,Three-conformer xTB,0.0007967832029838202,0.0002665867791183927,0.0003264461228427954
atom3d__quad_eig3_lowe,Atom-resolved 3D,0.0007936406570757329,-0.0001068633420653304,0.00032515860583225993
cheap__v5__v5_mmffq_topo2_abs_qprod,2D descriptors,0.0007934175432806925,9.615816592463832e-05,0.0003250671949778758
mc3__xtb_mc3_xtb_qcov_planarity_range,Three-conformer xTB,0.0007934058766052957,0.0001145540310803559,0.0003250624150817441
mc3__xtb_mc3_xtb_pair_opposite_q_dist_sum_range,Three-conformer xTB,0.000792372486824337,0.00022064320366802471,0.0003246390300428577
atom3d__pair_C_N_absqdist_lowe,Atom-resolved 3D,0.0007885660490538529,8.589397494106658e-05,0.00032307951316629254
atom3d__full_charge_dipole_cos_max,Atom-resolved 3D,0.0007876269257820027,-3.948945166999995e-05,0.00032269474959469756
mc3__xtb_mc3_xtb_abs_charge_moment1_min,Three-conformer xTB,0.0007876121145152942,0.00013573653988567148,0.00032268868134354307
mc3__xtb_mc3_xtb_q_H_mean_min,Three-conformer xTB,0.000785788081480774,-8.040280396845928e-05,0.0003219413657502594
mc3__xtb_mc3_xtb_q_O_sum_std,Three-conformer xTB,0.0007784072329131976,0.0001534324471584216,0.00031891739462592834
mc3__xtb_mc3_xtb_qcov_anisotropy_range,Three-conformer xTB,0.000766770318380922,5.5069600944546706e-05,0.00031414969167148805
cheap__v5__v5_mmffq_topo4_abs_qprod,2D descriptors,0.0007635327083588489,-7.640510557470422e-05,0.0003128232264108942
mc3__xtb_mc3_xtb_abs_charge_moment2_min,Three-conformer xTB,0.0007613792488335425,-0.0001226591446669021,0.0003119409431121216
atom3d__q_vec_x_max,Atom-resolved 3D,0.0007611323818990529,7.348085574781761e-05,0.00031183980047593094
cheap__v5__v5_mmffq_epair_N_O_signedq,2D descriptors,0.0007610161130508414,-0.0001320580149612859,0.0003117921645386221
single__xtb_q_H_sum,Single-conformer xTB,0.0007599564251026508,-0.00027628393864266717,0.00031135800500712777
mc3__xtb_mc3_xtb_qcov_planarity_max,Three-conformer xTB,0.0007596479068864577,-7.171717126336112e-05,0.00031123160352787284
mc3__xtb_mc3_xtb_q_H_sum_min,Three-conformer xTB,0.0007596202742417833,-1.2136509760925747e-05,0.00031122028229308265
single__xtb_q_Cl_mean,Single-conformer xTB,0.0007590097058464543,-0.0005694350751367346,0.0003109701293221878
mc3__xtb_mc3_xtb_q_Br_abs_sum_lowe,Three-conformer xTB,0.0007546869341305488,-0.0002204524515099081,0.00030919906780720193
atom3d__signed_cov_eig2_boltz,Atom-resolved 3D,0.0007539692035905213,-0.00023980540726466822,0.0003089050099616545
atom3d__charge_min_max,Atom-resolved 3D,0.00074989494855884,0.00014093803434877278,0.00030723576699369983
cheap__v3__rd3d_whim_083,2D descriptors,0.0007494185222852734,0.0001491841615754938,0.00030704057273101476
mc3__xtb_mc3_xtb_pair_abs_q_dist2_sum_range,Three-conformer xTB,0.0007485668510317716,-5.2033931642579565e-05,0.00030669163869525553
cheap__v4__v4_gast_q_F_sum,2D descriptors,0.0007470856432180531,-1.1743722054352279e-05,0.00030608478033516197
atom3d__quad_frobenius_lowe,Atom-resolved 3D,0.0007459312983015294,6.297969042944575e-05,0.0003056118393632498
cheap__v4__v4_gast3d_dipole_per_heavy_atom_max,2D descriptors,0.000744761099975755,-5.804258583814779e-05,0.00030513240316909355
mc3__xtb_mc3_xtb_q_H_std_mean,Three-conformer xTB,0.0007441072312988519,0.00012345172939645378,0.0003048645098530397
cheap__v3__rd3d_getaway_076,2D descriptors,0.0007402359271456913,-6.808023248500039e-05,0.0003032784168902213
mc3__xtb_mc3_xtb_q_O_std_lowe,Three-conformer xTB,0.0007373091147371227,-4.8653456401507235e-05,0.0003020792869895314
cheap__v5__v5_mmffq_rbin5_abs_qprod,2D descriptors,0.0007318230725499589,-0.0002901591467942751,0.00029983162765755123
single__xtb_q_C_mean,Single-conformer xTB,0.000726289522726883,-8.577298962137408e-05,0.00029756450420598263
single__xtb_q_N_sum,Single-conformer xTB,0.0007260748641833016,-0.0002177141351787914,0.00029747655751104126
cheap__v5__v5_mmffq_rdf_3p5_abs,2D descriptors,0.0007248714172529302,0.00015513611696517843,0.0002969834991948072
mc3__xtb_mc3_xtb_q_O_abs_sum_range,Three-conformer xTB,0.0007241382549774683,-2.0379106060044962e-05,0.0002966831188889186
mc3__xtb_mc3_xtb_qcov_eig3_mean,Three-conformer xTB,0.0007238341115161677,-9.591906260286971e-05,0.00029655850976895
cheap__v5__v5_mmffq_epair_N_O_absq,2D descriptors,0.0007228797765200261,-0.0002012185811544241,0.0002961675138766961
cheap__v5__v5_mmffq_rbin0_abs_qprod,2D descriptors,0.0007203754988729825,0.0003643589634981915,0.00029514149861264706
single__xtb_q_S_mean,Single-conformer xTB,0.0007203065787281103,-0.00012101320566153933,0.0002951132616794449
mc3__xtb_mc3_xtb_q_H_abs_sum_range,Three-conformer xTB,0.0007179246464530622,-9.288255390531666e-05,0.0002941373719353442
single__xtb_full_minus_qonly_dipole_debye,Single-conformer xTB,0.0007170780710878918,8.92533427545845e-06,0.0002937905257109018
mc3__xtb_mc3_xtb_pair_abs_q_dist2_sum_std,Three-conformer xTB,0.0007132836872836873,-1.171024147312477e-05,0.0002922359474055089
atom3d__quad_eig3_mean,Atom-resolved 3D,0.0007132045412106584,0.00017000727866408016,0.00029220352085763273
mc3__xtb_mc3_xtb_q_C_mean_range,Three-conformer xTB,0.0007129293949930586,-4.570495352380826e-05,0.0002920907920556023
mc3__xtb_mc3_xtb_total_energy_eh_mean,Three-conformer xTB,0.0007124573140767276,0.00028892544751886646,0.0002918973781078343
cheap__v5__v5_mmffq_coulomb_signed_d2_sum,2D descriptors,0.0007078181028275426,-0.0002206305274967057,0.0002899966697097735
mc3__xtb_mc3_xtb_qcov_eig3_range,Three-conformer xTB,0.0007010349129659952,-0.0001365379433813606,0.0002872175623910997
mc3__xtb_mc3_xtb_q_H_mean_mean,Three-conformer xTB,0.0006984226307349375,-0.0001332037963638231,0.0002861472971007341
mc3__xtb_mc3_xtb_q_S_mean_max,Three-conformer xTB,0.0006934523946654404,7.60781963817272e-05,0.00028411096615346427
mc3__xtb_mc3_xtb_q_range_max,Three-conformer xTB,0.0006913743822881791,0.0004257592151425877,0.00028325959393422575
mc3__xtb_mc3_xtb_q_H_abs_sum_std,Three-conformer xTB,0.0006902423866444573,3.4983336348466006e-05,0.0002827958095728285
mc3__xtb_mc3_xtb_q_N_std_mean,Three-conformer xTB,0.0006851962482049674,6.337438049466652e-05,0.00028072838103928183
mc3__xtb_mc3_xtb_abs_charge_weighted_rg_std,Three-conformer xTB,0.000683770149466213,0.00012972589800263658,0.00028014410114694224
mc3__xtb_mc3_xtb_q_C_abs_sum_mean,Three-conformer xTB,0.0006822722681046559,0.00024056747664988844,0.00027953041154966203
cheap__v4__v4_gast_q_S_mean,2D descriptors,0.0006791210921542076,-1.354332054590052e-06,0.000278239358766964
mc3__xtb_mc3_xtb_q_C_abs_sum_max,Three-conformer xTB,0.000674695429683414,3.037731120550781e-05,0.00027642614238741287
cheap__v5__v5_mmffq_rbin1_heavy_abs_qprod,2D descriptors,0.0006733654982002817,9.387709024052565e-05,0.0002758812627078598
mc3__xtb_mc3_xtb_qcov_eig3_std,Three-conformer xTB,0.000671339202855199,-0.00016809448685916898,0.0002750510792192276
cheap__v5__v5_mmffq_rdf_2p25_opp,2D descriptors,0.0006711672258791162,5.30342531967775e-05,0.0002749806193791478
cheap__v5__v5_mmffq_rbin0_opp_abs_qprod,2D descriptors,0.0006694408543980343,-2.104684562420714e-05,0.00027427331622005124
atom3d__q_mu_min,Atom-resolved 3D,0.0006642637381966011,-0.00018130079795165862,0.0002721522254325754
mc3__xtb_mc3_xtb_abs_charge_moment3_max,Three-conformer xTB,0.0006622474200285616,-0.00039422927014635094,0.0002713261296440233
mc3__xtb_mc3_xtb_q_Br_mean_max,Three-conformer xTB,0.0006574029052927238,-0.0002482980229594785,0.00026934130736533233
mc3__xtb_mc3_xtb_q_H_abs_sum_mean,Three-conformer xTB,0.0006568078460346245,4.922361660427302e-05,0.000269097508566687
mc3__xtb_mc3_xtb_qcov_trace_lowe,Three-conformer xTB,0.0006527256896646213,0.00021492938889364034,0.0002674250283803136
cheap__v4__v4_mmffq_q_N_sum,2D descriptors,0.0006498774781351774,0.00022175993060090393,0.00026625810165878985
mc3__xtb_mc3_xtb_abs_charge_moment3_range,Three-conformer xTB,0.000648883788230504,-4.498470912737113e-05,0.00026585098186073956
mc3__xtb_mc3_xtb_pair_opposite_q_dist_mean_max,Three-conformer xTB,0.0006462513614926612,1.7895507759503238e-06,0.00026477246326368786
single__xtb_q_H_abs_sum,Single-conformer xTB,0.0006448002446993101,-0.00046670030261874746,0.00026417793334738494
atom3d__quad_frobenius_max,Atom-resolved 3D,0.0006441717235051266,5.55473066709084e-05,0.00026392042502366856
mc3__xtb_mc3_xtb_abs_charge_moment1_mean,Three-conformer xTB,0.0006431246174554721,0.00028170054900184763,0.00026349142035987183
cheap__v5__v5_mmffq_rbin1_abs_qprod,2D descriptors,0.0006385575919129528,2.0622415300338807e-05,0.00026162028681225646
cheap__v3__rd2d_SlogP_VSA1,2D descriptors,0.000637968428109027,8.755487413533314e-07,0.00026137890341111213
mc3__xtb_mc3_xtb_q_S_sum_max,Three-conformer xTB,0.0006374304881702554,0.0001657657064619592,0.0002611585066875409
mc3__xtb_mc3_xtb_q_H_sum_std,Three-conformer xTB,0.0006350472490592779,-1.7600701069095146e-05,0.00026018208152612626
mc3__xtb_mc3_xtb_q_P_abs_sum_max,Three-conformer xTB,0.0006317249533901272,0.00021495001344994888,0.0002588209201260488
atom3d__quad_eig1_min,Atom-resolved 3D,0.0006316217287350088,3.9112444765798485e-05,0.0002587786284608644
mc3__xtb_mc3_xtb_q_std_range,Three-conformer xTB,0.000627286186781288,-4.778931010394876e-05,0.00025700233491462207
cheap__v3__rd3d_whim_113,2D descriptors,0.0006243104788188048,7.211471613717131e-05,0.0002557831722572928
cheap__v5__v5_gast_epair_C_F_signedq,2D descriptors,0.0006242544964945235,-1.3592040968176828e-05,0.0002557602360148608
mc3__xtb_mc3_xtb_q_H_std_max,Three-conformer xTB,0.00062359798437234,5.996872932995284e-05,0.00025549125966585706
mc3__xtb_mc3_xtb_q_H_mean_lowe,Three-conformer xTB,0.0006204393788213889,-5.746028028112642e-05,0.0002541971629381194
single__xtb_pair_opposite_q_dist_mean,Single-conformer xTB,0.0006111685987564572,-1.570030471936314e-05,0.0002503988772857715
mc3__xtb_mc3_xtb_q_Br_mean_lowe,Three-conformer xTB,0.0006109665980884251,-0.00015954427241999058,0.0002503161165866958
cheap__v4__v4_gast3d_dipole_norm_mean,2D descriptors,0.0006069587602906209,3.481844176515441e-05,0.00024867408509660354
mc3__xtb_mc3_xtb_q_N_std_min,Three-conformer xTB,0.0006069144974335987,-0.00010385786126701954,0.0002486559503793972
mc3__xtb_mc3_xtb_q_N_sum_min,Three-conformer xTB,0.0006062632975128758,-0.00028980986548988855,0.00024838915046629736
cheap__v5__v5_mmffq_rdf_1p75_opp,2D descriptors,0.0006041749028255029,6.076831352451325e-05,0.0002475335245619041
single__xtb_heavy_q_std,Single-conformer xTB,0.0005979919648803765,-3.834414424860749e-05,0.00024500034350034865
mc3__xtb_mc3_xtb_abs_charge_moment2_lowe,Three-conformer xTB,0.0005977746604994377,3.888373565913653e-05,0.00024491131279241133
mc3__xtb_mc3_xtb_quad_eig3_std,Three-conformer xTB,0.0005973634483337268,4.642834951140463e-05,0.00024474283708075047
mc3__xtb_mc3_xtb_pair_abs_q_dist2_sum_min,Three-conformer xTB,0.0005963959503118613,-0.00012571854349250348,0.0002443464482300401
single__xtb_abs_charge_moment3,Single-conformer xTB,0.0005953817615150483,-3.3914900871775006e-05,0.00024393092993182502
atom3d__quad_eig2_lowe,Atom-resolved 3D,0.0005952166365316572,2.4895765182909905e-05,0.00024386327738793275
cheap__v3__rd3d_autocorr2d_010,2D descriptors,0.0005925541833634128,-0.00010144118043676284,0.00024277245680992722
cheap__v5__v5_mmffq_topo1_abs_qprod,2D descriptors,0.0005861968794363814,3.1198875115753006e-06,0.00024016783712047977
atom3d__pos_neg_center_dist_mean,Atom-resolved 3D,0.0005798659360839682,0.00012689209264756893,0.00023757401749226323
atom3d__signed_cov_eig2_min,Atom-resolved 3D,0.0005772083694382384,4.991570873075642e-05,0.00023648519894733662
single__xtb_abs_charge_moment1,Single-conformer xTB,0.0005764054920185843,-0.00019822322324105783,0.0002361562559929889
mc3__xtb_mc3_xtb_q_N_abs_sum_range,Three-conformer xTB,0.0005741157593584926,-3.482893414842237e-05,0.00023521814089915374
cheap__v5__v5_mmffq_epair_N_N_signedq,2D descriptors,0.0005736251108895262,0.00021872534477472704,0.0002350171197308196
mc3__xtb_mc3_xtb_q_F_mean_max,Three-conformer xTB,0.0005702988625667845,9.56424943505171e-05,0.00023365433890850168
mc3__xtb_mc3_xtb_q_H_sum_mean,Three-conformer xTB,0.000569880921303352,-0.00012789172139922374,0.0002334831062513465
mc3__xtb_mc3_xtb_q_H_sum_lowe,Three-conformer xTB,0.0005694461738199983,0.00013832632407872322,0.00023330498800057885
atom3d__pos_neg_center_dist_boltz,Atom-resolved 3D,0.000567038283251096,-1.007669796739091e-05,0.00023231846301171834
atom3d__full_charge_dipole_cos_min,Atom-resolved 3D,0.0005653306846052115,-1.015743747745737e-05,0.00023161885117849556
single__xtb_pair_abs_q_dist2_sum,Single-conformer xTB,0.0005640554377227437,7.127513956816258e-05,0.00023109637605742126
single__xtb_abs_charge_weighted_rg,Single-conformer xTB,0.0005587746913330885,-0.00012376980950101123,0.00022893282745578984
mc3__xtb_mc3_xtb_q_H_sum_range,Three-conformer xTB,0.0005583668342625962,-0.0001004788043074805,0.00022876572634367097
cheap__v4__v4_gast3d_qcov_trace_lowE,2D descriptors,0.0005577460479400352,-0.0002666498984388571,0.0002285113870361216
mc3__xtb_mc3_xtb_abs_charge_moment2_range,Three-conformer xTB,0.000556439570557987,7.522791583428326e-05,0.00022797611662083887
mc3__xtb_mc3_xtb_qonly_dipole_debye_std,Three-conformer xTB,0.0005548399466257626,6.313708391068548e-05,0.00022732074257589708
cheap__v4__v4_mmffq3d_pair_abs_q_dist2_sum_mean,2D descriptors,0.0005525050401211326,9.687596843708856e-05,0.00022636411952864594
cheap__v5__v5_mmffq_coulomb_signed_sum,2D descriptors,0.0005449635229619576,0.0001264883886521044,0.00022327432166676118
cheap__v3__rd3d_getaway_000,2D descriptors,0.0005445472476886719,0.00015968138598481253,0.00022310377157422595
atom3d__full_charge_dipole_cos_mean,Atom-resolved 3D,0.0005384869679108613,-9.929637538539584e-05,0.00022062084418644935
single__xtb_q_P_sum,Single-conformer xTB,0.0005344230844328427,-0.00014205622402499503,0.00021895585049667776
cheap__v4__v4_mmffq_q_F_abs_sum,2D descriptors,0.0005337787788627578,-4.863387994639551e-05,0.00021869187523403092
atom3d__quad_eig2_mean,Atom-resolved 3D,0.0005327277449584192,-3.863999922141379e-06,0.00021826126130823178
cheap__v4__v4_mmffq3d_dipole_y_abs_min,2D descriptors,0.0005310879610420029,2.332153514636743e-05,0.000217589433513909
mc3__xtb_mc3_xtb_q_C_sum_min,Three-conformer xTB,0.0005308030926797776,7.887019053061083e-05,0.00021747272149987462
cheap__v5__v5_mmffq_rdf_1p75_abs,2D descriptors,0.0005303289661764245,-4.569536782325271e-05,0.00021727846946471998
mc3__xtb_mc3_xtb_q_C_mean_lowe,Three-conformer xTB,0.000515585270675143,-3.7852513948056825e-05,0.0002112379025768336
cheap__v4__v4_mmffq_q_heavy_abs_sum,2D descriptors,0.0005138281192542035,-6.249003359305623e-05,0.00021051798872013418
mc3__xtb_mc3_xtb_q_N_sum_mean,Three-conformer xTB,0.0005129063823698671,-0.00015968213157557392,0.0002101403484397593
cheap__v3__rd2d_fr_NH1,2D descriptors,0.00051164997718625,-6.002491536176929e-05,0.0002096255928583471
cheap__v4__v4_gast3d_signed_charge_second_moment_min,2D descriptors,0.000510432903200983,1.506498223978223e-05,0.00020912695146854947
mc3__xtb_mc3_xtb_q_C_mean_min,Three-conformer xTB,0.0005099509972328781,-6.787401837691095e-05,0.00020892951214719643
mc3__xtb_mc3_xtb_pair_opposite_q_dist_mean_lowe,Three-conformer xTB,0.0005099177226871286,-2.927143167688485e-05,0.00020891587939689672
mc3__xtb_mc3_xtb_q_P_mean_lowe,Three-conformer xTB,0.0005039617786845147,0.0003099154385905836,0.00020647569890584088
cheap__v5__v5_mmffq_epair_C_N_absq,2D descriptors,0.0005032353923924387,0.0001278615756759648,0.00020617809475474136
mc3__xtb_mc3_xtb_heavy_q_std_mean,Three-conformer xTB,0.0005029293393137795,-0.00020836742783022358,0.00020605270325484745
atom3d__mu_difference_max,Atom-resolved 3D,0.0005018481598920678,0.00021451722247083562,0.00020560973855755782
mc3__xtb_mc3_xtb_q_C_mean_max,Three-conformer xTB,0.0005015767314877503,-1.3536753052201006e-05,0.00020549853296250128
mc3__xtb_mc3_xtb_qcov_trace_max,Three-conformer xTB,0.0005004999993840773,-0.00017078763798432484,0.0002050573903539873
atom3d__quad_eig2_std,Atom-resolved 3D,0.0004976611666123502,-5.525532997821713e-05,0.00020389430615710795
mc3__xtb_mc3_xtb_pair_same_q_dist_mean_lowe,Three-conformer xTB,0.0004974542097375252,-0.00016417744828332287,0.00020380951487495083
atom3d__mu_difference_boltz,Atom-resolved 3D,0.0004972807506003955,-6.332962844439284e-06,0.00020373844778596653
cheap__v4__v4_mmffq3d_pair_same_q_dist_sum_mean,2D descriptors,0.0004953599759758387,-1.8322649047060314e-05,0.00020295149667217134
single__xtb_qcov_trace,Single-conformer xTB,0.0004943051739168587,-0.0003124024772787731,0.00020251933891428798
mc3__xtb_mc3_xtb_q_S_mean_mean,Three-conformer xTB,0.0004941011029884338,6.413704745597373e-05,0.0002024357300190204
mc3__xtb_mc3_xtb_q_P_mean_max,Three-conformer xTB,0.0004924400822802848,0.0002049463838519989,0.00020175520140332386
single__xtb_heavy_q_abs_sum,Single-conformer xTB,0.0004910065927381226,-5.370743801226092e-05,0.00020116789346131137
cheap__v4__v4_mmffq3d_abs_charge_moment3_max,2D descriptors,0.0004907450654200343,-9.172094132424297e-05,0.00020106074439154222
atom3d__quad_eig1_boltz,Atom-resolved 3D,0.0004901982224353043,6.805785679121575e-06,0.0002008367000448487
single__xtb_n_atoms,Single-conformer xTB,0.0004861333564983584,-0.0001286916238889734,0.0001991713038366675
atom3d__charge_min_mean,Atom-resolved 3D,0.00048432373617997336,0.00010493337791799622,0.00019842989320634533
cheap__v3__rd2d_NumAmideBonds,2D descriptors,0.00048228164914712634,0.00022522936004375297,0.00019759323978307532
atom3d__q_vec_y_max,Atom-resolved 3D,0.00048139298202959336,1.8040084775752296e-05,0.00019722914835402643
cheap__v5__v5_mmffq_rdf_2p25_abs,2D descriptors,0.00047848115576880975,7.365275587930991e-05,0.00019603615835415573
mc3__xtb_mc3_xtb_q_N_sum_lowe,Three-conformer xTB,0.00047827212059278306,-3.584730080261299e-05,0.0001959505155814465
cheap__v5__v5_gast_epair_N_N_absq,2D descriptors,0.0004778782834774152,-0.0001245845984598069,0.00019578915851610932
mc3__xtb_mc3_xtb_abs_charge_moment2_mean,Three-conformer xTB,0.00047573250378291125,0.0002280764873781138,0.00019491002168300035
atom3d__q_vector_resultant,Atom-resolved 3D,0.00047300614430217746,-1.2329423269679538e-05,0.00019379301836437075
mc3__xtb_mc3_xtb_q_Br_abs_sum_mean,Three-conformer xTB,0.0004589381757209171,-3.482585757968645e-05,0.00018802930022569916
mc3__xtb_mc3_xtb_q_S_mean_min,Three-conformer xTB,0.00045776024644678787,0.00018141443576747375,0.00018754669662275858
mc3__xtb_mc3_xtb_pair_opposite_q_dist_mean_min,Three-conformer xTB,0.0004564963878064292,-9.24300628596812e-05,0.00018702888732228463
mc3__xtb_mc3_xtb_heavy_q_std_max,Three-conformer xTB,0.00045579519440289975,0.00010610382806568713,0.00018674160482550517
cheap__v5__v5_mmffq_epair_C_N_count,2D descriptors,0.0004546067475386061,-0.00016920436295777156,0.0001862546921124855
mc3__xtb_mc3_xtb_abs_charge_moment1_max,Three-conformer xTB,0.0004545518990454589,7.607788507565287e-05,0.00018623222040642465
mc3__xtb_mc3_xtb_q_range_lowe,Three-conformer xTB,0.0004540491055149324,3.306389760214265e-05,0.00018602622334471934
atom3d__pair_C_N_same_absqdist_std,Atom-resolved 3D,0.0004521636664117011,2.59839387878323e-06,0.00018525374937337918
atom3d__q_vec_x_min,Atom-resolved 3D,0.00045068879574626275,-1.1924020909552282e-05,0.00018464948737510422
mc3__xtb_mc3_xtb_q_H_abs_sum_max,Three-conformer xTB,0.000450534998995297,0.00017911260750895676,0.00018458647606554024
cheap__v5__v5_mmffq_rdf_1p25_opp,2D descriptors,0.0004494744533197358,-8.49544008685799e-06,0.00018415196511878818
mc3__xtb_mc3_xtb_abs_charge_moment2_std,Three-conformer xTB,0.00044778152253306403,-0.00013305315698707793,0.00018345836278194094
mc3__xtb_mc3_xtb_abs_charge_weighted_rg_range,Three-conformer xTB,0.0004467872963487183,6.35661691415912e-05,0.00018305102326738663
mc3__xtb_mc3_xtb_q_std_max,Three-conformer xTB,0.0004458237844671533,0.00017064555658505894,0.0001826562675585916
mc3__xtb_mc3_xtb_q_Br_abs_sum_max,Three-conformer xTB,0.0004444788946179818,-0.00015133327212665996,0.00018210525936054154
single__xtb_q_std,Single-conformer xTB,0.00044376280052408387,2.318844279876833e-05,0.00018181187197528016
cheap__v4__v4_mmffq_q_F_mean,2D descriptors,0.0004422088746415291,3.675042698445893e-05,0.00018117522065325755
mc3__xtb_mc3_xtb_pair_opposite_q_dist_mean_mean,Three-conformer xTB,0.0004419352753584809,1.0508525244217459e-05,0.00018106312563816537
mc3__xtb_mc3_xtb_q_C_sum_max,Three-conformer xTB,0.00043707023443003855,2.4752015618330166e-05,0.00017906989367417057
cheap__v5__v5_mmffq_rdf_2p75_abs,2D descriptors,0.00043160292832044163,-0.00013292870165622383,0.00017682991060827643
atom3d__pair_C_N_absqdist_mean,Atom-resolved 3D,0.0004282674362367934,0.0001158014102156874,0.00017546334257019253
single__xtb_pair_abs_q_dist_sum,Single-conformer xTB,0.0004249544207955744,5.470155780116781e-05,0.0001741059833266064
cheap__v4__v4_mmffq3d_dipole_x_abs_mean,2D descriptors,0.0004219541715223141,-3.58961870842185e-05,0.0001728767659696767
mc3__xtb_mc3_xtb_q_S_sum_min,Three-conformer xTB,0.0004219428852805292,-3.819410154253096e-05,0.00017287214193912692
atom3d__charge_cov_eig1_boltz,Atom-resolved 3D,0.0004195456053323784,7.353059042220328e-05,0.00017188996417544925
mc3__xtb_mc3_xtb_q_N_std_lowe,Three-conformer xTB,0.0004189829702763844,4.736206457507491e-05,0.00017165944973699613
atom3d__quad_eig3_min,Atom-resolved 3D,0.00041804629055843066,0.00016468716585914557,0.00017127568730183635
atom3d__quad_eig1_mean,Atom-resolved 3D,0.0004090087061234069,6.374644710983052e-05,0.0001675729430827946
cheap__v4__v4_gast3d_abs_signed_charge_second_moment_mean,2D descriptors,0.00040885752655751747,9.556656086557534e-06,0.0001675110040472416
mc3__xtb_mc3_xtb_pair_abs_q_dist2_sum_max,Three-conformer xTB,0.00040873108472436724,0.00013268464462910418,0.00016745920018636394
atom3d__pair_C_N_same_absqdist_lowe,Atom-resolved 3D,0.0004080838634286476,6.742208692146054e-05,0.00016719403033612392
cheap__v4__v4_gast3d_dipole_x_abs_mean,2D descriptors,0.0004078494181648464,-2.086308642554766e-05,0.00016709797692146842
cheap__v5__v5_mmffq_coulomb_same_sum,2D descriptors,0.00040557897224218956,4.556109925464619e-05,0.0001661677637018624
mc3__xtb_mc3_xtb_q_H_abs_sum_min,Three-conformer xTB,0.00040347264043699905,-0.00011587847799472443,0.00016530478886924804
cheap__v4__v4_mmffq3d_dipole_heavy_norm_min,2D descriptors,0.00039731122533736386,9.390999268774672e-06,0.00016278042582674323
mc3__xtb_mc3_xtb_q_C_sum_lowe,Three-conformer xTB,0.0003972679170168668,3.0220199835768998e-05,0.00016276268218799666
cheap__v5__v5_mmffq_rdf_1p25_abs,2D descriptors,0.00039624377199194027,-0.0002485907400450917,0.00016234308477258426
mc3__xtb_mc3_xtb_pair_abs_q_dist2_sum_lowe,Three-conformer xTB,0.0003958420862246478,2.8475655396350563e-06,0.00016217851207471273
cheap__v3__mol_logp,2D descriptors,0.000395688187773046,-2.2432465163047097e-05,0.00016211545909788195
cheap__v4__v4_mmffq_q_std,2D descriptors,0.00039509898864116457,-3.229282317956166e-05,0.00016187406122269488
single__xtb_q_abs_sum,Single-conformer xTB,0.0003946986007397383,3.7562557218637315e-06,0.00016171002026705688
mc3__xtb_mc3_xtb_pair_abs_q_dist2_sum_mean,Three-conformer xTB,0.00039378564689253526,-5.369312543361547e-05,0.0001613359784415794
atom3d__full_charge_dipole_cos_lowe,Atom-resolved 3D,0.0003930379450512041,-2.8369691760260825e-05,0.00016102964120174942
mc3__xtb_mc3_xtb_qcov_trace_min,Three-conformer xTB,0.0003925287027590703,5.2941992412045134e-05,0.0001608210020496788
cheap__v4__v4_mmffq3d_dipole_z_abs_min,2D descriptors,0.0003917437184548126,4.379155789710229e-05,0.0001604993899955369
mc3__xtb_mc3_xtb_q_N_std_range,Three-conformer xTB,0.0003889291030768729,-2.605357211962238e-05,0.00015934622778782307
cheap__v4__v4_mmffq3d_pair_same_q_dist_mean_mean,2D descriptors,0.00038835385870482987,6.603289810920818e-06,0.00015911054724857806
atom3d__quad_frobenius_std,Atom-resolved 3D,0.0003850676622248885,1.9613021808857732e-05,0.00015776417586956407
single__xtb_q_P_mean,Single-conformer xTB,0.00038497459672161044,0.00017282946349293874,0.00015772604646045786
mc3__xtb_mc3_xtb_pair_opposite_q_dist_sum_max,Three-conformer xTB,0.00038334212822521967,-8.953087729405331e-05,0.0001570572158308536
cheap__v5__v5_mmffq_pair_same_dist_wsum,2D descriptors,0.0003823146335906277,7.351770301932233e-05,0.0001566362460633582
cheap__v4__v4_mmffq3d_qcov_eig2_lowE,2D descriptors,0.00038053886062282727,5.4016140703063444e-05,0.00015590870286438436
mc3__xtb_mc3_xtb_heavy_q_std_lowe,Three-conformer xTB,0.00037802961409969486,0.00017495648143329558,0.00015488065182657905
atom3d__charge_min_lowe,Atom-resolved 3D,0.00037549763341118605,3.402328254953429e-05,0.00015384328648581733
atom3d__pair_C_N_opposite_absqdist_mean,Atom-resolved 3D,0.0003732040461160595,0.00013168467221162411,0.00015290359212844173
mc3__xtb_mc3_xtb_q_N_abs_sum_max,Three-conformer xTB,0.0003728298265481628,0.00011817155093215458,0.00015275027247188482
cheap__v5__v5_mmffq_epair_C_F_absq,2D descriptors,0.00037202136166714154,-5.218655678333819e-05,0.0001524190403062523
cheap__v4__v4_mmffq3d_qcov_eig3_min,2D descriptors,0.0003719820713854575,7.421623410502703e-05,0.00015240294287840352
atom3d__full_q_dot_min,Atom-resolved 3D,0.00036993544611609063,1.83234031837657e-05,0.0001515644301165946
atom3d__quad_eig3_max,Atom-resolved 3D,0.00036988735946413706,1.0900198597055734e-05,0.00015154472877119482
cheap__v5__v5_mmffq_coulomb_abs_d2_sum,2D descriptors,0.0003694747083959113,-2.9515551942073976e-05,0.00015137566353386957
mc3__xtb_mc3_xtb_abs_charge_weighted_rg_min,Three-conformer xTB,0.00036892823709937185,0.0001131423752132864,0.00015115177146971445
mc3__xtb_mc3_xtb_abs_charge_moment2_max,Three-conformer xTB,0.0003644051873046831,-1.8167400911881747e-05,0.00014929865500921217
cheap__v4__v4_mmffq3d_abs_signed_charge_second_moment_mean,2D descriptors,0.000364114376289145,-5.324798513379779e-05,0.0001491795082599498
mc3__xtb_mc3_xtb_abs_charge_weighted_rg_mean,Three-conformer xTB,0.00036384343899155505,-4.201778038842965e-05,0.00014906850387381247
atom3d__pair_C_N_opposite_absqdist_lowe,Atom-resolved 3D,0.00036341962667936104,0.00014846779250198407,0.00014889486581817744
atom3d__q_vec_z_max,Atom-resolved 3D,0.00036221994879570525,-7.854647050529367e-06,0.0001484033516995149
mc3__xtb_mc3_xtb_q_Cl_mean_mean,Three-conformer xTB,0.0003592588147431127,-0.0001614108439466815,0.00014719016004704702
mc3__xtb_mc3_xtb_q_P_mean_min,Three-conformer xTB,0.00035621784202118935,0.00016757789142528455,0.0001459442580864823
atom3d__full_charge_dipole_cos_boltz,Atom-resolved 3D,0.00035562510182417787,-9.454026133615058e-05,0.00014570140941893653
atom3d__quad_eig2_range,Atom-resolved 3D,0.0003538956508590598,-3.131207915231769e-05,0.00014499284457959843
mc3__xtb_mc3_xtb_q_C_mean_mean,Three-conformer xTB,0.00035355831273343867,0.00010442694809481283,0.00014485463543715705
atom3d__quad_eig1_std,Atom-resolved 3D,0.0003517473214168744,-2.005826313349186e-07,0.0001441126631019215
atom3d__pos_neg_center_dist_lowe,Atom-resolved 3D,0.00035154802800028024,-7.330590429315421e-05,0.00014403101157750228
mc3__xtb_mc3_xtb_q_F_std_min,Three-conformer xTB,0.00035086602247831475,-2.890926242335252e-05,0.00014375159045319988
cheap__v4__v4_mmffq3d_pair_opposite_q_dist_sum_lowE,2D descriptors,0.00035076439097244565,-7.670754963279447e-05,0.0001437099515093499
cheap__v4__v4_gast3d_abs_charge_moment1_mean,2D descriptors,0.00034832915677813814,-6.343803754945938e-05,0.00014271222369836086
atom3d__q_vec_x_std,Atom-resolved 3D,0.0003475913041102055,5.9925187713264305e-05,0.00014240992171486797
cheap__v4__v4_mmffq3d_signed_charge_second_moment_mean,2D descriptors,0.0003449186001466325,5.058199803705667e-05,0.0001413149013339819
mc3__xtb_mc3_xtb_q_O_sum_range,Three-conformer xTB,0.00034052113512893293,3.160693522442655e-05,0.00013951323759409754
mc3__xtb_mc3_xtb_q_H_sum_max,Three-conformer xTB,0.0003398508329003496,-4.407188711685324e-05,0.00013923861136850134
mc3__xtb_mc3_xtb_heavy_q_abs_sum_min,Three-conformer xTB,0.00033822905455951674,0.00011722347072857382,0.00013857416054989383
atom3d__full_q_dot_max,Atom-resolved 3D,0.0003330905595656967,-0.00010199589741365042,0.0001364688930672236
mc3__xtb_mc3_xtb_q_N_abs_sum_lowe,Three-conformer xTB,0.0003321758144566969,-2.5259027652996978e-05,0.0001360941173526953
mc3__xtb_mc3_xtb_q_neg_sum_range,Three-conformer xTB,0.00033062465416743676,4.586573677430377e-06,0.00013545859910828404
mc3__xtb_mc3_xtb_heavy_q_abs_sum_mean,Three-conformer xTB,0.00032958144429588146,8.516826758706914e-05,0.0001350311907284321
atom3d__pair_C_N_same_absqdist_mean,Atom-resolved 3D,0.0003294746105126364,3.982226821867045e-05,0.0001349874203851337
atom3d__full_q_dot_range,Atom-resolved 3D,0.0003272801920632135,-7.903133079986775e-05,0.00013408835600723748
mc3__xtb_mc3_xtb_heavy_q_std_min,Three-conformer xTB,0.0003258950046476311,2.2427890222683893e-05,0.00013352083769167295
mc3__xtb_mc3_xtb_q_C_sum_mean,Three-conformer xTB,0.00032536493190883506,2.560955263704154e-05,0.0001333036641998666
atom3d__mu_difference_range,Atom-resolved 3D,0.0003252944310383253,1.7523954620596864e-05,0.00013327477963534672
cheap__v4__v4_gast3d_abs_charge_weighted_rg_min,2D descriptors,0.0003175975183819266,-0.0001586844367037137,0.00013012131544944065
cheap__v4__v4_mmffq3d_pair_opposite_q_dist_mean_mean,2D descriptors,0.00031647123732988244,-3.0943630252745546e-05,0.00012965987238526178
cheap__v5__v5_gast_epair_N_N_signedq,2D descriptors,0.0003160833598836306,-0.00012045273993515726,0.0001295009570266135
single__xtb_q_F_sum,Single-conformer xTB,0.0003155179206608798,3.9896624561138374e-05,0.00012926929370680584
mc3__xtb_mc3_xtb_q_P_mean_mean,Three-conformer xTB,0.00031429278399675915,0.00015134915888026363,0.00012876734899655462
mc3__xtb_mc3_xtb_q_neg_sum_std,Three-conformer xTB,0.00031375819694520415,3.725757417443529e-05,0.00012854832596789566
atom3d__q_vec_y_min,Atom-resolved 3D,0.0003104713937634083,1.863931174282265e-06,0.00012720170602005223
cheap__v3__rd2d_fr_C_O,2D descriptors,0.0003103724087349891,-2.1206753668213213e-05,0.00012716115135144734
atom3d__quad_eig2_max,Atom-resolved 3D,0.0003099102369542234,-1.2157189451023319e-05,0.00012697179722682056
atom3d__charge_cov_eig1_min,Atom-resolved 3D,0.00030863852574633,-5.572553055925116e-05,0.00012645077068956694
cheap__v4__v4_mmffq3d_dipole_per_heavy_atom_min,2D descriptors,0.00030601997664769136,5.7769375180657885e-05,0.00012537793783174196
cheap__v4__v4_gast_q_S_sum,2D descriptors,0.0003057742723827763,1.7332107640922095e-05,0.00012527727154717784
atom3d__mu_difference_lowe,Atom-resolved 3D,0.0003054815686260775,-2.0026104041750964e-05,0.00012515734933225413
mc3__xtb_mc3_xtb_q_F_std_std,Three-conformer xTB,0.00030255059012963224,6.933316358076651e-05,0.00012395651256421348
mc3__xtb_mc3_xtb_q_Br_abs_sum_min,Three-conformer xTB,0.00030249425576027195,-2.9328219945761912e-05,0.0001239334320871256
mc3__xtb_mc3_xtb_qcov_trace_mean,Three-conformer xTB,0.00030131833389337775,-7.887749696953403e-05,0.00012345165092911913
atom3d__charge_min_min,Atom-resolved 3D,0.00030116287572743664,1.9058346704708945e-05,0.00012338795892940615
cheap__v5__v5_mmffq_coulomb_opp_sum,2D descriptors,0.00030040384947225553,0.0001275063808638169,0.00012307698201973757
atom3d__q_vec_y_std,Atom-resolved 3D,0.0003001690291004609,5.178845587350072e-05,0.00012298077492143303
cheap__v5__v5_mmffq_pair_absq_dist_wsum,2D descriptors,0.00029870539130073673,0.00012171942495234499,0.00012238111508526073
mc3__xtb_mc3_xtb_q_N_abs_sum_mean,Three-conformer xTB,0.00029834374346050113,8.442878372385572e-06,0.0001222329461293424
mc3__xtb_mc3_xtb_pair_opposite_q_dist_sum_min,Three-conformer xTB,0.00029608078215166846,5.094080330713748e-05,0.0001213057993940131
mc3__xtb_mc3_xtb_q_Br_sum_max,Three-conformer xTB,0.0002938612808047044,-0.00016742879043985646,0.00012039645842567004
single__xtb_q_F_mean,Single-conformer xTB,0.00029249466830562603,-1.792873551921275e-05,0.000119836550347686
single__xtb_pair_opposite_q_dist_sum,Single-conformer xTB,0.00029217601712473414,9.515244579985569e-05,0.0001197059973413577
mc3__xtb_mc3_xtb_q_std_lowe,Three-conformer xTB,0.0002894502931945748,-6.313555526553648e-05,0.00011858925441102461
atom3d__q_mu_max,Atom-resolved 3D,0.0002891640836689325,5.678457516993541e-06,0.00011847199291553032
cheap__v4__v4_gast3d_pair_opposite_q_dist_mean_min,2D descriptors,0.00028844351180315253,-0.00011627923655344392,0.0001181767709643991
atom3d__pair_C_N_absqdist_std,Atom-resolved 3D,0.0002865103248778826,-2.129513292770633e-05,0.00011738473446799522
atom3d__q_mu_std,Atom-resolved 3D,0.0002858249500296129,-1.392372123590521e-05,0.00011710393291360282
cheap__v4__v4_gast3d_dipole_z_abs_min,2D descriptors,0.00028577417819006793,6.783798331852066e-06,0.00011708313143321646
cheap__v5__v5_gast_epair_C_F_dist_absq,2D descriptors,0.000283829122901224,-9.043250799675283e-06,0.0001162862324080109
cheap__v4__v4_gast3d_pos_neg_center_dist_lowE,2D descriptors,0.0002822424896312644,1.3351844900572257e-05,0.00011563618070334134
mc3__xtb_mc3_xtb_total_energy_eh_max,Three-conformer xTB,0.00028193610489760665,4.791002670104941e-05,0.00011551065332271103
cheap__v3__rd2d_fr_ether,2D descriptors,0.0002792442410160311,-1.2572305190769704e-05,0.00011440778302616094
mc3__xtb_mc3_xtb_q_Br_abs_sum_std,Three-conformer xTB,0.0002773356745965776,-6.754865243531238e-05,0.00011362583367596711
mc3__xtb_mc3_xtb_heavy_q_abs_sum_lowe,Three-conformer xTB,0.00027594014826944795,6.946185511563548e-05,0.00011305407945585993
atom3d__mu_difference_std,Atom-resolved 3D,0.0002756574635209936,9.085219309185016e-06,0.00011293826207947181
atom3d__charge_cov_eig1_mean,Atom-resolved 3D,0.0002720384420028541,2.6649498247129995e-05,0.0001114555305928427
atom3d__mu_difference_min,Atom-resolved 3D,0.00027174985201590504,-7.613171643993604e-06,0.0001113372938102675
atom3d__quad_eig1_lowe,Atom-resolved 3D,0.00027075411470262614,7.6517051648769e-06,0.00011092933517851859
atom3d__q_vec_y_range,Atom-resolved 3D,0.0002704004549067949,3.481112368498237e-05,0.00011078443896494113
atom3d__q_vec_z_std,Atom-resolved 3D,0.00026994306745677674,1.9251117190225537e-05,0.00011059704500490754
atom3d__quad_frobenius_min,Atom-resolved 3D,0.0002677302683729316,-1.0420097634101611e-05,0.00010969044998778593
mc3__xtb_mc3_xtb_q_Si_abs_sum_range,Three-conformer xTB,0.00026474772098076534,-0.00016159249977161535,0.00010846848518139763
atom3d__charge_range_min,Atom-resolved 3D,0.00026473965819011564,8.168519404415107e-05,0.00010846518181514062
cheap__v3__rd2d_SMR_VSA9,2D descriptors,0.0002580249885748714,1.1320759510445217e-05,0.00010571414758919533
cheap__v5__v5_gast_epair_C_F_count,2D descriptors,0.00025515984921641884,1.3681073980149994e-05,0.00010454028545019874
atom3d__mu_difference_mean,Atom-resolved 3D,0.0002546307385586644,-1.4775636241620903e-05,0.00010432350612787882
cheap__v4__v4_mmffq3d_abs_charge_weighted_rg_min,2D descriptors,0.00025423263201383776,-2.455373538948585e-05,0.00010416039985562016
atom3d__charge_range_max,Atom-resolved 3D,0.00025351788638824837,-1.1630007633724843e-05,0.00010386756494466981
cheap__v4__v4_gast3d_dipole_y_abs_min,2D descriptors,0.0002528219088357875,2.2066549858779573e-05,0.00010358241940854953
cheap__v5__v5_mmffq_coulomb_abs_sum,2D descriptors,0.0002523048173557918,-7.15682558162371e-05,0.00010337056440436832
mc3__xtb_mc3_xtb_q_S_abs_sum_range,Three-conformer xTB,0.00025188901642433063,7.662097415579395e-05,0.00010320020865208639
mc3__xtb_mc3_xtb_q_S_sum_lowe,Three-conformer xTB,0.000249848414674325,7.454866459176238e-05,0.00010236416375673598
atom3d__quad_eig3_std,Atom-resolved 3D,0.00024689073823382844,-2.050190047091583e-05,0.00010115238870549512
single__xtb_pair_same_q_dist_sum,Single-conformer xTB,0.000245041259322898,-5.6911034166488985e-05,0.00010039464780747945
atom3d__quad_eig3_range,Atom-resolved 3D,0.00024499393178144236,-5.1159085448925065e-05,0.00010037525747350401
atom3d__quad_eig1_range,Atom-resolved 3D,0.00024450877215996536,1.9058062082032863e-05,0.00010017648511384841
mc3__xtb_mc3_xtb_pair_same_q_dist_sum_min,Three-conformer xTB,0.0002420255959935437,5.372761772069466e-05,9.915911523352421e-05
cheap__v4__v4_mmffq3d_abs_charge_moment2_max,2D descriptors,0.00024134436966962567,-6.578476727095667e-06,9.888001335061716e-05
mc3__xtb_mc3_xtb_q_F_std_mean,Three-conformer xTB,0.0002378762140684042,0.0001364333672495463,9.745909239596538e-05
mc3__xtb_mc3_xtb_pair_same_q_dist_sum_max,Three-conformer xTB,0.00023753575250083075,-2.4527816714492504e-05,9.731960356350113e-05
atom3d__q_vec_z_range,Atom-resolved 3D,0.00023746782545842375,9.331085208220417e-06,9.729177350942005e-05
mc3__xtb_mc3_xtb_q_std_mean,Three-conformer xTB,0.00023701440379213104,-3.807140789394544e-05,9.710600435110964e-05
cheap__v4__v4_mmffq3d_qcov_trace_min,2D descriptors,0.0002351990051652996,-1.5878326518181558e-05,9.63622263184855e-05
mc3__xtb_mc3_xtb_total_energy_eh_min,Three-conformer xTB,0.00023421835633329237,-1.7749777551504102e-05,9.596044951410478e-05
mc3__xtb_mc3_xtb_q_abs_sum_min,Three-conformer xTB,0.00023316668798207532,1.9891961493017745e-05,9.552957565219902e-05
cheap__v5__v5_mmffq_epair_N_N_absq,2D descriptors,0.0002274768662434534,3.3998063828941876e-05,9.319842680357364e-05
mc3__xtb_mc3_xtb_q_P_sum_mean,Three-conformer xTB,0.00022729141273486944,6.424988029080923e-05,9.312244555971946e-05
atom3d__q_mu_range,Atom-resolved 3D,0.00022333366208674563,-2.899676807519953e-05,9.15009350291005e-05
atom3d__charge_abs_rg_max,Atom-resolved 3D,0.0002224480661245195,3.988862660870244e-05,9.113810186797043e-05
cheap__v4__v4_mmffq_q_abs_sum,2D descriptors,0.00022244625732241674,-7.940022692494954e-05,9.11373607925672e-05
mc3__xtb_mc3_xtb_q_std_min,Three-conformer xTB,0.0002223154277553214,-2.4567847796249687e-06,9.108375925481949e-05
atom3d__charge_abs_rg_mean,Atom-resolved 3D,0.00022220357955725839,-0.00015115346571632893,9.103793448031636e-05
cheap__v5__v5_gast_epair_F_F_dist_absq,2D descriptors,0.0002205911935509237,3.186907988766158e-05,9.037733174882953e-05
atom3d__pair_N_O_absqdist_mean,Atom-resolved 3D,0.0002205861851354827,-4.3180072133232116e-05,9.037527977559995e-05
cheap__v3__rd2d_fr_alkyl_halide,2D descriptors,0.00021866301510778516,-2.8337974443674673e-05,8.958734725297863e-05
mc3__xtb_mc3_xtb_q_P_abs_sum_mean,Three-conformer xTB,0.00021830679601924835,8.470831985520632e-05,8.944140248418837e-05
atom3d__charge_range_boltz,Atom-resolved 3D,0.00021777698983705508,-3.978018758171258e-06,8.922433820197527e-05
mc3__xtb_mc3_xtb_q_P_abs_sum_min,Three-conformer xTB,0.00021737924363050403,9.82542513940636e-05,8.906137956213726e-05
mc3__xtb_mc3_xtb_q_S_mean_std,Three-conformer xTB,0.00021507366296033892,3.7505545449742463e-06,8.811677145812834e-05
atom3d__quad_frobenius_range,Atom-resolved 3D,0.00021476777215398654,8.835378606419703e-06,8.799144644202229e-05
mc3__xtb_mc3_xtb_q_Si_abs_sum_std,Three-conformer xTB,0.00021415126716219725,-0.00013464301591619053,8.77388612174227e-05
cheap__v5__v5_mmffq_pair_same_abs_qprod_sum,2D descriptors,0.00021302438083128678,0.00017188984286823432,8.72771701674198e-05
cheap__v4__v4_gast3d_abs_charge_moment3_min,2D descriptors,0.00021194745829428586,1.1039408947159526e-05,8.68359495374047e-05
single__xtb_q_F_std,Single-conformer xTB,0.00021139775404848679,4.179637808827308e-05,8.661073291752702e-05
atom3d__charge_range_lowe,Atom-resolved 3D,0.00020877172111216026,-7.993205723291729e-05,8.553483389341231e-05
cheap__v4__v4_mmffq3d_pos_neg_center_dist_mean,2D descriptors,0.00020676838696938196,-1.947271616781394e-05,8.471405772591842e-05
atom3d__pair_C_N_same_absqdist_range,Atom-resolved 3D,0.00020559206037216963,1.332556941041157e-07,8.423211074784612e-05
cheap__v3__hba,2D descriptors,0.00020542442085719553,-4.784999083557449e-05,8.416342798760015e-05
mc3__xtb_mc3_xtb_q_abs_sum_lowe,Three-conformer xTB,0.00020265873999072918,0.0001078123969260728,8.303031449763522e-05
cheap__v5__v5_mmffq_epair_F_F_dist_absq,2D descriptors,0.00020237847023997588,4.890112700245651e-05,8.291548655806406e-05
mc3__xtb_mc3_xtb_q_F_mean_min,Three-conformer xTB,0.00020144431914890073,1.3278354627204832e-05,8.25327601141721e-05
mc3__xtb_mc3_xtb_q_abs_sum_mean,Three-conformer xTB,0.000201040574057016,-1.8150285348608617e-05,8.236734370056171e-05
cheap__v4__v4_mmffq3d_dipole_z_abs_mean,2D descriptors,0.00019802595619023076,0.0001206131787545757,8.113223945792791e-05
cheap__v4__v4_mmffq3d_abs_charge_moment1_lowE,2D descriptors,0.0001977952011600273,-2.1498676986219137e-07,8.103769795070952e-05
mc3__xtb_mc3_xtb_q_abs_sum_max,Three-conformer xTB,0.00019775905732349487,-7.067175054068848e-05,8.102288963741114e-05
mc3__xtb_mc3_xtb_pair_abs_q_dist_sum_mean,Three-conformer xTB,0.00019607193914323462,-1.1363524924090892e-05,8.033166875491629e-05
cheap__v3__count_N,2D descriptors,0.00019499627760159545,-5.794152931222555e-06,7.989096476110187e-05
mc3__xtb_mc3_xtb_abs_charge_weighted_rg_lowe,Three-conformer xTB,0.00019337497668591922,7.252507675115974e-06,7.922670954600452e-05
mc3__xtb_mc3_xtb_pair_same_q_dist_sum_mean,Three-conformer xTB,0.00019092861382112743,-4.679211542846102e-06,7.822442226222741e-05
cheap__v4__v4_gast3d_abs_charge_moment2_max,2D descriptors,0.00019000023149837937,4.503596108893008e-05,7.784405931200211e-05
mc3__xtb_mc3_xtb_q_S_sum_range,Three-conformer xTB,0.00018888541078850954,6.51551645110376e-05,7.73873116081863e-05
mc3__xtb_mc3_xtb_q_pos_sum_range,Three-conformer xTB,0.00018872709010712282,2.5833646029258606e-06,7.732244682136477e-05
cheap__v4__v4_mmffq3d_pair_abs_q_dist_sum_max,2D descriptors,0.00018786911030894485,-5.59279880901226e-06,7.697092814282867e-05
mc3__xtb_mc3_xtb_q_S_abs_sum_max,Three-conformer xTB,0.0001847080117815191,-7.908119179690081e-05,7.567581002997462e-05
mc3__xtb_mc3_xtb_q_Cl_mean_lowe,Three-conformer xTB,0.00018446690650002388,-9.190056889738101e-05,7.55770279722627e-05
cheap__v4__v4_gast3d_qcov_eig2_lowE,2D descriptors,0.0001833688124371395,-1.5181900287836172e-05,7.512713326062358e-05
atom3d__charge_abs_rg_min,Atom-resolved 3D,0.00018285483227094238,1.2520758522520865e-05,7.491655297749913e-05
cheap__v4__v4_gast3d_dipole_per_heavy_atom_min,2D descriptors,0.00018174667206186096,4.2240568895194296e-07,7.446253411466594e-05
mc3__xtb_mc3_xtb_q_neg_sum_mean,Three-conformer xTB,0.00018139935116936128,-0.00010405215435415106,7.432023498196056e-05
cheap__v4__v4_mmffq3d_dipole_per_heavy_atom_mean,2D descriptors,0.00018083019629834733,6.385242236442024e-06,7.408704934219831e-05
cheap__v4__v4_gast3d_qcov_trace_mean,2D descriptors,0.00017859832268657367,5.717466251172518e-05,7.317263939415947e-05
mc3__xtb_mc3_xtb_pair_same_q_dist_sum_lowe,Three-conformer xTB,0.0001772762812560949,2.210975599721799e-05,7.263099230922951e-05
atom3d__charge_range_mean,Atom-resolved 3D,0.0001769065462310506,-3.3559291066341915e-05,7.24795099926434e-05
mc3__xtb_mc3_xtb_pair_opposite_q_dist_sum_lowe,Three-conformer xTB,0.00017622649971690303,-6.949245382058467e-05,7.220089148378818e-05
cheap__v4__v4_gast3d_dipole_norm_min,2D descriptors,0.00017421572257177815,7.962780026311184e-06,7.137706588045119e-05
cheap__v4__v4_mmffq3d_abs_charge_moment3_mean,2D descriptors,0.00017285395393224322,1.8809228789848607e-05,7.08191423563102e-05
mc3__xtb_mc3_xtb_pair_abs_q_dist_sum_max,Three-conformer xTB,0.000172270200406837,-4.5277960833871444e-05,7.057997557373867e-05
mc3__xtb_mc3_xtb_q_S_abs_sum_std,Three-conformer xTB,0.00017175393441264052,4.079302023416141e-05,7.03684587752797e-05
mc3__xtb_mc3_xtb_q_Cl_abs_sum_range,Three-conformer xTB,0.00016934704755339458,-5.229540418145717e-05,6.938234501136032e-05
atom3d__charge_abs_rg_lowe,Atom-resolved 3D,0.0001688668669802648,3.804348265354622e-05,6.91856125930869e-05
cheap__v5__v5_gast_epair_F_F_signedq,2D descriptors,0.00016847908299018807,1.699634973427109e-05,6.902673552390799e-05
mc3__xtb_mc3_xtb_q_Cl_mean_min,Three-conformer xTB,0.00016673954714493253,1.691068534368419e-05,6.831403885798535e-05
mc3__xtb_mc3_xtb_abs_charge_weighted_rg_max,Three-conformer xTB,0.00016589692385639718,0.00011671021246077875,6.796881181940156e-05
single__xtb_abs_charge_moment2,Single-conformer xTB,0.00016513145211971247,-5.7784913506645485e-05,6.765519416324278e-05
mc3__xtb_mc3_xtb_q_Br_mean_range,Three-conformer xTB,0.00016406363942425757,-5.9732144625976996e-05,6.721770588155188e-05
mc3__xtb_mc3_xtb_q_S_sum_std,Three-conformer xTB,0.00016378001101484668,3.238482445447908e-05,6.71015018824797e-05
mc3__xtb_mc3_xtb_q_pos_sum_std,Three-conformer xTB,0.00016220190665698037,4.541103393088324e-06,6.64549445163887e-05
mc3__xtb_mc3_xtb_q_Br_abs_sum_range,Three-conformer xTB,0.00016213542190070997,-4.322415909912804e-05,6.642770537425902e-05
mc3__xtb_mc3_xtb_pair_abs_q_dist_sum_lowe,Three-conformer xTB,0.0001609400313970772,-7.719527821222513e-05,6.593794781695527e-05
mc3__xtb_mc3_xtb_q_S_mean_range,Three-conformer xTB,0.0001604449645804106,4.458916204838426e-05,6.573511642914021e-05
single__xtb_q_P_abs_sum,Single-conformer xTB,0.0001603577755014588,0.0001228002581970753,6.569939462090999e-05
atom3d__pair_C_N_count_lowe,Atom-resolved 3D,0.00015824154504857736,-7.145468334451158e-05,6.483236426208975e-05
mc3__xtb_mc3_xtb_q_S_std_std,Three-conformer xTB,0.00015718769842570305,-3.2916385651066326e-05,6.440059795122881e-05
single__xtb_q_S_abs_sum,Single-conformer xTB,0.00015707206639918768,-5.37211257175697e-05,6.43532229230015e-05
mc3__xtb_mc3_xtb_q_F_mean_lowe,Three-conformer xTB,0.0001569934536276747,1.1302837936867518e-05,6.432101487146347e-05
mc3__xtb_mc3_xtb_q_P_abs_sum_lowe,Three-conformer xTB,0.00015680284864594388,-0.00014683986903233674,6.424292304291145e-05
mc3__xtb_mc3_xtb_q_F_mean_mean,Three-conformer xTB,0.00015575991784581216,-1.766346219561033e-05,6.381562900003835e-05
cheap__v4__v4_mmffq3d_dipole_heavy_norm_mean,2D descriptors,0.00015546816589061862,1.0712191464760927e-06,6.36960967430228e-05
mc3__xtb_mc3_xtb_q_F_abs_sum_std,Three-conformer xTB,0.00015467538253300335,-2.5233599590616832e-05,6.337128937713125e-05
cheap__v5__v5_gast_epair_C_N_count,2D descriptors,0.00015457939983914222,9.743785248629133e-06,6.333196478023509e-05
cheap__v4__v4_mmffq_q_neg_sum,2D descriptors,0.0001542597745812621,8.163945195039024e-06,6.320101268962015e-05
mc3__xtb_mc3_xtb_q_Br_sum_min,Three-conformer xTB,0.00015406293421996373,0.00014486877588211033,6.312036619440766e-05
atom3d__pair_N_O_absqdist_lowe,Atom-resolved 3D,0.00015098048211063076,-1.776935488026067e-05,6.185746991826619e-05
mc3__xtb_mc3_xtb_q_F_sum_mean,Three-conformer xTB,0.00014836392153496294,-1.839463132281108e-05,6.0785451768396355e-05
mc3__xtb_mc3_xtb_q_Cl_sum_max,Three-conformer xTB,0.0001472816775146428,6.777973596931277e-05,6.034205089965279e-05
mc3__xtb_mc3_xtb_q_Br_mean_mean,Three-conformer xTB,0.00014619294694266882,0.00011549519399176353,5.989599245777002e-05
mc3__xtb_mc3_xtb_q_neg_sum_max,Three-conformer xTB,0.00014438728415645436,1.7109898045740702e-05,5.915620324846712e-05
mc3__xtb_mc3_xtb_q_F_std_lowe,Three-conformer xTB,0.00014405473019205478,-7.662588644690293e-05,5.901995420116329e-05
cheap__v4__v4_mmffq3d_pair_same_q_dist_sum_min,2D descriptors,0.00014358207355111041,-8.930588865588442e-05,5.882630437609874e-05
cheap__v4__v4_mmffq3d_pair_abs_q_dist2_sum_min,2D descriptors,0.00014320209758501054,4.1785999153134165e-05,5.867062629397774e-05
atom3d__pair_N_O_same_absqdist_mean,Atom-resolved 3D,0.00013951670075228246,1.743382696901424e-05,5.716070050403155e-05
cheap__v5__v5_mmffq_pair_opp_dist_wsum,2D descriptors,0.00013947983931542917,-6.982092355175785e-05,5.714559818623907e-05
cheap__v4__v4_gast3d_signed_charge_second_moment_mean,2D descriptors,0.00013872702119796052,2.106279204632275e-05,5.683716478210461e-05
mc3__xtb_mc3_xtb_q_P_sum_min,Three-conformer xTB,0.00013835861091610177,-9.295041740372746e-05,5.6686225219526194e-05
cheap__v4__v4_mmffq3d_signed_charge_second_moment_max,2D descriptors,0.00013567723991247515,-1.8283858199683326e-05,5.558765390833507e-05
cheap__v4__v4_mmffq3d_abs_signed_charge_second_moment_min,2D descriptors,0.00013328261472161628,-1.3964778873223093e-05,5.4606563812195775e-05
mc3__xtb_mc3_xtb_q_F_abs_sum_range,Three-conformer xTB,0.00013301211193448092,-3.147581837409907e-05,5.449573744719734e-05
cheap__v4__v4_mmffq3d_dipole_per_abs_charge_lowE,2D descriptors,0.0001321962339456885,-1.9962039662992376e-05,5.416146809368102e-05
cheap__v3__rd2d_NHOHCount,2D descriptors,0.0001306461124087428,1.7623957294198725e-05,5.35263754313658e-05
mc3__xtb_mc3_xtb_q_P_abs_sum_std,Three-conformer xTB,0.00012963636559511481,1.7108003394128307e-05,5.311267703620973e-05
mc3__xtb_mc3_xtb_q_F_abs_sum_max,Three-conformer xTB,0.00012959724664247864,-1.2636721867876934e-06,5.309664980274155e-05
atom3d__pair_N_O_same_absqdist_lowe,Atom-resolved 3D,0.00012890873159140606,-6.618567420262849e-05,5.2814561691320706e-05
cheap__v4__v4_mmffq3d_dipole_y_abs_mean,2D descriptors,0.0001267559415975982,2.969254066078892e-06,5.193255270300169e-05
cheap__v4__v4_mmffq3d_pair_abs_q_dist_sum_min,2D descriptors,0.00012585334977492792,-2.787360062525203e-05,5.156275625157436e-05
cheap__v4__v4_mmffq3d_abs_charge_moment3_lowE,2D descriptors,0.0001247632681884755,-1.9310014140511966e-05,5.111614429220184e-05
single__xtb_q_Si_sum,Single-conformer xTB,0.0001238214414666861,-4.669603142074272e-05,5.073027310344369e-05
cheap__v5__v5_gast_epair_N_O_count,2D descriptors,0.00012337180517819516,-1.1949246513895853e-05,5.054605483363377e-05
cheap__v4__v4_mmffq3d_pos_neg_center_dist_lowE,2D descriptors,0.00012319381953462542,-2.1132037609204684e-05,5.047313321198382e-05
mc3__xtb_mc3_xtb_pair_opposite_q_dist_sum_mean,Three-conformer xTB,0.00012161662111096939,-6.083077273323997e-06,4.98269470117374e-05
atom3d__charge_abs_rg_boltz,Atom-resolved 3D,0.00012160035141122565,-2.95279842252743e-05,4.9820281233165175e-05
cheap__v4__v4_gast3d_abs_signed_charge_second_moment_lowE,2D descriptors,0.00012079228361915852,1.9735974904067635e-06,4.948921175689283e-05
mc3__xtb_mc3_xtb_q_Cl_abs_sum_max,Three-conformer xTB,0.00012073726492572953,8.604973589126919e-05,4.946667031891258e-05
atom3d__charge_cov_trace_boltz,Atom-resolved 3D,0.00012053539641089744,1.987416903278065e-05,4.938396376367373e-05
cheap__v4__v4_mmffq3d_dipole_per_abs_charge_max,2D descriptors,0.00012035426364290622,-2.841438347706953e-05,4.9309752749173065e-05
cheap__v4__v4_mmffq3d_abs_charge_moment2_mean,2D descriptors,0.00012001477918108411,-2.9310914343625616e-05,4.917066424189507e-05
cheap__v4__v4_gast3d_dipole_per_abs_charge_mean,2D descriptors,0.00011839031700630005,-1.103810960841718e-05,4.850511384289424e-05
mc3__xtb_mc3_xtb_q_Br_sum_std,Three-conformer xTB,0.00011669366413386772,-6.271159536768597e-05,4.7809986548617094e-05
single__xtb_q_Cl_sum,Single-conformer xTB,0.00011667692087155275,-9.590627117136155e-07,4.780312674905557e-05
mc3__xtb_mc3_xtb_q_S_abs_sum_mean,Three-conformer xTB,0.000115666992307447,-4.055618174193703e-05,4.738935388980616e-05
cheap__v4__v4_gast3d_pair_opposite_q_dist_mean_max,2D descriptors,0.00011258314612168047,-9.062869449758384e-06,4.612588645347334e-05
single__xtb_q_Cl_abs_sum,Single-conformer xTB,0.00011186561204973712,-8.375971859056219e-05,4.5831909101897225e-05
mc3__xtb_mc3_xtb_q_Cl_abs_sum_min,Three-conformer xTB,0.00011103205746714503,6.381970496539408e-05,4.5490397558172384e-05
mc3__xtb_mc3_xtb_n_atoms_min,Three-conformer xTB,0.00011084546857091669,-3.696493264090412e-05,4.541395114023692e-05
cheap__v4__v4_gast3d_dipole_x_abs_min,2D descriptors,0.00010442983562055619,-2.844582579395178e-07,4.278543375384543e-05
mc3__xtb_mc3_xtb_q_F_std_max,Three-conformer xTB,0.00010318964295423504,-3.7259001997321494e-05,4.2277320523066356e-05
single__xtb_q_neg_sum,Single-conformer xTB,0.00010295819807081748,-1.4714514733335748e-05,4.2182496379484354e-05
mc3__xtb_mc3_xtb_q_F_mean_std,Three-conformer xTB,0.0001027802406942399,5.836722676501649e-06,4.2109586338964584e-05
cheap__v4__v4_mmffq_q_pos_sum,2D descriptors,0.00010256252314424992,-4.978778483043735e-05,4.2020386353569675e-05
mc3__xtb_mc3_xtb_q_Br_mean_min,Three-conformer xTB,0.00010234344997440544,-1.0434722834419556e-05,4.193063096383907e-05
mc3__xtb_mc3_xtb_q_P_sum_lowe,Three-conformer xTB,0.00010149839770350263,4.159259091521286e-05,4.158440875884949e-05
single__xtb_q_Br_sum,Single-conformer xTB,0.00010014395802034314,-3.299869681295903e-05,4.102948794533829e-05
mc3__xtb_mc3_xtb_q_F_sum_range,Three-conformer xTB,9.802693910645817e-05,-2.801190339073204e-06,4.016213455004257e-05
atom3d__pair_N_O_count_mean,Atom-resolved 3D,9.774976584387988e-05,-4.968477114516986e-05,4.004857525739492e-05
cheap__v4__v4_gast3d_signed_charge_second_moment_lowE,2D descriptors,9.727488809504369e-05,5.798755970578274e-06,3.9854015433152445e-05
mc3__xtb_mc3_xtb_q_F_std_range,Three-conformer xTB,9.678891877690107e-05,1.0648849858458113e-05,3.965491133666281e-05
mc3__xtb_mc3_xtb_q_F_abs_sum_mean,Three-conformer xTB,9.672343038943675e-05,-5.4887452211365445e-05,3.9628080411890675e-05
atom3d__charge_cov_trace_mean,Atom-resolved 3D,9.497441332918116e-05,-5.68205511171015e-05,3.8911499244054565e-05
cheap__v4__v4_mmffq3d_dipole_x_abs_lowE,2D descriptors,9.494094172396707e-05,-7.300892047286384e-06,3.889778575749192e-05
cheap__v4__v4_mmffq3d_qcov_eig2_mean,2D descriptors,9.199960145791846e-05,-4.384010695971637e-07,3.769270371984703e-05
mc3__xtb_mc3_xtb_q_neg_sum_lowe,Three-conformer xTB,9.180352121939294e-05,-1.2935300184058275e-05,3.761236865079306e-05
mc3__xtb_mc3_xtb_q_S_std_min,Three-conformer xTB,9.122699022433181e-05,3.307943308439794e-05,3.737616097556647e-05
atom3d__charge_cov_trace_max,Atom-resolved 3D,9.092304415677426e-05,1.873735630241867e-05,3.72516327288164e-05
cheap__v4__v4_mmffq3d_abs_charge_weighted_rg_mean,2D descriptors,8.376133248808352e-05,-9.966512444951272e-06,3.431744310432758e-05
mc3__xtb_mc3_xtb_q_F_abs_sum_min,Three-conformer xTB,8.115505075204518e-05,1.2951337540922027e-05,3.3249636247230736e-05
mc3__xtb_mc3_xtb_n_atoms_mean,Three-conformer xTB,7.92558395866548e-05,2.658636662619902e-06,3.247151979211512e-05
mc3__xtb_mc3_xtb_q_pos_sum_min,Three-conformer xTB,7.653163473923309e-05,-3.968225879456034e-05,3.1355399237690705e-05
cheap__v4__v4_mmffq3d_pair_opposite_q_dist_sum_mean,2D descriptors,7.640272305890875e-05,-6.900360605099896e-06,3.1302583467888526e-05
single__xtb_q_pos_sum,Single-conformer xTB,7.624278369021341e-05,-2.3791387296747312e-05,3.123705549665998e-05
mc3__xtb_mc3_xtb_q_S_abs_sum_min,Three-conformer xTB,7.544317320312631e-05,1.476162340945252e-05,3.090945102116839e-05
mc3__xtb_mc3_xtb_q_F_mean_range,Three-conformer xTB,7.474932816277442e-05,-1.5467375355999263e-05,3.062517918608406e-05
mc3__xtb_mc3_xtb_q_P_mean_std,Three-conformer xTB,7.35015300089679e-05,4.059716046205336e-05,3.011394994847574e-05
mc3__xtb_mc3_xtb_q_neg_sum_min,Three-conformer xTB,7.34324006209366e-05,1.1695271190470237e-05,3.0085627287289102e-05
single__xtb_q_S_std,Single-conformer xTB,7.342934002809205e-05,2.4536481755259607e-05,3.0084373346864704e-05
cheap__v4__v4_gast3d_dipole_z_abs_mean,2D descriptors,7.303627574205987e-05,1.5822364829663037e-06,2.9923332913629337e-05
cheap__v5__v5_gast_epair_F_F_absq,2D descriptors,7.070033395239117e-05,-5.806753722658365e-06,2.8966285704842617e-05
cheap__v4__v4_mmffq3d_pair_same_q_dist_mean_min,2D descriptors,6.978406925646318e-05,-6.342023225988986e-06,2.8590887407836226e-05
mc3__xtb_mc3_xtb_q_F_abs_sum_lowe,Three-conformer xTB,6.909526219529444e-05,-8.497851561775395e-08,2.8308679658396706e-05
cheap__v5__v5_mmffq_epair_N_O_count,2D descriptors,6.892655278408853e-05,-2.414592840800372e-05,2.8239558556233643e-05
mc3__xtb_mc3_xtb_q_Cl_mean_range,Three-conformer xTB,6.886906994782307e-05,-9.753181245698045e-06,2.8216007546424954e-05
mc3__xtb_mc3_xtb_q_Cl_mean_std,Three-conformer xTB,6.748482516649544e-05,-5.593077727370154e-06,2.7648875432899526e-05
cheap__v4__v4_gast3d_dipole_y_abs_mean,2D descriptors,6.625762247352436e-05,-2.2654273452994545e-06,2.714608426014085e-05
mc3__xtb_mc3_xtb_q_Cl_abs_sum_std,Three-conformer xTB,6.510093332327428e-05,2.319024583810426e-07,2.667218284377134e-05
cheap__v5__v5_mmffq_pair_abs_qprod_sum,2D descriptors,6.500934168594505e-05,4.421039472496282e-05,2.6634657285025902e-05
cheap__v4__v4_gast3d_dipole_per_heavy_atom_mean,2D descriptors,6.492184544280821e-05,5.27644772940826e-06,2.659880963006986e-05
atom3d__pair_C_N_count_mean,Atom-resolved 3D,6.438422374621166e-05,2.6437441077363182e-05,2.637854329193312e-05
mc3__xtb_mc3_xtb_q_S_std_range,Three-conformer xTB,6.387648391549116e-05,-8.09465550310343e-06,2.6170519705930226e-05
mc3__xtb_mc3_xtb_q_S_std_lowe,Three-conformer xTB,6.387409659969591e-05,-1.2355103514543853e-05,2.6169541610530574e-05
cheap__v4__v4_mmffq3d_qcov_eig3_mean,2D descriptors,6.0716691532249296e-05,1.0857392487262801e-05,2.4875936726978487e-05
mc3__xtb_mc3_xtb_q_Br_sum_range,Three-conformer xTB,5.998204151159855e-05,-2.117485719742923e-05,2.457494688433407e-05
cheap__v4__v4_gast3d_qcov_trace_min,2D descriptors,5.965402814044321e-05,-1.4622013704485803e-07,2.444055814113107e-05
cheap__v4__v4_gast3d_pair_opposite_q_dist_mean_mean,2D descriptors,5.8753767870862325e-05,-7.583430791012216e-06,2.407171693883974e-05
mc3__xtb_mc3_xtb_q_Cl_sum_min,Three-conformer xTB,5.8015069003799425e-05,-2.4614376002535706e-06,2.3769068263267765e-05
cheap__v4__v4_mmffq3d_qcov_trace_lowE,2D descriptors,5.6447334408872376e-05,1.3006062695874676e-06,2.3126759441691305e-05
mc3__xtb_mc3_xtb_q_S_abs_sum_lowe,Three-conformer xTB,5.5319419433764234e-05,1.4761479005463559e-05,2.2664646950939088e-05
cheap__v4__v4_mmffq3d_qcov_eig3_lowE,2D descriptors,5.481126236975868e-05,1.0732145248319455e-05,2.2456452422341378e-05
mc3__xtb_mc3_xtb_q_Cl_std_range,Three-conformer xTB,5.3541801113770456e-05,-2.3217717238519514e-05,2.1936347701804345e-05
cheap__v4__v4_gast3d_abs_charge_moment3_lowE,2D descriptors,5.1648868124146385e-05,1.4667065538862974e-05,2.1160803447169063e-05
mc3__xtb_mc3_xtb_total_energy_eh_lowe,Three-conformer xTB,5.15269896942233e-05,-1.514879393963599e-05,2.1110869235758024e-05
cheap__v4__v4_gast3d_qcov_eig2_max,2D descriptors,5.1351060645114375e-05,-3.897912237177911e-06,2.1038790211298225e-05
mc3__xtb_mc3_xtb_q_S_std_max,Three-conformer xTB,5.086785996692593e-05,1.908439555519807e-05,2.0840820440651805e-05
cheap__v4__v4_mmffq3d_abs_charge_moment1_min,2D descriptors,5.055616884636881e-05,-1.495141510144286e-05,2.0713119006372868e-05
mc3__xtb_mc3_xtb_q_Cl_sum_lowe,Three-conformer xTB,5.040920454995966e-05,4.471513979108822e-06,2.0652906988123205e-05
cheap__v4__v4_mmffq3d_pair_opposite_q_dist_mean_max,2D descriptors,4.963650424696043e-05,5.504950858327525e-06,2.0336327751652187e-05
mc3__xtb_mc3_xtb_q_pos_sum_lowe,Three-conformer xTB,4.9495035452938904e-05,-8.441617592103673e-06,2.0278367268626652e-05
mc3__xtb_mc3_xtb_q_Si_mean_range,Three-conformer xTB,4.9120332683109065e-05,-3.289469539220972e-05,2.012484964178495e-05
cheap__v4__v4_mmffq3d_dipole_x_abs_min,2D descriptors,4.871395890214411e-05,9.896916566483402e-07,1.9958356240914813e-05
mc3__xtb_mc3_xtb_q_Cl_std_lowe,Three-conformer xTB,4.8290504450376355e-05,-1.9042984557439135e-05,1.9784864802512952e-05
mc3__xtb_mc3_xtb_q_Cl_abs_sum_lowe,Three-conformer xTB,4.821629868557122e-05,3.0402001823070835e-06,1.9754462323993695e-05
mc3__xtb_mc3_xtb_q_S_std_mean,Three-conformer xTB,4.814070212309708e-05,1.611719379398821e-05,1.9723490028609566e-05
mc3__xtb_mc3_xtb_q_P_mean_range,Three-conformer xTB,4.681544903023854e-05,8.529244173542617e-06,1.9180527109299784e-05
cheap__v4__v4_mmffq3d_signed_charge_second_moment_lowE,2D descriptors,4.637194034828847e-05,-3.7662268827853117e-07,1.8998819350994218e-05
cheap__v4__v4_gast3d_dipole_norm_max,2D descriptors,4.509900693491406e-05,4.478342732406414e-06,1.847729206995092e-05
mc3__xtb_mc3_xtb_q_Si_mean_std,Three-conformer xTB,4.475205170793802e-05,-2.6028995768426844e-05,1.8335142752266737e-05
cheap__v5__v5_mmffq_epair_C_F_count,2D descriptors,4.427759733940092e-05,5.106394337029484e-06,1.8140756389081932e-05
cheap__v5__v5_mmffq_pair_opp_abs_qprod_sum,2D descriptors,4.421776796435226e-05,-2.934735630877439e-05,1.811624399042242e-05
mc3__xtb_mc3_xtb_q_Cl_sum_mean,Three-conformer xTB,4.37213023033014e-05,-3.293158740872579e-05,1.7912839488962406e-05
cheap__v4__v4_gast3d_abs_charge_moment1_lowE,2D descriptors,4.153074875181823e-05,4.9073067103562625e-06,1.7015358579370842e-05
mc3__xtb_mc3_xtb_q_P_abs_sum_range,Three-conformer xTB,4.093985300779209e-05,-8.5471712463054e-07,1.677326559357586e-05
mc3__xtb_mc3_xtb_q_Cl_std_min,Three-conformer xTB,4.0390767302897406e-05,1.7078149646559367e-05,1.6548302393046504e-05
cheap__v4__v4_gast3d_abs_signed_charge_second_moment_max,2D descriptors,3.9744757775576545e-05,1.6926853524204747e-06,1.6283629010470585e-05
atom3d__charge_cov_trace_min,Atom-resolved 3D,3.758424825852767e-05,-1.3166764580683619e-05,1.5398457294294378e-05
cheap__v4__v4_mmffq3d_pair_abs_q_dist2_sum_lowE,2D descriptors,3.75050633065522e-05,2.0296372947400175e-06,1.53660148175164e-05
cheap__v4__v4_mmffq3d_pair_same_q_dist_sum_lowE,2D descriptors,3.735904938192276e-05,6.183048902159287e-06,1.5306192171409098e-05
cheap__v4__v4_gast3d_abs_charge_moment2_mean,2D descriptors,3.682737073448968e-05,-1.979551910471393e-05,1.5088360730682362e-05
atom3d__pair_N_O_count_lowe,Atom-resolved 3D,3.668437821995544e-05,-2.8930697783343946e-05,1.5029775971628156e-05
single__xtb_q_Cl_std,Single-conformer xTB,3.59439717971753e-05,-9.412830818567408e-06,1.4726427701811043e-05
cheap__v4__v4_mmffq3d_dipole_heavy_norm_max,2D descriptors,3.3747452688518473e-05,-1.9513399470199087e-06,1.3826502673163452e-05
cheap__v4__v4_gast3d_dipole_per_abs_charge_lowE,2D descriptors,3.3700275247442324e-05,1.8710432216540788e-06,1.380717383607542e-05
mc3__xtb_mc3_xtb_q_Br_sum_mean,Three-conformer xTB,3.3161995655300506e-05,2.2383228791984255e-05,1.3586637954794216e-05
mc3__xtb_mc3_xtb_q_F_sum_lowe,Three-conformer xTB,3.259013774089044e-05,5.667135444403176e-06,1.3352344864431563e-05
mc3__xtb_mc3_xtb_q_pos_sum_max,Three-conformer xTB,3.235112201927514e-05,-2.5228465489733015e-06,1.3254418910009338e-05
cheap__v4__v4_mmffq3d_pair_opposite_q_dist_sum_min,2D descriptors,3.2142218139409346e-05,3.689674025860747e-06,1.3168829930003707e-05
cheap__v4__v4_gast3d_dipole_z_abs_lowE,2D descriptors,3.210021150054043e-05,-8.561762655422795e-07,1.3151619596827676e-05
mc3__xtb_mc3_xtb_q_P_sum_max,Three-conformer xTB,3.139277160021788e-05,-1.3010176766488895e-05,1.2861777878604008e-05
cheap__v4__v4_mmffq_q_F_sum,2D descriptors,3.1121124669335106e-05,4.303281004034246e-06,1.2750482752104425e-05
mc3__xtb_mc3_xtb_q_F_sum_max,Three-conformer xTB,3.0557602225294785e-05,-4.838502409890257e-07,1.251960474626424e-05
single__xtb_q_Br_std,Single-conformer xTB,3.054178131610886e-05,-1.1366476310264724e-05,1.2513122839461673e-05
mc3__xtb_mc3_xtb_q_F_sum_min,Three-conformer xTB,3.0332452177817268e-05,4.10212885691614e-06,1.242735962892032e-05
cheap__v4__v4_mmffq3d_pair_opposite_q_dist_mean_min,2D descriptors,3.0106149578811403e-05,7.425857895573173e-06,1.2334642305364727e-05
cheap__v4__v4_mmffq3d_pair_same_q_dist_mean_max,2D descriptors,2.9966552424588245e-05,3.475350940168249e-06,1.2277448642665286e-05
cheap__v4__v4_mmffq3d_abs_signed_charge_second_moment_max,2D descriptors,2.956352354500772e-05,-5.151257078489629e-07,1.2112325664871525e-05
cheap__v4__v4_gast3d_dipole_y_abs_lowE,2D descriptors,2.8971339609261527e-05,-1.9227762678092667e-06,1.18697049003898e-05
cheap__v4__v4_mmffq3d_dipole_y_abs_lowE,2D descriptors,2.8599467646904262e-05,8.875409858967388e-07,1.1717347069739176e-05
cheap__v5__v5_mmffq_epair_N_N_count,2D descriptors,2.8403758648440424e-05,-1.8219749972180915e-05,1.1637164099622946e-05
mc3__xtb_mc3_xtb_n_atoms_lowe,Three-conformer xTB,2.830148744368449e-05,-3.207476872321326e-06,1.159526306789184e-05
cheap__v4__v4_gast3d_pos_neg_center_dist_mean,2D descriptors,2.781567683674511e-05,-2.235968668806074e-06,1.1396223996187806e-05
cheap__v4__v4_mmffq3d_dipole_z_abs_max,2D descriptors,2.651666996131526e-05,5.169847919332025e-06,1.0864014285387944e-05
mc3__xtb_mc3_xtb_q_Cl_sum_range,Three-conformer xTB,2.522262754431459e-05,-5.2971938233153944e-06,1.0333838538406782e-05
cheap__v4__v4_gast3d_dipole_x_abs_lowE,2D descriptors,2.4944366073521367e-05,2.5613948929851784e-06,1.0219833401329583e-05
mc3__xtb_mc3_xtb_q_Cl_std_std,Three-conformer xTB,2.4555329562595663e-05,-1.076487153824556e-05,1.0060443168000876e-05
mc3__xtb_mc3_xtb_q_Br_sum_lowe,Three-conformer xTB,2.45005067292621e-05,-8.618346742418818e-06,1.0037981974895927e-05
atom3d__charge_cov_trace_lowe,Atom-resolved 3D,2.403798597498124e-05,9.5879846095166e-06,9.848484874048562e-06
cheap__v4__v4_mmffq3d_qcov_eig2_max,2D descriptors,2.3745641390784316e-05,6.131035476841694e-07,9.728709813922059e-06
mc3__xtb_mc3_xtb_n_atoms_max,Three-conformer xTB,2.313380039286446e-05,3.0777937748305387e-06,9.478035451285853e-06
mc3__xtb_mc3_xtb_q_pos_sum_mean,Three-conformer xTB,2.207974109101582e-05,5.551521196300819e-07,9.046182004769538e-06
mc3__xtb_mc3_xtb_q_Cl_std_mean,Three-conformer xTB,2.1575488900955326e-05,-8.958761636456736e-06,8.83958732284879e-06
cheap__v4__v4_gast3d_abs_charge_moment1_max,2D descriptors,2.1377695336591686e-05,9.889610546180396e-07,8.758550295501868e-06
mc3__xtb_mc3_xtb_q_Si_sum_range,Three-conformer xTB,1.997806652123188e-05,-1.2214076953890079e-05,8.185115265141995e-06
mc3__xtb_mc3_xtb_q_Cl_abs_sum_mean,Three-conformer xTB,1.878005406875219e-05,-7.029758533130596e-06,7.694283482086292e-06
cheap__v4__v4_mmffq3d_dipole_per_abs_charge_min,2D descriptors,1.8688874782558706e-05,-2.618044025951124e-08,7.656926865694315e-06
mc3__xtb_mc3_xtb_q_Cl_sum_std,Three-conformer xTB,1.7623866506626004e-05,-5.571604867042931e-06,7.220587568917272e-06
mc3__xtb_mc3_xtb_q_Si_sum_std,Three-conformer xTB,1.7614854623002196e-05,-1.0645269270784285e-05,7.216895354451047e-06
cheap__v4__v4_gast3d_abs_charge_weighted_rg_mean,2D descriptors,1.7303597268527527e-05,-2.75753163460573e-06,7.089371636337947e-06
cheap__v4__v4_gast3d_pos_neg_center_dist_max,2D descriptors,1.7274389374501877e-05,-8.138888472532505e-07,7.07740501389238e-06
single__xtb_q_F_abs_sum,Single-conformer xTB,1.7257957856266422e-05,-1.1568551383532049e-05,7.0706729374626844e-06
cheap__v4__v4_gast3d_pos_neg_center_dist_min,2D descriptors,1.7153405387658497e-05,1.6027325006243491e-06,7.027837260351412e-06
cheap__v4__v4_mmffq3d_pair_abs_q_dist_sum_lowE,2D descriptors,1.672900686260404e-05,4.475978931733435e-06,6.8539590303317445e-06
cheap__v4__v4_gast3d_abs_charge_moment3_max,2D descriptors,1.5722117167459064e-05,2.043807778918362e-06,6.441431211121283e-06
cheap__v3__rd2d_HeavyAtomCount,2D descriptors,1.485263551426653e-05,-7.297108505663681e-06,6.085200164200719e-06
cheap__v4__v4_gast3d_abs_charge_weighted_rg_lowE,2D descriptors,1.4746597315055423e-05,3.0212916153143203e-06,6.041755775719552e-06
single__xtb_q_Si_abs_sum,Single-conformer xTB,1.4054580362813118e-05,-3.7824434884806033e-06,5.758232917613348e-06
cheap__v4__v4_gast3d_qcov_trace_max,2D descriptors,1.4005488812383498e-05,-2.0171798652577005e-06,5.73811986020692e-06
mc3__xtb_mc3_xtb_q_P_sum_std,Three-conformer xTB,1.3374953030633061e-05,3.383140789779222e-06,5.4797861497380495e-06
cheap__v4__v4_mmffq3d_pair_abs_q_dist_sum_mean,2D descriptors,1.3095758592345655e-05,1.954257516478747e-06,5.365398771142612e-06
mc3__xtb_mc3_xtb_q_Cl_std_max,Three-conformer xTB,1.2555916441397512e-05,-3.7798003081415465e-06,5.144222701586694e-06
mc3__xtb_mc3_xtb_q_F_sum_std,Three-conformer xTB,1.2506502318788158e-05,-6.599226173439539e-06,5.1239774847208086e-06
cheap__v4__v4_mmffq3d_pair_opposite_q_dist_sum_max,2D descriptors,1.1669572896958668e-05,-6.314842806013068e-06,4.781083252229254e-06
cheap__v4__v4_mmffq3d_qcov_trace_mean,2D descriptors,1.106494507493602e-05,6.348772887363953e-07,4.5333641643732e-06
cheap__v4__v4_mmffq3d_abs_charge_moment2_lowE,2D descriptors,1.1020553772177195e-05,1.7803948376004891e-06,4.515176822296596e-06
cheap__v4__v4_mmffq3d_abs_charge_weighted_rg_lowE,2D descriptors,1.0801571302222762e-05,2.624003582522792e-06,4.42545859277135e-06
cheap__v4__v4_gast3d_abs_charge_moment2_min,2D descriptors,9.275792479566233e-06,7.365017942745338e-07,3.8003392640673484e-06
cheap__v5__v5_mmffq_epair_F_F_signedq,2D descriptors,8.952714839997019e-06,-4.85400235343383e-06,3.6679727151496327e-06
mc3__xtb_mc3_xtb_q_Si_sum_lowe,Three-conformer xTB,8.389113121605496e-06,5.901936897857579e-06,3.437062230205354e-06
single__xtb_q_Si_mean,Single-conformer xTB,7.914194478003496e-06,2.1128909826257234e-07,3.2424856511697386e-06
mc3__xtb_mc3_xtb_q_Si_abs_sum_lowe,Three-conformer xTB,7.81951491720978e-06,5.32773922916961e-06,3.2036949545061755e-06
mc3__xtb_mc3_xtb_q_Si_abs_sum_mean,Three-conformer xTB,7.088604245460421e-06,-3.659154025011353e-06,2.9042371420881015e-06
cheap__v4__v4_mmffq3d_pair_same_q_dist_sum_max,2D descriptors,6.870275558833083e-06,2.7862642636327446e-06,2.814786770910659e-06
cheap__v4__v4_mmffq3d_abs_charge_moment1_mean,2D descriptors,6.8344599912510764e-06,-1.0403969647888615e-06,2.8001129510675997e-06
mc3__xtb_mc3_xtb_q_Si_sum_min,Three-conformer xTB,6.660158729468725e-06,-3.1135410845555053e-06,2.728700839338368e-06
mc3__xtb_mc3_xtb_q_Br_std_std,Three-conformer xTB,6.5491643685918145e-06,-2.4609839786449596e-06,2.683225886264568e-06
cheap__v4__v4_mmffq3d_abs_charge_moment2_min,2D descriptors,6.232518201472812e-06,-6.947549526653461e-07,2.553494344256736e-06
mc3__xtb_mc3_xtb_q_Br_std_min,Three-conformer xTB,6.226407596113732e-06,2.7048867006495597e-06,2.550990798222854e-06
cheap__v4__v4_gast3d_dipole_per_abs_charge_min,2D descriptors,6.198972056431829e-06,-3.0489373222511425e-06,2.539750318348633e-06
cheap__v4__v4_mmffq3d_pair_abs_q_dist2_sum_max,2D descriptors,5.3761076425549155e-06,2.3095417939231706e-06,2.20261859101115e-06
mc3__xtb_mc3_xtb_q_Br_std_mean,Three-conformer xTB,4.977334875533235e-06,2.570549944900025e-06,2.039239364137357e-06
mc3__xtb_mc3_xtb_q_P_sum_range,Three-conformer xTB,4.29316840345979e-06,1.9695501655749153e-06,1.7589328876064442e-06
mc3__xtb_mc3_xtb_q_P_std_std,Three-conformer xTB,3.345236219276908e-06,1.7517764181411378e-06,1.370560259913528e-06
mc3__xtb_mc3_xtb_q_Si_mean_max,Three-conformer xTB,3.3103044956614503e-06,1.778467683302507e-06,1.3562485554300766e-06
mc3__xtb_mc3_xtb_q_Br_std_max,Three-conformer xTB,3.1556049238540964e-06,-2.2935442743263402e-06,1.292867355584456e-06
mc3__xtb_mc3_xtb_q_Si_mean_mean,Three-conformer xTB,2.924697730949328e-06,-2.0990039430963883e-06,1.198263506534935e-06
cheap__v3__heavy_atoms_calc,2D descriptors,2.7205603819984414e-06,-4.0416349495231645e-07,1.1146273984407023e-06
mc3__xtb_mc3_xtb_q_P_std_min,Three-conformer xTB,1.801158327219824e-06,5.267596460291833e-07,7.379437095875455e-07
cheap__v5__v5_gast_epair_N_N_count,2D descriptors,1.7793726824484274e-06,-6.293407918689723e-07,7.29018020337797e-07
mc3__xtb_mc3_xtb_q_P_std_range,Three-conformer xTB,1.5077578621022102e-06,5.902545270791726e-07,6.177360496880398e-07
cheap__v5__v5_mmffq_epair_F_F_absq,2D descriptors,9.323313232688515e-07,4.4662835683275196e-07,3.819808757843379e-07
mc3__xtb_mc3_xtb_q_Br_std_lowe,Three-conformer xTB,8.476894971548285e-07,1.9067965801034914e-07,3.47302689971957e-07
mc3__xtb_mc3_xtb_q_Br_std_range,Three-conformer xTB,5.591228872064472e-07,-4.0382503234198074e-08,2.290754850725947e-07
mc3__xtb_mc3_xtb_q_P_std_lowe,Three-conformer xTB,4.676825184681529e-07,-2.8639533930815015e-08,1.916119018367193e-07
single__xtb_q_P_std,Single-conformer xTB,6.123474951515807e-08,-5.967811377521767e-08,2.5088187712309266e-08
mc3__xtb_mc3_xtb_q_P_std_max,Three-conformer xTB,2.9631279731209707e-08,-2.8708121080077354e-08,1.2140085718298133e-08
mc3__xtb_mc3_xtb_q_P_std_mean,Three-conformer xTB,2.1779440101461803e-08,-2.1779440101461803e-08,8.923147164980432e-09
mc3__xtb_mc3_xtb_q_Si_std_lowe,Three-conformer xTB,0.0,0.0,0.0
mc3__xtb_mc3_xtb_q_Si_std_max,Three-conformer xTB,0.0,0.0,0.0
mc3__xtb_mc3_conformer_failure_rate,Three-conformer xTB,0.0,0.0,0.0
mc3__xtb_mc3_xtb_q_Si_std_mean,Three-conformer xTB,0.0,0.0,0.0
mc3__xtb_mc3_xtb_q_Si_std_min,Three-conformer xTB,0.0,0.0,0.0
mc3__xtb_mc3_xtb_q_Si_std_range,Three-conformer xTB,0.0,0.0,0.0
mc3__xtb_mc3_xtb_q_Si_std_std,Three-conformer xTB,0.0,0.0,0.0
cheap__v4__v4_gast3d_abs_charge_moment2_lowE,2D descriptors,0.0,0.0,0.0
mc3__xtb_mc3_xtb_q_Si_sum_max,Three-conformer xTB,0.0,0.0,0.0
cheap__v5__v5_mmffq_epair_F_F_count,2D descriptors,0.0,0.0,0.0
mc3__xtb_mc3_xtb_q_Si_sum_mean,Three-conformer xTB,0.0,0.0,0.0
mc3__n_conformer_failure,Three-conformer xTB,0.0,0.0,0.0
mc3__xtb_mc3_xtb_q_Si_mean_min,Three-conformer xTB,0.0,0.0,0.0
single__xtb_ok,Single-conformer xTB,0.0,0.0,0.0
mc3__xtb_mc3_energy_parse_ok_rate,Three-conformer xTB,0.0,0.0,0.0
mc3__xtb_mc3_xtb_q_Si_abs_sum_min,Three-conformer xTB,0.0,0.0,0.0
mc3__xtb_mc3_n_conformer_success,Three-conformer xTB,0.0,0.0,0.0
single__xtb_q_Si_std,Single-conformer xTB,0.0,0.0,0.0
mc3__xtb_mc3_xtb_n_atoms_range,Three-conformer xTB,0.0,0.0,0.0
cheap__v3__count_F,2D descriptors,0.0,0.0,0.0
mc3__xtb_mc3_xtb_q_Si_abs_sum_max,Three-conformer xTB,0.0,0.0,0.0
mc3__xtb_mc3_xtb_n_atoms_std,Three-conformer xTB,0.0,0.0,0.0
cheap__v5__v5_gast_epair_F_F_count,2D descriptors,0.0,0.0,0.0
mc3__xtb_mc3_xtb_ok_lowe,Three-conformer xTB,0.0,0.0,0.0
mc3__xtb_mc3_xtb_ok_max,Three-conformer xTB,0.0,0.0,0.0
mc3__xtb_mc3_xtb_ok_mean,Three-conformer xTB,0.0,0.0,0.0
mc3__xtb_mc3_xtb_ok_min,Three-conformer xTB,0.0,0.0,0.0
mc3__xtb_mc3_xtb_ok_range,Three-conformer xTB,0.0,0.0,0.0
mc3__xtb_mc3_xtb_ok_std,Three-conformer xTB,0.0,0.0,0.0
mc3__xtb_mc3_xtb_q_Si_mean_lowe,Three-conformer xTB,0.0,0.0,0.0
