group,nearest_tanimoto,id
Evaluation,0.44444445,0
Evaluation,0.53846157,3
Evaluation,0.47826087,21
Evaluation,0.5,23
Evaluation,0.2857143,40
Evaluation,0.52380955,42
Evaluation,0.45454547,46
Evaluation,0.54545456,54
Evaluation,0.68421054,71
Evaluation,0.47058824,91
Evaluation,0.59090906,111
Evaluation,0.7,122
Evaluation,1.0,123
Evaluation,0.5263158,128
Evaluation,0.55,131
Evaluation,0.5,134
Evaluation,1.0,147
Evaluation,0.7894737,149
Evaluation,0.53846157,152
Evaluation,1.0,155
Evaluation,0.65217394,156
Evaluation,0.6363636,158
Evaluation,0.47826087,175
Evaluation,0.4,176
Evaluation,0.71428573,178
Evaluation,0.6818182,202
Evaluation,0.6,216
Evaluation,0.6666667,228
Evaluation,0.8333333,235
Evaluation,0.68,249
Evaluation,0.7894737,251
Evaluation,0.65217394,283
Evaluation,0.6666667,294
Evaluation,1.0,375
Evaluation,1.0,376
Evaluation,0.55,379
Evaluation,0.64,414
Evaluation,0.6666667,430
Evaluation,0.6296296,445
Evaluation,0.7083333,452
Evaluation,0.65217394,476
Evaluation,0.64,487
Evaluation,0.6666667,493
Evaluation,0.65217394,514
Evaluation,0.5833333,538
Evaluation,0.6296296,558
Evaluation,0.6666667,571
Evaluation,0.6666667,658
Evaluation,0.7083333,659
Evaluation,0.48,679
Evaluation,0.5263158,681
Evaluation,0.85,742
Evaluation,0.61538464,745
Evaluation,0.6666667,746
Evaluation,0.75,747
Evaluation,0.6296296,753
Evaluation,0.68,762
Evaluation,0.6,783
Evaluation,0.6296296,794
Evaluation,0.5714286,798
Evaluation,0.625,840
Evaluation,0.5217391,860
Evaluation,0.5862069,863
Evaluation,0.6363636,872
Evaluation,0.5652174,878
Evaluation,0.61538464,892
Evaluation,0.65217394,899
Evaluation,0.65217394,902
Evaluation,0.6551724,909
Evaluation,0.625,913
Evaluation,0.6296296,916
Evaluation,0.6551724,947
Evaluation,0.64285713,949
Evaluation,0.57894737,965
Evaluation,0.8,999
Evaluation,0.7,1003
Evaluation,0.64,1020
Evaluation,0.72727275,1044
Evaluation,0.71428573,1069
Evaluation,0.6666667,1093
Evaluation,0.5833333,1094
Evaluation,0.73913044,1118
Evaluation,0.73913044,1120
Evaluation,0.6956522,1161
Evaluation,0.7,1162
Evaluation,0.73913044,1171
Evaluation,0.625,1208
Evaluation,0.625,1244
Evaluation,0.625,1260
Evaluation,0.5263158,1311
Evaluation,0.6296296,1326
Evaluation,0.6666667,1360
Evaluation,0.61904764,1388
Evaluation,0.6315789,1396
Evaluation,0.61538464,1397
Evaluation,0.72727275,1475
Evaluation,0.6923077,1494
Evaluation,0.6296296,1496
Evaluation,0.6923077,1500
Evaluation,0.61538464,1519
Evaluation,0.625,1536
Evaluation,0.6,1541
Evaluation,0.65217394,1578
Evaluation,0.64285713,1587
Evaluation,0.6296296,1610
Evaluation,0.65217394,1612
Evaluation,0.6666667,1631
Evaluation,0.6923077,1691
Evaluation,0.68,1744
Evaluation,0.6,1758
Evaluation,0.6666667,1797
Evaluation,0.6956522,1817
Evaluation,0.5833333,1882
Evaluation,0.73913044,1925
Evaluation,0.6296296,1983
Evaluation,0.625,2025
Evaluation,0.65217394,2044
Evaluation,0.6086956,2105
Evaluation,0.625,2109
Evaluation,0.64285713,2123
Evaluation,0.6296296,2132
Evaluation,0.64285713,2146
Evaluation,0.7826087,2231
Evaluation,0.75,2232
Evaluation,0.6666667,2249
Evaluation,0.75,2260
Evaluation,0.7,2278
Evaluation,0.7,2283
Evaluation,0.8095238,2360
Evaluation,0.65217394,2371
Evaluation,0.64285713,2432
Evaluation,0.6296296,2444
Evaluation,0.64285713,2456
Evaluation,0.68,2575
Evaluation,0.65384614,2599
Evaluation,0.61538464,2662
Evaluation,0.6666667,2785
Evaluation,0.64285713,2788
Evaluation,0.6551724,2849
Evaluation,0.6666667,2854
Evaluation,0.64285713,2863
Evaluation,0.6666667,2923
Evaluation,0.8095238,2932
Evaluation,0.6666667,2952
Evaluation,0.61538464,2953
Evaluation,0.6296296,2976
Evaluation,0.61538464,2985
Evaluation,0.64285713,2993
Evaluation,0.3181818,3103
Evaluation,0.29411766,3140
Evaluation,0.61538464,3142
Evaluation,0.64285713,3146
Evaluation,0.6551724,3363
Evaluation,0.6551724,3371
Evaluation,0.65384614,3372
Evaluation,0.61538464,3390
Evaluation,0.7,3421
Evaluation,0.65217394,3516
Evaluation,0.64285713,3554
Evaluation,0.64285713,3568
Evaluation,0.64285713,3611
Evaluation,0.7368421,3616
Evaluation,0.65384614,3642
Evaluation,0.8636364,3655
Evaluation,0.61538464,3721
Evaluation,0.6551724,3757
Evaluation,0.5555556,3820
Evaluation,0.5555556,3920
Evaluation,0.51724136,3931
Evaluation,0.6785714,3945
Evaluation,0.64285713,3950
Evaluation,0.68,4023
Evaluation,0.6923077,4024
Evaluation,0.6785714,4029
Evaluation,0.64285713,4056
Evaluation,0.61538464,4100
Evaluation,0.64285713,4112
Evaluation,0.5652174,4206
Evaluation,0.6785714,4211
Evaluation,0.6296296,4293
Evaluation,0.61904764,4364
Evaluation,0.6875,4375
Evaluation,0.6315789,4376
Evaluation,0.5714286,4398
Evaluation,0.65,4415
Evaluation,0.61904764,4421
Evaluation,0.68,4430
Evaluation,0.6086956,4443
Evaluation,0.8095238,4466
Evaluation,0.72,4477
Evaluation,0.5769231,4478
Evaluation,0.6666667,4479
Evaluation,0.64,4484
Evaluation,0.65384614,4485
Evaluation,0.68,4497
Evaluation,0.61904764,4565
Evaluation,0.7058824,4585
Evaluation,0.65384614,4586
Evaluation,0.6296296,4595
Evaluation,0.72,4599
Evaluation,0.65384614,4616
Evaluation,0.6818182,4638
Evaluation,0.65384614,4641
Evaluation,0.6,4658
Evaluation,0.61538464,4682
Evaluation,0.7222222,4700
Evaluation,0.64285713,4706
Evaluation,0.6551724,4716
Evaluation,0.72727275,4791
Evaluation,0.8181818,4811
Evaluation,0.6551724,4827
Evaluation,0.6551724,4861
Evaluation,0.6551724,4945
Evaluation,0.6551724,5027
Evaluation,0.7083333,5056
Evaluation,0.75,5073
Evaluation,0.61538464,5078
Evaluation,0.625,5121
Evaluation,0.68,5136
Evaluation,0.73913044,5168
Evaluation,0.73913044,5177
Evaluation,0.73913044,5199
Evaluation,0.65384614,5231
Evaluation,0.68,5247
Evaluation,0.72727275,5287
Evaluation,1.0,5293
Evaluation,0.7894737,5323
Evaluation,0.42307693,5336
Evaluation,0.6551724,5362
Evaluation,0.6296296,5391
Evaluation,0.4814815,5401
Evaluation,0.6956522,5404
Evaluation,0.6818182,5420
Evaluation,0.68,5425
Evaluation,0.65384614,5434
Evaluation,0.6363636,5452
Evaluation,0.68,5476
Evaluation,0.5555556,5483
Evaluation,0.6,5523
Evaluation,0.65217394,5524
Evaluation,0.59090906,5537
Evaluation,0.5416667,5538
Evaluation,0.9,5630
Evaluation,0.6551724,5639
Evaluation,0.625,5665
Evaluation,0.625,5681
Evaluation,0.68,5683
Evaluation,0.61904764,5729
Evaluation,0.5217391,5736
Evaluation,0.6086956,5738
Evaluation,0.65217394,5740
Evaluation,0.52,5745
Evaluation,0.4814815,5749
Evaluation,0.5,5750
Evaluation,1.0,5752
Evaluation,0.6551724,5757
Evaluation,0.6551724,5775
Evaluation,0.5555556,5785
Evaluation,0.5,5789
Evaluation,0.5652174,5814
Evaluation,0.5652174,5828
Evaluation,0.5,5878
Evaluation,0.55,5880
Evaluation,0.44444445,5887
Evaluation,0.5294118,5913
Evaluation,0.45454547,5914
Evaluation,0.64705884,5923
Evaluation,0.625,5947
Evaluation,1.0,5956
Evaluation,1.0,5957
Evaluation,0.44444445,5966
Evaluation,0.72,5980
Evaluation,0.5833333,6055
Evaluation,1.0,6079
Evaluation,0.2857143,6085
Evaluation,0.21428572,6086
Evaluation,0.4,6093
Evaluation,1.0,6116
Evaluation,0.33333334,6121
Evaluation,0.375,6183
Evaluation,0.5,6200
Evaluation,0.71428573,6202
Evaluation,0.4,6223
Evaluation,0.35,6226
Evaluation,0.5714286,6229
Evaluation,0.35,6240
Evaluation,0.36363637,6258
Evaluation,0.44444445,6262
Evaluation,0.64705884,6280
Evaluation,0.32,6319
Evaluation,0.4117647,6327
Evaluation,0.3809524,6342
Evaluation,0.6315789,6345
Evaluation,0.39130434,6355
Evaluation,0.36363637,6368
Evaluation,0.3043478,6369
Evaluation,0.53333336,6385
Evaluation,0.39130434,6391
Evaluation,0.5,6401
Evaluation,0.47619048,6402
Evaluation,0.6666667,6409
Evaluation,0.3181818,6425
Evaluation,0.33333334,6433
Evaluation,0.5263158,6454
Evaluation,0.44444445,6466
Evaluation,0.6,6468
Evaluation,0.5555556,6479
Evaluation,0.5625,6481
Evaluation,0.4090909,6486
Evaluation,0.57894737,6507
Evaluation,0.3,6510
Evaluation,0.26086956,6529
Evaluation,0.29411766,6533
Evaluation,0.3181818,6539
Evaluation,0.3809524,6546
Evaluation,0.42857143,6548
Evaluation,0.36363637,6554
Evaluation,0.53333336,6559
Evaluation,0.4375,6571
Evaluation,0.47368422,6611
Evaluation,0.75,6618
Evaluation,1.0,6620
Evaluation,0.25,6625
Evaluation,0.53333336,6627
Evaluation,0.42105263,6628
Evaluation,0.5,6632
Evaluation,0.5,6643
Evaluation,0.6363636,6657
Evaluation,0.53333336,6660
Evaluation,0.4375,6665
Evaluation,0.6666667,6671
Evaluation,0.625,6675
Evaluation,0.35,6678
Evaluation,0.5714286,6682
Evaluation,0.33333334,6694
Evaluation,0.61538464,6707
Evaluation,0.2857143,6712
Evaluation,0.3125,6735
Evaluation,0.4375,6739
Evaluation,0.29411766,6740
Evaluation,1.0,6748
Evaluation,0.8,6752
Evaluation,0.5,6753
Evaluation,0.53846157,6757
Evaluation,0.5714286,6764
Evaluation,0.5714286,6786
Evaluation,0.54545456,6798
Evaluation,0.5652174,6806
Evaluation,0.47368422,6812
Evaluation,0.55,6818
Evaluation,0.6,6853
Evaluation,0.5555556,6857
Evaluation,0.52380955,6868
Evaluation,0.5555556,6872
Evaluation,0.7222222,6877
Evaluation,0.5,6886
Evaluation,0.4,6903
Evaluation,0.54545456,6904
Evaluation,0.5555556,6910
Evaluation,0.5294118,6925
Evaluation,0.5263158,6937
Evaluation,0.5217391,6939
Evaluation,0.45,6941
Evaluation,0.6363636,6952
Evaluation,0.5294118,6956
Evaluation,0.6315789,6971
Evaluation,0.6,6979
Evaluation,0.5625,7024
Evaluation,0.5625,7074
Evaluation,0.55,7107
Evaluation,0.5555556,7157
Evaluation,0.5,7160
Evaluation,0.53846157,7161
Evaluation,0.55,7164
Evaluation,0.55,7170
Evaluation,0.3846154,7185
Evaluation,0.3478261,7186
Evaluation,0.47058824,7187
Evaluation,0.5555556,7195
Evaluation,0.52380955,7249
Evaluation,0.40625,7250
Evaluation,0.53846157,7269
Evaluation,0.55,7285
Evaluation,1.0,7312
Evaluation,0.47826087,7320
Evaluation,0.54545456,7332
Evaluation,0.36,7334
Evaluation,0.4090909,7378
Evaluation,0.44444445,7388
Evaluation,0.35,7406
Evaluation,1.0,7413
Evaluation,0.5,7422
Evaluation,0.5625,7455
Evaluation,0.5416667,7501
Evaluation,0.45454547,7511
Evaluation,0.5,7521
Evaluation,0.47619048,7546
Evaluation,0.64285713,7555
Evaluation,0.5263158,7563
Evaluation,0.5714286,7569
Evaluation,0.5263158,7575
Evaluation,0.6,7578
Evaluation,0.5714286,7581
Evaluation,0.61904764,7599
Evaluation,0.5882353,7602
Evaluation,0.52380955,7606
Evaluation,0.6086956,7612
Evaluation,0.8,7631
Evaluation,0.5,7650
Evaluation,0.46666667,7664
Evaluation,0.5263158,7688
Evaluation,0.53846157,7689
Evaluation,0.53846157,7708
Evaluation,0.5217391,7712
Evaluation,0.39285713,7747
Evaluation,0.6315789,7754
Evaluation,0.52380955,7801
Evaluation,0.5714286,7802
Evaluation,0.61290324,7819
Evaluation,0.5263158,7820
Evaluation,0.73333335,7821
Evaluation,0.5555556,7833
Evaluation,0.58064514,7839
Evaluation,0.6666667,7849
Evaluation,0.6363636,7851
Evaluation,0.3846154,7865
Evaluation,0.45833334,7866
Evaluation,0.56666666,7867
Evaluation,0.5555556,7868
Evaluation,0.6086956,7898
Evaluation,0.7692308,7915
Evaluation,0.54545456,7925
Evaluation,0.59375,7937
Evaluation,0.6,7944
Evaluation,0.6363636,7946
Evaluation,0.5,7948
Evaluation,0.61538464,7997
Evaluation,0.48387095,8014
Evaluation,1.0,8018
Evaluation,0.4090909,8036
Evaluation,0.44444445,8047
Evaluation,0.44,8054
Evaluation,0.5714286,8071
Evaluation,0.5263158,8074
Evaluation,0.44444445,8075
Evaluation,0.53846157,8077
Evaluation,0.57894737,8091
Evaluation,0.5555556,8092
Evaluation,0.57894737,8107
Evaluation,0.5263158,8121
Evaluation,0.5652174,8124
Evaluation,0.5555556,8131
Evaluation,0.5,8132
Evaluation,0.52380955,8156
Evaluation,0.59090906,8167
Evaluation,0.5714286,8190
Evaluation,0.47368422,8191
Evaluation,0.47368422,8192
Evaluation,0.5,8202
Evaluation,0.61538464,8218
Evaluation,0.5,8219
Evaluation,0.61904764,8227
Evaluation,0.55,8228
Evaluation,0.6666667,8230
Evaluation,0.53571427,8253
Evaluation,0.6,8267
Evaluation,0.4,8284
Evaluation,0.5,8285
Evaluation,0.53846157,8304
Evaluation,0.5555556,8308
Evaluation,1.0,8332
Evaluation,1.0,8333
Evaluation,1.0,8348
Evaluation,0.31578946,8356
Evaluation,0.375,8358
Evaluation,0.5833333,8368
Evaluation,0.5,8373
Evaluation,0.4375,8383
Evaluation,0.4347826,8384
Evaluation,0.5,8385
Evaluation,0.5,8386
Evaluation,0.47058824,8395
Evaluation,0.54545456,8401
Evaluation,0.59090906,8403
Evaluation,0.47826087,8411
Evaluation,0.5263158,8419
Evaluation,0.59090906,8427
Evaluation,0.3809524,8437
Evaluation,0.4347826,8446
Evaluation,0.3846154,8447
Evaluation,0.5217391,8457
Evaluation,0.45454547,8458
Evaluation,1.0,8464
Evaluation,0.375,8471
Evaluation,0.71428573,8496
Evaluation,0.5882353,8515
Evaluation,0.6666667,8548
Evaluation,0.6666667,8581
Evaluation,0.60714287,8660
Evaluation,0.5833333,8661
Evaluation,0.59090906,8670
Evaluation,0.6,8687
Evaluation,0.54545456,8730
Evaluation,0.6,8732
Evaluation,0.64,8766
Evaluation,0.5925926,8818
Evaluation,0.5833333,8864
Evaluation,0.60714287,8872
Evaluation,0.61538464,8879
Evaluation,0.5714286,8926
Evaluation,0.7894737,9023
Evaluation,0.5925926,9040
Evaluation,0.6,9083
Evaluation,0.875,9095
Evaluation,0.59090906,9120
Evaluation,0.6363636,9128
Evaluation,0.6,9143
Evaluation,0.64,9150
Evaluation,0.6666667,9203
Evaluation,0.6086956,9204
Evaluation,0.65384614,9219
Evaluation,0.64,9234
Evaluation,0.77272725,9237
Evaluation,0.5769231,9248
Evaluation,0.5833333,9251
Evaluation,0.65217394,9253
Evaluation,0.68421054,9258
Evaluation,0.5769231,9259
Evaluation,0.8181818,9275
Evaluation,0.6,9284
Evaluation,0.45,9303
Evaluation,0.47619048,9305
Evaluation,0.5,9306
Evaluation,0.5833333,9307
Evaluation,0.5714286,9312
Evaluation,0.5,9319
Evaluation,0.6,9336
Evaluation,0.57894737,9342
Evaluation,0.5714286,9374
Evaluation,0.5,9377
Evaluation,0.5555556,9378
Evaluation,0.4848485,9381
Evaluation,0.625,9391
Evaluation,0.7368421,9402
Evaluation,0.65384614,9415
Evaluation,0.71428573,9417
Evaluation,0.61904764,9425
Evaluation,0.68,9451
Evaluation,0.61904764,9465
Evaluation,0.65384614,9521
Evaluation,0.65,9533
Evaluation,0.64285713,9541
Evaluation,0.6551724,9554
Evaluation,0.59090906,9568
Evaluation,0.5,9579
Evaluation,0.61538464,9590
Evaluation,0.5714286,9603
Evaluation,0.5925926,9618
Evaluation,0.5,9633
Evaluation,1.0,9656
Evaluation,0.6,9713
Evaluation,0.42105263,9740
Evaluation,0.42105263,9741
Evaluation,0.5625,9796
Evaluation,0.6086956,9801
Evaluation,0.61904764,9808
Evaluation,0.61904764,9811
Evaluation,0.5625,9817
Evaluation,1.0,9818
Evaluation,0.6111111,9820
Evaluation,0.61904764,9826
Evaluation,0.5263158,9836
Evaluation,0.5,9839
Evaluation,0.7,9847
Evaluation,0.61904764,9879
Evaluation,0.625,9908
Evaluation,0.64285713,9912
Evaluation,0.6363636,9922
Evaluation,0.8,9941
Evaluation,0.5714286,9948
Evaluation,0.64,9978
Evaluation,0.64285713,9985
Evaluation,0.6666667,9987
Evaluation,0.6086956,9996
Evaluation,0.47826087,9999
Evaluation,0.6,10027
Evaluation,0.64285713,10029
Evaluation,0.55,10038
Evaluation,0.6,10040
Evaluation,0.61538464,10117
Evaluation,0.5,10119
Evaluation,0.6666667,10138
Evaluation,0.7647059,10160
Evaluation,0.61538464,10219
Evaluation,1.0,10286
Evaluation,0.34285715,10287
Evaluation,0.61538464,10292
Evaluation,0.4642857,10329
Evaluation,0.65384614,10332
Evaluation,0.64705884,10335
Evaluation,0.64,10336
Evaluation,0.6666667,10491
Evaluation,0.6923077,10521
Evaluation,0.61538464,10523
Evaluation,0.5714286,10553
Evaluation,0.68,10556
Evaluation,0.6296296,10584
Evaluation,1.0,10600
Evaluation,1.0,10602
Evaluation,1.0,10604
Evaluation,0.5263158,10612
Evaluation,0.5,10627
Evaluation,0.47619048,10630
Evaluation,0.6,10639
Evaluation,0.61904764,10643
Evaluation,0.6086956,10661
Evaluation,0.6,10665
Evaluation,0.52380955,10677
Evaluation,0.6296296,10715
Evaluation,1.0,10721
Evaluation,0.8,10729
Evaluation,0.8333333,10844
Evaluation,0.6363636,10865
Evaluation,0.54545456,10877
Evaluation,0.7083333,10888
Evaluation,0.7894737,10896
Evaluation,0.5555556,10965
Evaluation,0.5555556,10966
Evaluation,0.6666667,10973
Evaluation,0.57894737,10984
Evaluation,0.54545456,10994
Evaluation,0.6,11000
Evaluation,0.5714286,11047
Evaluation,0.84210527,11053
Evaluation,0.6086956,11065
Evaluation,0.64,11066
Evaluation,0.6,11073
Evaluation,0.45833334,11076
Evaluation,0.6956522,11078
Evaluation,0.625,11079
Evaluation,0.68421054,11088
Evaluation,0.6,11115
Evaluation,0.55,11123
Evaluation,0.6666667,11159
Evaluation,0.61904764,11162
Evaluation,0.6086956,11180
Evaluation,0.4642857,11200
Evaluation,0.36363637,11211
Evaluation,0.625,11221
Evaluation,0.5,11225
Evaluation,0.6363636,11241
Evaluation,0.61904764,11245
Evaluation,0.6,11256
Evaluation,0.6923077,11265
Evaluation,0.52380955,11266
Evaluation,0.6086956,11268
Evaluation,0.64285713,11270
Evaluation,0.65,11273
Evaluation,0.65,11274
Evaluation,0.6818182,11283
Evaluation,0.68,11285
Evaluation,0.65217394,11309
Evaluation,0.45833334,11336
Evaluation,0.6363636,11349
Evaluation,0.6666667,11353
Evaluation,0.6666667,11356
Evaluation,0.6363636,11379
Evaluation,0.6956522,11381
Evaluation,0.6,11393
Evaluation,0.6666667,11398
Evaluation,0.6315789,11406
Evaluation,0.4827586,11408
Evaluation,0.5625,11409
Evaluation,0.5,11415
Evaluation,0.5263158,11416
Evaluation,0.6,11421
Evaluation,0.57894737,11422
Evaluation,0.5263158,11447
Evaluation,0.64705884,11462
Evaluation,0.54545456,11486
Evaluation,0.57894737,11491
Evaluation,0.61904764,11498
Evaluation,0.6,11502
Evaluation,0.61538464,11510
Evaluation,0.55,11513
Evaluation,0.57894737,11514
Evaluation,1.0,11517
Evaluation,0.6086956,11530
Evaluation,0.65217394,11550
Evaluation,0.6111111,11560
Evaluation,0.6666667,11573
Evaluation,0.5,11574
Evaluation,0.7083333,11665
Evaluation,0.6666667,11698
Evaluation,0.625,11710
Evaluation,0.6,11712
Evaluation,0.55,11730
Evaluation,0.5,11734
Evaluation,1.0,11738
Evaluation,0.44117647,11755
Evaluation,0.53333336,11777
Evaluation,0.57894737,11794
Evaluation,0.625,11810
Evaluation,0.52380955,11823
Evaluation,0.53333336,11834
Evaluation,0.59090906,11887
Evaluation,0.61290324,11894
Evaluation,0.6296296,11927
Evaluation,0.5925926,12009
Evaluation,0.65384614,12010
Evaluation,0.5652174,12037
Evaluation,0.6363636,12052
Evaluation,1.0,12060
Evaluation,0.6363636,12080
Evaluation,0.6363636,12083
Evaluation,0.6,12091
Evaluation,0.5714286,12092
Evaluation,0.6666667,12115
Evaluation,0.5555556,12116
Evaluation,0.6666667,12132
Evaluation,0.72727275,12144
Evaluation,0.68,12166
Evaluation,0.7368421,12179
Evaluation,0.45,12184
Evaluation,0.6956522,12197
Evaluation,0.6,12206
Evaluation,0.64285713,12221
Evaluation,0.65217394,12245
Evaluation,0.64,12277
Evaluation,0.5769231,12285
Evaluation,0.6666667,12320
Evaluation,0.82608694,12401
Evaluation,0.61904764,12430
Evaluation,0.625,12472
Evaluation,0.6,12483
Evaluation,0.68,12490
Evaluation,0.6296296,12491
Evaluation,0.4347826,12531
Evaluation,0.6,12558
Evaluation,0.52380955,12589
Evaluation,0.65217394,12603
Evaluation,0.5625,12642
Evaluation,0.6,12673
Evaluation,0.5652174,12682
Evaluation,0.57894737,12695
Evaluation,0.6315789,12708
Evaluation,0.65217394,12760
Evaluation,0.6818182,12784
Evaluation,0.625,12791
Evaluation,0.53846157,12795
Evaluation,0.65217394,12797
Evaluation,0.6666667,12804
Evaluation,0.65217394,12807
Evaluation,0.6818182,12810
Evaluation,0.65,12811
Evaluation,0.6363636,12812
Evaluation,0.33333334,12824
Evaluation,0.44444445,12833
Evaluation,0.45454547,12835
Evaluation,0.59090906,12836
Evaluation,0.54545456,12838
Evaluation,0.5555556,12839
Evaluation,0.6333333,12842
Evaluation,0.61904764,12849
Evaluation,0.53846157,12879
Evaluation,0.53846157,12885
Evaluation,0.53333336,12888
Evaluation,0.6,12921
Evaluation,0.6111111,12946
Evaluation,0.65217394,12952
Evaluation,0.6666667,12968
Evaluation,0.5217391,12970
Evaluation,0.6363636,12988
Evaluation,0.6818182,12991
Evaluation,0.65217394,13018
Evaluation,0.6666667,13067
Evaluation,0.53571427,13108
Evaluation,0.33333334,13132
Evaluation,0.33333334,13134
Evaluation,0.7083333,13221
Evaluation,0.6818182,13229
Evaluation,0.6666667,13237
Evaluation,0.5263158,13241
Evaluation,0.6,13277
Evaluation,0.6666667,13297
Evaluation,0.65217394,13298
Evaluation,0.57894737,13302
Evaluation,0.7083333,13333
Evaluation,0.6666667,13336
Evaluation,0.65,13388
Evaluation,0.5833333,13434
Evaluation,0.7647059,13547
Evaluation,0.6818182,13621
Evaluation,1.0,13624
Evaluation,0.43333334,13676
Evaluation,0.6956522,13743
Evaluation,0.5833333,13749
Evaluation,0.71428573,13757
Evaluation,0.5405405,13760
Evaluation,0.61904764,13775
Evaluation,0.6956522,13783
Evaluation,0.59090906,13787
Evaluation,0.6666667,13788
Evaluation,0.35714287,13830
Evaluation,0.57894737,13838
Evaluation,0.625,13844
Evaluation,0.6363636,13859
Evaluation,0.6315789,13901
Evaluation,0.65217394,13909
Evaluation,0.56,13918
Evaluation,0.625,13951
Evaluation,0.6666667,13967
Evaluation,0.47619048,13969
Evaluation,0.53846157,13980
Evaluation,0.64,14019
Evaluation,0.5263158,14074
Evaluation,0.72727275,14081
Evaluation,0.57894737,14087
Evaluation,0.40625,14125
Evaluation,0.64285713,14133
Evaluation,0.4375,14137
Evaluation,0.5217391,14142
Evaluation,0.5555556,14151
Evaluation,1.0,14167
Evaluation,0.65,14184
Evaluation,0.65217394,14193
Evaluation,0.65217394,14261
Evaluation,0.68,14285
Evaluation,0.6363636,14287
Evaluation,0.7,14303
Evaluation,0.65384614,14331
Evaluation,0.6,14336
Evaluation,0.6296296,14337
Evaluation,0.5,14349
Evaluation,0.64285713,14389
Evaluation,0.6666667,14398
Evaluation,0.65384614,14399
Evaluation,0.65384614,14466
Evaluation,0.68,14503
Evaluation,0.75,14507
Evaluation,0.5652174,14551
Evaluation,0.6923077,14564
Evaluation,0.65217394,14566
Evaluation,0.65217394,14590
Evaluation,0.6666667,14611
Evaluation,0.6666667,14649
Evaluation,0.6666667,14659
Evaluation,0.6956522,14666
Evaluation,0.5555556,14747
Evaluation,0.47368422,14749
Evaluation,0.6666667,14751
Evaluation,1.0,14757
Evaluation,0.6315789,14766
Evaluation,0.4642857,14775
Evaluation,0.75,14786
Evaluation,0.5294118,14798
Evaluation,0.42105263,14805
Evaluation,0.47826087,14810
Evaluation,0.5555556,14856
Evaluation,0.6,14872
Evaluation,0.5714286,14887
Evaluation,0.5,14898
Evaluation,0.5555556,14918
Evaluation,0.5625,14939
Evaluation,0.5416667,14985
Evaluation,0.6666667,15019
Evaluation,0.6,15052
Evaluation,0.61538464,15053
Evaluation,1.0,15067
Evaluation,0.625,15071
Evaluation,0.64285713,15094
Evaluation,0.44827586,15123
Evaluation,0.5,15131
Evaluation,0.6086956,15137
Evaluation,0.5652174,15146
Evaluation,0.68,15147
Evaluation,0.64,15159
Evaluation,0.6666667,15213
Evaluation,0.61538464,15268
Evaluation,0.44827586,15283
Evaluation,0.61904764,15297
Evaluation,0.6956522,15313
Evaluation,0.8,15347
Evaluation,0.6818182,15349
Evaluation,0.6111111,15355
Evaluation,0.6666667,15357
Evaluation,0.71428573,15364
Evaluation,0.6111111,15373
Evaluation,0.6956522,15374
Evaluation,0.6956522,15379
Evaluation,0.6818182,15382
Evaluation,0.7083333,15409
Evaluation,0.65,15416
Evaluation,0.59090906,15424
Evaluation,0.6,15450
Evaluation,0.61904764,15453
Evaluation,0.6666667,15463
Evaluation,0.6818182,15465
Evaluation,0.73913044,15511
Evaluation,0.6,15562
Evaluation,0.6666667,15578
Evaluation,0.4090909,15588
Evaluation,0.6666667,15592
Evaluation,0.6666667,15687
Evaluation,0.6923077,15691
Evaluation,0.7037037,15694
Evaluation,0.6666667,15709
Evaluation,0.65,15784
Evaluation,0.6666667,15785
Evaluation,0.6923077,15810
Evaluation,0.7037037,15819
Evaluation,0.7037037,15833
Evaluation,0.75,15869
Evaluation,0.6,15878
Evaluation,1.0,15943
Evaluation,0.5555556,15947
Evaluation,0.56,15997
Evaluation,0.53333336,16028
Evaluation,0.53846157,16029
Evaluation,0.6086956,16036
Evaluation,0.6666667,16037
Evaluation,0.60714287,16063
Evaluation,0.53846157,16068
Evaluation,0.45454547,16070
Evaluation,0.6296296,16111
Evaluation,0.64285713,16129
Evaluation,0.6666667,16148
Evaluation,0.6551724,16157
Evaluation,0.64285713,16190
Evaluation,0.6666667,16195
Evaluation,0.64285713,16222
Evaluation,0.7894737,16226
Evaluation,0.6785714,16241
Evaluation,0.5925926,16252
Evaluation,0.625,16310
Evaluation,0.64,16324
Evaluation,0.64,16340
Evaluation,0.6666667,16345
Evaluation,0.6086956,16362
Evaluation,0.6,16370
Evaluation,0.6666667,16406
Evaluation,0.5714286,16416
Evaluation,0.8095238,16419
Evaluation,0.68,16426
Evaluation,0.61538464,16450
Evaluation,0.64,16486
Evaluation,0.65,16490
Evaluation,0.6666667,16494
Evaluation,0.64,16568
Evaluation,0.4814815,16576
Evaluation,0.4642857,16775
Evaluation,0.5555556,16825
Evaluation,0.65384614,16839
Evaluation,0.61538464,16848
Evaluation,0.4814815,16851
Evaluation,0.6666667,16870
Evaluation,0.35714287,16898
Evaluation,0.61538464,16927
Evaluation,0.53846157,16952
Evaluation,0.57894737,16984
Evaluation,0.625,16996
Evaluation,0.6086956,17010
Evaluation,0.47619048,17017
Evaluation,0.52,17071
Evaluation,0.59090906,17074
Evaluation,0.6086956,17111
Evaluation,0.72,17117
Evaluation,0.45454547,17120
Evaluation,0.61904764,17125
Evaluation,0.64285713,17151
Evaluation,0.5,17225
Evaluation,0.6363636,17263
Evaluation,0.47826087,17325
Evaluation,0.5769231,17349
Evaluation,0.60714287,17367
Evaluation,0.6666667,17370
Evaluation,0.61904764,17371
Evaluation,0.6666667,17413
Evaluation,0.5185185,17425
Evaluation,0.5925926,17445
Evaluation,0.68,17446
Evaluation,0.6666667,17489
Evaluation,0.6923077,17508
Evaluation,0.6818182,17551
Evaluation,0.64285713,17582
Evaluation,0.45454547,17614
Evaluation,0.71428573,17632
Evaluation,0.5,17643
Evaluation,0.44827586,17658
Evaluation,0.8333333,17672
Evaluation,0.6363636,17699
Evaluation,0.68421054,17731
Evaluation,0.6956522,17735
Evaluation,0.64285713,17756
Evaluation,0.6666667,17766
Evaluation,0.6666667,17802
Evaluation,0.65384614,17831
Evaluation,0.6923077,17887
Evaluation,0.6666667,17898
Evaluation,0.61538464,17924
Evaluation,0.6296296,17930
Evaluation,0.46666667,17964
Evaluation,0.33333334,17967
Evaluation,0.6666667,17990
Evaluation,0.64285713,17992
Evaluation,0.85714287,18024
Evaluation,0.4,18038
Evaluation,0.6,18049
Evaluation,0.53846157,18053
Evaluation,0.47826087,18152
Evaluation,0.5,18162
Evaluation,0.5555556,18174
Evaluation,0.6666667,18176
Evaluation,0.60714287,18180
Evaluation,0.5882353,18210
Evaluation,0.6666667,18216
Evaluation,0.42857143,18267
Evaluation,0.5263158,18302
Evaluation,0.6,18311
Evaluation,0.6296296,18318
Evaluation,0.5555556,18331
Evaluation,0.7,18337
Evaluation,0.64285713,18343
Evaluation,0.61538464,18350
Evaluation,0.6666667,18361
Evaluation,0.64,18362
Evaluation,0.5652174,18378
Evaluation,0.36,18389
Evaluation,0.5,18390
Evaluation,0.5185185,18410
Evaluation,0.72727275,18440
Evaluation,0.56,18462
Evaluation,0.5185185,18490
Evaluation,0.53846157,18503
Evaluation,0.5652174,18539
Evaluation,0.625,18548
Evaluation,0.60714287,18561
Evaluation,0.6296296,18584
Evaluation,0.5,18592
Evaluation,0.59090906,18603
Evaluation,0.5416667,18640
Evaluation,0.48,18665
Evaluation,0.51724136,18668
Evaluation,0.61538464,18677
Evaluation,0.73913044,18690
Evaluation,0.6785714,18746
Evaluation,0.6296296,18749
Evaluation,0.5555556,18794
Evaluation,0.5185185,18804
Evaluation,0.44827586,18878
Evaluation,0.39285713,18879
Evaluation,0.5833333,18916
Evaluation,0.51724136,18919
Evaluation,0.7222222,18931
Evaluation,0.5555556,18949
Evaluation,0.3888889,18960
Evaluation,0.4,18967
Evaluation,0.37037036,18973
Evaluation,0.5,18981
Evaluation,0.47368422,18984
Evaluation,0.4814815,19015
Evaluation,0.6923077,19058
Evaluation,0.60714287,19083
Evaluation,0.71428573,19114
Evaluation,0.4074074,19124
Evaluation,0.47826087,19127
Evaluation,0.5,19142
Evaluation,0.35,19148
Evaluation,0.5,19151
Evaluation,0.31034482,19155
Evaluation,0.5185185,19156
Evaluation,0.3846154,19158
Evaluation,0.2962963,19165
Evaluation,0.5217391,19185
Evaluation,0.68,19203
Evaluation,0.61538464,19205
Evaluation,0.6363636,19228
Evaluation,0.64285713,19285
Evaluation,0.72727275,19304
Evaluation,0.6086956,19311
Evaluation,0.54545456,19324
Evaluation,0.4347826,19341
Evaluation,0.60714287,19367
Evaluation,0.4642857,19373
Evaluation,0.5217391,19382
Evaluation,0.64705884,19411
Evaluation,0.6666667,19451
Evaluation,0.35714287,19455
Evaluation,0.6818182,19468
Evaluation,0.71428573,19488
Evaluation,0.53846157,19559
Evaluation,0.5,19573
Evaluation,0.6956522,19616
Evaluation,0.6666667,19677
Evaluation,0.52,19704
Evaluation,0.6956522,19724
Evaluation,0.6666667,19829
Evaluation,0.6956522,19839
Evaluation,0.6296296,19901
Evaluation,0.6296296,19956
Evaluation,0.37037036,19978
Evaluation,0.5652174,20028
Evaluation,0.61538464,20040
Evaluation,0.61538464,20053
Evaluation,0.61538464,20121
Evaluation,0.45945945,20134
Evaluation,0.6666667,20158
Evaluation,0.60714287,20170
Evaluation,0.65,20214
Evaluation,0.5769231,20293
Evaluation,0.61538464,20322
Evaluation,0.625,20325
Evaluation,0.43333334,20337
Evaluation,0.6086956,20366
Evaluation,0.53846157,20392
Evaluation,0.73913044,20402
Evaluation,0.7083333,20403
Evaluation,0.65384614,20536
Evaluation,0.6086956,20585
Evaluation,0.75,20629
Evaluation,0.6666667,20630
Evaluation,0.6666667,20638
Evaluation,0.6,20694
Evaluation,0.5833333,20700
Evaluation,0.6,20746
Evaluation,0.6363636,20824
Evaluation,0.59090906,20848
Evaluation,0.64,20863
Evaluation,0.6,20941
Evaluation,0.75,21010
Evaluation,0.6666667,21074
Evaluation,0.72727275,21101
Evaluation,0.64,21141
Evaluation,0.75,21160
Evaluation,0.7058824,21178
Evaluation,0.6666667,21191
Evaluation,0.6,21198
Evaluation,0.5,21203
Evaluation,0.5714286,21214
Evaluation,0.64,21230
Evaluation,0.65384614,21313
Evaluation,0.6551724,21361
Evaluation,0.46875,21386
Evaluation,0.65217394,21388
Evaluation,0.61538464,21415
Evaluation,0.5185185,21433
Evaluation,0.7037037,21501
Evaluation,0.5769231,21544
Evaluation,0.64,21576
Evaluation,0.55,21586
Evaluation,0.61538464,21618
Evaluation,0.59090906,21637
Evaluation,0.62068963,21688
Evaluation,0.6,21762
Evaluation,0.64285713,21805
Evaluation,0.52,21821
Evaluation,0.61538464,21826
Evaluation,0.42307693,21845
Evaluation,0.5,21855
Evaluation,1.0,21859
Evaluation,0.5769231,21927
Evaluation,0.6,21982
Evaluation,0.5714286,22051
Evaluation,0.61538464,22064
Evaluation,0.59090906,22099
Evaluation,0.4827586,22170
Evaluation,0.5555556,22174
Evaluation,0.5714286,22195
Evaluation,0.6666667,22265
Evaluation,0.52380955,22337
Evaluation,0.52380955,22344
Evaluation,0.5833333,22367
Evaluation,0.6875,22437
Evaluation,0.5714286,22452
Evaluation,0.5925926,22475
Evaluation,0.64285713,22511
Evaluation,0.6666667,22525
Evaluation,0.6666667,22530
Evaluation,0.7,22563
Evaluation,0.5714286,22577
Evaluation,0.6666667,22580
Evaluation,0.5652174,22609
Evaluation,0.61538464,22651
Evaluation,0.54545456,22656
Evaluation,0.7826087,22798
Evaluation,0.68,22812
Evaluation,0.6666667,22982
Evaluation,0.44444445,22997
Evaluation,1.0,23012
Evaluation,0.7894737,23017
Evaluation,0.54545456,23025
Evaluation,0.5714286,23048
Evaluation,0.4,23049
Evaluation,0.5294118,23068
Evaluation,0.36842105,23079
Evaluation,0.5555556,23103
Evaluation,0.5294118,23114
Evaluation,0.5294118,23116
Evaluation,0.47368422,23117
Evaluation,0.5263158,23122
Evaluation,1.0,23127
Evaluation,0.5714286,23138
Evaluation,0.47368422,23140
Evaluation,0.5714286,23142
Evaluation,0.4090909,23145
Evaluation,0.4347826,23154
Evaluation,0.61538464,23162
Evaluation,0.625,23170
Evaluation,0.6666667,23194
Evaluation,0.65217394,23213
Evaluation,0.6363636,23222
Evaluation,0.64,23228
Evaluation,0.625,23287
Evaluation,0.6363636,23297
Evaluation,0.65217394,23327
Evaluation,0.7619048,23329
Evaluation,0.59090906,23368
Evaluation,0.64,23369
Evaluation,0.6666667,23385
Evaluation,0.65,23393
Evaluation,0.6666667,23403
Evaluation,0.6,23405
Evaluation,0.7,23407
Evaluation,0.64705884,23410
Evaluation,0.6,23468
Evaluation,0.68,23628
Evaluation,0.65384614,23639
Evaluation,0.4814815,23659
Evaluation,0.7058824,23660
Evaluation,0.7083333,23691
Evaluation,0.41935483,23696
Evaluation,0.8947368,23714
Evaluation,0.6315789,23723
Evaluation,0.6666667,23727
Evaluation,0.6666667,23733
Evaluation,0.6086956,23740
Evaluation,0.5555556,23756
Evaluation,0.54545456,23759
Evaluation,0.5882353,23760
Evaluation,0.59090906,23763
Evaluation,0.59090906,23796
Evaluation,0.6,23813
Evaluation,0.52380955,23817
Evaluation,0.6086956,23829
Evaluation,0.6666667,23830
Evaluation,0.5555556,23852
Evaluation,0.7058824,23854
Evaluation,0.5416667,23858
Evaluation,0.6818182,23861
Evaluation,0.6363636,23866
Evaluation,0.72727275,23867
Evaluation,0.65384614,23899
Evaluation,0.68,23936
Evaluation,0.77272725,23947
Evaluation,0.6923077,23970
Evaluation,0.52,23986
Evaluation,0.47826087,23998
Evaluation,0.7222222,24017
Evaluation,0.6086956,24023
Evaluation,0.6666667,24029
Evaluation,0.6086956,24035
Evaluation,0.625,24042
Evaluation,0.7058824,24050
Evaluation,0.625,24056
Evaluation,0.68,24061
Evaluation,0.68,24136
Evaluation,0.72,24173
Evaluation,0.7083333,24174
Evaluation,0.625,24195
Evaluation,0.6666667,24213
Evaluation,1.0,24249
Evaluation,0.6666667,24254
Evaluation,0.6666667,24267
Evaluation,0.6666667,24268
Evaluation,0.625,24291
Evaluation,0.68,24294
Evaluation,0.6666667,24295
Evaluation,0.6363636,24310
Evaluation,0.6666667,24314
Evaluation,0.68,24326
Evaluation,0.6818182,24331
Evaluation,0.6956522,24333
Evaluation,0.68,24344
Evaluation,0.625,24346
Evaluation,0.4814815,24349
Evaluation,0.6,24350
Evaluation,0.6363636,24366
Evaluation,0.68,24418
Evaluation,0.61538464,24442
Evaluation,0.7083333,24459
Evaluation,0.68421054,24500
Evaluation,0.65384614,24515
Evaluation,0.77272725,24539
Evaluation,1.0,24600
Evaluation,0.6923077,24608
Evaluation,0.5217391,24615
Evaluation,0.5555556,24624
Evaluation,0.65384614,24650
Evaluation,0.56,24651
Evaluation,0.72,24661
Evaluation,0.68,24663
Evaluation,0.64,24668
Evaluation,0.625,24685
Evaluation,0.7368421,24689
Evaluation,0.75,24695
Evaluation,0.6666667,24705
Evaluation,0.6956522,24708
Evaluation,0.68,24751
Evaluation,0.6666667,24763
Evaluation,0.6923077,24843
Evaluation,0.6923077,24855
Evaluation,0.6956522,24866
Evaluation,0.68,24961
Evaluation,0.6666667,24978
Evaluation,0.516129,25009
Evaluation,0.7083333,25036
Evaluation,0.6923077,25113
Evaluation,0.68,25120
Evaluation,0.73913044,25139
Evaluation,0.6818182,25146
Evaluation,0.65,25169
Evaluation,0.53846157,25200
Evaluation,0.75,25355
Evaluation,0.6666667,25452
Evaluation,0.68,25476
Evaluation,0.6666667,25498
Evaluation,0.64,25522
Evaluation,0.6666667,25534
Evaluation,0.6666667,25544
Evaluation,0.65384614,25565
Evaluation,0.61538464,25571
Evaluation,0.45454547,25606
Evaluation,0.6296296,25630
Evaluation,0.6551724,25719
Evaluation,0.6896552,25756
Evaluation,0.65217394,25815
Evaluation,0.68,25894
Evaluation,0.6818182,26025
Evaluation,0.6,26026
Evaluation,0.64285713,26031
Evaluation,0.6666667,26053
Evaluation,0.65384614,26069
Evaluation,0.6666667,26074
Evaluation,0.77272725,26139
Evaluation,0.6818182,26166
Evaluation,0.6785714,26177
Evaluation,0.6363636,26232
Evaluation,0.7692308,26259
Evaluation,0.6923077,26369
Evaluation,0.6923077,26433
Evaluation,0.68,26489
Evaluation,0.6785714,26563
Evaluation,0.6666667,26580
Evaluation,0.6956522,26619
Evaluation,0.5833333,26645
Evaluation,0.75,26655
Evaluation,0.6875,26707
Evaluation,0.6666667,26731
Evaluation,0.6666667,26743
Evaluation,0.52380955,26836
Evaluation,0.5555556,26837
Evaluation,0.6956522,26867
Evaluation,0.73913044,26878
Evaluation,0.6666667,26909
Evaluation,0.6666667,26913
Evaluation,1.0,26936
Evaluation,0.7037037,26937
Evaluation,0.6666667,26959
Evaluation,0.68,26965
Evaluation,0.71428573,26977
Evaluation,0.76666665,26986
Evaluation,0.73913044,27020
Evaluation,0.7,27057
Evaluation,0.6818182,27062
Evaluation,0.72727275,27068
Evaluation,0.6666667,27106
Evaluation,0.6923077,27107
Evaluation,0.5652174,27141
Evaluation,0.7058824,27149
Evaluation,0.4722222,27203
Evaluation,0.45714286,27204
Evaluation,0.68421054,27277
Evaluation,0.8333333,27280
Evaluation,0.7692308,27310
Evaluation,0.73913044,27334
Evaluation,0.6923077,27409
Evaluation,0.68,27419
Evaluation,0.7692308,27428
Evaluation,0.7037037,27432
Evaluation,0.68,27478
Evaluation,0.6666667,27506
Evaluation,0.41935483,27538
Evaluation,0.72727275,27551
Evaluation,0.6956522,27563
Evaluation,0.5,27590
Evaluation,0.6969697,27599
Evaluation,0.95,27677
Evaluation,0.7307692,27687
Evaluation,0.6451613,27714
Evaluation,0.95,27720
Evaluation,0.95454544,27722
Evaluation,0.875,27735
Evaluation,0.71428573,27804
Evaluation,0.5714286,27806
Evaluation,0.85,27807
Evaluation,0.8888889,27812
Evaluation,0.6551724,27826
Evaluation,0.6666667,27827
Evaluation,0.73913044,27830
Evaluation,0.5652174,27834
Evaluation,0.52380955,27882
Evaluation,0.875,27887
Evaluation,0.5925926,27889
Evaluation,0.72,27893
Evaluation,0.53125,27894
Evaluation,0.53846157,27896
Evaluation,0.7096774,27901
Evaluation,0.46153846,27908
Evaluation,1.0,27910
Evaluation,0.6666667,27934
Evaluation,0.68,27942
Evaluation,0.68,27945
Evaluation,0.6666667,27946
Evaluation,0.7,27952
Evaluation,0.75,27985
Evaluation,0.6956522,28002
Evaluation,0.75,28015
Evaluation,0.6956522,28035
Evaluation,0.6666667,28044
Evaluation,0.72727275,28046
Evaluation,0.7222222,28055
Evaluation,0.7037037,28113
Evaluation,0.6923077,28115
Evaluation,0.625,28121
Evaluation,0.8333333,28123
Evaluation,0.75,28159
Evaluation,0.6923077,28188
Evaluation,0.8947368,28194
Evaluation,0.65217394,28222
Evaluation,0.72727275,28241
Evaluation,0.68,28244
Evaluation,0.6666667,28249
Evaluation,0.72727275,28272
Evaluation,0.7083333,28277
Evaluation,0.7368421,28289
Evaluation,0.6,28292
Evaluation,0.5294118,28324
Evaluation,0.7058824,28329
Evaluation,0.95238096,28333
Evaluation,1.0,28341
Evaluation,0.64705884,28351
Evaluation,0.57894737,28353
Evaluation,0.7619048,28355
Evaluation,0.34375,28371
Evaluation,0.625,28377
Evaluation,0.7,28383
Evaluation,0.65217394,28391
Evaluation,0.6818182,28399
Evaluation,0.54545456,28412
Evaluation,0.68,28416
Evaluation,0.6,28426
Evaluation,0.68,28451
Evaluation,0.5925926,28468
Evaluation,0.6363636,28472
Evaluation,0.6666667,28475
Evaluation,0.85714287,28479
Evaluation,0.64,28498
Evaluation,0.6296296,28500
Evaluation,0.5416667,28516
Evaluation,0.6818182,28535
Evaluation,0.6,28549
Evaluation,0.5,28566
Evaluation,0.61538464,28575
Evaluation,0.60714287,28576
Evaluation,0.65384614,28624
Evaluation,0.53571427,28646
Evaluation,0.5714286,28706
Evaluation,0.57894737,28722
Evaluation,0.56,28748
Evaluation,0.5769231,28798
Evaluation,0.68,28799
Evaluation,0.73913044,28833
Evaluation,0.5769231,28896
Evaluation,0.625,28898
Evaluation,0.65,28909
Evaluation,0.6666667,28919
Evaluation,0.6956522,28945
Evaluation,0.6923077,28978
Evaluation,0.6666667,28982
Evaluation,0.65217394,28986
Evaluation,0.6,29005
Evaluation,0.5769231,29010
Evaluation,0.5925926,29014
Evaluation,0.72727275,29023
Evaluation,0.625,29024
Evaluation,0.6666667,29031
Evaluation,0.5,29089
Evaluation,0.5277778,29101
Evaluation,0.73333335,29109
Evaluation,0.46666667,29111
Evaluation,0.5263158,29112
Evaluation,0.64,29115
Evaluation,0.6666667,29217
Evaluation,0.5714286,29223
Evaluation,0.53846157,29303
Evaluation,1.0,29305
Evaluation,0.7096774,29316
Evaluation,0.5555556,29324
Evaluation,0.5185185,29335
Evaluation,0.65384614,29351
Evaluation,0.7083333,29356
Evaluation,0.6,29360
Evaluation,0.64,29378
Evaluation,0.75,29400
Evaluation,0.425,29402
Evaluation,0.68,29409
Evaluation,0.625,29428
Evaluation,0.5151515,29430
Evaluation,0.6571429,29433
Evaluation,0.61538464,29435
Evaluation,1.0,29454
Evaluation,0.54545456,29457
Evaluation,0.6666667,29458
Evaluation,0.59090906,29464
Evaluation,1.0,29465
Evaluation,0.7631579,29478
Evaluation,0.53125,29481
Evaluation,0.6451613,29488
Evaluation,0.6451613,29489
Evaluation,0.5483871,29503
Evaluation,0.68,29504
Evaluation,0.59090906,29505
Evaluation,0.61904764,29547
Evaluation,0.5769231,29575
Evaluation,0.6,29579
Evaluation,0.65217394,29603
Evaluation,0.64,29626
Evaluation,0.6666667,29628
Evaluation,0.65384614,29646
Evaluation,0.68,29651
Evaluation,0.6551724,29657
Evaluation,0.64,29663
Evaluation,0.5555556,29683
Evaluation,0.6,29685
Evaluation,0.85714287,29705
Evaluation,0.8235294,29724
Evaluation,0.65384614,29750
Evaluation,0.71794873,29769
Evaluation,0.5833333,29771
Evaluation,0.6666667,29797
Evaluation,0.68,29837
Evaluation,0.65384614,29891
Evaluation,0.65384614,29896
Evaluation,0.56,29903
Evaluation,0.5925926,29935
Evaluation,0.53846157,30019
Evaluation,0.64,30084
Evaluation,0.7,30104
Evaluation,0.6666667,30110
Evaluation,0.65217394,30147
Evaluation,0.6296296,30156
Evaluation,0.7894737,30171
Evaluation,0.64285713,30199
Evaluation,0.61538464,30206
Evaluation,0.6,30237
Evaluation,0.9,30270
Evaluation,0.61538464,30277
Evaluation,0.75,30278
Evaluation,0.6,30283
Evaluation,0.5833333,30286
Evaluation,0.7368421,30306
Evaluation,0.875,30307
Evaluation,0.53846157,30314
Evaluation,0.6551724,30322
Evaluation,0.6666667,30339
Evaluation,0.5,30343
Evaluation,0.47368422,30355
Evaluation,0.64,30365
Evaluation,0.45,30379
Evaluation,0.52380955,30380
Evaluation,0.6315789,30381
Evaluation,0.4347826,30388
Evaluation,0.6,30389
Evaluation,0.5416667,30398
Evaluation,0.5925926,30400
Evaluation,0.5714286,30404
Evaluation,0.7222222,30405
Evaluation,0.5416667,30414
Evaluation,0.54545456,30415
Evaluation,1.0,30423
Evaluation,0.5,30426
Evaluation,0.34615386,30429
Evaluation,0.5,30430
Evaluation,0.41666666,30433
Evaluation,0.625,30434
Evaluation,0.375,30438
Evaluation,0.44444445,30439
Evaluation,0.5833333,30497
Evaluation,0.7241379,30498
Evaluation,0.4642857,30509
Evaluation,0.46666667,30550
Evaluation,0.4827586,30604
Evaluation,0.6,30613
Evaluation,0.5,30665
Evaluation,0.47058824,30675
Evaluation,0.3809524,30676
Evaluation,0.5882353,30678
Evaluation,0.4090909,30679
Evaluation,0.5,30683
Evaluation,0.375,30684
Evaluation,0.7,30694
Evaluation,0.6551724,30701
Evaluation,0.52380955,30741
Evaluation,0.4,30743
Evaluation,0.90625,30752
Evaluation,0.6333333,30758
Evaluation,0.6923077,30759
Evaluation,0.40625,30768
Evaluation,0.5714286,30790
Evaluation,0.5652174,30794
Evaluation,0.57575756,30822
Evaluation,0.46153846,30823
Evaluation,0.55,30835
Evaluation,0.42857143,30863
Evaluation,0.5,30875
Evaluation,0.4,30884
Evaluation,0.60714287,30914
Evaluation,1.0,30932
Evaluation,1.0,30933
Evaluation,0.55,30936
Evaluation,1.0,30940
Evaluation,1.0,30942
Evaluation,0.42857143,30946
Evaluation,0.44444445,30951
Evaluation,0.4,30953
Evaluation,0.58064514,30975
Evaluation,0.61538464,30997
Evaluation,0.71428573,31004
Evaluation,0.5,31038
Evaluation,0.5652174,31059
Evaluation,0.64285713,31077
Evaluation,0.5,31083
Evaluation,0.64285713,31099
Evaluation,0.45833334,31140
Evaluation,0.65217394,31146
Evaluation,0.5217391,31173
Evaluation,0.5652174,31185
Evaluation,0.5714286,31209
Evaluation,0.61538464,31231
Evaluation,0.47058824,31242
Evaluation,0.44444445,31244
Evaluation,0.5294118,31245
Evaluation,0.6086956,31277
Evaluation,0.625,31285
Evaluation,0.5652174,31330
Evaluation,0.56,31343
Evaluation,0.5925926,31353
Evaluation,0.5714286,31355
Evaluation,0.5833333,31363
Evaluation,0.3809524,31368
Evaluation,0.5769231,31385
Evaluation,0.64,31388
Evaluation,0.64,31390
Evaluation,0.5555556,31397
Evaluation,0.6956522,31405
Evaluation,0.6956522,31413
Evaluation,0.6086956,31452
Evaluation,0.6296296,31491
Evaluation,0.65217394,31509
Evaluation,0.5263158,31522
Evaluation,0.4347826,31543
Evaluation,0.46875,31563
Evaluation,0.5,31565
Evaluation,0.85714287,31586
Evaluation,0.73913044,31596
Evaluation,0.6296296,31615
Evaluation,0.64,31618
Evaluation,0.68,31622
Evaluation,0.6,31629
Evaluation,0.6,31639
Evaluation,0.5833333,31648
Evaluation,0.5555556,31651
Evaluation,0.6923077,31657
Evaluation,0.6111111,31670
Evaluation,0.53846157,31683
Evaluation,0.71428573,31711
Evaluation,0.65217394,31718
Evaluation,0.65217394,31729
Evaluation,0.64,31767
Evaluation,0.62068963,31884
Evaluation,0.5862069,31888
Evaluation,0.61538464,31936
Evaluation,0.5925926,31946
Evaluation,0.65384614,31975
Evaluation,0.61538464,31982
Evaluation,0.5833333,32009
Evaluation,0.5769231,32063
Evaluation,0.6818182,32131
Evaluation,0.53333336,32167
Evaluation,0.6666667,32169
Evaluation,0.73913044,32204
Evaluation,0.85714287,32215
Evaluation,0.75,32223
Evaluation,0.64,32230
Evaluation,0.75,32246
Evaluation,0.72727275,32270
Evaluation,0.54545456,32271
Evaluation,0.4,32274
Evaluation,0.34615386,32283
Evaluation,0.33333334,32291
Evaluation,0.36842105,32304
Evaluation,0.4,32308
Evaluation,0.47619048,32316
Evaluation,0.6296296,32326
Evaluation,0.61904764,32339
Evaluation,0.59090906,32357
Evaluation,0.5714286,32360
Evaluation,0.61538464,32373
Evaluation,0.6956522,32387
Evaluation,0.52,32418
Evaluation,0.5652174,32468
Evaluation,0.73913044,32470
Evaluation,0.44,32472
Evaluation,0.56,32480
Evaluation,0.64,32481
Evaluation,0.46153846,32485
Evaluation,0.68,32515
Evaluation,0.6923077,32526
Evaluation,0.52,32636
Evaluation,0.64,32662
Evaluation,0.6666667,32715
Evaluation,0.44,32752
Evaluation,0.47058824,32845
Evaluation,0.5769231,32853
Evaluation,0.5769231,32855
Evaluation,0.65384614,32864
Evaluation,0.875,32870
Evaluation,0.65384614,32874
Evaluation,0.5925926,32875
Evaluation,0.5769231,32902
Evaluation,0.5555556,32913
Evaluation,0.5,32915
Evaluation,0.5862069,32924
Evaluation,0.5925926,32954
Evaluation,0.75,33053
Evaluation,0.56666666,33077
Evaluation,0.5714286,33090
Evaluation,0.47619048,33099
Evaluation,0.5,33172
Evaluation,0.6,33187
Evaluation,0.5217391,33223
Evaluation,0.5416667,33224
Evaluation,0.5833333,33229
Evaluation,0.61538464,33234
Evaluation,0.6363636,33240
Evaluation,0.6,33261
Evaluation,0.65384614,33264
Evaluation,0.6111111,33268
Evaluation,0.64705884,33278
Evaluation,0.61538464,33291
Evaluation,0.6315789,33297
Evaluation,0.61904764,33304
Evaluation,0.6,33306
Evaluation,0.6,33310
Evaluation,0.6086956,33315
Evaluation,0.59090906,33316
Evaluation,0.5652174,33323
Evaluation,0.64,33328
Evaluation,0.68421054,33359
Evaluation,0.54545456,33422
Evaluation,0.54545456,33424
Evaluation,0.6666667,33437
Evaluation,0.6923077,33463
Evaluation,0.5714286,33467
Evaluation,0.75,33469
Evaluation,0.73913044,33481
Evaluation,0.6666667,33487
Evaluation,0.625,33502
Evaluation,0.73913044,33517
Evaluation,0.57894737,33519
Evaluation,0.59090906,33553
Evaluation,0.5263158,33556
Evaluation,0.95652175,33559
Evaluation,0.5652174,33566
Evaluation,0.5625,33571
Evaluation,0.5555556,33576
Evaluation,0.6,33607
Evaluation,0.68,33631
Evaluation,0.77272725,33654
Evaluation,0.5,33669
Evaluation,0.61538464,33678
Evaluation,0.64285713,33688
Evaluation,0.77272725,33731
Evaluation,0.6923077,33738
Evaluation,0.5769231,33831
Evaluation,0.625,33839
Evaluation,0.64,33878
Evaluation,0.3809524,33910
Evaluation,0.5555556,33939
Evaluation,0.5,34090
Evaluation,0.55172414,34094
Evaluation,0.65384614,34118
Evaluation,0.73913044,34132
Evaluation,0.76,34141
Evaluation,0.375,34148
Evaluation,0.3,34150
Evaluation,0.5625,34155
Evaluation,0.64285713,34157
Evaluation,0.53846157,34158
Evaluation,0.5,34169
Evaluation,0.6,34172
Evaluation,0.68,34195
Evaluation,0.61538464,34197
Evaluation,0.6451613,34199
Evaluation,0.61538464,34200
Evaluation,0.5555556,34234
Evaluation,0.53571427,34246
Evaluation,0.5294118,34260
Evaluation,0.54545456,34278
Evaluation,0.4642857,34311
Evaluation,0.45833334,34323
Evaluation,0.54545456,34339
Evaluation,0.6551724,34345
Evaluation,0.71428573,34347
Evaluation,0.4,34368
Evaluation,0.5,34374
Evaluation,0.68,34380
Evaluation,0.6363636,34386
Evaluation,0.4642857,34444
Evaluation,0.5714286,34474
Evaluation,0.47826087,34513
Evaluation,0.57894737,34515
Evaluation,0.6086956,34528
Evaluation,0.64,34535
Evaluation,0.6,34561
Evaluation,1.0,34562
Evaluation,0.5714286,34582
Evaluation,0.7,34587
Evaluation,0.6,34588
Evaluation,0.6,34589
Evaluation,0.6315789,34593
Evaluation,0.6666667,34611
Evaluation,0.6315789,34640
Evaluation,0.64,34661
Evaluation,0.68,34666
Evaluation,0.5,34681
Evaluation,0.52380955,34699
Evaluation,0.5,34722
Evaluation,0.52,34763
Evaluation,0.5416667,34785
Evaluation,0.5625,34787
Evaluation,0.5714286,34790
Evaluation,0.5925926,34801
Evaluation,0.5416667,34807
Evaluation,0.61764705,34814
Evaluation,0.6086956,34823
Evaluation,0.62857145,34870
Evaluation,0.8518519,34881
Evaluation,0.59090906,34910
Evaluation,0.4827586,34916
Evaluation,0.6818182,34924
Evaluation,0.625,34931
Evaluation,1.0,34945
Evaluation,1.0,34953
Evaluation,0.44444445,34957
Evaluation,0.6086956,34970
Evaluation,0.6315789,34974
Evaluation,0.77272725,34977
Evaluation,0.6315789,34982
Evaluation,0.64,34993
Evaluation,0.7058824,35004
Evaluation,0.95652175,35012
Evaluation,0.6086956,35027
Evaluation,0.59090906,35041
Evaluation,0.5714286,35058
Evaluation,0.57894737,35062
Evaluation,0.59090906,35079
Evaluation,0.5714286,35083
Evaluation,0.6896552,35086
Evaluation,0.65217394,35091
Evaluation,0.5,35133
Evaluation,0.57894737,35140
Evaluation,0.5,35165
Evaluation,0.74285716,35183
Evaluation,0.75757575,35192
Evaluation,0.67741936,35197
Evaluation,0.4848485,35215
Evaluation,0.60714287,35216
Evaluation,0.62068963,35222
Evaluation,0.516129,35227
Evaluation,0.64285713,35251
Evaluation,0.5217391,35263
Evaluation,0.61904764,35268
Evaluation,0.54545456,35276
Evaluation,0.53846157,35282
Evaluation,0.5833333,35283
Evaluation,0.5714286,35285
Evaluation,0.6363636,35320
Evaluation,0.6956522,35326
Evaluation,0.73333335,35380
Evaluation,0.55,35407
Evaluation,0.53333336,35424
Evaluation,0.52380955,35447
Evaluation,0.54545456,35450
Evaluation,0.7,35456
Evaluation,0.72727275,35468
Evaluation,0.5555556,35477
Evaluation,0.57894737,35495
Evaluation,0.6666667,35512
Evaluation,0.53846157,35520
Evaluation,0.6666667,35528
Evaluation,0.625,35538
Evaluation,0.65384614,35549
Evaluation,0.64,35557
Evaluation,0.6,35574
Evaluation,0.59090906,35601
Evaluation,0.6086956,35604
Evaluation,0.6666667,35635
Evaluation,0.6296296,35706
Evaluation,0.6,35715
Evaluation,0.625,35735
Evaluation,0.59090906,35737
Evaluation,0.65384614,35758
Evaluation,1.0,35779
Evaluation,0.59090906,35803
Evaluation,0.6296296,35819
Evaluation,0.5769231,35822
Evaluation,0.5,35837
Evaluation,0.6818182,35885
Evaluation,0.61538464,35893
Evaluation,0.6,35899
Evaluation,0.6666667,35905
Evaluation,0.71428573,35919
Evaluation,0.6086956,35920
Evaluation,0.5625,35965
Evaluation,0.53846157,35988
Evaluation,0.39130434,36024
Evaluation,0.6,36025
Evaluation,0.53846157,36036
Evaluation,0.5,36037
Evaluation,0.53846157,36044
Evaluation,0.45454547,36058
Evaluation,0.6,36063
Evaluation,0.6666667,36116
Evaluation,0.6666667,36128
Evaluation,0.5555556,36202
Evaluation,0.8125,36240
Evaluation,0.93333334,36251
Evaluation,0.64,36309
Evaluation,0.6,36315
Evaluation,0.36842105,36395
Evaluation,0.34615386,36398
Evaluation,0.4117647,36403
Evaluation,0.57894737,36408
Evaluation,0.59090906,36425
Evaluation,0.45454547,36455
Evaluation,0.4,36462
Evaluation,0.64285713,36467
Evaluation,0.5862069,36469
Evaluation,0.61538464,36530
Evaluation,0.61538464,36555
Evaluation,0.625,36568
Evaluation,0.6666667,36603
Evaluation,0.6666667,36618
Evaluation,0.51724136,36654
Evaluation,0.48,36663
Evaluation,0.5925926,36681
Evaluation,0.72727275,36704
Evaluation,0.4642857,36715
Evaluation,0.6296296,36751
Evaluation,0.6,36774
Evaluation,0.7647059,36825
Evaluation,0.60714287,36856
Evaluation,0.6666667,36890
Evaluation,0.59090906,36899
Evaluation,0.5263158,36909
Evaluation,0.5625,36922
Evaluation,0.5769231,36929
Evaluation,0.6923077,36945
Evaluation,0.53846157,36990
Evaluation,0.73913044,37001
Evaluation,0.7647059,37002
Evaluation,0.72727275,37038
Evaluation,0.51724136,37083
Evaluation,0.5925926,37159
Evaluation,0.5185185,37176
Evaluation,0.64285713,37199
Evaluation,0.6,37213
Evaluation,0.6,37232
Evaluation,0.68,37250
Evaluation,0.61538464,37268
Evaluation,0.68,37280
Evaluation,0.6818182,37290
Evaluation,0.525,37321
Evaluation,0.42857143,37324
Evaluation,0.7058824,37341
Evaluation,0.5925926,37365
Evaluation,0.6,37370
Evaluation,0.6,37401
Evaluation,0.61904764,37403
Evaluation,0.8,37456
Evaluation,0.47058824,37537
Evaluation,0.44444445,37565
Evaluation,0.41666666,37566
Evaluation,0.45,37569
Evaluation,0.3125,37570
Evaluation,0.625,37594
Evaluation,0.6296296,37608
Evaluation,0.5769231,37648
Evaluation,0.625,37683
Evaluation,0.5833333,37684
Evaluation,0.64,37690
Evaluation,0.7058824,37709
Evaluation,0.65384614,37726
Evaluation,0.5769231,37727
Evaluation,0.6666667,37768
Evaluation,0.5294118,37792
Evaluation,0.54545456,37814
Evaluation,0.6,37815
Evaluation,0.57894737,37857
Evaluation,0.61904764,37860
Evaluation,0.65384614,37878
Evaluation,0.65,37882
Evaluation,0.5185185,37895
Evaluation,0.68,37907
Evaluation,0.65217394,37958
Evaluation,0.6956522,37993
Evaluation,0.6818182,38013
Evaluation,0.64,38062
Evaluation,0.5714286,38095
Evaluation,0.64285713,38109
Evaluation,0.65217394,38139
Evaluation,0.5769231,38162
Evaluation,0.6086956,38242
Evaluation,0.64285713,38311
Evaluation,0.6666667,38314
Evaluation,0.6956522,38338
Evaluation,0.60714287,38339
Evaluation,0.6086956,38387
Evaluation,0.62068963,38398
Evaluation,0.42857143,38429
Evaluation,0.6086956,38439
Evaluation,0.6666667,38445
Evaluation,0.516129,38455
Evaluation,0.60714287,38463
Evaluation,0.6296296,38489
Evaluation,0.6956522,38537
Evaluation,0.6666667,38565
Evaluation,0.6956522,38583
Evaluation,0.625,38620
Evaluation,0.71428573,38633
Evaluation,0.64,38651
Evaluation,0.64,38672
Evaluation,0.5185185,38765
Evaluation,0.7,38781
Evaluation,0.64,38794
Evaluation,0.65217394,38800
Evaluation,0.72727275,38805
Evaluation,0.64705884,38810
Evaluation,0.67741936,38857
Evaluation,0.52380955,38861
Evaluation,0.64285713,38864
Evaluation,0.6296296,38873
Evaluation,0.47058824,38923
Evaluation,0.54545456,38930
Evaluation,0.42105263,38939
Evaluation,0.42105263,38948
Evaluation,0.44444445,38966
Evaluation,1.0,38988
Evaluation,1.0,38992
Evaluation,0.47058824,39002
Evaluation,0.6296296,39035
Evaluation,0.60714287,39039
Evaluation,0.60714287,39054
Evaluation,0.6086956,39068
Evaluation,0.64285713,39071
Evaluation,0.516129,39107
Evaluation,0.5769231,39142
Evaluation,0.56,39157
Evaluation,0.64285713,39177
Evaluation,0.45833334,39216
Evaluation,1.0,39242
Evaluation,0.5,39243
Evaluation,0.6,39245
Evaluation,0.5555556,39253
Evaluation,0.5294118,39254
Evaluation,0.5769231,39267
Evaluation,0.57894737,39287
Evaluation,0.5625,39298
Evaluation,0.47368422,39300
Evaluation,0.5,39311
Evaluation,0.5217391,39321
Evaluation,0.5714286,39322
Evaluation,0.5,39326
Evaluation,0.4090909,39327
Evaluation,0.64705884,39338
Evaluation,0.44444445,39351
Evaluation,0.47368422,39368
Evaluation,0.5,39369
Evaluation,0.5,39374
Evaluation,0.5833333,39379
Evaluation,0.5,39392
Evaluation,0.4090909,39408
Evaluation,0.3888889,39410
Evaluation,0.6363636,39416
Evaluation,0.5625,39417
Evaluation,0.6,39425
Evaluation,0.6666667,39435
Evaluation,0.47368422,39437
Evaluation,1.0,39451
Evaluation,0.53846157,39468
Evaluation,0.5,39475
Evaluation,0.44444445,39476
Evaluation,0.47058824,39478
Evaluation,0.375,39479
Evaluation,0.47058824,39481
Evaluation,0.5,39484
Evaluation,0.53846157,39488
Evaluation,0.5833333,39498
Evaluation,0.41666666,39500
Evaluation,0.47368422,39511
Evaluation,0.6923077,39519
Evaluation,0.45454547,39526
Evaluation,0.64,39614
Evaluation,0.64,39624
Evaluation,0.5925926,39632
Evaluation,0.5862069,39686
Evaluation,0.5405405,39733
Evaluation,0.5769231,39747
Evaluation,0.64,39754
Evaluation,0.6551724,39786
Evaluation,0.86206895,39803
Evaluation,0.5714286,39825
Evaluation,0.46666667,39829
Evaluation,0.61290324,39832
Evaluation,0.6,39842
Evaluation,0.5833333,39852
Evaluation,0.59375,39855
Evaluation,0.5185185,39857
Evaluation,0.67741936,39860
Evaluation,0.6923077,39878
Evaluation,0.5,39886
Evaluation,0.5925926,39891
Evaluation,0.64,39892
Evaluation,0.65384614,39898
Evaluation,0.7096774,39904
Evaluation,0.6666667,39905
Evaluation,0.6551724,39908
Evaluation,0.5714286,39910
Evaluation,0.5897436,39918
Evaluation,0.625,39923
Evaluation,0.6666667,39941
Evaluation,0.6785714,39950
Evaluation,0.7058824,39951
Evaluation,0.4864865,39953
Evaluation,0.65384614,39960
Evaluation,0.67741936,39962
Evaluation,0.62068963,39968
Evaluation,0.54545456,39977
Evaluation,0.53571427,40007
Evaluation,0.5,40089
Evaluation,0.41379312,40095
Evaluation,0.59090906,40103
Evaluation,0.56,40109
Evaluation,0.56,40109
Evaluation,0.6818182,40137
Evaluation,0.4,40169
Evaluation,0.5,40170
Evaluation,0.4642857,40178
Evaluation,0.64,40190
Evaluation,0.60714287,40194
Evaluation,0.7037037,40201
Evaluation,0.4642857,40250
Evaluation,0.5925926,40256
Evaluation,0.4642857,40261
Evaluation,0.42857143,40301
Evaluation,0.6666667,40315
Evaluation,0.5833333,40319
Evaluation,0.5555556,40331
Evaluation,0.61538464,40453
Evaluation,0.6785714,40472
Evaluation,0.6,40476
Evaluation,0.6666667,40489
Evaluation,0.4516129,40518
Evaluation,0.68,40544
Evaluation,0.5555556,40552
Evaluation,0.5714286,40567
Evaluation,0.53333336,40616
Evaluation,0.46153846,40627
Evaluation,0.6363636,40635
Evaluation,0.6363636,40643
Evaluation,0.64285713,40647
Evaluation,0.6,40650
Evaluation,0.5,40669
Evaluation,0.625,40672
Evaluation,0.6,40678
Evaluation,0.7777778,40684
Evaluation,0.7777778,40695
Evaluation,0.5555556,40698
Evaluation,0.53846157,40699
Evaluation,0.4,40700
Evaluation,0.5,40715
Evaluation,0.35,40716
Evaluation,0.45,40734
Evaluation,0.5714286,40741
Evaluation,0.3846154,40745
Evaluation,0.35,40748
Evaluation,0.375,40752
Evaluation,0.61538464,40795
Evaluation,0.53846157,40799
Evaluation,0.7647059,40803
Evaluation,0.65217394,40804
Evaluation,0.61904764,40807
Evaluation,0.3043478,40812
Evaluation,0.5,40821
Evaluation,0.5263158,40826
Evaluation,0.6666667,40837
Evaluation,0.67741936,40840
Evaluation,0.6875,40842
Evaluation,0.625,40896
Evaluation,0.7058824,40901
Evaluation,0.5,40902
Evaluation,1.0,40914
Evaluation,0.4864865,40921
Evaluation,0.625,40941
Evaluation,0.6,40985
Evaluation,0.516129,40995
Evaluation,1.0,41008
Evaluation,0.5,41025
Evaluation,0.4347826,41029
Evaluation,0.54545456,41032
Evaluation,1.0,41042
Evaluation,0.5,41051
Evaluation,0.6333333,41062
Evaluation,0.516129,41066
Evaluation,0.5714286,41069
Evaluation,0.5714286,41072
Evaluation,0.43333334,41074
Evaluation,0.5555556,41078
Evaluation,0.44117647,41081
Evaluation,0.6551724,41083
Evaluation,0.5833333,41110
Evaluation,0.61538464,41123
Evaluation,0.5833333,41127
Evaluation,0.64285713,41130
Evaluation,0.5,41149
Evaluation,0.5555556,41156
Evaluation,0.5294118,41170
Evaluation,0.4117647,41177
Evaluation,0.5,41188
Evaluation,0.5833333,41241
Evaluation,0.5925926,41245
Evaluation,0.5714286,41248
Evaluation,0.6,41258
Evaluation,0.5,41273
Evaluation,0.5,41290
Evaluation,0.44444445,41294
Evaluation,0.53846157,41296
Evaluation,0.5,41299
Evaluation,0.4347826,41300
Evaluation,0.42857143,41312
Evaluation,0.5769231,41328
Evaluation,0.3809524,41334
Evaluation,0.5,41340
Evaluation,0.47058824,41358
Evaluation,0.42105263,41367
Evaluation,0.47058824,41374
Evaluation,0.5555556,41416
Evaluation,0.5555556,41421
Evaluation,0.5416667,41435
Evaluation,0.39130434,41438
Evaluation,0.45,41439
Evaluation,0.54545456,41444
Evaluation,0.54545456,41445
Evaluation,1.0,41449
Evaluation,0.6333333,41452
Evaluation,0.53846157,41460
Evaluation,0.72727275,41467
Evaluation,0.5,41484
Evaluation,0.61904764,41492
Evaluation,0.5555556,41497
Evaluation,0.5,41513
Evaluation,0.59090906,41520
Evaluation,0.6296296,41543
Evaluation,0.51724136,41547
Evaluation,0.5185185,41554
Evaluation,0.5263158,41564
Evaluation,0.5,41570
Evaluation,0.6,41572
Evaluation,0.6111111,41575
Evaluation,0.5,41581
Evaluation,0.375,41589
Evaluation,0.64285713,41597
Evaluation,0.64285713,41599
Evaluation,0.42105263,41604
Evaluation,0.53846157,41612
Evaluation,0.5,41623
Evaluation,1.0,41640
Evaluation,0.6666667,41656
Evaluation,0.5185185,41698
Evaluation,0.5,41699
Evaluation,0.47826087,41703
Evaluation,0.5769231,41705
Evaluation,0.53571427,41717
Evaluation,0.5769231,41761
Evaluation,0.5555556,41774
Evaluation,0.5555556,41826
Evaluation,1.0,41836
Evaluation,1.0,41842
Evaluation,1.0,41874
Evaluation,1.0,41897
Evaluation,1.0,41907
Evaluation,1.0,41908
Evaluation,1.0,41937
Evaluation,1.0,41959
Evaluation,1.0,41964
Evaluation,0.5,41973
Evaluation,0.47058824,41979
Evaluation,0.35714287,41991
Evaluation,0.41666666,41992
Evaluation,0.41666666,41998
Evaluation,0.25,42002
Evaluation,0.2857143,42003
Evaluation,0.8,42015
Evaluation,0.5833333,42022
Evaluation,0.64285713,42024
Evaluation,0.4375,42026
Evaluation,0.53846157,42027
Evaluation,0.44444445,42030
Evaluation,0.5833333,42031
Evaluation,0.5,42035
Evaluation,0.61538464,42051
Evaluation,0.5769231,42068
Evaluation,0.5862069,42088
Evaluation,0.61538464,42121
Evaluation,0.61538464,42139
Evaluation,0.59090906,42151
Evaluation,0.64285713,42200
Evaluation,0.61538464,42202
Evaluation,0.6666667,42255
Evaluation,0.71428573,42271
Evaluation,0.7368421,42313
Evaluation,0.68,42318
Evaluation,0.61538464,42322
Evaluation,0.61538464,42323
Evaluation,0.64,42351
Evaluation,0.5135135,42375
Evaluation,0.6785714,42397
Evaluation,0.64285713,42411
Evaluation,0.65,42433
Evaluation,0.65,42433
Evaluation,0.5833333,42444
Evaluation,0.6666667,42453
Evaluation,0.64285713,42472
Evaluation,0.61538464,42490
Evaluation,0.64,42498
Evaluation,0.5555556,42543
Evaluation,0.5833333,42548
Evaluation,0.53571427,42588
Evaluation,0.5769231,42613
Evaluation,0.65217394,42630
Evaluation,0.6818182,42636
Evaluation,0.6296296,42690
Evaluation,0.6296296,42695
Evaluation,0.5714286,42704
Evaluation,0.5555556,42748
Evaluation,0.5,42750
Evaluation,0.61538464,42773
Evaluation,0.6296296,42785
Evaluation,0.61538464,42800
Evaluation,0.5555556,42827
Evaluation,0.53846157,42842
Evaluation,0.5,42859
Evaluation,0.64,42863
Evaluation,0.5217391,42932
Evaluation,0.60714287,42960
Evaluation,0.62068963,43036
Evaluation,0.65,43041
Evaluation,0.5,43051
Evaluation,0.64285713,43077
Evaluation,0.45454547,43144
Evaluation,0.33333334,43147
Evaluation,0.52380955,43152
Evaluation,0.52,43200
Evaluation,0.5,43202
Evaluation,0.52380955,43219
Evaluation,0.54545456,43222
Evaluation,0.5185185,43225
Evaluation,0.45454547,43236
Evaluation,1.0,43237
Evaluation,0.5294118,43239
Evaluation,0.5,43250
Evaluation,0.33333334,43278
Evaluation,0.42307693,43289
Evaluation,0.5833333,43312
Evaluation,0.4642857,43317
Evaluation,0.7,43327
Evaluation,1.0,43328
Evaluation,0.6363636,43331
Evaluation,0.6,43339
Evaluation,0.75,43346
Evaluation,0.48,43364
Evaluation,0.55,43370
Evaluation,0.53846157,43371
Evaluation,0.5,43416
Evaluation,0.6086956,43417
Evaluation,0.3043478,43419
Evaluation,0.35,43425
Evaluation,1.0,43450
Evaluation,1.0,43456
Evaluation,1.0,43457
Evaluation,0.44444445,43459
Evaluation,0.375,43460
Evaluation,0.41379312,43488
Evaluation,0.5714286,43581
Evaluation,0.6666667,43587
Evaluation,0.5833333,43595
Evaluation,0.55172414,43608
Evaluation,0.6,43612
Evaluation,0.5714286,43657
Evaluation,0.5555556,43685
Evaluation,0.5714286,43696
Evaluation,0.46666667,43750
Evaluation,0.6,43755
Evaluation,0.5714286,43757
Evaluation,0.5625,43773
Evaluation,0.64285713,43777
Evaluation,1.0,43794
Evaluation,0.4117647,43797
Evaluation,0.7777778,43801
Evaluation,0.6666667,43807
Evaluation,0.6666667,43813
Evaluation,0.6666667,43826
Evaluation,0.5625,43851
Evaluation,0.53846157,43857
Evaluation,0.72727275,43868
Evaluation,0.6666667,43895
Evaluation,0.6666667,43897
Evaluation,0.625,43899
Evaluation,0.6666667,43900
Evaluation,0.64705884,43909
Evaluation,0.71428573,43925
Evaluation,0.5833333,43927
Evaluation,0.44444445,43935
Evaluation,0.5,43936
Evaluation,0.6666667,43944
Evaluation,0.625,43957
Evaluation,0.625,43958
Evaluation,0.5833333,43959
Evaluation,0.5625,43985
Evaluation,0.6,44024
Evaluation,0.61904764,44031
Evaluation,0.45,44035
Evaluation,0.47368422,44052
Evaluation,0.41666666,44058
Evaluation,0.47058824,44059
Evaluation,0.5882353,44078
Evaluation,0.4375,44084
Evaluation,0.47058824,44090
Evaluation,0.5,44105
Evaluation,0.3846154,44106
Evaluation,0.31578946,44109
Evaluation,0.5294118,44124
Evaluation,1.0,44133
Evaluation,0.375,44139
Evaluation,0.41666666,44140
Evaluation,0.71428573,44141
Evaluation,0.45454547,44142
Evaluation,0.37931034,44158
Evaluation,0.65217394,44160
Evaluation,0.5769231,44177
Evaluation,0.46153846,44179
Evaluation,0.5769231,44187
Evaluation,0.6666667,44195
Evaluation,0.5416667,44205
Evaluation,0.46666667,44232
Evaluation,0.53333336,44235
Evaluation,0.5,44237
Evaluation,0.5,44246
Evaluation,0.4375,44253
Evaluation,0.71428573,44259
Evaluation,0.42857143,44270
Evaluation,0.41666666,44285
Evaluation,0.5555556,44289
Evaluation,0.53333336,44298
Evaluation,0.5555556,44312
Evaluation,0.53333336,44315
Evaluation,0.5,44317
Evaluation,0.6666667,44322
Evaluation,0.4,44329
Evaluation,0.53333336,44331
Evaluation,0.46666667,44337
Evaluation,0.46153846,44344
Evaluation,0.4117647,44347
Evaluation,0.5833333,44363
Evaluation,0.44444445,44370
Evaluation,0.5,44373
Evaluation,0.47058824,44379
Evaluation,0.47058824,44384
Evaluation,0.5,44385
Evaluation,0.41666666,44410
Evaluation,0.5714286,44416
Evaluation,0.5,44419
Evaluation,0.53846157,44429
Evaluation,0.4117647,44445
Evaluation,0.45833334,44468
Evaluation,0.64,44475
Evaluation,0.5555556,44480
Evaluation,0.7777778,44486
Evaluation,0.375,44519
Evaluation,0.5625,44546
Evaluation,0.53846157,44574
Evaluation,0.6,44589
Evaluation,0.3846154,44614
Evaluation,0.54545456,44623
Evaluation,0.26086956,44628
Evaluation,0.27272728,44629
Evaluation,0.6,44637
Evaluation,0.3888889,44681
Evaluation,0.3846154,44692
Evaluation,0.33333334,44703
Evaluation,0.45454547,44719
Evaluation,0.30769232,44735
Evaluation,0.30769232,44737
Evaluation,0.56,44744
Evaluation,1.0,44747
Evaluation,0.7,44751
Evaluation,0.6,44785
Evaluation,0.5,44801
Evaluation,0.35,44813
Evaluation,0.46153846,44835
Evaluation,0.53846157,44842
Evaluation,0.3529412,44844
Evaluation,0.61538464,44881
Evaluation,0.5555556,44892
Evaluation,0.53846157,44894
Evaluation,0.5833333,44896
Evaluation,0.53846157,44902
Evaluation,0.47058824,44909
Evaluation,0.41666666,44911
Evaluation,0.5882353,44913
Evaluation,0.6,44935
Evaluation,0.41666666,44952
Evaluation,0.3125,44954
Evaluation,0.54545456,45004
Evaluation,0.53846157,45016
Evaluation,0.3888889,45027
Evaluation,0.53846157,45032
Evaluation,0.375,45039
Evaluation,0.5,45040
Evaluation,0.36842105,45047
Evaluation,0.46666667,45056
Evaluation,0.61538464,45073
Evaluation,0.5,45077
Evaluation,0.5882353,45085
Evaluation,0.53333336,45088
Evaluation,0.5294118,45112
Evaluation,0.42105263,45125
Evaluation,0.5,45127
Evaluation,0.5294118,45160
Evaluation,0.5,45170
Evaluation,0.6363636,45178
Evaluation,0.47058824,45192
Evaluation,0.6666667,45194
Evaluation,0.61538464,45195
Evaluation,0.61538464,45197
Evaluation,0.41666666,45203
Evaluation,0.53846157,45207
Evaluation,0.3846154,45208
Evaluation,0.41666666,45209
Evaluation,0.5555556,45210
Evaluation,0.45454547,45217
Evaluation,0.46666667,45218
Evaluation,0.42105263,45219
Evaluation,0.42307693,45225
Evaluation,0.33333334,45234
Evaluation,0.47058824,45235
Evaluation,0.5,45241
Evaluation,0.46153846,45277
Evaluation,0.54545456,45312
Evaluation,0.47058824,45319
Evaluation,0.45454547,45321
Evaluation,0.5,45325
Evaluation,0.5833333,45343
Evaluation,0.6666667,45345
Evaluation,0.55,45354
Evaluation,0.6666667,45375
Evaluation,0.4375,45379
Evaluation,1.0,45386
Evaluation,1.0,45392
Evaluation,1.0,45393
Evaluation,1.0,45402
Evaluation,0.46153846,45404
Evaluation,0.35714287,45407
Evaluation,0.33333334,45409
Evaluation,0.4,45439
Evaluation,0.5652174,45452
Evaluation,0.6,45456
Evaluation,0.7307692,45484
Evaluation,0.6551724,45488
Evaluation,0.61538464,45492
Evaluation,0.61538464,45493
Evaluation,0.59090906,45525
Evaluation,0.48,45528
Evaluation,0.52380955,45534
Evaluation,0.6,45535
Evaluation,0.54545456,45538
Evaluation,0.5217391,45543
Evaluation,0.54545456,45546
Evaluation,0.6315789,45572
Evaluation,0.5217391,45582
Evaluation,0.6,45597
Evaluation,0.52380955,45608
Evaluation,0.5,45626
Evaluation,0.64705884,45627
Evaluation,0.5,45641
Evaluation,0.65217394,45652
Evaluation,0.45833334,45671
Evaluation,0.45833334,45676
Evaluation,0.35,45686
Evaluation,0.52380955,45689
Evaluation,1.0,45696
Evaluation,0.7647059,45698
Evaluation,1.0,45706
Evaluation,0.7894737,45714
Evaluation,0.5833333,45725
Evaluation,0.47368422,45747
Evaluation,0.6296296,45769
Evaluation,0.65217394,45773
Evaluation,0.85,45854
Evaluation,0.6296296,45860
Evaluation,0.61538464,45867
Evaluation,0.4117647,45912
Evaluation,0.44444445,45920
Evaluation,1.0,45923
Evaluation,1.0,45924
Evaluation,0.64,46089
Evaluation,0.5294118,46114
Evaluation,0.5555556,46132
Evaluation,0.5882353,46134
Evaluation,0.6,46211
Evaluation,0.6296296,46215
Evaluation,0.5833333,46226
Evaluation,0.5,46236
Evaluation,0.67741936,46251
Evaluation,0.44444445,46265
Evaluation,0.65217394,46297
Evaluation,0.71428573,46319
Evaluation,0.6666667,46353
Evaluation,0.5263158,46398
Evaluation,0.5263158,46420
Evaluation,0.5263158,46421
Evaluation,0.5263158,46424
Evaluation,0.5263158,46441
Evaluation,0.64285713,46444
Evaluation,0.53846157,46452
Evaluation,0.68,46490
Evaluation,0.44444445,46504
Evaluation,0.5714286,46506
Evaluation,1.0,46514
Evaluation,0.6363636,46523
Evaluation,0.64285713,46559
Evaluation,0.8947368,46568
Evaluation,0.6296296,46610
Evaluation,0.53846157,46630
Evaluation,0.53846157,46634
Evaluation,0.5294118,46664
Evaluation,0.73913044,46675
Evaluation,0.57894737,46686
Evaluation,0.7,46695
Evaluation,0.625,46767
Evaluation,0.65217394,46830
Evaluation,0.6296296,46861
Evaluation,0.6296296,46863
Evaluation,0.61538464,46910
Evaluation,0.75,46918
Evaluation,0.73913044,46931
Evaluation,0.73913044,46951
Evaluation,0.75,46972
Evaluation,0.5625,46974
Evaluation,0.5185185,47035
Evaluation,0.68,47079
Evaluation,0.65217394,47138
Evaluation,0.5,47173
Evaluation,0.36842105,47176
Evaluation,0.75,47198
Evaluation,0.59090906,47206
Evaluation,0.55,47254
Evaluation,0.64285713,47271
Evaluation,0.59090906,47295
Evaluation,0.6666667,47303
Evaluation,0.7894737,47336
Evaluation,0.6296296,47337
Evaluation,0.60714287,47342
Evaluation,0.4117647,47360
Evaluation,0.6666667,47370
Evaluation,0.3478261,47377
Evaluation,0.64285713,47413
Evaluation,0.6296296,47417
Evaluation,0.72,47438
Evaluation,0.42307693,47491
Evaluation,0.6551724,47505
Evaluation,0.45454547,47536
Evaluation,0.4074074,47541
Evaluation,0.3181818,47545
Evaluation,0.32,47546
Evaluation,0.42857143,47589
Evaluation,0.42307693,47601
Evaluation,0.375,47602
Evaluation,0.3125,47611
Evaluation,0.4,47621
Evaluation,0.65217394,47638
Evaluation,0.59090906,47681
Evaluation,0.71428573,47682
Evaluation,0.7083333,47728
Evaluation,0.45454547,47752
Evaluation,0.33333334,47756
Evaluation,0.5833333,47762
Evaluation,0.41666666,47769
Evaluation,0.625,47837
Evaluation,0.61538464,47869
Evaluation,0.61538464,47891
Evaluation,0.61538464,47911
Evaluation,0.7222222,47918
Evaluation,0.5,48041
Evaluation,0.41666666,48054
Evaluation,0.7916667,48064
Evaluation,0.5714286,48079
Evaluation,0.65,48093
Evaluation,0.47619048,48094
Evaluation,0.5185185,48114
Evaluation,0.64,48142
Evaluation,0.65384614,48159
Evaluation,0.6551724,48205
Evaluation,0.42105263,48240
Evaluation,0.6,48268
Evaluation,0.75,48275
Evaluation,0.42424244,48281
Evaluation,0.6551724,48378
Evaluation,0.6666667,48405
Evaluation,0.47058824,48446
Evaluation,0.7647059,48484
Evaluation,0.65,48492
Evaluation,1.0,48505
Evaluation,0.6666667,48511
Evaluation,0.52380955,48523
Evaluation,0.41666666,48526
Evaluation,0.41666666,48529
Evaluation,0.6666667,48535
Evaluation,0.61538464,48536
Evaluation,0.625,48573
Evaluation,0.5652174,48614
Evaluation,0.7083333,48615
Evaluation,0.6111111,48640
Evaluation,0.5714286,48641
Evaluation,0.68,48655
Evaluation,0.64285713,48679
Evaluation,0.4,48718
Evaluation,0.72727275,48754
Evaluation,0.75,48759
Evaluation,0.61538464,48777
Evaluation,0.72,48892
Evaluation,0.64285713,48893
Evaluation,0.5,48935
Evaluation,0.8,48983
Evaluation,0.64285713,48999
Evaluation,0.57894737,49043
Evaluation,0.5263158,49048
Evaluation,0.625,49055
Evaluation,0.68,49085
Evaluation,0.75,49096
Evaluation,0.5405405,49123
Evaluation,0.72727275,49153
Evaluation,0.6785714,49157
Evaluation,0.85,49215
Evaluation,0.68421054,49217
Evaluation,0.75,49219
Evaluation,0.73913044,49223
Evaluation,0.6086956,49234
Evaluation,0.7894737,49247
Evaluation,0.65384614,49273
Evaluation,0.625,49298
Evaluation,0.5833333,49301
Evaluation,0.8181818,49302
Evaluation,0.72727275,49316
Evaluation,0.5,49325
Evaluation,0.65217394,49329
Evaluation,0.5652174,49332
Evaluation,0.5652174,49334
Evaluation,0.4375,49338
Evaluation,0.47368422,49340
Evaluation,0.53846157,49344
Evaluation,0.64285713,49348
Evaluation,0.71428573,49361
Evaluation,0.65384614,49395
Evaluation,0.7619048,49412
Evaluation,0.6,49413
Evaluation,0.88235295,49449
Evaluation,0.6666667,49463
Evaluation,0.6666667,49476
Evaluation,0.625,49493
Evaluation,0.5714286,49504
Evaluation,0.625,49517
Evaluation,0.61904764,49522
Evaluation,0.59090906,49524
Evaluation,0.65384614,49530
Evaluation,0.6363636,49588
Evaluation,0.625,49593
Evaluation,0.5833333,49607
Evaluation,0.516129,49619
Evaluation,0.6666667,49650
Evaluation,0.64285713,49662
Evaluation,0.72,49687
Evaluation,0.64285713,49711
Evaluation,0.5,49739
Evaluation,0.5652174,49748
Evaluation,0.44,49751
Evaluation,0.6551724,49758
Evaluation,0.5416667,49782
Evaluation,0.47368422,49786
Evaluation,0.5,49787
Evaluation,0.6315789,49788
Evaluation,0.5,49800
Evaluation,0.59090906,49803
Evaluation,0.5652174,49805
Evaluation,0.5652174,49806
Evaluation,0.5714286,49828
Evaluation,0.59090906,49829
Evaluation,0.3888889,49837
Evaluation,0.62068963,49853
Evaluation,0.5714286,49854
Evaluation,0.5833333,49873
Evaluation,0.5833333,49874
Evaluation,0.62068963,49909
Evaluation,0.41666666,49962
Evaluation,0.6,49983
Evaluation,0.37931034,50023
Evaluation,0.4375,50027
Evaluation,0.5833333,50028
Evaluation,0.5,50036
Evaluation,0.6363636,50057
Evaluation,0.71428573,50058
Evaluation,0.4642857,50063
Evaluation,0.39285713,50069
Evaluation,0.34375,50081
Evaluation,0.35714287,50089
Evaluation,0.5,50114
Evaluation,0.6363636,50132
Evaluation,0.4,50134
Evaluation,0.7894737,50139
Evaluation,0.59090906,50151
Evaluation,0.5652174,50152
Evaluation,0.64,50166
Evaluation,0.5652174,50167
Evaluation,0.37209302,50170
Evaluation,0.7692308,50175
Evaluation,0.625,50192
Evaluation,0.5483871,50204
Evaluation,0.54545456,50216
Evaluation,0.47368422,50217
Evaluation,0.45454547,50224
Evaluation,0.56,50226
Evaluation,0.3809524,50230
Evaluation,0.4814815,50243
Evaluation,0.5652174,50260
Evaluation,0.44444445,50266
Evaluation,0.5714286,50292
Evaluation,0.4347826,50305
Evaluation,0.54545456,50311
Evaluation,0.4117647,50318
Evaluation,0.7,50327
Evaluation,0.7,50329
Evaluation,0.6363636,50331
Evaluation,0.5,50336
Evaluation,0.5,50344
Evaluation,0.5,50347
Evaluation,0.5294118,50382
Evaluation,0.5833333,50383
Evaluation,0.46666667,50391
Evaluation,0.6,50392
Evaluation,0.5833333,50400
Evaluation,0.5,50401
Evaluation,0.5,50402
Evaluation,0.42307693,50403
Evaluation,0.3125,50406
Evaluation,0.41666666,50414
Evaluation,0.44444445,50415
Evaluation,0.5,50449
Evaluation,0.5652174,50482
Evaluation,0.625,50484
Evaluation,0.56666666,50489
Evaluation,0.5,50504
Evaluation,0.5,50513
Evaluation,0.5833333,50527
Evaluation,0.5,50532
Evaluation,0.4,50535
Evaluation,0.53846157,50545
Evaluation,0.55172414,50558
Evaluation,0.5185185,50562
Evaluation,1.0,50570
Evaluation,1.0,50574
Evaluation,1.0,50577
Evaluation,0.44444445,50581
Evaluation,0.5,50590
Evaluation,0.37931034,50591
Evaluation,0.5,50596
Evaluation,0.64285713,50620
Evaluation,0.46153846,50624
Evaluation,0.44444445,50692
Evaluation,0.61538464,50723
Evaluation,0.39285713,50753
Evaluation,0.5833333,50773
Evaluation,0.52380955,50776
Evaluation,0.53846157,50777
Evaluation,0.64285713,50815
Evaluation,0.61538464,50836
Evaluation,0.4827586,50850
Evaluation,0.6296296,50864
Evaluation,0.6,50868
Evaluation,0.56,50899
Evaluation,0.4642857,50976
Evaluation,0.5769231,50981
Evaluation,0.53846157,51034
Evaluation,0.44827586,51048
Evaluation,0.5555556,51066
Evaluation,0.5555556,51071
Evaluation,0.6551724,51109
Evaluation,0.53846157,51121
Evaluation,0.5185185,51147
Evaluation,0.5416667,51186
Evaluation,0.56,51188
Evaluation,0.6,51196
Evaluation,0.60714287,51221
Evaluation,0.56,51250
Evaluation,0.2777778,51279
Evaluation,1.0,51283
Evaluation,1.0,51285
Evaluation,0.625,51286
Evaluation,0.25,51292
Evaluation,0.7368421,51308
Evaluation,0.6666667,51317
Evaluation,0.6086956,51334
Evaluation,0.5714286,51358
Evaluation,0.5555556,51360
Evaluation,0.6666667,51368
Evaluation,0.65217394,51423
Evaluation,0.3809524,51434
Evaluation,0.68,51438
Evaluation,0.61904764,51440
Evaluation,0.6296296,51460
Evaluation,0.5714286,51462
Evaluation,1.0,51464
Evaluation,0.6086956,51491
Evaluation,0.6666667,51500
Evaluation,0.6666667,51538
Evaluation,0.71428573,51541
Evaluation,0.5714286,51558
Evaluation,0.5,51593
Evaluation,0.61538464,51618
Evaluation,0.65384614,51626
Evaluation,0.75,51676
Evaluation,0.64285713,51714
Evaluation,0.64,51724
Evaluation,0.8947368,51735
Evaluation,0.625,51783
Evaluation,0.52380955,51820
Evaluation,0.6666667,51825
Evaluation,0.65,51913
Evaluation,0.62068963,51956
Evaluation,0.5652174,51977
Evaluation,0.61538464,51987
Evaluation,0.64,52028
Evaluation,0.64285713,52047
Evaluation,0.76,52182
Evaluation,0.78571427,52189
Evaluation,0.71428573,52190
Evaluation,0.65384614,52193
Evaluation,0.7,52207
Evaluation,0.64285713,52230
Evaluation,0.5833333,52240
Evaluation,0.7368421,52253
Evaluation,0.75,52262
Evaluation,0.6666667,52277
Evaluation,0.6666667,52339
Evaluation,0.6666667,52340
Evaluation,0.61904764,52342
Evaluation,0.7647059,52371
Evaluation,0.64,52374
Evaluation,0.6666667,52383
Evaluation,0.5769231,52390
Evaluation,0.64,52439
Evaluation,0.6666667,52473
Evaluation,0.41666666,52535
Evaluation,0.75,52634
Evaluation,0.6111111,52648
Evaluation,0.6551724,52658
Evaluation,0.65384614,52686
Evaluation,0.6296296,52708
Evaluation,0.5833333,52711
Evaluation,0.6296296,52728
Evaluation,0.6666667,52734
Evaluation,0.65384614,52743
Evaluation,0.4375,52788
Evaluation,0.42307693,52797
Evaluation,0.5263158,52803
Evaluation,1.0,52819
Evaluation,0.61538464,52825
Evaluation,0.44444445,52838
Evaluation,0.5833333,52842
Evaluation,0.6,52850
Evaluation,0.64,52880
Evaluation,0.5769231,52884
Evaluation,0.5555556,52885
Evaluation,0.68,52892
Evaluation,0.61538464,52928
Evaluation,0.61538464,52943
Evaluation,0.4827586,52968
Evaluation,0.68,53013
Evaluation,0.6666667,53024
Evaluation,0.61538464,53112
Evaluation,0.6,53130
Evaluation,0.6,53136
Evaluation,0.61538464,53142
Evaluation,0.6666667,53161
Evaluation,0.6666667,53196
Evaluation,0.6363636,53208
Evaluation,0.72727275,53214
Evaluation,0.5,53221
Evaluation,0.68421054,53248
Evaluation,0.64705884,53252
Evaluation,0.6363636,53271
Evaluation,0.68421054,53282
Evaluation,0.68,53285
Evaluation,0.65217394,53303
Evaluation,0.64,53307
Evaluation,0.59090906,53320
Evaluation,0.61904764,53333
Evaluation,0.61538464,53347
Evaluation,0.6296296,53409
Evaluation,0.6296296,53416
Evaluation,0.4,53435
Evaluation,0.6086956,53444
Evaluation,0.75,53472
Evaluation,0.61538464,53520
Evaluation,0.6785714,53526
Evaluation,0.64285713,53534
Evaluation,0.7894737,53537
Evaluation,0.64,53538
Evaluation,0.6666667,53559
Evaluation,0.55,53586
Evaluation,0.47619048,53589
Evaluation,0.5652174,53595
Evaluation,0.6,53614
Evaluation,0.64285713,53626
Evaluation,0.61904764,53628
Evaluation,0.6296296,53630
Evaluation,0.6363636,53635
Evaluation,0.6,53690
Evaluation,0.5882353,53693
Evaluation,0.625,53699
Evaluation,0.7647059,53715
Evaluation,0.8125,53717
Evaluation,0.6875,53733
Evaluation,0.6666667,53754
Evaluation,0.5263158,53761
Evaluation,0.5,53762
Evaluation,0.72727275,53793
Evaluation,0.5555556,53795
Evaluation,0.5263158,53800
Evaluation,0.45833334,53803
Evaluation,0.5555556,53806
Evaluation,0.5217391,53808
Evaluation,0.6363636,53849
Evaluation,0.6,53861
Evaluation,0.5416667,53865
Evaluation,0.6,53877
Evaluation,0.75,53882
Evaluation,0.5263158,53908
Evaluation,0.5263158,53911
Evaluation,0.5,53912
Evaluation,0.6111111,53917
Evaluation,0.5833333,53919
Evaluation,0.62068963,53928
Evaluation,0.6666667,53936
Evaluation,0.45945945,53937
Evaluation,0.68,53939
Evaluation,0.75,53943
Evaluation,0.7,53955
Evaluation,0.72727275,53957
Evaluation,0.85,54014
Evaluation,0.65384614,54020
Evaluation,0.45454547,54023
Evaluation,0.6111111,54024
Evaluation,0.45833334,54025
Evaluation,0.5263158,54027
Evaluation,0.4375,54028
Evaluation,0.5714286,54029
Evaluation,0.59090906,54030
Evaluation,0.5714286,54035
Evaluation,0.54545456,54041
Evaluation,0.53846157,54047
Evaluation,0.6666667,54052
Evaluation,0.5263158,54059
Evaluation,0.4375,54062
Evaluation,0.5,54073
Evaluation,0.5,54082
Evaluation,0.64,54100
Evaluation,0.64285713,54122
Evaluation,0.64,54136
Evaluation,0.84210527,54152
Evaluation,0.7,54155
Evaluation,0.5555556,54176
Evaluation,0.5,54184
Evaluation,0.55,54188
Evaluation,0.61538464,54194
Evaluation,0.5625,54202
Evaluation,0.5,54204
Evaluation,0.5,54235
Evaluation,0.5,54238
Evaluation,1.0,54248
Evaluation,0.52,54249
Evaluation,1.0,54254
Evaluation,0.41666666,54261
Evaluation,0.6666667,54268
Evaluation,0.5555556,54305
Evaluation,0.5925926,54308
Evaluation,0.61538464,54326
Evaluation,0.62068963,54373
Evaluation,0.36666667,54386
Evaluation,0.61538464,54399
Evaluation,0.61538464,54443
Evaluation,0.59090906,54448
Evaluation,0.5263158,54453
Evaluation,0.53333336,54482
Evaluation,0.64,54492
Evaluation,0.5294118,54518
Evaluation,0.5833333,54530
Evaluation,0.5263158,54536
Evaluation,0.6296296,54554
Evaluation,0.7777778,54564
Evaluation,0.53846157,54571
Evaluation,0.41666666,54593
Evaluation,0.6923077,54626
Evaluation,0.5,54656
Evaluation,0.36666667,54658
Evaluation,0.5,54661
Evaluation,0.45454547,54669
Evaluation,0.5,54675
Evaluation,0.3478261,54713
Evaluation,0.6086956,54730
Evaluation,0.35714287,54750
Evaluation,0.3809524,54835
Evaluation,0.52,54841
Evaluation,0.6,54845
Evaluation,0.56,54896
Evaluation,0.64,54903
Evaluation,1.0,54907
Evaluation,0.4375,54917
Evaluation,1.0,54919
Evaluation,0.47826087,54925
Evaluation,0.5,54935
Evaluation,0.42857143,54945
Evaluation,0.5263158,54982
Evaluation,0.6,54985
Evaluation,0.5416667,54986
Evaluation,0.59090906,54996
Evaluation,0.5882353,54998
Evaluation,0.65,55017
Evaluation,0.47368422,55019
Evaluation,0.53846157,55041
Evaluation,0.68421054,55048
Evaluation,0.6666667,55061
Evaluation,0.64,55065
Evaluation,0.68,55096
Evaluation,0.71428573,55101
Evaluation,0.54545456,55107
Evaluation,0.5769231,55108
Evaluation,0.5769231,55110
Evaluation,0.61904764,55113
Evaluation,0.76,55117
Evaluation,0.57894737,55124
Evaluation,0.5714286,55136
Evaluation,0.5555556,55138
Evaluation,0.5294118,55141
Evaluation,0.6315789,55151
Evaluation,0.5,55156
Evaluation,0.6,55158
Evaluation,1.0,55168
Evaluation,0.5,55171
Evaluation,0.6923077,55184
Evaluation,0.6923077,55194
Evaluation,0.6,55203
Evaluation,0.6666667,55205
Evaluation,0.5,55214
Evaluation,0.5555556,55215
Evaluation,0.5,55216
Evaluation,0.55,55218
Evaluation,0.46666667,55219
Evaluation,0.53846157,55223
Evaluation,0.5217391,55229
Evaluation,0.5,55231
Evaluation,0.5,55243
Evaluation,0.5217391,55255
Evaluation,0.41666666,55260
Evaluation,0.52,55261
Evaluation,0.47826087,55264
Evaluation,0.47619048,55270
Evaluation,0.5263158,55296
Evaluation,0.5882353,55297
Evaluation,0.5,55298
Evaluation,0.6,55315
Evaluation,0.46153846,55322
Evaluation,0.5714286,55334
Evaluation,0.53846157,55348
Evaluation,0.5625,55353
Evaluation,0.6896552,55361
Evaluation,0.5652174,55368
Evaluation,0.57894737,55376
Evaluation,0.53571427,55378
Evaluation,0.52380955,55389
Evaluation,0.5833333,55391
Evaluation,0.5555556,55400
Evaluation,0.5263158,55411
Evaluation,0.5263158,55432
Evaluation,0.5,55444
Evaluation,0.6315789,55452
Evaluation,0.54545456,55459
Evaluation,0.5294118,55461
Evaluation,0.45454547,55463
Evaluation,0.59090906,55466
Evaluation,0.6666667,55478
Evaluation,0.5263158,55480
Evaluation,0.42857143,55486
Evaluation,0.61538464,55491
Evaluation,0.60714287,55493
Evaluation,0.5,55504
Evaluation,0.61764705,55509
Evaluation,0.6818182,55511
Evaluation,0.8333333,55512
Evaluation,0.71428573,55513
Evaluation,0.53846157,55521
Evaluation,0.5,55530
Evaluation,0.6296296,55560
Evaluation,0.48387095,55567
Evaluation,0.35714287,55572
Evaluation,0.6923077,55575
Evaluation,0.5,55583
Evaluation,0.6,55592
Evaluation,0.44444445,55593
Evaluation,0.6296296,55599
Evaluation,1.0,55623
Evaluation,1.0,55626
Evaluation,1.0,55631
Evaluation,1.0,55640
Evaluation,0.61904764,55663
Evaluation,0.65,55664
Evaluation,0.6296296,55699
Evaluation,0.5652174,55756
Evaluation,0.625,55770
Evaluation,0.64285713,55856
Evaluation,0.6,55879
Evaluation,0.54285717,55880
Evaluation,0.6818182,55907
Evaluation,0.65217394,55921
Evaluation,0.6666667,55937
Evaluation,0.6666667,55958
Evaluation,0.5714286,55959
Evaluation,0.6551724,56013
Evaluation,0.61538464,56016
Evaluation,0.52,56048
Evaluation,0.61538464,56091
Evaluation,0.61538464,56099
Evaluation,0.5625,56114
Evaluation,0.5,56121
Evaluation,0.5555556,56126
Evaluation,1.0,56132
Evaluation,0.73333335,56147
Evaluation,0.73333335,56152
Evaluation,0.73333335,56154
Evaluation,0.6,56159
Evaluation,0.6666667,56202
Evaluation,0.5,56218
Evaluation,0.6315789,56225
Evaluation,0.6315789,56228
Evaluation,0.57894737,56252
Evaluation,0.6,56258
Evaluation,0.57894737,56259
Evaluation,0.5652174,56263
Evaluation,0.7894737,56264
Evaluation,0.94736844,56266
Evaluation,0.7647059,56282
Evaluation,0.5,56286
Evaluation,0.6666667,56291
Evaluation,0.5555556,56320
Evaluation,0.7777778,56353
Evaluation,0.64285713,56377
Evaluation,0.6363636,56379
Evaluation,0.64285713,56393
Evaluation,0.7777778,56406
Evaluation,0.6086956,56411
Evaluation,0.6111111,56412
Evaluation,0.7,56420
Evaluation,0.6111111,56424
Evaluation,0.7,56437
Evaluation,0.6,56446
Evaluation,0.7307692,56463
Evaluation,0.6,56472
Evaluation,1.0,56482
Evaluation,0.625,56483
Evaluation,0.6666667,56499
Evaluation,0.6111111,56523
Evaluation,0.25,56528
Evaluation,1.0,56552
Evaluation,0.55,56553
Evaluation,0.59090906,56559
Evaluation,0.35,56584
Evaluation,0.57894737,56586
Evaluation,0.5,56629
Evaluation,0.5,56630
Evaluation,0.6363636,56645
Evaluation,0.375,56650
Evaluation,0.5714286,56656
Evaluation,0.5652174,56665
Evaluation,0.625,56678
Evaluation,0.46666667,56689
Evaluation,1.0,56692
Evaluation,0.3888889,56698
Evaluation,0.77272725,56705
Evaluation,0.55,56715
Evaluation,0.64285713,56727
Evaluation,0.5294118,56731
Evaluation,0.5555556,56732
Evaluation,0.5263158,56740
Evaluation,1.0,56743
Evaluation,1.0,56744
Evaluation,0.44444445,56752
Evaluation,0.44444445,56753
Evaluation,0.44444445,56754
Evaluation,0.71428573,56785
Evaluation,0.6315789,56790
Evaluation,0.55,56796
Evaluation,0.64,56846
Evaluation,0.5833333,56871
Evaluation,0.5,56877
Evaluation,0.36666667,56890
Evaluation,0.6,56893
Evaluation,0.5217391,56894
Evaluation,0.51428574,56895
Evaluation,0.48,56900
Evaluation,0.5714286,56905
Evaluation,0.5652174,56906
Evaluation,0.5555556,56917
Evaluation,0.47058824,56930
Evaluation,0.44,56934
Evaluation,0.41379312,56944
Evaluation,0.6666667,56968
Evaluation,0.5,56977
Evaluation,0.53333336,56979
Evaluation,0.5263158,56987
Evaluation,0.85,57001
Evaluation,0.65384614,57007
Evaluation,0.375,57019
Evaluation,0.5555556,57029
Evaluation,0.47368422,57030
Evaluation,0.53333336,57031
Evaluation,0.6111111,57035
Evaluation,0.55,57041
Evaluation,0.5,57042
Evaluation,0.5151515,57048
Evaluation,0.6111111,57062
Evaluation,0.72727275,57063
Evaluation,0.5263158,57099
Evaluation,0.33333334,57110
Evaluation,1.0,57114
Evaluation,0.6785714,57135
Evaluation,0.7777778,57143
Evaluation,0.7222222,57151
Evaluation,0.5714286,57156
Evaluation,0.5,57168
Evaluation,0.5555556,57181
Evaluation,0.5555556,57182
Evaluation,1.0,57190
Evaluation,0.6,57195
Evaluation,0.65384614,57196
Evaluation,0.64,57205
Evaluation,0.6,57210
Evaluation,0.5,57218
Evaluation,0.53846157,57219
Evaluation,0.57894737,57226
Evaluation,0.53846157,57237
Evaluation,0.2777778,57248
Evaluation,0.6666667,57311
Evaluation,0.52,57323
Evaluation,0.54545456,57345
Evaluation,0.47368422,57351
Evaluation,0.45833334,57358
Evaluation,0.5652174,57363
Evaluation,0.44444445,57381
Evaluation,0.5263158,57385
Evaluation,0.6111111,57389
Evaluation,0.6551724,57408
Evaluation,0.61538464,57411
Evaluation,0.5,57412
Evaluation,0.5833333,57487
Evaluation,0.5,57490
Evaluation,0.72727275,57521
Evaluation,0.65384614,57522
Evaluation,0.5,57536
Evaluation,0.7619048,57552
Evaluation,0.52,57562
Evaluation,0.44444445,57564
Evaluation,0.44444445,57565
Evaluation,0.42857143,57571
Evaluation,0.53846157,57594
Evaluation,0.5555556,57595
Evaluation,0.6086956,57614
Evaluation,0.5555556,57616
Evaluation,0.5714286,57620
Evaluation,0.42857143,57622
Evaluation,0.4,57625
Evaluation,0.5,57632
Evaluation,0.5416667,57643
Evaluation,0.3846154,57649
Evaluation,0.31578946,57655
Evaluation,0.3809524,57656
Evaluation,0.35,57657
Evaluation,0.3043478,57658
Evaluation,0.5,57660
Evaluation,0.46666667,57664
Evaluation,0.37037036,57676
Evaluation,0.52,57687
Evaluation,0.61904764,57703
Evaluation,0.5652174,57716
Evaluation,0.42857143,57721
Evaluation,0.47826087,57723
Evaluation,0.44827586,57731
Evaluation,0.46153846,57751
Evaluation,0.6363636,57756
Evaluation,0.54545456,57789
Evaluation,0.5,57792
Evaluation,0.5,57796
Evaluation,0.6,57798
Evaluation,0.61290324,57808
Evaluation,0.54545456,57815
Evaluation,0.6363636,57832
Evaluation,0.41935483,57944
Evaluation,0.875,57955
Evaluation,1.0,57963
Evaluation,0.44444445,57964
Evaluation,0.5,57969
Evaluation,0.5217391,57981
Evaluation,0.52,57982
Evaluation,0.6086956,57986
Evaluation,0.61538464,58000
Evaluation,0.71428573,58052
Evaluation,0.6666667,58060
Evaluation,0.44444445,58066
Evaluation,0.44,58076
Evaluation,0.6086956,58081
Evaluation,0.33333334,58088
Evaluation,0.5769231,58091
Evaluation,0.6666667,58094
Evaluation,1.0,58127
Evaluation,0.6923077,58131
Evaluation,0.68,58159
Evaluation,0.7894737,58240
Evaluation,0.84210527,58272
Evaluation,0.6315789,58313
Evaluation,0.7222222,58319
Evaluation,0.7368421,58323
Evaluation,0.84210527,58328
Evaluation,0.5,58346
Evaluation,0.625,58350
Evaluation,0.6315789,58351
Evaluation,0.5,58356
Evaluation,0.6315789,58357
Evaluation,0.5652174,58372
Evaluation,0.64705884,58378
Evaluation,0.5652174,58384
Evaluation,0.52380955,58399
Evaluation,0.64705884,58404
Evaluation,0.56,58429
Evaluation,1.0,58446
Evaluation,0.61904764,58447
Evaluation,0.37037036,58455
Evaluation,0.5714286,58457
Evaluation,0.36363637,58460
Evaluation,0.6666667,58462
Evaluation,0.7,58482
Evaluation,0.54545456,58487
Evaluation,0.4074074,58490
Evaluation,0.45,58497
Evaluation,0.47368422,58515
Evaluation,0.6363636,58526
Evaluation,0.6,58552
Evaluation,0.6111111,58579
Evaluation,0.5882353,58596
Evaluation,0.6875,58624
Evaluation,0.41666666,58631
Evaluation,0.41666666,58632
Evaluation,0.45833334,58636
Evaluation,0.64285713,58683
Evaluation,0.6,58699
Evaluation,0.6666667,58716
Evaluation,0.75,58739
Evaluation,0.53846157,58742
Evaluation,0.54545456,58752
Evaluation,0.32,58769
Evaluation,0.47826087,58788
Evaluation,0.41666666,58790
Evaluation,0.3809524,58792
Evaluation,0.47058824,58794
Evaluation,0.5,58797
Evaluation,0.5882353,58811
Evaluation,0.5,58812
Evaluation,0.52,58814
Evaluation,0.53846157,58824
Evaluation,0.5555556,58826
Evaluation,0.64705884,58828
Evaluation,0.6363636,58832
Evaluation,0.47826087,58847
Evaluation,0.33333334,58863
Evaluation,0.4642857,58869
Evaluation,0.5652174,58874
Evaluation,0.59090906,58875
Evaluation,0.42307693,58880
Evaluation,0.42307693,58885
Evaluation,0.36842105,58890
Evaluation,0.27586207,58895
Evaluation,0.6666667,58900
Evaluation,0.6666667,58911
Evaluation,0.5,58918
Evaluation,0.6363636,58925
Evaluation,0.6666667,58942
Evaluation,0.64,58944
Evaluation,0.5,58952
Evaluation,0.5882353,58955
Evaluation,0.64285713,58960
Evaluation,0.6551724,58961
Evaluation,0.5833333,59007
Evaluation,0.47368422,59041
Evaluation,0.6666667,59043
Evaluation,0.6666667,59049
Evaluation,0.5,59050
Evaluation,0.6666667,59051
Evaluation,0.47619048,59069
Evaluation,0.52380955,59080
Evaluation,0.64285713,59082
Evaluation,0.72727275,59092
Evaluation,0.6956522,59095
Evaluation,0.85714287,59101
Evaluation,0.71428573,59108
Evaluation,0.5,59133
Evaluation,0.5714286,59142
Evaluation,0.54545456,59155
Evaluation,0.4814815,59157
Evaluation,0.5217391,59158
Evaluation,0.46153846,59164
Evaluation,0.4074074,59168
Evaluation,0.54545456,59175
Evaluation,0.6875,59176
Evaluation,0.36842105,59180
Evaluation,0.36363637,59181
Evaluation,0.3478261,59182
Evaluation,0.5294118,59184
Evaluation,0.52,59187
Evaluation,0.3478261,59195
Evaluation,0.35,59197
Evaluation,0.53846157,59207
Evaluation,0.5294118,59214
Evaluation,0.44444445,59219
Evaluation,0.5625,59223
Evaluation,1.0,59237
Evaluation,0.5294118,59247
Evaluation,0.6,59259
Evaluation,0.5,59260
Evaluation,0.61538464,59272
Evaluation,0.5,59293
Evaluation,0.5,59310
Evaluation,0.5217391,59311
Evaluation,0.6296296,59320
Evaluation,0.5714286,59321
Evaluation,0.61538464,59346
Evaluation,0.61538464,59348
Evaluation,0.71428573,59360
Evaluation,0.5217391,59363
Evaluation,0.6923077,59367
Evaluation,0.35,59385
Evaluation,0.64285713,59392
Evaluation,0.71428573,59393
Evaluation,0.35,59414
Evaluation,0.5555556,59425
Evaluation,1.0,59429
Evaluation,0.46153846,59435
Evaluation,0.5,59458
Evaluation,0.47368422,59467
Evaluation,0.45833334,59492
Evaluation,0.45,59493
Evaluation,0.5416667,59518
Evaluation,0.6296296,59521
Evaluation,0.5882353,59525
Evaluation,0.6666667,59533
Evaluation,0.48387095,59552
Evaluation,0.6,59559
Evaluation,0.42105263,59567
Evaluation,0.6086956,59569
Evaluation,0.5294118,59576
Evaluation,0.6969697,59588
Evaluation,0.6551724,59595
Evaluation,0.58064514,59596
Evaluation,0.6875,59600
Evaluation,0.56666666,59608
Evaluation,0.53571427,59609
Evaluation,0.6363636,59610
Evaluation,0.7241379,59616
Evaluation,0.59375,59618
Evaluation,0.54545456,59624
Evaluation,0.7826087,59725
Evaluation,0.6,59730
Evaluation,0.625,59746
Evaluation,0.6,59758
Evaluation,0.7647059,59783
Evaluation,0.72727275,59811
Evaluation,0.5,59855
Evaluation,0.6111111,59877
Evaluation,0.47368422,59932
Evaluation,0.7083333,59976
Evaluation,0.68,59977
Evaluation,0.46153846,60032
Evaluation,0.73913044,60058
Evaluation,0.65384614,60066
Evaluation,0.76,60085
Evaluation,0.45454547,60106
Evaluation,0.45454547,60132
Evaluation,0.5555556,60186
Evaluation,0.61538464,60199
Evaluation,0.68,60206
Evaluation,0.61538464,60211
Evaluation,0.59090906,60214
Evaluation,0.60714287,60257
Evaluation,0.75,60268
Evaluation,0.72727275,60284
Evaluation,0.5416667,60308
Evaluation,0.62068963,60314
Evaluation,0.60714287,60315
Evaluation,0.6923077,60328
Evaluation,0.64,60379
Evaluation,0.6551724,60388
Evaluation,0.45454547,60434
Evaluation,0.47368422,60439
Evaluation,0.64285713,60524
Evaluation,0.6296296,60597
Evaluation,0.6296296,60632
Evaluation,1.0,60667
Evaluation,0.5652174,60692
Evaluation,0.5263158,60713
Evaluation,0.5833333,60716
Evaluation,0.5555556,60719
Evaluation,0.5714286,60728
Evaluation,0.5833333,60762
Evaluation,0.625,60796
Evaluation,0.64,60797
Evaluation,0.85714287,60817
Evaluation,0.5,60826
Evaluation,0.56666666,60839
Evaluation,0.56666666,60844
Evaluation,0.55172414,60845
Evaluation,0.5862069,60848
Evaluation,0.625,60860
Evaluation,0.5862069,60862
Evaluation,0.6666667,60875
Evaluation,0.44444445,60880
Evaluation,0.4375,60888
Evaluation,0.47368422,60900
Evaluation,0.3939394,60909
Evaluation,0.6785714,60933
Evaluation,0.4642857,60937
Evaluation,0.5882353,60940
Evaluation,0.4,60941
Evaluation,0.7647059,60992
Evaluation,0.41666666,60996
Evaluation,0.4347826,60998
Evaluation,0.9230769,61019
Evaluation,0.5,61040
Evaluation,0.61538464,61054
Evaluation,0.6086956,61056
Evaluation,0.65217394,61066
Evaluation,0.57894737,61067
Evaluation,0.68,61079
Evaluation,0.5714286,61093
Evaluation,0.71428573,61105
Evaluation,0.6,61122
Evaluation,0.5,61154
Evaluation,0.75,61189
Evaluation,0.6,61242
Evaluation,0.6296296,61276
Evaluation,0.5555556,61286
Evaluation,0.9444444,61320
Evaluation,0.5769231,61330
Evaluation,0.5714286,61336
Evaluation,0.45454547,61341
Evaluation,0.5294118,61385
Evaluation,0.53846157,61393
Evaluation,0.4,61394
Evaluation,0.4347826,61400
Evaluation,0.6666667,61405
Evaluation,0.61904764,61409
Evaluation,0.4347826,61431
Evaluation,0.5652174,61448
Evaluation,0.5185185,61490
Evaluation,0.6666667,61520
Evaluation,0.45454547,61539
Evaluation,0.7222222,61606
Evaluation,0.8695652,61627
Evaluation,0.65217394,61653
Evaluation,0.5714286,61698
Evaluation,0.73913044,61702
Evaluation,0.6666667,61714
Evaluation,0.6,61748
Evaluation,0.6666667,61773
Evaluation,0.5714286,61805
Evaluation,0.57894737,61810
Evaluation,0.6666667,61834
Evaluation,0.6666667,61838
Evaluation,0.56666666,61840
Evaluation,0.6551724,61848
Evaluation,0.6551724,61910
Evaluation,0.64,61928
Evaluation,0.6296296,61931
Evaluation,0.4,61943
Evaluation,0.5714286,61947
Evaluation,0.72727275,61962
Evaluation,0.56,62000
Evaluation,0.5,62017
Evaluation,0.57894737,62044
Evaluation,0.5714286,62049
Evaluation,0.39130434,62064
Evaluation,0.625,62072
Evaluation,0.71428573,62073
Evaluation,0.3548387,62078
Evaluation,0.4090909,62092
Evaluation,0.55,62096
Evaluation,0.47368422,62115
Evaluation,0.64285713,62133
Evaluation,0.5,62134
Evaluation,0.57894737,62154
Evaluation,0.48,62156
Evaluation,0.625,62162
Evaluation,0.61538464,62166
Evaluation,0.5555556,62175
Evaluation,0.64285713,62178
Evaluation,0.64285713,62184
Evaluation,0.6,62185
Evaluation,0.53333336,62192
Evaluation,0.47368422,62207
Evaluation,0.5263158,62230
Evaluation,0.625,62237
Evaluation,0.5714286,62254
Evaluation,0.45833334,62280
Evaluation,0.46153846,62282
Evaluation,0.875,62287
Evaluation,0.45833334,62298
Evaluation,0.31578946,62304
Evaluation,0.6086956,62314
Evaluation,0.5,62321
Evaluation,0.5714286,62329
Evaluation,0.55172414,62342
Evaluation,0.54545456,62360
Evaluation,0.72727275,62361
Evaluation,0.5555556,62365
Evaluation,0.5,62367
Evaluation,0.64285713,62373
Evaluation,0.64285713,62380
Evaluation,0.53333336,62386
Evaluation,0.67741936,62391
Evaluation,0.7777778,62403
Evaluation,0.6363636,62417
Evaluation,0.79310346,62431
Evaluation,0.47368422,62436
Evaluation,0.8076923,62437
Evaluation,0.4848485,62439
Evaluation,0.59090906,62455
Evaluation,0.6,62456
Evaluation,0.5263158,62457
Evaluation,0.4814815,62459
Evaluation,0.4848485,62466
Evaluation,0.65217394,62474
Evaluation,0.6363636,62479
Evaluation,0.5714286,62481
Evaluation,0.64285713,62486
Evaluation,0.65625,62488
Evaluation,0.65384614,62489
Evaluation,0.4117647,62501
Evaluation,0.375,62502
Evaluation,0.6,62513
Evaluation,0.7058824,62518
Evaluation,0.9230769,62522
Evaluation,0.5,62532
Evaluation,0.46666667,62533
Evaluation,0.44444445,62534
Evaluation,0.33333334,62540
Evaluation,0.5294118,62544
Evaluation,0.33333334,62547
Evaluation,0.36842105,62548
Evaluation,0.54545456,62551
Evaluation,0.44,62559
Evaluation,0.5,62571
Evaluation,0.8,62579
Evaluation,0.41666666,62595
Evaluation,0.46666667,62605
Evaluation,0.68421054,62608
Evaluation,0.54545456,62613
Evaluation,0.625,62619
Evaluation,0.73913044,62622
Evaluation,0.6315789,62627
Evaluation,0.5,62637
Evaluation,0.64705884,62671
Evaluation,0.64705884,62673
Evaluation,0.53846157,62677
Evaluation,0.3478261,62679
Evaluation,0.53846157,62681
Evaluation,0.75,62687
Evaluation,0.35714287,62698
Evaluation,0.9285714,62702
Evaluation,0.36363637,62719
Evaluation,0.4375,62725
Evaluation,0.54545456,62736
Evaluation,0.4090909,62737
Evaluation,0.37037036,62753
Evaluation,0.7,62758
Evaluation,0.90909094,62760
Evaluation,0.68421054,62767
Evaluation,0.53846157,62771
Evaluation,0.33333334,62779
Evaluation,0.3846154,62795
Evaluation,0.5217391,62807
Evaluation,0.5,62808
Evaluation,0.25,62818
Evaluation,1.0,62839
Evaluation,1.0,62843
Evaluation,0.6,62857
Evaluation,0.64285713,62859
Evaluation,0.75,62873
Evaluation,0.4516129,62880
Evaluation,0.75,62899
Evaluation,0.7,62919
Evaluation,0.46666667,62921
Evaluation,0.68421054,62925
Evaluation,0.5555556,62952
Evaluation,0.5555556,62953
Evaluation,0.52,63004
Evaluation,0.56,63006
Evaluation,0.52,63014
Evaluation,0.61538464,63017
Evaluation,0.33333334,63068
Evaluation,0.6,63077
Evaluation,0.6,63093
Evaluation,0.3846154,63099
Evaluation,0.6,63124
Evaluation,0.6363636,63174
Evaluation,0.5555556,63177
Evaluation,0.36,63192
Evaluation,0.5833333,63246
Evaluation,0.5217391,63252
Evaluation,0.47826087,63290
Evaluation,0.5,63330
Evaluation,0.4090909,63363
Evaluation,0.53846157,63417
Evaluation,0.71428573,63443
Evaluation,0.875,63453
Evaluation,0.5833333,63471
Evaluation,0.53846157,63476
Evaluation,0.6,63523
Evaluation,0.64285713,63525
Evaluation,0.57894737,63549
Evaluation,0.55,63578
Evaluation,0.7777778,63607
Evaluation,0.5652174,63666
Evaluation,0.8,63681
Evaluation,1.0,63720
Evaluation,0.5882353,63730
Evaluation,0.4,63753
Evaluation,0.7777778,63776
Evaluation,0.75,63796
Evaluation,0.76,63827
Evaluation,0.85,63846
Evaluation,0.6,63874
Evaluation,0.64285713,63881
Evaluation,0.68,63892
Evaluation,0.6818182,63897
Evaluation,0.5833333,63946
Evaluation,0.6086956,63968
Evaluation,0.46666667,63972
Evaluation,0.5,63978
Evaluation,0.53846157,63982
Evaluation,0.56666666,63986
Evaluation,1.0,63994
Evaluation,1.0,63998
Evaluation,0.44444445,64003
Evaluation,0.61538464,64012
Evaluation,0.68,64020
Evaluation,0.6,64041
Evaluation,0.5,64067
Evaluation,0.4,64098
Evaluation,0.64285713,64109
Evaluation,0.5,64115
Evaluation,0.5833333,64136
Evaluation,0.5294118,64163
Evaluation,0.39130434,64191
Evaluation,0.53846157,64219
Evaluation,0.5,64229
Evaluation,1.0,64236
Evaluation,0.41666666,64244
Evaluation,0.6315789,64275
Evaluation,0.47826087,64361
Evaluation,0.5217391,64362
Evaluation,0.3809524,64368
Evaluation,0.31578946,64378
Evaluation,0.5555556,64387
Evaluation,0.54545456,64401
Evaluation,0.47826087,64437
Evaluation,0.5,64446
Evaluation,0.36,64452
Evaluation,0.47826087,64462
Evaluation,0.5,64482
Evaluation,0.45454547,64484
Evaluation,0.5555556,64485
Evaluation,0.52,64490
Evaluation,0.5,64491
Evaluation,0.45454547,64493
Evaluation,0.5,64504
Evaluation,0.78571427,64524
Evaluation,0.6,64534
Evaluation,0.5,64538
Evaluation,0.33333334,64593
Evaluation,0.53333336,64621
Evaluation,0.5,64628
Evaluation,0.45454547,64632
Evaluation,0.33333334,64660
Evaluation,0.5652174,64665
Evaluation,0.53846157,64669
Evaluation,0.61538464,64677
Evaluation,1.0,64696
Evaluation,0.5,64706
Evaluation,1.0,64709
Evaluation,1.0,64711
Evaluation,1.0,64712
Evaluation,0.6,64717
Evaluation,1.0,64731
Evaluation,0.5555556,64742
Evaluation,0.3529412,64746
Evaluation,0.44444445,64755
Evaluation,0.53846157,64759
Evaluation,0.53846157,64768
Evaluation,1.0,64798
Evaluation,0.7058824,64799
Evaluation,0.6666667,64808
Evaluation,0.33333334,64810
Evaluation,0.58064514,64814
Evaluation,0.6,64817
Evaluation,0.5,64839
Evaluation,0.5714286,64850
Evaluation,0.6315789,64855
Evaluation,0.42857143,64857
Evaluation,0.6,64865
Evaluation,0.6111111,64872
Evaluation,0.6666667,64879
Evaluation,0.5294118,64895
Evaluation,0.5,64921
Evaluation,0.53846157,64925
Evaluation,0.46666667,64935
Evaluation,0.5555556,64938
Evaluation,0.5,64945
Evaluation,0.625,64949
Evaluation,0.85714287,64960
Evaluation,0.5,64963
Evaluation,0.65,64967
Evaluation,0.35,64978
Evaluation,0.46666667,64983
Evaluation,0.4,64984
Evaluation,0.33333334,64986
Evaluation,0.5833333,65008
Evaluation,0.72727275,65011
Evaluation,0.5,65014
Evaluation,0.3888889,65023
Evaluation,0.3478261,65025
Evaluation,0.22727273,65033
Evaluation,0.5,65057
Evaluation,0.5416667,65059
Evaluation,0.5555556,65062
Evaluation,0.52380955,65075
Evaluation,0.44444445,65083
Evaluation,0.41666666,65084
Evaluation,0.34615386,65102
Evaluation,0.3125,65105
Evaluation,0.3846154,65108
Evaluation,0.33333334,65113
Evaluation,0.53846157,65116
Evaluation,0.64,65121
Evaluation,0.4642857,65125
Candidates,0.9230769,38
Candidates,0.73333335,40
Candidates,0.42857143,27
Candidates,0.7647059,62
Candidates,0.5,37
Candidates,0.6,33
Candidates,0.5555556,44
Candidates,0.73333335,39
Candidates,0.71428573,46
Candidates,0.90909094,86
Candidates,0.71428573,34
Candidates,0.6666667,85
Candidates,0.75,7
Candidates,0.6315789,32
Candidates,0.57894737,47
Candidates,0.7,81
Candidates,0.61538464,28
Candidates,0.4,1
Candidates,0.59090906,31
Candidates,0.61538464,51
Candidates,0.4090909,15
Candidates,0.5,22
Candidates,0.8,99
Candidates,0.6111111,98
Candidates,0.45454547,19
Candidates,0.7,57
Candidates,0.84210527,90
Candidates,0.5,96
Candidates,0.85,100
Candidates,0.5833333,41
Candidates,0.75,55
Candidates,0.5,70
Candidates,0.5,58
Candidates,0.8235294,17
Candidates,1.0,61
Candidates,0.53846157,69
Candidates,0.61538464,88
Candidates,0.5714286,80
Candidates,0.6666667,5
Candidates,0.5652174,9
Candidates,0.5833333,2
Candidates,0.6,68
Candidates,0.5,36
Candidates,0.59090906,14
Candidates,0.6363636,93
Candidates,0.57894737,12
Candidates,0.5416667,23
Candidates,0.7,73
Candidates,0.6315789,11
Candidates,0.65,20
Candidates,0.4090909,8
Candidates,1.0,26
Candidates,0.61904764,94
Candidates,1.0,87
Candidates,0.5833333,76
Candidates,1.0,59
Candidates,0.71428573,54
Candidates,0.8888889,10
Candidates,0.6,52
Candidates,0.53846157,25
Candidates,1.0,89
Candidates,1.0,3
Candidates,0.6,13
Candidates,0.8333333,35
Candidates,0.6315789,21
Candidates,1.0,64
Candidates,0.78571427,4
Candidates,1.0,84
Candidates,0.6,56
Candidates,0.5555556,92
Candidates,0.5833333,16
Candidates,1.0,42
Candidates,0.3181818,24
Candidates,1.0,6
Candidates,0.6363636,75
Candidates,1.0,71
Candidates,1.0,83
Candidates,0.5,18
