domain_index,canonical_smiles,D,xtb_lowest_energy_mu,vector_mu,xtb_abs_error,vector_abs_error,absolute_error_gain
0,BrC(Br)(Br)C1CO1,2.0613320526617955,3.2820000648498535,1.9273759126663208,1.220668012188058,0.13395613999547473,1.0867118721925833
3,BrC1(Br)CCO1,3.663559479647896,4.916999816894531,3.122870445251465,1.2534403372466354,0.540689034396431,0.7127513028502044
21,BrC1=CCNO1,2.749952287498566,3.9790000915527344,3.0194342136383057,1.2290478040541686,0.26948192613973987,0.9595658779144287
23,BrC1=CCOC=C1,1.3562628946998407,2.871999979019165,1.0720466375350952,1.5157370843193243,0.2842162571647455,1.2315208271545788
40,BrC1=COOP=C1Br,0.955042679176114,1.9079999923706055,1.4091134071350098,0.9529573131944915,0.4540707279588958,0.4988865852355957
42,BrC1=CSCC1,1.5514473943247706,2.5320000648498535,1.880300998687744,0.9805526705250829,0.3288536043629733,0.6516990661621096
46,BrC1=NCOC1,0.9390838491891504,1.9119999408721924,1.029592752456665,0.9729160916830419,0.0905089032675146,0.8824071884155273
54,BrC1C=COCC1,2.2523282873137767,3.441999912261963,1.5032790899276731,1.1896716249481862,0.7490491973861035,0.4406224275620827
71,BrC1CCOC1,1.4231307746147273,2.812000036239624,1.6104159355163574,1.3888692616248968,0.18728516090163017,1.2015841007232666
91,BrC1CSC1,0.7283073685677272,1.6820000410079956,0.2055063992738723,0.9536926724402685,0.5228009692938549,0.43089170314641356
111,BrCC1=COC1,2.1849516728279186,3.296999931335449,1.4401257038116455,1.1120482585075306,0.7448259690162731,0.36722228949125757
122,BrCC1CCOCC1,1.0368947643742217,2.9820001125335693,1.596753716468811,1.9451053481593477,0.5598589520945894,1.3852463960647583
123,BrCC1CO1,2.7555920182297684,1.8459999561309814,1.9805598258972168,0.909592062098787,0.7750321923325516,0.13455986976623535
128,BrCC1OC1(Br)Br,1.3713378124298032,3.6600000858306885,1.2814154624938965,2.2886622734008855,0.08992234993590675,2.198739923464979
131,BrCC1OCC=CCO1,2.192466846334219,4.629000186920166,3.1848933696746826,2.436533340585947,0.9924265233404634,1.4441068172454834
134,BrCC1OO1,2.0989944972889987,2.427000045776367,2.466301441192627,0.3280055484873685,0.3673069439036283,-0.039301395416259766
147,BrCCC[C@H]1CO1,3.5918129315513307,4.188000202178955,1.9886707067489624,0.5961872706276243,1.6031422248023683,-1.006954954174744
149,BrCCOC1CC1,2.764727291113738,2.630000114440918,2.5770747661590576,0.1347271766728202,0.18765252495468054,-0.05292534828186035
152,BrCCOCBr,1.3072683960348432,1.819000005722046,1.3233262300491333,0.5117316096872027,0.016057834014290062,0.4956737756729126
155,BrCC[C@H]1CO1,2.604470148786796,3.811000108718872,2.31351089477539,1.2065299599320762,0.29095925401140565,0.9155707059206706
156,BrCN1C=CSC1,2.7338869439997,3.8259999752044678,1.8412058353424072,1.092113031204768,0.8926811086572926,0.19943192254747544
158,BrCOCOCBr,2.522670114817592,3.9730000495910645,0.961986780166626,1.4503299347734724,1.560683334650966,-0.11035339987749371
175,BrP1NN=CO1,2.269212377811426,4.519999980926514,1.8505957126617432,2.2507876031150875,0.418616665149683,1.8321709379654045
176,BrP1OC=CO1,2.883983459869682,4.816999912261963,3.2298805713653564,1.9330164523922808,0.34589711149567437,1.5871193408966064
178,BrP1OCCO1,3.680051118031249,5.1620001792907715,3.8578555583953857,1.4819490612595225,0.17780444036413678,1.3041446208953857
202,C#CC#CC(=O)C(C)O,3.983984504870082,4.294000148773193,3.7621841430664062,0.3100156439031112,0.2218003618036759,0.0882152820994353
216,C#CC#CC(=O)N1CC1,3.816029036614196,4.489999771118164,3.960916757583618,0.673970734503968,0.14488772096942215,0.5290830135345459
228,C#CC#CC(C#N)CO,2.9708358727744555,4.581999778747559,3.4840643405914307,1.611163905973103,0.5132284678169752,1.097935438156128
235,C#CC#CC(C)=O,3.327977374800323,3.759999990463257,3.609689235687256,0.4320226156629339,0.2817118608869329,0.15031075477600098
249,C#CC#CC(CO)OC,2.071731879549048,1.468999981880188,2.3599839210510254,0.60273189766886,0.28825204150197736,0.3144798561668827
251,C#CC#CC(N)=O,4.008960863501754,4.452000141143799,3.64129090309143,0.4430392776420451,0.3676699604103235,0.07536931723172158
283,C#CC#CC1CC1C#N,4.278533432707063,3.6489999294281006,5.4731855392456055,0.6295335032789628,1.194652106538542,-0.5651186032595792
294,C#CC#CC1COC1=N,2.4322811092826493,2.3940000534057617,2.688464403152466,0.03828105587688757,0.25618329386981653,-0.21790223799292896
375,C#CC#[14N],3.889954116251849,3.6989998817443848,4.037880897521973,0.19095423450746418,0.1479267812701237,0.043027453237340474
376,C#CC#[15N],3.889913513069274,3.6989998817443848,4.038558483123779,0.19091363132488937,0.14864497005450517,0.0422686612703842
379,C#CC(=C)OC,1.540982609020364,1.1380000114440918,1.229819655418396,0.4029825975762722,0.311162953601968,0.0918196439743042
414,C#CC(=N)OCC(N)=O,3.1636090564372994,3.749000072479248,3.0447399616241455,0.5853910160419487,0.11886909481315389,0.46652192122879477
430,C#CC(=NCC)NC=O,4.968218731428469,5.188000202178955,3.4001705646514893,0.21978147075048593,1.56804816677698,-1.348266696026494
445,C#CC(=O)C#CC1CN1,3.8923467910406377,4.103000164031982,2.9505648612976074,0.21065337299134468,0.9417819297430303,-0.7311285567516856
452,C#CC(=O)C#CCCO,4.963888546341249,2.687999963760376,4.4058837890625,2.2758885825808735,0.5580047572787494,1.717883825302124
476,C#CC(=O)C(=O)C1CO1,1.767388269445887,2.359999895095825,1.2288575172424316,0.5926116256499383,0.5385307522034553,0.054080873446483047
487,C#CC(=O)C(=O)NC=N,2.2458804114159023,2.628000020980835,2.652412176132202,0.3821196095649326,0.4065317647162998,-0.024412155151367188
493,C#CC(=O)C(=O)OCC,1.7438670026808314,1.777999997138977,1.820948839187622,0.03413299445814566,0.07708183650679068,-0.04294884204864502
514,C#CC(=O)C(C)(O)C#N,2.9248128713335726,3.9560000896453857,2.95902419090271,1.0311872183118131,0.034211319569137366,0.9969758987426758
538,C#CC(=O)C(C)N(C)C,2.968477186296131,3.140000104904175,3.095572710037231,0.1715229186080438,0.1270955237411,0.0444273948669438
558,C#CC(=O)C(N)=NCC,2.4757275050290253,1.190000057220459,1.6781114339828491,1.2857274478085663,0.7976160710461762,0.48811137676239014
571,C#CC(=O)C(O)CC#N,5.410167138312812,0.4650000035762787,5.847471714019775,4.945167134736534,0.43730457570696313,4.5078625590295704
658,C#CC(=O)C1COC=N1,2.038767079838707,2.0,2.049267530441284,0.0387670798387072,0.010500450602576983,0.028266629236130214
659,C#CC(=O)C1COCO1,3.3062700293143195,2.187999963760376,2.284552574157715,1.1182700655539435,1.0217174551566046,0.09655261039733887
679,C#CC(=O)C=CC,3.301195113912591,4.3470001220703125,3.991706609725952,1.0458050081577217,0.6905114958133614,0.35529351234436035
681,C#CC(=O)CBr,2.7071615327685277,2.930999994277954,2.892348289489746,0.22383846150942643,0.18518675672121843,0.03865170478820801
742,C#CC(=O)CCCO,4.546247868502592,3.5390000343322754,3.922413110733032,1.0072478341703164,0.62383475776956,0.3834130764007564
745,C#CC(=O)CCNC=O,4.02606133040497,3.1600000858306885,2.209629774093628,0.8660612445742819,1.8164315563113425,-0.9503703117370605
746,C#CC(=O)CCO,1.4068415290310776,4.2729997634887695,1.8138833045959473,2.866158234457692,0.40704177556486965,2.4591164588928223
747,C#CC(=O)CCOC,1.7654007852396711,3.496999979019165,2.59741473197937,1.731599193779494,0.832013946739699,0.8995852470397949
753,C#CC(=O)CN(C)C=O,5.893743401517861,4.247000217437744,4.5631279945373535,1.6467431840801172,1.3306154069805078,0.3161277770996094
762,C#CC(=O)CNCC#N,6.116221743014342,0.6460000276565552,5.404824733734131,5.470221715357787,0.7113970092802111,4.758824706077576
783,C#CC(=O)N(C)C,4.059562542684679,4.486000061035156,4.0994391441345215,0.42643751835047716,0.0398766014498424,0.38656091690063477
794,C#CC(=O)N(C)CC=O,4.346910599364441,4.13100004196167,4.008851051330566,0.2159105574027711,0.3380595480338746,-0.12214899063110352
798,C#CC(=O)N(C)O,3.4090444483539613,3.937000036239624,3.8121960163116455,0.5279555878856628,0.40315156795768425,0.12480401992797852
840,C#CC(=O)NC(C)C#C,3.538622275531906,4.214000225067139,3.1744048595428467,0.6753779495352328,0.3642174159890592,0.31116053354617357
860,C#CC(=O)NCC(N)=O,3.4427272429844606,3.3940000534057617,4.295887470245361,0.048727189578698926,0.8531602272609007,-0.8044330376822018
863,C#CC(=O)NCC1CO1,2.3678785424858337,2.371999979019165,3.335123300552368,0.004121436533331302,0.9672447580665344,-0.9631233215332031
872,C#CC(=O)NCO,3.348381886451556,3.361999988555908,3.76523232460022,0.013618102104352214,0.4168504381486642,-0.40323233604431197
878,C#CC(=O)NSS,3.092899717969087,3.5220000743865967,3.0774178504943848,0.42910035641750977,0.015481867474702149,0.4136184889428076
892,C#CC(=O)OC1(C)CC1,1.8192590623158544,2.1700000762939453,0.7222303152084351,0.3507410139780909,1.0970287471074194,-0.7462877331293285
899,C#CC(=O)OC=N,0.6705482079511959,3.5350000858306885,0.7882416248321533,2.8644518778794925,0.11769341688095747,2.746758460998535
902,C#CC(=O)OCC,2.112161076005031,2.2130000591278076,1.9284027814865112,0.1008389831227765,0.18375829451851988,-0.08291931139574338
909,C#CC(=O)OCC1CN1,0.5329473307720045,1.0859999656677246,1.1297214031219482,0.5530526348957201,0.5967740723499437,-0.04372143745422363
913,C#CC(=O)OCCBr,1.3380482797272526,2.994999885559082,1.1391301155090332,1.6569516058318294,0.1989181642182194,1.45803344161361
916,C#CC(=O)OCCC=O,2.8081021446026733,4.738999843597412,2.086508274078369,1.9308976989947388,0.7215938705243041,1.2093038284704347
947,C#CC(=O)c1ncno1,2.193613341707203,3.4079999923706055,2.1102278232574463,1.2143866506634025,0.08338551844975672,1.1310011322136457
949,C#CC(=O)c1nnon1,3.1998607159636436,2.7809998989105225,3.1781671047210693,0.41886081705312117,0.021693611242574296,0.3971672058105469
965,C#CC(C#C)C#N,3.6444625866913585,3.4179999828338623,3.5349884033203125,0.22646260385749617,0.10947418337104597,0.1169884204864502
999,C#CC(C#C)NCC#N,4.147115265860808,3.9210000038146973,4.083591461181641,0.2261152620461111,0.06352380467916774,0.16259145736694336
1003,C#CC(C#C)OC(C)C,1.5257544030162942,1.5010000467300415,0.6819079518318176,0.024754356286252666,0.8438464511844765,-0.8190920948982239
1020,C#CC(C#CC)C(N)=O,4.483979152885899,4.376999855041504,3.1864118576049805,0.1069792978443953,1.2975672952809187,-1.1905879974365234
1044,C#CC(C#N)(CC)CO,3.0793055159789704,3.1579999923706055,3.1316123008728027,0.07869447639163507,0.05230678489383234,0.026387691497802734
1069,C#CC(C#N)C(C)OC,3.961257086154425,3.2699999809265137,4.385825157165527,0.6912571052279115,0.42456807101110217,0.26668903421680934
1093,C#CC(C#N)CC,3.891538122982058,3.5880000591278076,3.869736433029175,0.3035380638542504,0.02180168995288323,0.2817363739013672
1094,C#CC(C#N)CC#CC,3.712002318331968,3.4839999675750732,3.998044013977051,0.22800235075689468,0.28604169564508286,-0.05803934488818818
1118,C#CC(C#N)COCC,3.31342873329668,4.383999824523926,3.838479042053222,1.070571091227246,0.5250503087565423,0.5455207824707036
1120,C#CC(C#N)N(C)C=O,3.5674568743630672,4.283999919891357,3.3362059593200684,0.7165430455282902,0.23125091504299888,0.4852921304852913
1161,C#CC(C(N)=O)C(C)O,4.439539469451334,3.8489999771118164,3.842693090438843,0.5905394923395173,0.5968463790124905,-0.006306886672973189
1162,C#CC(C(N)=O)C(N)=O,2.898137823662443,3.242000102996826,2.7961173057556152,0.3438622793343833,0.10202051790682765,0.24184176142755565
1171,C#CC(C)(C#C)C1CO1,1.4293300159142963,1.7730000019073486,0.6573448181152344,0.3436699859930523,0.7719851977990619,-0.4283152118060096
1208,C#CC(C)(C)C(=O)C=O,1.1585069848348484,1.3899999856948853,0.7112057209014893,0.23149300086003688,0.4473012639333591,-0.21580826307332224
1244,C#CC(C)(C)OC(N)=O,1.9057379410877024,2.4860000610351562,1.907246470451355,0.5802621199474538,0.0015085293636525332,0.5787535905838013
1260,C#CC(C)(C=O)OC,1.3759284607447697,3.0869998931884766,2.0426433086395264,1.7110714324437069,0.6667148478947567,1.0443565845489502
1311,C#CC(C)(O)C(F)(F)F,2.1091369925441183,2.621000051498413,2.226912260055542,0.5118630589542947,0.11777526751142364,0.3940877914428711
1326,C#CC(C)(O)CNC=O,3.5482722953045185,4.6570000648498535,3.5723555088043213,1.108727769545335,0.024083213499802802,1.0846445560455322
1360,C#CC(C)C(=O)CC,2.3676002071282554,2.819999933242798,1.984715700149536,0.4523997261145425,0.38288450697871945,0.06951521913582304
1388,C#CC(C)C(C)=O,2.355190590267937,2.7950000762939453,2.066607713699341,0.4398094860260082,0.28858287656859627,0.15122660945741195
1396,C#CC(C)C(C)OC,1.2700957842337417,0.8569999933242798,1.6413527727127075,0.4130957909094619,0.3712569884789658,0.04183880243049609
1397,C#CC(C)C(C)OC=N,3.94524883290285,0.9359999895095825,4.258333206176758,3.0092488433932676,0.3130843732739077,2.69616447011936
1475,C#CC(C)CC(N)C#N,2.9456479208381965,2.566999912261963,3.064567804336548,0.3786480085762336,0.11891988349835136,0.25972812507788223
1494,C#CC(C)CNC(C)=O,3.7092084369737575,3.746000051498413,2.5923545360565186,0.036791614524655625,1.116853900917239,-1.0800622863925833
1496,C#CC(C)CNC=O,3.932149073479265,3.868000030517578,3.396417140960694,0.06414904296168666,0.535731932518571,-0.4715828895568843
1500,C#CC(C)COC(C)=O,2.201589100597866,2.183000087738037,0.780224084854126,0.018589012859828724,1.4213650157437399,-1.4027760028839111
1519,C#CC(C)N(C=O)CC,4.109590499337687,4.369999885559082,3.612653970718384,0.2604093862213954,0.4969365286193028,-0.2365271423979074
1536,C#CC(C)NC(=O)NC,3.4742216947773232,4.389999866485596,3.5965421199798584,0.9157781717082725,0.12232042520253517,0.7934577465057373
1541,C#CC(C)NC=O,3.5405635343935447,4.204999923706055,2.822181701660156,0.66443638931251,0.7183818327333888,-0.053945443420878814
1578,C#CC(C)OCC(C)C,1.4558931012113736,1.0,0.8866931796073914,0.4558931012113736,0.5691999216039823,-0.11330682039260864
1587,C#CC(C)OCCC=O,2.967549589114083,3.7720000743865967,2.5248632431030273,0.8044504852725138,0.4426863460110555,0.36176413926145834
1610,C#CC(C=O)C1COC1,2.9567488417232113,0.7990000247955322,2.4281222820281982,2.157748816927679,0.528626559695013,1.629122257232666
1612,C#CC(C=O)CC#N,5.201295004784949,3.365999937057495,3.5371477603912354,1.8352950677274542,1.664147244393714,0.17114782333374023
1631,C#CC(C=O)OC(C)=O,2.5418071253934564,3.5380001068115234,2.1520297527313232,0.996192981418067,0.3897773726621332,0.6064156087559338
1691,C#CC(CC)C1CO1,1.8975675067837432,1.5379999876022339,1.0634629726409912,0.3595675191815093,0.834104534142752,-0.4745370149612427
1744,C#CC(CCC)OCC,0.9332779270767934,1.2869999408721924,0.5830264091491699,0.353722013795399,0.35025151792762343,0.0034704958677755915
1758,C#CC(CCl)OC=O,2.2934903026089373,2.568000078201294,1.8239532709121704,0.2745097755923567,0.46953703169676686,-0.19502725610441018
1797,C#CC(CO)NC(N)=O,2.7532133071901,3.9649999141693115,2.1722865104675293,1.2117866069792114,0.5809267967225709,0.6308598102566405
1817,C#CC(COC)C(C)O,1.319824939742199,1.8990000486373901,1.2770847082138062,0.5791751088951911,0.0427402315283929,0.5364348773667982
1882,C#CC(N)C#CC(N)=O,3.3265694466500775,4.993000030517578,3.257111072540283,1.6664305838675006,0.06945837410979427,1.5969722097577064
1925,C#CC(NC=O)C(C)C,3.6381327703890953,4.079999923706055,4.079390525817871,0.44186715331695936,0.44125775542877577,0.0006093978881835938
1983,C#CC(O)C(=N)NC=O,3.8915168552349497,4.264999866485596,3.802133560180664,0.373483011250646,0.08938329505428566,0.2840997161963603
2025,C#CC(O)C(C)C(N)=O,3.616903045101389,3.6679999828338623,4.377752780914307,0.05109693773247326,0.7608497358129176,-0.7097527980804443
2044,C#CC(O)C(O)C(N)=O,3.724876786713376,4.693999767303467,5.4522881507873535,0.9691229805900909,1.7274113640739777,-0.7582883834838867
2105,C#CC(O)CC(C)=O,4.020821987200803,4.445000171661377,3.7643303871154785,0.4241781844605743,0.2564916000853241,0.1676865843752502
2109,C#CC(O)CC(N)=O,3.74459652538354,3.2880001068115234,2.8264575004577637,0.4565964185720164,0.9181390249257761,-0.46154260635375977
2123,C#CC(O)CCNC=O,4.011881410901276,5.570000171661377,3.019613742828369,1.5581187607601006,0.9922676680729072,0.5658510926871934
2132,C#CC(O)CNC(N)=O,2.776097951915855,4.104000091552734,3.5786004066467285,1.3279021396368793,0.8025024547308734,0.5253996849060059
2146,C#CC(O)COCC=O,3.8526056584977297,1.4950000047683716,1.968080759048462,2.357605653729358,1.8845248994492678,0.47308075428009033
2231,C#CC1(C#C)COC1=N,2.2589422265957992,2.256999969482422,1.3680440187454224,0.0019422571133773658,0.8908982078503769,-0.8889559507369995
2232,C#CC1(C#C)COC1=O,3.846198608311855,4.034999847412109,2.8881146907806396,0.18880123910025448,0.9580839175312152,-0.7692826784309608
2249,C#CC1(C#CC#N)CN1,6.109420192151688,5.690999984741211,5.486563682556152,0.4184202074104775,0.6228565095955361,-0.2044363021850586
2260,C#CC1(C#N)C(C)N1C,5.448649119703582,4.499000072479248,3.2968814373016357,0.9496490472243337,2.151767682401946,-1.2021186351776123
2278,C#CC1(C#N)CC1C,4.553520381743616,3.9079999923706055,4.7292704582214355,0.6455203893730106,0.17575007647781948,0.4697703128951911
2283,C#CC1(C#N)CC1N,4.367604171789597,4.390999794006348,4.893284320831299,0.023395622216750844,0.525680149041702,-0.5022845268249512
2360,C#CC1(C(C)=O)CC1,2.191001314352493,2.742000102996826,2.1750473976135254,0.5509987886443333,0.01595391673896751,0.5350448719053658
2371,C#CC1(C(C)C#N)CC1,4.288484280691898,3.2190001010894775,3.2140464782714844,1.0694841796024201,1.0744378024204133,-0.004953622817993164
2432,C#CC1(C)C=CCCO1,1.3648483419403754,1.6670000553131104,1.159918189048767,0.30215171337273494,0.20493015289160832,0.09722156048112662
2444,C#CC1(C)CC(=O)N1C,3.922448620156887,4.482999801635742,3.5519752502441406,0.5605511814788553,0.37047336991274626,0.19007781156610903
2456,C#CC1(C)CC(O)C1=O,2.404956355440404,2.7920000553131104,1.923122525215149,0.38704369987270626,0.48183383022525517,-0.09479013035254891
2575,C#CC1(C)OC1C(C)C,2.0936362667173043,2.2699999809265137,1.7547037601470947,0.17636371420920938,0.33893250657020957,-0.1625687923610002
2599,C#CC1(C)OCC1O,2.5821214127072296,0.8299999833106995,1.3235012292861938,1.7521214293965302,1.2586201834210358,0.4935012459754944
2662,C#CC1(CC(N)=O)CC1,3.435817453011029,4.192999839782715,3.553199291229248,0.757182386771686,0.11738183821821924,0.6398005485534668
2785,C#CC1(N)C(C)C1C#N,3.120819240679602,4.230999946594238,3.700538158416748,1.1101807059146362,0.579718917737146,0.5304617881774902
2788,C#CC1(N)C=CNC1=O,3.060673703499236,3.0940001010894775,3.4680237770080566,0.03332639759024136,0.40735007350882046,-0.3740236759185791
2849,C#CC1(O)CC1NC=O,4.29285948143508,5.166999816894531,4.235995769500732,0.874140335459451,0.056863711934347805,0.8172766235251032
2854,C#CC1(O)CC=CC1=O,3.167856915576966,3.075000047683716,3.341067314147949,0.09285686789324998,0.17321039857098341,-0.08035353067773343
2863,C#CC1(O)CCOC1=N,2.7475296832136067,3.7160000801086426,2.1801040172576904,0.9684703968950359,0.5674256659559163,0.40104473093911963
2923,C#CC1(OC)CCOC1,1.692862837855371,2.453000068664551,1.7714020013809204,0.7601372308091798,0.07853916352554946,0.6815980672836304
2932,C#CC1(OC=N)CC1,3.619229914630533,2.7090001106262207,2.507300853729248,0.9102298040043122,1.1119290609012848,-0.20169925689697266
2952,C#CC1(OCCC)CC1,1.081547464883005,1.2510000467300415,0.0922382697463035,0.1694525818470365,0.9893091951367015,-0.819856613289665
2953,C#CC1(OCCO)CC1,1.954956457364168,2.0420000553131104,1.4722577333450315,0.08704359794894234,0.4826987240191365,-0.39565512607019415
2976,C#CC1=C(N)COC1=O,7.60943905947381,7.72599983215332,7.401082515716553,0.11656077267951037,0.2083565437572572,-0.09179577107774683
2985,C#CC1=CC(=O)C(=O)N1,6.698970253061231,7.073999881744385,6.1124348640441895,0.37502962868315404,0.5865353890170413,-0.21150576033388724
2993,C#CC1=CC(=O)CCN1,5.440910529238522,6.047999858856201,5.414524078369141,0.6070893296176791,0.026386450869381406,0.5807028787482977
3103,C#CC1=CS1,2.1791044417096805,2.8359999656677246,2.003453016281128,0.6568955239580441,0.1756514254285526,0.48124409852949146
3140,C#CC1=NNC(C)S1,2.4330602966639603,2.2669999599456787,2.068373918533325,0.16606033671828158,0.3646863781306351,-0.19862604141235352
3142,C#CC1C(=N)OC1(C)C,3.1016765178982872,3.009000062942505,3.4140148162841797,0.09267645495578236,0.31233829838589244,-0.21966184343011008
3146,C#CC1C(=N)OC1CC,2.844391019459639,2.5880000591278076,2.8674488067626953,0.2563909603318315,0.023057787303056188,0.23333317302877532
3363,C#CC1CC(=N)N1C=O,4.669904491628242,4.936999797821045,4.183122158050537,0.267095306192803,0.48678233357770484,-0.21968702738490187
3371,C#CC1CC(=NO)CO1,1.2015354862935832,1.5640000104904175,0.8572435975074768,0.3624645241968343,0.3442918887861064,0.01817263541072789
3372,C#CC1CC(=O)C(=N)N1,4.098262399464989,4.50600004196167,4.376708030700684,0.40773764249668076,0.27844563123569444,0.12929201126098633
3390,C#CC1CC(=O)C1O,2.062924305685883,3.444000005722046,1.937575101852417,1.3810757000361629,0.12534920383346604,1.2557264962026968
3421,C#CC1CC(C#N)C1,3.7254587726609,3.8010001182556152,3.268462896347046,0.07554134559471537,0.45699587631385397,-0.3814545307191386
3516,C#CC1CC1(C)C#N,3.903259154060072,3.7160000801086426,3.485161542892456,0.1872590739514295,0.418097611167616,-0.23083853721618652
3554,C#CC1CC1CC(N)=O,4.171485223354061,4.473999977111816,4.260630130767822,0.3025147537577553,0.08914490741376113,0.21336984634399414
3568,C#CC1CC1OC(C)=N,2.3283973406881513,1.6820000410079956,2.228704929351806,0.6463972996801557,0.0996924113363451,0.5467048883438106
3611,C#CC1CCC(=O)OC1,4.385031445892017,5.159999847412109,4.422365188598633,0.7749684015200922,0.0373337427066156,0.7376346588134766
3616,C#CC1CCC(C#N)O1,4.4305103326411555,4.13700008392334,4.616520881652832,0.2935102487178156,0.18601054901167657,0.10749969970613904
3642,C#CC1CCC1OC=O,4.511253216575447,2.86899995803833,3.896954536437988,1.6422532585371172,0.6142986801374595,1.0279545783996578
3655,C#CC1CCCCC1=O,3.181576966136382,3.364000082015991,3.3739025592803955,0.18242311587960902,0.19232559314401332,-0.009902477264404297
3721,C#CC1CN(C(C)=O)C1,3.8416309507843143,4.625999927520752,3.705916166305542,0.7843689767364377,0.13571478447877228,0.6486541922576654
3757,C#CC1CN=C(C)OC1,1.3209760021608044,1.2419999837875366,1.3702462911605835,0.07897601837326773,0.049270288999779144,0.029705729373488587
3820,C#CC1COC(=S)C1,4.328984836024019,5.333000183105469,4.472189903259277,1.0040153470814497,0.14320506723525828,0.8608102798461914
3920,C#CC1CSC(=O)S1,4.40862442891286,4.965000152587891,4.56635856628418,0.5563757236750302,0.15773413737131925,0.39864158630371094
3931,C#CC1N=CN(C)C1=O,3.26846133859947,3.1449999809265137,2.939943552017212,0.1234613576729564,0.32851778658225816,-0.20505642890930176
3945,C#CC1N=COCC1C,2.5298998813363296,2.4210000038146973,2.544661283493042,0.10889987752163233,0.0147614021567124,0.09413847536491993
3950,C#CC1NC(=N)OC1C,3.788360205387987,3.890000104904175,3.803217887878418,0.10163989951618779,0.014857682490430957,0.08678221702575684
4023,C#CC1NCC1(C)C#N,3.1112122369916264,2.63100004196167,3.721191883087158,0.4802121950299565,0.6099796460955318,-0.1297674510655753
4024,C#CC1NCC1(N)C#N,3.619859670033505,4.876999855041504,3.5912671089172363,1.2571401850079988,0.028592561116268733,1.2285476238917301
4029,C#CC1NCC1OC=O,5.22943475008688,1.5880000591278076,6.1562371253967285,3.6414346909590725,0.9268023753098484,2.714632315649224
4056,C#CC1OC(=N)CC1C,3.3226932596705168,3.191999912261963,3.0102317333221436,0.13069334740855387,0.3124615263483732,-0.18176817893981934
4100,C#CC1OC(C)C1(C)O,2.596131307203192,0.8830000162124634,2.357943534851074,1.7131312909907286,0.23818777235211774,1.4749435186386108
4112,C#CC1OC(C)CC1=O,2.466743732947678,2.490999937057495,2.295297622680664,0.024256204109817325,0.17144611026701373,-0.1471899061571964
4206,C#CC1OC1CCl,0.356986420332577,0.3100000023841858,0.864063024520874,0.0469864179483912,0.507076604188297,-0.46009018623990583
4211,C#CC1OC1COC=O,5.385004013421203,1.4079999923706055,4.466507434844971,3.9770040210505977,0.9184965785762325,3.0585074424743652
4293,C#CC1OCCC(C)O1,2.279497528909467,2.3959999084472656,1.822585940361023,0.11650237953779863,0.45691158854844405,-0.3404092090106454
4364,C#CCC#CCC(C)=O,2.6171174226958627,3.197000026702881,1.7515630722045898,0.5798826040070182,0.8655543504912728,-0.28567174648425464
4375,C#CCC#N,3.710036370671552,3.5929999351501465,3.693693161010742,0.1170364355214053,0.0163432096608096,0.1006932258605957
4376,C#CCC(=C)C#N,3.664690381779058,3.325000047683716,3.713946580886841,0.3396903340953421,0.049256199107782894,0.2904341349875592
4398,C#CCC(=O)C(=O)CO,1.6179149948449074,2.2269999980926514,0.5324978232383728,0.609085003247744,1.0854171716065346,-0.47633216835879066
4415,C#CCC(=O)C(N)=O,1.619598622357381,1.503999948501587,1.547593593597412,0.11559867385579414,0.07200502875996895,0.043593645095825195
4421,C#CCC(=O)C(O)O,2.5639360981266233,2.0769999027252197,1.7828694581985474,0.48693619540140354,0.7810666399280759,-0.29413044452667236
4430,C#CCC(=O)C1CCO1,1.8630239903720431,2.739000082015991,1.5693877935409546,0.8759760916439481,0.29363619683108855,0.5823398948128595
4443,C#CCC(=O)CC(C)=O,2.092143316277575,1.565999984741211,1.2964012622833252,0.526143331536364,0.7957420539942497,-0.26959872245788574
4466,C#CCC(=O)N1CCC1,4.228583734489057,4.618000030517578,3.8746345043182377,0.38941629602852146,0.3539492301708189,0.03546706585770254
4477,C#CCC(=O)NCC#N,4.099666366088916,4.431000232696533,3.923948049545288,0.33133386660761754,0.17571831654362757,0.15561555006398997
4478,C#CCC(=O)NCC=O,3.668404679622049,3.1760001182556152,4.6231465339660645,0.49240456136643385,0.9547418543440154,-0.4623372929775815
4479,C#CCC(=O)NCCC,3.353864440421724,4.547999858856201,2.8123762607574463,1.194135418434477,0.5414881796642779,0.6526472387701991
4484,C#CCC(=O)OC(C)C,1.9150184654696865,2.489000082015991,2.1480953693389893,0.5739816165463048,0.2330769038693028,0.34090471267700195
4485,C#CCC(=O)OC1CC1,1.7925587044532687,2.1659998893737793,2.198110342025757,0.3734411849205106,0.40555163757248813,-0.03211045265197754
4497,C#CCC(C#C)C(N)=O,3.5909778807352555,3.694000005722046,3.52918004989624,0.10302212498679042,0.06179783083901569,0.04122429414777473
4565,C#CCC(C)C#N,3.610678551188616,3.9059998989105225,3.357369899749756,0.2953213477219063,0.2533086514388603,0.04201269628304605
4585,C#CCC(C)CC#N,3.685222781672852,3.75,2.8965556621551514,0.06477721832714778,0.7886671195177009,-0.7238899011905531
4586,C#CCC(C)CC(C)=O,2.99977404516438,3.6689999103546143,2.0911877155303955,0.6692258651902341,0.9085863296339847,-0.2393604644437506
4595,C#CCC(C)N(C)C=O,4.370302134332643,4.050000190734863,4.065555572509766,0.3203019435977801,0.30474656182287774,0.015555381774902344
4599,C#CCC(C)NC=O,3.625435126177029,3.9860000610351562,3.07637357711792,0.36056493485812746,0.5490615490591089,-0.1884966142009814
4616,C#CCC(C=O)C(N)=O,1.363041453363134,1.5449999570846558,1.9660544395446775,0.18195850372152167,0.6030129861815434,-0.42105448246002175
4638,C#CCC(CCC)OC,1.0720538966066429,1.1859999895095825,0.7151985168457031,0.11394609290293967,0.35685537976093973,-0.24290928685800006
4641,C#CCC(CO)C(N)=O,4.392829169168219,5.328000068664551,2.599977731704712,0.9351708994963319,1.792851437463507,-0.857680537967175
4658,C#CCC(F)CF,0.4709282042156618,0.578000009059906,1.8581922054290771,0.10707180484424422,1.3872640012134154,-1.2801921963691711
4682,C#CCC(O)C(=O)C=O,1.7179909024374966,1.2319999933242798,1.5153753757476809,0.48599090911321685,0.20261552668981575,0.2833753824234011
4700,C#CCC(O)CC#N,4.957508522790444,3.1700000762939453,4.161745548248291,1.7875084464964983,0.7957629745421526,0.9917454719543457
4706,C#CCC(O)CNC=O,3.376824849439077,5.311999797821045,2.426386594772339,1.935174948381968,0.950438254666738,0.98473669371523
4716,C#CCC(OC)C1CN1,2.1721532672766455,2.628999948501587,1.5248684883117676,0.45684668122494143,0.6472847789648779,-0.19043809773993647
4791,C#CCC1(CCO)CO1,1.3133196051291678,3.941999912261963,0.6419448852539062,2.628680307132795,0.6713747198752615,1.9573055872575333
4811,C#CCC1(OC)CC1,1.6655558037913227,1.3700000047683716,0.8129547238349915,0.29555579902295115,0.8526010799563313,-0.5570452809333801
4827,C#CCC1=CCCOC1,1.7651626852760542,1.8949999809265137,1.3514844179153442,0.12983729565045943,0.41367826736071,-0.2838409717102506
4861,C#CCC1C=CCCO1,2.065232830655485,1.2139999866485596,1.836389183998108,0.8512328440069252,0.2288436466573769,0.6223891973495483
4945,C#CCC1COC(=O)C1,4.459707119905409,4.635000228881836,4.261343955993652,0.17529310897642691,0.19836316391175668,-0.023070054935329765
5027,C#CCC1OCC1C=O,1.2229304212984764,1.1059999465942383,1.3488022089004517,0.11693047470423812,0.12587178760197526,-0.008941312897737141
5056,C#CCCC(=O)C(C)C,2.585077851565992,3.3289999961853027,2.184882164001465,0.7439221446193107,0.40019568756452717,0.34372645705478355
5073,C#CCCC(=O)OC,1.8634074027471583,1.8650000095367432,1.2664450407028198,0.0015926067895848384,0.5969623620443385,-0.5953697552547537
5078,C#CCCC(C#N)C=O,2.2636361273862295,1.9910000562667847,2.6495118141174316,0.2726360711194449,0.3858756867312021,-0.11323961561175722
5121,C#CCCC1(O)COC1,1.1524699635080005,3.0889999866485596,1.0050636529922483,1.936530023140559,0.14740631051575215,1.789123712624807
5136,C#CCCC1CCOC1,1.5201483945777672,1.3370000123977661,1.086362600326538,0.18314838218000107,0.4337857942512291,-0.250637412071228
5168,C#CCCCC(C)C#N,3.519783909779936,3.2330000400543213,3.2499144077301025,0.28678386972561487,0.2698695020498336,0.01691436767578125
5177,C#CCCCC1COC1,1.6797281601219678,2.621999979019165,1.8439173698425293,0.9422718188971972,0.1641892097205615,0.7780826091766357
5199,C#CCCCOC1CC1,1.6405668895550862,0.8130000233650208,1.5048959255218506,0.8275668661900655,0.13567096403323564,0.6918959021568298
5231,C#CCCNC(=O)CC,3.7913638859743974,4.27400016784668,3.861405611038208,0.48263628187228225,0.07004172506381057,0.4125945568084717
5247,C#CCCOC(=O)CO,3.518028660611196,3.128000020980835,2.150961399078369,0.39002863963036116,1.367067261532827,-0.9770386219024658
5287,C#CCCOCCCO,2.6781263976780583,0.6499999761581421,1.7611409425735474,2.028126421519916,0.9169854551045109,1.1111409664154053
5293,C#CCF,1.9587218453263309,2.2850000858306885,2.102511167526245,0.3262782405043576,0.14378932219991425,0.18248891830444336
5323,C#CCN(C=O)C=O,5.8980137531349,3.561000108718872,3.687813282012939,2.337013644416028,2.210200471121961,0.12681317329406694
5336,C#CCN(S)C(=O)O,2.401836936576868,1.628999948501587,0.5221285223960876,0.772836988075281,1.8797084141807803,-1.1068714261054993
5362,C#CCN=C(C)NC=O,1.4102192877687016,4.835999965667725,2.536747694015503,3.4257806778990227,1.1265284062468013,2.2992522716522217
5391,C#CCN=COC(C)C,3.000722740244084,0.6269999742507935,2.6353752613067627,2.3737227659932905,0.3653474789373212,2.0083752870559692
5401,C#CCN=NC(N)=O,4.396129023857638,3.3910000324249268,2.6855905055999756,1.005128991432711,1.7105385182576622,-0.7054095268249512
5404,C#CCNC(=N)C(C)=O,2.0200373501724727,0.7020000219345093,1.214178442955017,1.3180373282379634,0.8058589072174556,0.5121784210205078
5420,C#CCNC(=O)CC,3.386224420736028,3.8540000915527344,2.854315280914306,0.46777567081670623,0.5319091398217219,-0.06413346900501571
5425,C#CCNC(=O)CCO,2.1028321466376703,5.109000205993652,1.7333006858825684,3.006168059355982,0.3695314607551019,2.63663659860088
5434,C#CCNC(=O)NC=N,2.386833139264391,6.329999923706055,3.0794763565063477,3.943166784441664,0.6926432172419568,3.250523567199707
5452,C#CCNC(C)=O,3.528095467380993,4.126999855041504,3.107308864593506,0.5989043876605109,0.42078660278748714,0.17811778487302377
5476,C#CCNCC(O)C#N,5.530338965508287,3.5369999408721924,4.238698482513428,1.9933390246360947,1.2916404829948593,0.7016985416412354
5483,C#CCOC#N,4.791800667016292,4.460999965667725,4.772985935211182,0.33080070134856765,0.01881473180511062,0.31198596954345703
5523,C#CCOC(=O)CP=O,2.5387247264263393,5.61299991607666,3.5026729106903076,3.074275189650321,0.9639481842639683,2.1103270053863525
5524,C#CCOC(=O)CS,2.3946100119301525,3.3399999141693115,1.5424805879592896,0.945389902239159,0.852129423970863,0.09326047826829598
5537,C#CCOC(=S)Cl,2.6738435423524023,4.574999809265137,2.9193170070648193,1.9011562669127344,0.24547346471241704,1.6556828022003174
5538,C#CCOC(=S)NN,3.160182113597228,2.8410000801086426,2.168956995010376,0.3191820334885853,0.9912251185868519,-0.6720430850982666
5630,C#CCOC1CCCC1,1.5694589367025296,1.215000033378601,1.2844895124435425,0.3544589033239285,0.2849694242589871,0.0694894790649414
5639,C#CCOC1COC1C,2.2569222315424207,2.7170000076293945,1.887313723564148,0.46007777608697387,0.3696085079782727,0.09046926810870115
5665,C#CCOCC(=O)Cl,2.493251205147997,3.9130001068115234,3.203970193862915,1.4197489016635263,0.7107189887149179,0.7090299129486084
5681,C#CCOCC(N)=O,3.4110628653026613,3.921999931335449,2.7468948364257812,0.5109370660327879,0.6641680288768801,-0.1532309628440922
5683,C#CCOCC(O)C#C,0.8332144026386418,1.8559999465942383,2.6090846061706543,1.0227855439555964,1.7758702035320124,-0.753084659576416
5729,C#CCOCN=C=S,2.6982708493736287,2.9839999675750732,3.0389673709869385,0.28572911820144453,0.34069652161330977,-0.054967403411865234
5736,C#CCONC=O,3.923318036714664,3.6449999809265137,3.954282760620117,0.27831805578815016,0.03096472390545335,0.24735333188269681
5738,C#CCOOC(N)=O,2.7403888262004066,3.249000072479248,2.177765130996704,0.5086112462788415,0.5626236952037025,-0.05401244892486101
5740,C#CCOP(=O)(F)Br,2.7564789610150315,4.510000228881836,2.867514133453369,1.7535212678668044,0.1110351724383376,1.6424860954284668
5745,C#CCOP(=O)(OC)OC,3.669074461863727,3.625999927520752,2.104318380355835,0.043074534342975035,1.564756081507892,-1.521681547164917
5749,C#CCOS(=O)(=O)C(F)(F)F,3.305904221844155,4.01800012588501,3.329754114151001,0.7120959040408548,0.023849892306845977,0.6882460117340088
5750,C#CCOS(=O)(=O)OC,4.2287245024537246,4.560999870300293,2.901698350906372,0.3322753678465684,1.3270261515473525,-0.9947507837007841
5752,C#CCO[11CH3],1.2723964150215608,1.430999994277954,1.104805827140808,0.15860357925639335,0.16759058788075265,-0.008987008624359305
5757,C#CCOc1cc[nH]c1,2.958252994928563,2.877000093460083,2.8659729957580566,0.08125290146847997,0.09227999917050633,-0.011027097702026367
5775,C#CCOc1ncc[nH]1,2.0621918664097896,2.318000078201294,2.0438358783721924,0.25580821179150437,0.018355988037597193,0.23745222375390718
5785,C#CCS(=O)CC#C,3.549264999745392,3.378000020980835,3.1430740356445312,0.17126497876455682,0.40619096410086053,-0.2349259853363037
5789,C#CCS(N)(=O)=O,3.4505591262707203,3.8989999294281006,2.812608242034912,0.44844080315738033,0.6379508842358081,-0.18951008107842782
5814,C#CCSP(=O)(Cl)Cl,2.687033459075208,1.8839999437332153,3.704056024551392,0.8030335153419927,1.017022565476184,-0.21398905013419123
5828,C#CN1CCC1=O,3.90637019932642,4.210000038146973,4.289811134338379,0.3036298388205525,0.38344093501195875,-0.07981109619140625
5878,C#COC(C)=S,1.643173993927768,2.812999963760376,2.0667943954467773,1.169825969832608,0.42362040151900926,0.7462055683135986
5880,C#COC(F)(F)CF,1.8960454714342332,3.0880000591278076,1.4217087030410769,1.1919545876935744,0.4743367683931563,0.7176178193004181
5887,C#COC=C,1.4853386687999397,0.8080000281333923,1.331023931503296,0.6773386406665474,0.1543147372966438,0.5230239033699036
5913,C#CO[SiH2]C#C,2.2594634306188515,1.0449999570846558,2.370595693588257,1.2144634735341957,0.11113226296940537,1.1033312105647903
5914,C#CO[SiH3],2.011957055470015,0.9750000238418579,1.6664873361587524,1.036957031628157,0.3454697193112626,0.6914873123168945
5923,C#CS(=O)C#CC,4.333728242996219,4.129000186920166,4.6840667724609375,0.20472805607605338,0.3503385294647181,-0.14561047338866473
5947,C#CSCCSC#C,0.0001684244839298,1.4359999895095825,0.2705260515213012,1.4358315650256528,0.27035762703737143,1.1654739379882812
5956,C#C[11C](C)=O,3.1412394716545124,3.3959999084472656,3.101773977279663,0.2547604367927532,0.039465494374849364,0.2152949424179038
5957,C#C[13C]#N,3.889929118957006,3.6989998817443848,4.037800312042236,0.19092923721262123,0.14787119308523033,0.04305804412739089
5966,C#C[SiH2]O[SiH3],0.7844506645878909,0.3199999928474426,0.7627243995666504,0.4644506717404483,0.02172626502124053,0.44272440671920776
5980,C#Cc1c[nH]nc1C#N,6.459767761455442,6.168000221252441,6.484166145324707,0.29176754020300066,0.02439838386926496,0.2673691563337357
6055,C#Cc1nccnc1F,1.4252771951591574,1.6959999799728394,1.098496913909912,0.27072278481368195,0.3267802812492453,-0.05605749643556335
6079,C#[13C][13C]#N,3.889909272089593,3.7009999752044678,4.037822723388672,0.18890929688512514,0.14791345129907896,0.04099584558604619
6085,C#[N+][N-]C,2.040592731876755,1.534000039100647,1.3058054447174072,0.506592692776108,0.7347872871593477,-0.22819459438323975
6086,C#[N+][N-]N,1.4714579781127268,1.4240000247955322,0.7217571139335632,0.0474579533171946,0.7497008641791636,-0.702242910861969
6093,C#[Si]O[SiH2]C,2.6395750811482244,4.9720001220703125,2.157301425933838,2.332425040922088,0.4822736552143865,1.8501513857077017
6116,C/C=C1/OC(=O)C(O)=C1C,4.115617138623247,4.684000015258789,5.644015789031982,0.5683828766355417,1.528398650408735,-0.9600157737731934
6121,C/C=C\C(COCS(=O)(=O)O)SO,4.978805041426134,2.2799999713897705,3.047926902770996,2.6988050700363635,1.930878138655138,0.7679269313812256
6183,C1=CC=POC=C1,1.971345698525607,2.2820000648498535,1.817315697669983,0.3106543663242465,0.15403000085562413,0.15662436546862235
6200,C1=CCOC=1,3.95023243608238,3.740000009536743,3.842332363128662,0.210232426545637,0.10790007295371806,0.10233235359191895
6202,C1=CCOC=NC1,2.164625566080095,2.2130000591278076,2.1902480125427246,0.0483744930477128,0.02562244646262979,0.022752046585083008
6223,C1=CCONC1,2.8010378771099433,2.7790000438690186,2.0063724517822266,0.022037833240924787,0.7946654253277168,-0.772627592086792
6226,C1=CCOP=C1,1.9007620820347888,1.6979999542236328,1.639003872871399,0.202762127811156,0.2617582091633899,-0.05899608135223389
6229,C1=CCSC=C1,1.0347512124525209,1.656999945640564,1.023478865623474,0.6222487331880431,0.011272346829046986,0.6109763863589961
6240,C1=CN=CSC=1,1.3257924007003166,0.38199999928474426,1.0584251880645752,0.9437924014155723,0.26736721263574137,0.6764251887798309
6258,C1=CNSOC1,1.977965808881768,2.062000036239624,1.966137170791626,0.08403422735785604,0.011828638090142007,0.07220558926771403
6262,C1=COC=CC1,1.0056570298149308,1.0230000019073486,0.8180145621299744,0.017342972092417863,0.1876424676849564,-0.17029949559253854
6280,C1=COCCC1,1.4517275265766618,1.472000002861023,1.378201961517334,0.02027247628436113,0.07352556505932784,-0.053253088774966706
6319,C1=CONP=N1,2.265630090173808,1.7710000276565552,1.2999953031539917,0.4946300625172526,0.9656347870198161,-0.4710047245025635
6327,C1=COON=C1,4.604713575882245,3.4110000133514404,4.060906887054443,1.1937135625308049,0.5438066888278019,0.6499068737030029
6342,C1=COPN1,1.612987209422491,2.2200000286102295,2.7506189346313477,0.6070128191877384,1.1376317252088566,-0.5306189060211182
6345,C1=COSC1,2.327469800956992,2.6530001163482666,2.411780595779419,0.3255303153912745,0.08431079482242687,0.24121952056884766
6355,C1=COSOC1,2.4268091044471967,2.4779999256134033,2.3906869888305664,0.05119082116620666,0.03612211561663026,0.0150687055495764
6368,C1=CPOC1,2.4224694537177234,2.5889999866485596,2.2577176094055176,0.1665305329308362,0.1647518443122058,0.0017786886186303974
6369,C1=CPON=C1,3.783469280388049,3.680999994277954,3.8125171661376953,0.10246928611009487,0.02904788574964634,0.07342140036044853
6385,C1=CSC=CSC1,1.1176292760618594,1.1050000190734863,0.997309148311615,0.012629256988373028,0.12032012775024437,-0.10769087076187134
6391,C1=CSCC=N1,1.6047300080112337,1.0470000505447388,1.047560453414917,0.5577299574664949,0.5571695545963167,0.0005604028701782227
6401,C1=CSCNN1,2.4547384541154735,2.5759999752044678,1.4354612827301023,0.12126152108899424,1.0192771713853712,-0.898015650296377
6402,C1=CSCNO1,0.763948958090002,0.3569999933242798,0.4918901324272156,0.4069489647657222,0.2720588256627864,0.1348901391029358
6409,C1=CSCSC=C1,1.3431475370057548,2.312000036239624,0.9025862812995912,0.9688524992338692,0.44056125570616367,0.5282912435277055
6425,C1=CSOO1,2.9803535338165923,3.0910000801086426,3.4184701442718506,0.11064654629205029,0.4381166104552583,-0.327470064163208
6433,C1=C[SiH2]OC1,1.846575927868869,1.1549999713897705,1.106250882148743,0.6915759564790984,0.740325045720126,-0.04874908924102761
6454,C1=NCCON1,1.3076312823583278,2.053999900817871,1.1297491788864136,0.7463686184595433,0.17788210347191424,0.568486514987629
6466,C1=NCOC=[SiH]1,1.1928857467417482,3.378999948501587,1.106576919555664,2.186114201759839,0.08630882718608412,2.099805374573755
6468,C1=NCOCO1,1.4859630118043752,1.534999966621399,1.1657514572143557,0.04903695481702375,0.3202115545900195,-0.27117459977299574
6479,C1=NCOS1,1.1440325477173594,0.7730000019073486,0.782410740852356,0.37103254581001077,0.36162180686500345,0.009410738945007324
6481,C1=NCS1,0.8914730293177834,0.656000018119812,0.8223386406898499,0.23547301119797137,0.06913438862793353,0.16633862257003784
6486,C1=NCSO1,0.8132939575657961,0.8289999961853027,0.8502458930015564,0.01570603861950659,0.03695193543576025,-0.021245896816253662
6507,C1=NNOC1,2.049276973606537,1.6130000352859497,2.9532597064971924,0.43627693832058734,0.9039827328906553,-0.467705794570068
6510,C1=NNOO1,3.418480568591862,2.0490000247955322,2.0190024375915527,1.3694805437963296,1.399478131000309,-0.029997587203979492
6529,C1=NONS1,3.129095831201548,2.3940000534057617,3.0138535499572754,0.7350957777957863,0.1152422812442726,0.6198534965515137
6533,C1=NOOO1,2.6211777501052604,2.992000102996826,2.124295473098755,0.37082235289156573,0.49688227700650556,-0.12605992411493983
6539,C1=NOSO1,1.9702464525734389,1.8450000286102295,1.7657798528671265,0.1252464239632094,0.20446659970631242,-0.07922017574310303
6546,C1=NSCCS1,2.915542715102275,2.5269999504089355,2.7246809005737305,0.3885427646933395,0.19086181452854456,0.19768095016479492
6548,C1=NSCS1,2.016955742612506,1.4529999494552612,1.723740577697754,0.5639557931572448,0.2932151649147521,0.2707406282424927
6554,C1=PCCO1,1.6164270103082532,1.6080000400543213,1.4036647081375122,0.008426970253931909,0.212762302170741,-0.20433533191680908
6559,C1=POC1,1.991065111868339,1.9769999980926514,2.5034990310668945,0.014065113775687532,0.5124339191985556,-0.4983688054228681
6571,C1=[SiH]CO1,0.8537847205003127,2.818000078201294,0.8738961815834045,1.964215357700981,0.02011146108309181,1.9441038966178894
6611,C1CONON1,3.102601602020903,3.513000011444092,3.4041807651519775,0.41039840942318895,0.3015791631310747,0.10881924629211426
6618,C1COOOC1,4.01488478663786,4.247000217437744,4.0612993240356445,0.23211543079988406,0.04641453739778445,0.1857008934020996
6620,C1COOOOO1,3.553112913899388,4.168000221252441,3.0881106853485107,0.6148873073530532,0.46500222855087747,0.14988507880217572
6625,C1COP=N1,1.8624969780545593,1.6399999856948853,2.2818665504455566,0.22249699235967402,0.41936957239099737,-0.19687258003132335
6627,C1COPO1,2.312004328591066,2.703000068664551,2.153012275695801,0.3909957400734849,0.15899205289526508,0.23200368717821984
6628,C1COPOC1,3.0450672474520633,2.0510001182556152,2.8383820056915283,0.994067129196448,0.20668524176053493,0.7873818874359131
6632,C1COSN1,2.429212537487979,2.815000057220459,2.5016236305236816,0.3857875197324798,0.07241109303570248,0.31337642669677734
6643,C1CPO1,2.447269308109359,2.6110000610351562,2.8047828674316406,0.16373075292579742,0.3575135593222818,-0.19378280639648438
6657,C1CSCSC1,2.2101411134555633,3.015000104904175,2.039844751358032,0.8048589914486115,0.17029636209753152,0.63456262935108
6660,C1CSO1,2.9089601341698175,3.0309998989105225,2.8945140838623047,0.12203976474070499,0.014446050307512781,0.10759371443319221
6665,C1CSOP1,3.4052617277185737,3.615999937057495,3.82645034790039,0.2107382093389214,0.42118862018181646,-0.21045041084289506
6671,C1CSSCCS1,1.5671648862519616,1.934999942779541,1.4738832712173462,0.3678350565275794,0.0932816150346154,0.274553441492964
6675,C1CSSSCS1,2.7869040028396466,1.8389999866485596,1.844882130622864,0.947904016191087,0.9420218722167826,0.005882143974304421
6678,C1N=NCO1,1.448548727088632,1.1100000143051147,2.1945552825927734,0.33854871278351717,0.7460065555041415,-0.40745784272062435
6682,C1N=NO1,2.9784321250009813,2.8989999294281006,2.5854058265686035,0.07943219557288073,0.3930262984323778,-0.31359410285949707
6694,C1NCSO1,2.2372625494014753,2.63100004196167,2.6323673725128174,0.39373749256019464,0.3951048231113421,-0.001367330551147461
6707,C1NOO1,2.871628843936604,3.240999937057495,2.9038307666778564,0.3693710931208911,0.03220192274125244,0.33716917037963867
6712,C1NOSS1,2.447958309643376,2.444000005722046,2.241302013397217,0.003958303921330231,0.20665629624615933,-0.2026979923248291
6735,C1ON=NP1,3.3121854835159534,2.9809999465942383,3.0189034938812256,0.33118553692171515,0.29328198963472785,0.037903547286987305
6739,C1ONP1,1.835791880328489,1.5180000066757202,1.8915274143218992,0.31779187365276873,0.05573553399341025,0.2620563396593585
6740,C1ONSP1,1.712407685545433,1.590000033378601,1.898146390914917,0.12240765216683203,0.1857387053694839,-0.06333105320265187
6748,C1OOOOO1,2.4450685348753636,2.680000066757202,2.599508047103882,0.23493153188183857,0.15443951222851826,0.08049201965332031
6752,C1OOOS1,3.0610513704333986,2.940000057220459,3.1362781524658203,0.1210513132129396,0.07522678203242172,0.04582453118051788
6753,C1OOP1,3.1448156726050587,3.2039999961853027,3.017507553100586,0.05918432358024406,0.12730811950447274,-0.06812379592422868
6757,C1OS1,2.16989213492345,2.302999973297119,2.2986130714416504,0.13310783837366902,0.12872093651820027,0.00438690185546875
6764,C1OSS1,1.441984101433489,1.378000020980835,1.5340840816497805,0.06398408045265414,0.0920999802162914,-0.028115899763637264
6786,C=C(Br)C(C)=O,1.2318828670337307,0.3540000021457672,2.3094494342803955,0.8778828648879635,1.0775665672466648,-0.19968370235870125
6798,C=C(Br)CCC#N,3.617842737127849,3.9159998893737793,3.919688463211059,0.2981571522459303,0.30184572608321014,-0.0036885738372798293
6806,C=C(Br)CSC#N,3.48904219380756,3.484999895095825,3.6261706352233887,0.004042298711735004,0.13712844141582847,-0.13308614270409347
6812,C=C(Br)S(=O)(=O)CC,4.078282368598779,4.142000198364258,4.0009589195251465,0.06371782976547902,0.07732344907363231,-0.013605619308153294
6818,C=C(C#N)C(C)=O,1.253741078574248,0.7269999980926514,1.2725660800933838,0.5267410804815966,0.018825001519135798,0.5079160789624608
6853,C=C(C#N)OC,5.021436381685159,4.685999870300293,4.331345558166504,0.33543651138486563,0.6900908235186547,-0.35465431213378906
6857,C=C(C#N)OO,2.430084038058482,3.4200000762939453,3.519702196121216,0.9899160382354633,1.0896181580627338,-0.09970211982727051
6868,C=C(C)C#CC#N,5.300306183666908,4.928999900817871,5.549389362335205,0.3713062828490372,0.24908317866829677,0.12222310418074045
6872,C=C(C)C(=O)C=O,1.8412537043576815,2.0320000648498535,2.2548673152923584,0.19074636049217197,0.41361361093467686,-0.22286725044250488
6877,C=C(C)C(=O)NC(=O)O,5.096391516247666,5.900000095367432,4.948536396026611,0.803608579119766,0.1478551202210543,0.6557534588987117
6886,C=C(C)C(=O)OC(C)O,2.171063630807407,3.7820000648498535,2.686852216720581,1.6109364340424466,0.5157885859131741,1.0951478481292725
6903,C=C(C)C1CC(=O)C(C)=C(O)C1,5.214294266882166,5.650000095367432,3.6511168479919434,0.43570582848526573,1.5631774188902225,-1.1274715904049568
6904,C=C(C)C1CC(=O)OC1=O,5.065112909881495,4.88100004196167,5.282630443572998,0.18411286791982473,0.2175175336915034,-0.033404665771678665
6910,C=C(C)CC#N,3.846774157485173,3.6510000228881836,3.856032609939575,0.19577413459698922,0.009258452454402377,0.18651568214258685
6925,C=C(C)OC(=S)Cl,2.8152529094420102,4.822999954223633,3.573910713195801,2.0077470447816226,0.7586578037537905,1.249089241027832
6937,C=C(C)[SiH2]O[SiH3],0.4550779320211269,0.45399999618530273,0.8235549926757812,0.001077935835824162,0.36847706065465435,-0.3673991248188302
6939,C=C(C=C=O)OC,1.7708753322836102,2.2009999752044678,2.26725172996521,0.4301246429208576,0.4963763976815998,-0.06625175476074219
6941,C=C(C=O)C(F)(F)F,4.494726064621623,1.8700000047683716,3.6647510528564458,2.624726059853251,0.829975011765177,1.7947510480880742
6952,C=C(CBr)C(=O)OC,2.115564532483801,3.309999942779541,2.1391215324401855,1.19443541029574,0.023556999956384495,1.1708784103393555
6956,C=C(CBr)OC,2.337519105422468,4.357999801635742,2.4673449993133545,2.020480696213274,0.1298258938908865,1.8906548023223877
6971,C=C(CF)C(N)=O,3.668958085452267,2.7760000228881836,3.017294406890869,0.8929580625640834,0.6516636785613978,0.24129438400268555
6979,C=C(Cl)C(=O)F,2.7377988434157476,3.2309999465942383,2.9837486743927,0.49320110317849064,0.24594983097695255,0.24725127220153809
7024,C=C(F)C(=C)C#N,2.328881544733942,1.6419999599456787,2.5967607498168945,0.6868815847882632,0.2678792050829526,0.4190023797053106
7074,C=C(F)CCl,2.638145457499753,0.12399999797344208,1.1949373483657837,2.514145459526311,1.4432081091339692,1.0709373503923416
7107,C=C(F)OS(=O)O,0.6000542443062868,1.843999981880188,2.4218811988830566,1.2439457375739011,1.8218269545767698,-0.5778812170028687
7157,C=C(O)OCCO,2.4459463777302455,1.9509999752044678,0.9847277402877808,0.4949464025257777,1.4612186374424647,-0.966272234916687
7160,C=C(O)O[SiH3],1.467469221414854,1.8480000495910645,0.5746071934700012,0.38053082817621053,0.8928620279448527,-0.5123311997686422
7161,C=C(O)SC,2.164635074195646,2.438999891281128,1.490788817405701,0.27436481708548177,0.6738462567899453,-0.3994814397044635
7164,C=C(OC)C(=O)Cl,2.8336300828493672,4.440999984741211,4.197376251220703,1.6073699018918437,1.3637461683713359,0.2436237335205078
7170,C=C(OO)C(=O)OC,2.104019249486506,2.5350000858306885,1.6911287307739258,0.43098083634418227,0.4128905187125804,0.01809031763160185
7185,C=C(S)SC(=C)S,2.615842836749988,1.0230000019073486,0.9124447703361512,1.5928428348426396,1.703398066413837,-0.11055523157119751
7186,C=C(S)SC(N)=S,3.3998031987015356,4.245999813079834,2.8391976356506348,0.8461966143782984,0.5606055630509008,0.2855910513273976
7187,C=C(SC)C(=O)O,2.8124302668590726,2.7309999465942383,0.1651565879583358,0.08143032026483432,2.6472736789007367,-2.5658433586359024
7195,C=C1C(=O)C=C1O,4.583319676601233,4.599999904632568,4.284341335296631,0.016680228031335176,0.2989783413046023,-0.28229811327326715
7249,C=C1CC(C#N)C1,3.952050768664318,3.6559998989105225,3.856260538101196,0.29605086975379535,0.09579023056312197,0.20026063919067338
7250,C=C1CC(C(=O)O)C(=O)OC1=O,5.526792770673598,4.988999843597412,4.45922327041626,0.5377929270761861,1.0675695002573384,-0.5297765731811523
7269,C=C1CCO1,2.382930967089008,2.125999927520752,2.358999729156494,0.256931039568256,0.023931237932513838,0.2329998016357422
7285,C=C1CNC1=O,4.125020526272934,4.340000152587891,4.357326030731201,0.21497962631495682,0.23230550445826736,-0.017325878143310547
7312,C=C1CS/C(=C/CCC)S1=O,3.687219261642497,3.2730000019073486,3.3947336673736572,0.41421925973514817,0.2924855942688396,0.1217336654663086
7320,C=C1CSC(=S)C1,4.107747406755961,5.183000087738037,4.4611592292785645,1.075252680982076,0.3534118225226033,0.7218408584594727
7332,C=C1N=CC(=O)N1,2.8555643122076924,3.4070000648498535,2.932973146438598,0.5514357526421612,0.07740883423090583,0.4740269184112553
7334,C=C1N=CC=CO1,2.792325510042088,2.5230000019073486,2.6686148643493652,0.26932550813473943,0.12371064569272283,0.1456148624420166
7378,C=C1OC(=O)NS1,3.547081263062186,3.3589999675750732,3.4993045330047607,0.18808129548711294,0.04777673005742544,0.1403045654296875
7388,C=C1OC1OC,2.27700528481239,1.465999960899353,2.001142978668213,0.811005323913037,0.27586230614417717,0.5351430177688599
7406,C=C1ON=C(C)S1,2.7757409574295937,2.0899999141693115,2.4643962383270264,0.6857410432602822,0.31134471910256734,0.37439632415771484
7413,C=C1S(=O)CCS1=O,3.3535150878787694,0.4410000145435333,2.700190782546997,2.912515073335236,0.6533243053317723,2.2591907680034637
7422,C=C1SCNC1=O,3.4408717823801,3.299999952316284,3.515099287033081,0.14087183006381565,0.07422750465298122,0.06664432541083443
7455,C=C=C=C(F)Cl,1.9706809782611237,2.7799999713897705,2.329176187515259,0.8093189931286469,0.35849520925413514,0.4508237838745117
7501,C=C=COP(=O)(OC)OC,1.1476534307870712,3.8299999237060547,0.7170433402061462,2.6823464929189837,0.4306100905809249,2.251736402338059
7511,C=C=CSC#CC,1.3526226817566278,2.2239999771118164,1.8946319818496704,0.8713772953551886,0.5420093000930426,0.329367995262146
7521,C=C=NC(N)=O,2.388601888898235,4.103000164031982,3.135843515396118,1.7143982751337474,0.7472416264978832,0.9671566486358643
7546,C=CC(=O)C#P=O,4.121171732376462,2.2699999809265137,3.3206863403320312,1.8511717514499484,0.8004853920444308,1.0506863594055176
7555,C=CC(=O)C=C,3.1439275373353235,3.2929999828338623,3.1120893955230713,0.14907244549853882,0.031838141812252196,0.11723430368628662
7563,C=CC(=O)CC,2.736446440850014,3.4560000896453857,2.8124938011169434,0.7195536487953715,0.07604736026692915,0.6435062885284424
7569,C=CC(=O)CCC,2.6333808092784987,2.9110000133514404,2.9989993572235107,0.2776192040729417,0.36561854794501203,-0.08799934387207031
7575,C=CC(=O)CO,1.8582434871377085,3.507999897003174,2.961162567138672,1.6497564098654653,1.1029190800009634,0.546837329864502
7578,C=CC(=O)N(C)C,3.7450975483051177,4.2129998207092285,4.053687572479248,0.46790227240411086,0.3085900241741304,0.15931224822998047
7581,C=CC(=O)NBr,3.718955278195714,5.043000221252441,3.804205656051636,1.3240449430567276,0.08525037785592238,1.2387945652008052
7599,C=CC(=O)NN=O,5.142847850974986,6.145999908447266,5.159399032592773,1.0031520574722794,0.016551181617787236,0.9866008758544922
7602,C=CC(=O)NO,3.3056245313917656,3.578000068664551,2.6456315517425537,0.2723755372727852,0.6599929796492119,-0.3876174423764267
7606,C=CC(=O)NP=O,3.619134259301383,5.5879998207092285,4.412386894226074,1.9688655614078456,0.7932526349246913,1.1756129264831543
7612,C=CC(=O)OC(=O)OCC,2.3486270525028297,4.301000118255615,2.9441916942596436,1.9523730657527856,0.5955646417568139,1.3568084239959717
7631,C=CC(=O)OCCCS(=O)(=O)O,3.776709876350023,4.434000015258789,2.8517649173736572,0.657290138908766,0.9249449589763659,-0.2676548200675999
7650,C=CC(=S)SC,2.066543927437103,5.35699987411499,2.9228596687316895,3.2904559466778873,0.8563157412945865,2.434140205383301
7664,C=CC(C)=[17O],2.875136639144949,3.63100004196167,3.0445172786712646,0.755863402816721,0.16938063952631577,0.5864827632904053
7688,C=CC(F)(F)OF,2.7594580347078894,4.080999851226807,3.912783145904541,1.3215418165189172,1.1533251111966516,0.16821670532226562
7689,C=CC(F)(F)P,2.0397745787796193,2.503000020980835,1.87057363986969,0.46322544220121564,0.16920093890992938,0.29402450329128627
7708,C=CC(F)F,2.351673266433365,2.8540000915527344,1.8133575916290283,0.5023268251193693,0.5383156748043367,-0.035988849684967406
7712,C=CC(F)NS(=O)O,3.6914439802299537,2.7170000076293945,2.397294521331787,0.9744439726005591,1.2941494588981666,-0.3197054862976074
7747,C=CC1=CC=CS1=O,4.1906669800792935,4.0,4.417717456817627,0.1906669800792935,0.22705047673833345,-0.03638349665903995
7754,C=CC1=CSC=CS1,1.2068108490707776,1.5479999780654907,0.0365067012608051,0.3411891289947131,1.1703041478099725,-0.8291150188152594
7801,C=CC=COC(=O)O,0.4014450892368569,0.871999979019165,0.6586287021636963,0.47055488978230814,0.2571836129268394,0.21337127685546875
7802,C=CC=CSC#N,4.491839101569376,3.4619998931884766,4.963257312774658,1.0298392083808992,0.4714182112052825,0.5584209971756167
7819,C=CCC(C(=O)NC(N)=O)C(C)C,5.613936683564269,7.5289998054504395,6.212995529174805,1.9150631218861704,0.5990588456105357,1.3160042762756348
7820,C=CCC(C)=O,2.893929360308245,3.0220000743865967,2.993875503540039,0.1280707140783517,0.09994614323179407,0.028124570846557617
7821,C=CCC(CC=C)C(=O)NC(N)=O,6.120790190294606,7.697999954223633,5.4068098068237305,1.5772097639290266,0.7139803834708758,0.8632293804581508
7833,C=CCC(O)(F)F,0.9414115792769316,1.4390000104904175,2.6716232299804688,0.49758843121348584,1.730211650703537,-1.2326232194900513
7839,C=CCC1CCC(=O)NC1=O,3.580513926702595,3.4749999046325684,3.384865045547486,0.10551402207002658,0.19564888115510914,-0.09013485908508256
7849,C=CCCC1CC(=O)OC1=O,5.201201771096136,4.864999771118164,4.8106369972229,0.3362019999779715,0.3905647738732352,-0.05436277389526367
7851,C=CCCOC(=O)Cl,3.3339512718125306,3.549999952316284,2.7423086166381836,0.2160486805037536,0.591642655174347,-0.3755939746705934
7865,C=CCN(F)C(=O)O,3.6672293469908217,4.34499979019165,2.850724935531616,0.6777704432008287,0.8165044114592055,-0.1387339682583768
7866,C=CCN1C(=O)C=CC1=O,1.1578710885661805,0.9399999976158142,0.8963615894317627,0.21787109095036628,0.2615094991344178,-0.043638408184051514
7867,C=CCN1C(=O)CC(=O)NC1=O,0.942226135137113,0.9879999756813049,1.0176386833190918,0.04577384054419198,0.07541254818197884,-0.029638707637786865
7868,C=CCN1C(=O)CCC1=O,1.6216735282238448,1.659000039100647,1.5006186962127686,0.037326510876802166,0.12105483201107625,-0.08372832113427409
7898,C=CCOC(=O)C=S,3.078900431265975,1.5870000123977661,2.1001157760620117,1.4919004188682088,0.9787846552039632,0.5131157636642456
7915,C=CCOC(=O)OCCCC,0.5929754294665239,0.8059999942779541,0.0508768148720264,0.21302456481143017,0.5420986145944975,-0.3290740497830673
7925,C=CCOC(=S)S,1.705256841798771,4.416999816894531,3.642567873001098,2.7117429750957602,1.9373110312023272,0.7744319438934331
7937,C=CCOCC(=O)OC(=O)C(C)(C)C,4.801367367072393,3.881999969482422,4.180323600769043,0.919367397589971,0.6210437663033499,0.2983236312866211
7944,C=CCOOP(O)OCl,3.005751717193703,1.284000039100647,1.8255594968795776,1.7217516780930562,1.1801922203141255,0.5415594577789307
7946,C=CCOP(=O)(F)F,3.7486733319218377,3.7339999675750732,4.135155200958252,0.014673364346764473,0.38648186903641424,-0.37180850468964977
7948,C=CCOP(=O)(OC)OC,0.9234845821030794,0.9490000009536743,1.1294357776641846,0.02551541885059494,0.2059511955611052,-0.18043577671051025
7997,C=CCSC(=S)CC,1.8821975600827132,2.1659998893737793,3.0573766231536865,0.2838023292910661,1.1751790630709733,-0.8913767337799072
8014,C=CCSCCCC[N+](=O)[O-],3.156666560294876,4.002999782562256,4.0071797370910645,0.8463332222673801,0.8505131767961887,-0.004179954528808594
8018,C=CCSS/C=C/CS(=O)CC=C,3.2911200067868323,3.7200000286102295,4.030725955963135,0.42888002182339724,0.7396059491763025,-0.3107259273529053
8036,C=CN(C#N)SC,4.40695235647741,4.057000160217285,4.496495723724365,0.34995219626012464,0.08954336724695544,0.2604088290131692
8047,C=CN(N)C=O,3.480550912488962,4.423999786376953,3.066150665283203,0.9434488738879909,0.4144002472057591,0.5290486266822318
8054,C=CN1CC=NC1=O,5.897245758011897,6.045000076293945,5.3099870681762695,0.14775431828204866,0.5872586898356271,-0.43950437155357847
8071,C=CNC(=O)OC,2.707955899606964,2.927000045776367,2.4063844680786133,0.21904414616940304,0.30157143152835086,-0.08252728535894782
8074,C=CNC(C)=O,3.964999632391818,4.296999931335449,3.915703296661377,0.33200029894363103,0.04929633573044123,0.2827039632131898
8075,C=CNC(F)(F)F,2.0114189314741555,2.921999931335449,2.7371201515197754,0.9105809998612937,0.7257012200456199,0.18487977981567383
8077,C=CNC=O,3.932450976472192,3.943000078201294,2.987300395965576,0.010549101729101729,0.945150580506616,-0.9346014787775143
8091,C=COC(=O)Br,2.4245481827088935,4.724999904632568,2.7308030128479004,2.300451721923675,0.3062548301390069,1.994196891784668
8092,C=COC(=O)C#CC,2.723531855661079,3.2780001163482666,2.291450262069702,0.5544682606871878,0.43208159359137666,0.12238666709581114
8107,C=COC(=O)Cl,2.460926843720495,3.0350000858306885,2.443697929382324,0.5740732421101935,0.017228914338170753,0.5568443277720228
8121,C=COC(=O)P,1.6311142076766367,2.505000114440918,2.001081705093384,0.8738859067642812,0.36996749741674706,0.5039184093475342
8124,C=COC(=O)SC=C,2.9057067046181757,3.931999921798706,0.9679818749427797,1.0262932171805303,1.9377248296753962,-0.9114316124948658
8131,C=COC(C)=S,2.1595791066671546,3.135999917984009,2.8320436477661133,0.9764208113168542,0.6724645410989587,0.3039562702178955
8132,C=COC(Cl)=CCl,1.2491504081511549,1.194000005722046,1.897845983505249,0.05515040242910896,0.6486955753540942,-0.5935451729249852
8156,C=COC=CC=O,4.844852469193709,4.078000068664551,4.5850653648376465,0.7668524005291584,0.25978710435606267,0.5070652961730957
8167,C=COCC(=O)Cl,2.385491179113618,3.1429998874664307,2.0078725814819336,0.7575087083528125,0.3776185976316846,0.3798901107211279
8190,C=COOC(N)=O,2.8424545884550194,3.259999990463257,2.5071229934692383,0.4175454020082374,0.33533159498578113,0.08221380702245629
8191,C=COOCF,2.162233499542885,0.8220000267028809,0.3291484713554382,1.340233472840004,1.8330850281874467,-0.4928515553474426
8192,C=COOP(O)O,1.8626603846426624,3.0209999084472656,1.2869160175323486,1.1583395238046033,0.5757443671103137,0.5825951566942895
8202,C=COP1(=O)OOO1,2.9884954470336775,3.632999897003174,2.603036642074585,0.6445044499694963,0.38545880495909257,0.2590456450104037
8218,C=COc1ccco1,1.1180201489458357,0.6759999990463257,0.8589847683906555,0.44202014989951,0.25903538055518016,0.18298476934432983
8219,C=COc1cccs1,0.949943036533648,0.7519999742507935,0.6547397375106812,0.19794306228285452,0.2952032990229668,-0.0972602367401123
8227,C=CP(=O)(Cl)OC,2.84292969802826,4.973999977111816,3.603989124298096,2.1310702790835565,0.7610594262698362,1.3700108528137203
8228,C=CP(=O)(Cl)OCl,4.633241930870448,3.359999895095825,4.7157464027404785,1.273242035774623,0.0825044718700303,1.1907375639045927
8230,C=CP(=O)(O)Br,2.601984451805313,4.949999809265137,2.978886604309082,2.3480153574598237,0.376902152503769,1.9711132049560547
8253,C=CS(=O)(=O)CCN(CCCl)CCCl,6.63669343140805,6.2829999923706055,4.039273738861084,0.35369343903744443,2.597419692546966,-2.2437262535095215
8267,C=CS(=O)(=O)c1ccccc1,5.212060960732865,5.811999797821045,5.230057239532471,0.59993883708818,0.017996278799605747,0.5819425582885742
8284,C=CSC#CC,1.4577940629520088,1.9299999475479126,1.354328155517578,0.47220588459590385,0.10346590743443085,0.368739977161473
8285,C=CSC#N,3.722711692217299,3.424999952316284,3.777871608734131,0.29771173990101474,0.05515991651683194,0.2425518233841828
8304,C=CSC=S,2.1033940807136946,2.190999984741211,2.228520154953003,0.08760590402751633,0.12512607423930833,-0.03752017021179199
8308,C=CSCC=O,3.084464851860937,3.3889999389648438,2.212945461273194,0.30453508710390675,0.8715193905877432,-0.5669843034838364
8332,C=C[11C]#N,4.007854542886591,3.7209999561309814,4.152527332305908,0.2868545867556094,0.14467278941931738,0.142181797336292
8333,C=C[13C]#N,4.007882976641679,3.7230000495910645,4.151706695556641,0.2848829270506146,0.1438237189149616,0.14105920813565298
8348,C=C[S@@](C)=O,4.408149848427256,3.8259999752044678,4.3904571533203125,0.5821498732227885,0.017692695106943823,0.5644571781158447
8356,C=C[SiH]1OO1,4.735294720595241,4.335999965667725,3.944204568862915,0.3992947549275163,0.7910901517323259,-0.39179539680480957
8358,C=C[Si](C)(C)OC,1.1865473520321572,1.1380000114440918,0.3980542719364166,0.048547340588065424,0.7884930800957406,-0.7399457395076752
8368,C=Cc1ccc(SC)cc1,1.3458163187803809,1.9470000267028809,1.190714955329895,0.6011837079225,0.15510136345048586,0.4460823444720141
8373,C=NC#CC(C)=O,4.272989115712838,4.855999946594238,3.9375345706939697,0.5830108308813999,0.3354545450188686,0.2475562858625313
8383,C=NC(=O)N(O)O,2.3964998650436997,3.63700008392334,2.9371278285980225,1.2405002188796401,0.5406279635543227,0.6998722553253174
8384,C=NC(=O)NCO,2.1134566439193723,3.5280001163482666,3.7280664443969727,1.4145434724288943,1.6146098004776004,-0.20006632804870605
8385,C=NC(=O)NN,0.967395813406366,1.8109999895095825,1.991298794746399,0.8436041761032165,1.0239029813400329,-0.1802988052368164
8386,C=NC(=O)OC,1.7904029989779264,2.6670000553131104,1.7387255430221558,0.8765970563351839,0.05167745595577067,0.8249196003794133
8395,C=NC(N)=O,2.037847760320215,3.259999990463257,3.157081365585327,1.2221522301430419,1.1192336052651122,0.10291862487792969
8401,C=NC=NCC#N,3.364271630189772,2.546999931335449,3.184335708618164,0.8172716988543227,0.17993592157160787,0.6373357772827148
8403,C=NCC(=O)OC,2.192677565728598,2.253000020980835,1.8711856603622437,0.060322455252237006,0.3214919053663543,-0.2611694501141173
8411,C=NCOC=O,1.7884404143401385,2.240000009536743,2.8018507957458496,0.4515595951966047,1.0134103814057112,-0.5618507862091064
8419,C=NNC(=O)O,1.1286004187599827,1.531999945640564,3.0657529830932617,0.4033995268805812,1.937152564333279,-1.5337530374526978
8427,C=NOC(=O)NC,4.103428246040763,2.6389999389648438,4.103347301483154,1.4644283070759192,8.094455760865316e-05,1.4643473625183105
8437,C=NOS(=O)(=O)O,4.457770668319365,3.799999952316284,4.192749977111816,0.657770716003081,0.2650206912075488,0.3927500247955322
8446,C=PC(=O)OC,0.8097016149552141,2.875999927520752,1.206870198249817,2.0662983125655376,0.3971685832946028,1.6691297292709348
8447,C=PC(F)(F)F,2.427254727477513,3.1659998893737793,2.0166091918945312,0.7387451618962664,0.41064553558298167,0.3280996263132847
8457,C=S1C=CC(=O)N1,3.6304024408447217,3.5199999809265137,3.975503921508789,0.11040245991820807,0.3451014806640673,-0.23469902074585924
8458,C=S1C=COC1,1.7220526878522069,1.3739999532699585,0.9259030818939208,0.3480527345822484,0.7961496059582861,-0.4480968713760377
8464,C=[13CH]C#N,4.007978141290639,3.7200000286102295,4.152374744415283,0.28797811268040974,0.14439660312464397,0.14358150955576576
8471,C=[SiH]OCC,2.673104675223316,1.5880000591278076,1.166096806526184,1.0851046160955082,1.5070078686971318,-0.42190325260162354
8496,CC#CC#N,5.3500853199766425,5.232999801635742,5.286160469055176,0.11708551834090031,0.06392485092146671,0.053160667419433594
8515,CC#CC(=O)C(=O)C#N,6.037790428829846,5.831999778747559,6.50799560546875,0.20579065008228703,0.4702051766389044,-0.26441452655661735
8548,CC#CC(=O)C=O,6.079849850146392,3.171999931335449,3.7889697551727295,2.9078499188109426,2.2908800949736623,0.6169698238372803
8581,CC#CC(=O)OC,2.3632908913898536,2.8540000915527344,2.73396897315979,0.4907092001628808,0.37067808176993644,0.12003111839294434
8660,CC#CC(C)CNC=O,3.8722857931889103,3.9709999561309814,3.826974391937256,0.09871416294207114,0.04531140125165445,0.05340276169041669
8661,CC#CC(C)COC,1.30640388865269,1.5509999990463257,1.6836856603622437,0.2445961103936356,0.37728177170955357,-0.13268566131591797
8670,CC#CC(C)NCC#N,4.809135569555432,3.0199999809265137,4.974761486053467,1.789135588628918,0.16562591649803515,1.6235096721308828
8687,CC#CC(C=O)CC#N,6.28861212831898,6.081999778747559,5.105166912078857,0.20661234957142138,1.1834452162401226,-0.9768328666687012
8730,CC#CC(N)=O,4.410084062416051,4.802999973297119,4.300670623779297,0.3929159108810678,0.10941343863675446,0.28350247224431335
8732,CC#CC(N)C(=O)NC,4.467557196266539,3.9809999465942383,5.465455532073975,0.48655724967230096,0.9978983358074354,-0.5113410861351344
8766,CC#CC(O)CC(N)=O,4.512320725441287,2.9130001068115234,3.4926908016204834,1.599320618629764,1.019629923820804,0.57969069480896
8818,CC#CC1(C)CN1C=O,4.097479085374619,5.130000114440918,4.223151206970215,1.0325210290662987,0.1256721215955956,0.9068489074707031
8864,CC#CC1(O)CC(=O)C1,4.077816269246677,4.394000053405762,4.3329691886901855,0.3161837841590849,0.2551529194435087,0.06103086471557617
8872,CC#CC1(O)COC1=O,4.531456212249062,4.059000015258789,4.536201477050781,0.4724561969902732,0.004745264801718996,0.4677109321885542
8879,CC#CC1(OC=N)CC1,4.165415042104517,2.934999942779541,3.45707631111145,1.2304150993249756,0.7083387309930664,0.5220763683319092
8926,CC#CC1CC(=O)CO1,2.51885276277191,2.578000068664551,2.86315393447876,0.059147305892640833,0.34430117170685026,-0.28515386581420943
9023,CC#CC1COCOC1,2.493854133863465,1.625,1.905364155769348,0.868854133863465,0.5884899780941171,0.2803641557693479
9040,CC#CC1OC(=N)C1O,3.5142985695092417,3.390000104904175,2.463029384613037,0.12429846460506688,1.0512691848962046,-0.9269707202911377
9083,CC#CC1OCCC1C,1.997213156006928,2.059999942779541,1.4978852272033691,0.06278678677261307,0.4993279288035588,-0.43654114203094574
9095,CC#CCC#N,4.222526028734754,3.9730000495910645,4.316682815551758,0.2495259791436899,0.09415678681700346,0.15536919232668644
9120,CC#CCC(C#N)C#N,4.95599329330851,3.7249999046325684,5.762990951538086,1.2309933886759419,0.8069976582295757,0.4239957304463662
9128,CC#CCC(C)(O)C#N,4.002577674375061,3.0369999408721924,3.254765748977661,0.9655777335028688,0.7478119253974,0.21776580810546875
9143,CC#CCC(F)(F)Cl,2.676359397514168,3.2279999256134033,2.37645959854126,0.5516405280992354,0.29989979897290775,0.2517407291263276
9150,CC#CCC(O)C(N)=O,4.908269502290613,5.2129998207092285,4.713871002197266,0.3047303184186152,0.1943985000933477,0.1103318183252675
9203,CC#CCCC(=O)NC,3.7776528958061233,4.039999961853027,3.548506021499634,0.26234706604690405,0.2291468743064895,0.03320019174041455
9204,CC#CCCC(C)C#N,4.227515066608056,4.034999847412109,4.032400608062744,0.19251521919594694,0.19511445854531217,-0.0025992393493652344
9219,CC#CCCNC(N)=O,3.860143244007941,4.618000030517578,3.9412572383880615,0.7578567865096373,0.08111399438012068,0.6767427921295166
9234,CC#CCN(C)C=O,4.449290987444918,4.7789998054504395,4.6722025871276855,0.3297088180055212,0.2229115996827673,0.1067972183227539
9237,CC#CCN(C=O)C=O,6.482619825684022,4.057000160217285,5.673450469970703,2.425619665466737,0.809169355713319,1.616450309753418
9248,CC#CCNC(=O)C=O,3.0122722672359217,3.319999933242798,2.8132505416870117,0.3077276660068762,0.19902172554890996,0.10870594045796622
9251,CC#CCNC(=O)OC,2.5466550150381195,3.0239999294281006,2.1700117588043213,0.47734491438998106,0.37664325623379824,0.10070165815618282
9253,CC#CCNC(N)=O,3.8814946012958207,4.843999862670898,3.7565221786499023,0.9625052613750777,0.12497242264591835,0.8375328387291594
9258,CC#CCOC,1.1114536583702803,1.9900000095367432,1.075445294380188,0.8785463511664628,0.03600836399009233,0.8425379871763705
9259,CC#CCOC(=O)C=O,2.4661634242117394,2.513000011444092,2.9783973693847656,0.0468365872323524,0.5122339451730262,-0.46539735794067383
9275,CC#CCOC1CC1,1.0596263965821318,1.8969999551773071,0.4136359989643097,0.8373735585951754,0.6459903976178221,0.1913831609773533
9284,CC#CCOCC#CC,0.6536975484659536,2.247999906539917,1.5658749341964722,1.5943023580739633,0.9121773857305185,0.6821249723434447
9303,CC#CNC(=O)O,2.0721228568117924,2.624000072479248,1.6106138229370115,0.5518772156674556,0.4615090338747809,0.0903681817926747
9305,CC#CNC(N)=O,3.862678486952415,4.5269999504089355,3.5416386127471924,0.6643214634565204,0.32103987420522273,0.3432815892512977
9306,CC#CNC=O,3.547377805803179,4.228000164031982,2.8354992866516113,0.6806223582288036,0.7118785191515675,-0.031256160922763954
9307,CC#COC,1.7546158688932558,1.593000054359436,1.5372812747955322,0.1616158145338198,0.2173345940977236,-0.05571877956390381
9312,CC#COC(=O)Cl,2.0388829689458348,3.433000087738037,2.193530321121216,1.3941171187922023,0.15464735217538106,1.2394697666168213
9319,CC#COC=C=O,1.850200140208144,0.546999990940094,1.43382465839386,1.30320014926805,0.41637548181428397,0.8868246674537661
9336,CC#CSC#CC,1.7241654444138572,2.121000051498413,1.8085335493087769,0.39683460708455587,0.08436810489491964,0.31246650218963623
9342,CC#CSCCl,1.932285476556061,2.194000005722046,1.3897970914840698,0.2617145291659848,0.5424883850719913,-0.28077385590600645
9374,CC(=CO)C(=O)c1ccccc1,4.537886679388157,4.658999919891357,2.751361608505249,0.12111324050320071,1.7865250708829077,-1.665411830379707
9377,CC(=N)C#N,4.793467022609367,1.9459999799728394,3.662101984024048,2.847467042636528,1.1313650385853196,1.7161020040512085
9378,CC(=N)C(=O)NO,3.0174891392164556,3.3580000400543213,2.1465656757354736,0.3405109008378657,0.8709234634809819,-0.5304125626431162
9381,CC(=N)C(C#N)C=S,5.169970815032295,1.9240000247955322,4.407571792602539,3.245970790236763,0.7623990224297561,2.483571767807007
9391,CC(=N)N(C)C(C)=O,1.7344783714629006,5.982999801635742,0.8494127988815308,4.248521430172842,0.8850655725813699,3.3634558575914717
9402,CC(=N)N(C=O)C=O,6.603500006537955,4.955999851226807,3.14259672164917,1.6475001553111488,3.4609032848887855,-1.8134031295776367
9415,CC(=N)N1CCOC1=O,4.483145730854089,6.810999870300293,4.573069095611572,2.3278541394462042,0.08992336475748353,2.2379307746887207
9417,CC(=N)NC(=O)C(=N)N,4.827596935346915,2.697000026702881,4.259419918060303,2.1305969086440344,0.5681770172866125,1.5624198913574219
9425,CC(=N)NC(=O)C=O,1.795775186683065,3.055000066757202,2.6143429279327393,1.2592248800741372,0.8185677412496744,0.4406571388244629
9451,CC(=N)OC(=O)NC=O,7.448202242088695,6.5329999923706055,5.647353172302246,0.9152022497180896,1.800849069786449,-0.8856468200683594
9465,CC(=N)OC(N)=O,4.480397070869761,5.005000114440918,3.8464176654815674,0.5246030435711573,0.6339794053881933,-0.10937636181703603
9521,CC(=N)OCC1COC1,2.9793882069520348,2.9509999752044678,2.632803201675415,0.028388231747566994,0.34658500527661973,-0.31819677352905273
9533,CC(=N)OCCO,1.4087023412458246,2.7279999256134033,1.2067843675613403,1.3192975843675787,0.20191797368448428,1.1173796106830944
9541,CC(=N)Oc1cc[nH]n1,4.180035748658979,3.634999990463257,3.375263214111328,0.5450357581957226,0.8047725345476513,-0.2597367763519287
9554,CC(=N)Oc1cnon1,3.705318240358893,3.6589999198913574,3.471853733062744,0.04631832046753548,0.23346450729614876,-0.18714618682861328
9568,CC(=NC#N)NC#N,7.487146140146877,9.159000396728516,8.286720275878906,1.6718542565816383,0.799574135732029,0.8722801208496094
9579,CC(=NNS(C)(=O)=O)C(C)(C)C,4.471920408805655,4.926000118255615,3.3687124252319336,0.45407970944996023,1.1032079835737214,-0.6491282741237612
9590,CC(=NO)C(C)CC#N,4.084083936157572,3.634999990463257,3.761179447174072,0.44908394569431476,0.32290448898349977,0.12617945671081499
9603,CC(=NO)C1=CCOC1,2.110782587424548,1.774999976158142,1.4658575057983398,0.33578261126640596,0.6449250816262082,-0.30914247035980225
9618,CC(=NO)C1CNC1=O,3.3454221054063646,4.448999881744385,2.9468917846679688,1.1035777763380201,0.3985303207383959,0.7050474555996242
9633,CC(=NO)OC=CCl,1.9248202215883832,1.7430000305175781,1.0181065797805786,0.18182019107080505,0.9067136418078046,-0.7248934507369995
9656,CC(=O)/C=C/O,4.013696146368584,4.543000221252441,2.160691738128662,0.5293040748838571,1.8530044082399222,-1.323700333356065
9713,CC(=O)C#CF,2.8619255366141156,2.9719998836517334,3.1887035369873047,0.11007434703761776,0.32677800037318905,-0.2167036533355713
9740,CC(=O)C(=N)P=O,2.025151414594522,2.2699999809265137,2.2595038414001465,0.2448485663319917,0.23435242680562451,0.010496139526367188
9741,CC(=O)C(=N)PO,1.6391678909332783,2.6449999809265137,1.1974308490753174,1.0058320899932354,0.4417370418579609,0.5640950481352744
9796,CC(=O)C(=O)CS,1.3628514701215866,2.365000009536743,0.6499587893486023,1.0021485394151566,0.7128926807729843,0.2892558586421723
9801,CC(=O)C(=O)N(C)C=N,1.74275232354718,0.46799999475479126,1.1216737031936646,1.2747523287923888,0.6210786203535155,0.6536737084388733
9808,CC(=O)C(=O)NC(=N)N,2.700046257574487,3.132999897003174,0.5294211506843567,0.4329536394286868,2.1706251068901303,-1.7376714674614435
9811,CC(=O)C(=O)NC=O,3.381254972076225,3.6740000247955322,3.536169052124023,0.2927450527193072,0.15491408004779794,0.13783097267150923
9817,CC(=O)C(=O)NP,0.0826084420452395,0.7300000190734863,0.6193089485168457,0.6473915770282468,0.5367005064716062,0.11069107055664062
9818,CC(=O)C(=O)O,1.3258591065530174,1.3489999771118164,1.1600829362869265,0.023140870558798987,0.16577617026609093,-0.14263529970729194
9820,CC(=O)C(=O)OC(C)C,1.7322087958962538,2.1649999618530273,1.856326460838318,0.4327911659567736,0.12411766494206433,0.30867350101470925
9826,CC(=O)C(=O)OCO,1.0553019704874496,2.1559998989105225,1.023430347442627,1.100697928423073,0.031871623044822606,1.0688263053782503
9836,CC(=O)C(=[N+]=[N-])P=O,3.226467971212456,3.372999906539917,1.3690975904464722,0.14653193532746078,1.857370380765984,-1.7108384454385233
9839,CC(=O)C(Br)=NO,1.6594169033615134,5.5229997634887695,2.4132096767425537,3.863582860127256,0.7537927733810403,3.109790086746216
9847,CC(=O)C(C#N)C#N,1.9672353718109237,1.4190000295639038,4.4015631675720215,0.5482353422470199,2.4343277957610976,-1.8860924535140777
9879,CC(=O)C(C)(C)CCO,4.306751231504808,5.388000011444092,2.2628331184387207,1.0812487799392834,2.0439181130660877,-0.9626693331268044
9908,CC(=O)C(C)=O,0.0003875018233683,0.20900000631809235,0.0344471260905265,0.20861250449472404,0.034059624267158195,0.17455288022756585
9912,CC(=O)C(C)Br,2.6783454224288654,3.628000020980835,1.0840619802474976,0.9496545985519695,1.5942834421813679,-0.6446288436293983
9922,CC(=O)C(C)C(C)=NO,2.8791502842646315,2.4700000286102295,1.9440884590148928,0.409150255654402,0.9350618252497387,-0.5259115695953367
9941,CC(=O)C(C)C1CCC1,2.7225067189997243,3.309000015258789,2.575308322906494,0.5864932962590648,0.14719839609323015,0.4392949001658346
9948,CC(=O)C(C)C=O,1.7900590305968618,2.2009999752044678,1.464725136756897,0.410940944607606,0.3253338938399648,0.08560705076764119
9978,CC(=O)C(C)OC1CC1,2.8687947435378485,3.0450000762939453,3.313911199569702,0.17620533275609684,0.4451164560318537,-0.26891112327575684
9985,CC(=O)C(C)S,4.322592863235081,1.2630000114440918,3.1635122299194336,3.059592851790989,1.1590806333156474,1.9005122184753418
9987,CC(=O)C(C=O)C(C)C,2.3265209221739935,4.613999843597412,2.2902164459228516,2.2874789214234186,0.03630447625114197,2.2511744451722766
9996,CC(=O)C(C=O)N(C)C,2.4140065890659037,3.816999912261963,2.5062007904052734,1.4029933231960592,0.09219420133936973,1.3107991218566895
9999,CC(=O)C(C=S)C(=O)O,1.5856393807466806,2.9079999923706055,3.7797536849975586,1.3223606116239248,2.1941143042508777,-0.8717536926269529
10027,CC(=O)C(Cl)CCl,2.7237405106482337,1.5440000295639038,1.8663625717163088,1.17974048108433,0.8573779389319249,0.322362542152405
10029,CC(=O)C(Cl)Cl,1.3841372290216982,1.4529999494552612,1.8974957466125488,0.06886272043356301,0.5133585175908506,-0.4444957971572876
10038,CC(=O)C(F)C=O,1.9285732514073872,3.316999912261963,1.4676638841629028,1.3884266608545757,0.4609093672444844,0.9275172936100913
10040,CC(=O)C(F)Cl,1.4055619808838131,1.4290000200271606,1.4423863887786863,0.023438039143347522,0.03682440789487318,-0.013386368751525657
10117,CC(=O)C(O)O,2.4359672739888887,1.684000015258789,2.884328603744507,0.7519672587300996,0.44836132975561815,0.30360592897448146
10119,CC(=O)C(S)(S)S,1.1883590354914555,1.2100000381469727,1.995967984199524,0.02164100265551716,0.8076089487080684,-0.7859679460525513
10138,CC(=O)C1(C(C)C)CC1,3.1054035940049136,3.4110000133514404,1.908164620399475,0.3055964193465268,1.1972389736054385,-0.8916425542589117
10160,CC(=O)C1(C)CC1,3.024926399807468,3.434000015258789,3.1721975803375244,0.40907361545132126,0.1472711805300566,0.26180243492126465
10219,CC(=O)C1(CC#N)CC1,5.84894077041356,3.7269999980926514,3.8817644119262695,2.121940772320909,1.9671763584872908,0.15476441383361816
10286,CC(=O)C1=CC=CC1=C(C)O,6.856025204607095,7.9629998207092285,3.949720859527588,1.1069746161021339,2.9063043450795067,-1.7993297289773729
10287,CC(=O)C1=CC=S(C)(=O)C=C1C,4.832362694531866,4.138000011444092,4.0771403312683105,0.6943626830877738,0.7552223632635551,-0.06085968017578125
10292,CC(=O)C1=CCCC1=O,3.4352832461448584,4.083000183105469,4.613559722900391,0.6477169369606104,1.1782764767555323,-0.5305595397949219
10329,CC(=O)C1C(=O)NC(=O)C1=O,3.941249722592624,2.9509999752044678,1.5995287895202637,0.9902497473881562,2.3417209330723603,-1.351471185684204
10332,CC(=O)C1C(C#N)N1C,4.996030706336893,3.497999906539917,3.4723048210144043,1.4980307997969762,1.5237258853224889,-0.025695085525512695
10335,CC(=O)C1C(C)C1C,2.759917129224525,3.5869998931884766,2.7585201263427734,0.8270827639639515,0.0013970028817515967,0.8256857610821999
10336,CC(=O)C1C(C)C1C#N,6.400095420261014,3.23799991607666,3.216620445251465,3.1620955041843537,3.183474975009549,-0.021379470825195312
10491,CC(=O)C1CO1,2.258172967090238,2.6489999294281006,2.1857402324676514,0.3908269623378624,0.07243273462258681,0.3183942277152756
10521,CC(=O)C1N=COC1C,1.4819865874482023,1.8179999589920044,1.647327542304993,0.33601337154380206,0.16534095485679057,0.1706724166870115
10523,CC(=O)C1NC(=N)C1O,2.190031387987778,4.050000190734863,1.3156347274780271,1.859968802747085,0.8743966605097511,0.985572142237334
10553,CC(=O)C1OC1(C)C,4.055582578760453,2.6480000019073486,2.340319871902466,1.4075825768531045,1.7152627068579873,-0.3076801300048828
10556,CC(=O)C1OC1(C)CO,3.632873780357738,3.6010000705718994,0.5286733508110046,0.03187370978583859,3.1042004295467334,-3.0723267197608948
10584,CC(=O)C1OCCC1=O,1.5672788373520656,1.996000051498413,2.9382693767547607,0.42872121414634745,1.370990539402695,-0.9422693252563477
10600,CC(=O)C=C(O)C(C)(C)C,3.0828637728439916,3.484999895095825,2.614445209503174,0.4021361222518336,0.4684185633408178,-0.06628244108898418
10602,CC(=O)C=C(O)C(F)(F)F,3.45756776465674,3.8940000534057617,2.023080348968506,0.4364322887490215,1.4344874156882343,-0.9980551269392128
10604,CC(=O)C=C(O)CC(C)C,3.2320406362192435,3.687000036239624,3.0817720890045166,0.4549594000203805,0.15026854721472693,0.30469085280565356
10612,CC(=O)C=C=S,2.7176326629081324,2.2699999809265137,3.0320513248443604,0.44763268198161876,0.3144186619362279,0.13321402004539085
10627,CC(=O)C=P,2.7577764632508734,4.0279998779296875,2.9661941528320312,1.270223414678814,0.2084176895811578,1.0618057250976562
10630,CC(=O)C=S=O,1.483412442381144,2.553999900817871,1.0456615686416626,1.0705874584367272,0.4377508737394813,0.6328365846972459
10639,CC(=O)CC#CCC#N,4.134929795073816,3.1059999465942383,4.3129563331604,1.028929848479578,0.1780265380865842,0.8509033103929937
10643,CC(=O)CC#N,1.814060593906188,3.6070001125335693,4.817358016967773,1.7929395186273813,3.0032974230615856,-1.2103579044342043
10661,CC(=O)CC(=O)NC=O,6.032828934671655,5.730000019073486,5.264156818389893,0.3028289155981687,0.7686721162817625,-0.46584320068359375
10665,CC(=O)CC(=O)OF,2.0863056755852076,4.117000102996826,3.8354568481445312,2.0306944274116185,1.7491511725593236,0.2815432548522949
10677,CC(=O)CC(C)(C)S(=O)(=O)O,2.3620114488614057,8.223999977111816,3.274407148361206,5.861988528250411,0.9123956994998004,4.94959282875061
10715,CC(=O)CC(O)C1CO1,1.581442182894107,2.5269999504089355,1.8368189334869385,0.9455577675148286,0.2553767505928315,0.6901810169219971
10721,CC(=O)CC/C(C(C)=O)=C(\C)O,4.465924567665838,3.5309998989105225,4.232475280761719,0.9349246687553157,0.23344928690411937,0.7014753818511963
10729,CC(=O)CC1(C)CCC1,2.6459623596477586,3.111999988555908,2.482997417449951,0.4660376289081496,0.16296494219780744,0.30307268671034215
10844,CC(=O)CCCBr,2.009487460533659,4.939000129699707,2.656658887863159,2.9295126691660482,0.6471714273295004,2.282341241836548
10865,CC(=O)CCNC(C)=O,3.817562959691392,4.192999839782715,4.396529197692871,0.37543688009132303,0.5789662380014793,-0.20352935791015625
10877,CC(=O)CCS(=O)(=O)O,3.0751793816106514,5.876999855041504,4.195756912231445,2.8018204734308525,1.120577530620794,1.6812429428100586
10888,CC(=O)CN(C)CC=O,1.194633515988064,3.51200008392334,3.3006772994995117,2.3173665679352755,2.1060437835114474,0.21132278442382812
10896,CC(=O)CN1CC1,2.8486751328281352,3.3949999809265137,2.6499500274658203,0.5463248480983784,0.1987251053623149,0.34759974273606353
10965,CC(=O)COCl,1.1638716205789812,1.7369999885559082,4.29067850112915,0.573128367976927,3.126806880550169,-2.553678512573242
10966,CC(=O)COF,1.6194508354902262,1.1670000553131104,4.162277698516846,0.4524507801771158,2.5428268630266198,-2.090376082849504
10973,CC(=O)COS(C)(=O)=O,5.84160192133411,4.633999824523926,3.281106472015381,1.2076020968101844,2.5604954493187293,-1.352893352508545
10984,CC(=O)CSBr,2.2191903985529504,3.0480000972747803,2.9728012084960938,0.8288096987218299,0.7536108099431433,0.07519888877868652
10994,CC(=O)C[N+](=O)[O-],5.941266269208686,1.0870000123977661,6.330893039703369,4.85426625681092,0.389626770494683,4.464639486316237
11000,CC(=O)Cc1ccccc1,2.742123099039008,3.0859999656677246,1.7241158485412598,0.34387686662871664,1.0180072504977482,-0.6741303838690316
11047,CC(=O)N(C)C(C)C,3.829591236376992,4.5269999504089355,3.43892240524292,0.6974087140319436,0.390668831134072,0.3067398828978716
11053,CC(=O)N(C)C1CC1,3.9973001863639976,4.576000213623047,3.7788875102996826,0.5787000272590492,0.21841267606431503,0.3602873511947342
11065,CC(=O)N(C)CC=O,4.370646013956589,4.7179999351501465,4.204034805297852,0.3473539211935579,0.16661120865873702,0.18074271253482088
11066,CC(=O)N(C)CCC#N,6.4822441458373365,5.184999942779541,7.123633861541748,1.2972442030577955,0.6413897157044115,0.655854487353384
11073,CC(=O)N(C)N,2.9097143814167077,4.706999778747559,3.1254642009735107,1.797285397330851,0.21574981955680306,1.5815355777740479
11076,CC(=O)N(C)OS(C)(=O)=O,4.108177957251535,2.809000015258789,1.737561821937561,1.2991779419927463,2.3706161353139743,-1.071438193321228
11078,CC(=O)N(C=N)C(=N)N,1.876341381743006,3.311000108718872,1.6390024423599243,1.4346587269758662,0.2373389393830816,1.1973197875927846
11079,CC(=O)N(C=N)C(C)C,2.315628703021241,2.994999885559082,0.1389436274766922,0.679371182537841,2.176685075544549,-1.4973138930067078
11088,CC(=O)N(C=O)C(C)=O,3.9437491904616744,1.5579999685287476,2.3705570697784424,2.385749221932927,1.573192120683232,0.8125571012496948
11115,CC(=O)N(S)Br,2.226661987182372,4.363999843597412,3.534743547439575,2.1373378564150403,1.3080815602572033,0.8292562961578369
11123,CC(=O)N1C(C)C1C,3.910497281698263,4.526000022888184,3.852964639663696,0.6155027411899208,0.05753264203456698,0.5579700991553538
11159,CC(=O)N1CC1(C)C#N,5.514787205369978,4.434000015258789,4.83809757232666,1.080787190111189,0.6766896330433179,0.4040975570678711
11162,CC(=O)N1CC1C,3.651766584289912,4.488999843597412,3.5086073875427246,0.8372332593075003,0.14315919674718725,0.694074062560313
11180,CC(=O)N1CCC(N)CC1,4.882522489978718,4.900000095367432,3.717518806457519,0.01747760538871379,1.1650036835211988,-1.147526078132485
11200,CC(=O)N1CCNCC1O,2.7693064367687383,5.116000175476074,3.4996488094329834,2.346693738707336,0.7303423726642451,1.6163513660430908
11211,CC(=O)N1O[SiH2]1,3.399598185512311,4.581999778747559,3.261746883392334,1.1824015932352476,0.13785130211997698,1.0445502911152706
11221,CC(=O)NC(=N)CC=O,3.7321136355885938,3.7239999771118164,3.1384387016296387,0.008113658476777363,0.5936749339589551,-0.5855612754821777
11225,CC(=O)NC(=O)Br,5.269903445265676,5.514999866485596,5.089353561401367,0.2450964212199196,0.18054988386430892,0.06454653735561067
11241,CC(=O)NC(=O)CCO,4.602155233041198,7.0289998054504395,4.819991588592529,2.426844572409242,0.21783635555133163,2.20900821685791
11245,CC(=O)NC(=O)N(C)C,6.784216032974583,7.9679999351501465,6.947610378265381,1.1837839021755636,0.163394345290798,1.0203895568847656
11256,CC(=O)NC(=O)ON,4.080063043872112,4.861999988555908,4.140909671783447,0.781936944683796,0.060846627911335105,0.7210903167724609
11265,CC(=O)NC(C#N)CO,3.4041307744595,2.2190001010894775,5.1964850425720215,1.1851306733700224,1.7923542681125215,-0.6072235947424991
11266,CC(=O)NC(C)(C)C,3.659678177489706,4.294000148773193,3.6999783515930176,0.6343219712834873,0.04030017410331155,0.5940217971801758
11268,CC(=O)NC(C)(C)C=O,3.093505173683049,1.7139999866485596,1.276151418685913,1.3795051870344892,1.8173537549971357,-0.4378485679626465
11270,CC(=O)NC(C)=O,6.337483485215755,7.130000114440918,6.633697032928467,0.7925166292251626,0.29621354771271147,0.49630308151245117
11273,CC(=O)NC(C)C(C)=O,2.210068407140154,4.3979997634887695,0.804904580116272,2.1879313563486154,1.4051638270238822,0.7827675293247331
11274,CC(=O)NC(C)C(C)C,3.5791888548876583,4.236999988555908,2.9878945350646973,0.65781113366825,0.591294319822961,0.06651681384528896
11283,CC(=O)NC(C)CCO,2.6193275599158854,5.98199987411499,3.800456285476685,3.362672314199105,1.1811287255607996,2.181543588638305
11285,CC(=O)NC(C=O)CO,0.9141448280088406,1.1019999980926514,1.0415397882461548,0.1878551700838108,0.12739496023731423,0.06046020984649658
11309,CC(=O)NC1CC(C)C1,3.815706195848165,4.5279998779296875,3.194129943847656,0.7122936820815227,0.621576252000509,0.09071743008101363
11336,CC(=O)NC=C=C=O,6.837307033436692,4.5329999923706055,4.264930248260498,2.304307041066086,2.5723767851761936,-0.2680697441101074
11349,CC(=O)NCC(=O)CO,1.2628486547987685,3.3010001182556152,0.5299434661865234,2.0381514634568467,0.7329051886122451,1.3052462748446017
11353,CC(=O)NCC(C)C,3.8121725378184586,4.335000038146973,4.035518646240234,0.5228275003285141,0.22334610842177582,0.2994813919067383
11356,CC(=O)NCC(C)CO,3.1654683426506973,5.673999786376953,3.698488473892212,2.508531443726256,0.5330201312415146,1.9755113124847412
11379,CC(=O)NCC=O,3.9889254465665016,2.8610000610351562,3.893076181411743,1.1279253855313454,0.09584926515475845,1.032076120376587
11381,CC(=O)NCCC(C)C,3.765983469351799,4.164000034332275,4.224172592163086,0.39801656498047633,0.4581891228112869,-0.06017255783081055
11393,CC(=O)NCCCl,4.6608135796414265,2.2130000591278076,1.6806029081344604,2.447813520513619,2.980210671506966,-0.5323971509933472
11398,CC(=O)NCCOC=O,2.5858782251542496,4.2210001945495605,2.2103445529937744,1.635121969395311,0.3755336721604752,1.2595882972348358
11406,CC(=O)NCO,3.444619662970881,3.2330000400543213,3.0191614627838135,0.2116196229165599,0.4254582001870677,-0.2138385772705078
11408,CC(=O)NCSC(=S)N(C)C,4.169779365113987,2.806999921798706,1.5964516401290894,1.3627794433152811,2.573327724984898,-1.2105482816696167
11409,CC(=O)NCl,4.113372052889387,4.196000099182129,4.419780254364014,0.08262804629274179,0.30640820147462655,-0.22378015518188477
11415,CC(=O)NN=N,5.819057714159927,4.671000003814697,4.227585792541504,1.1480577103452294,1.5914719216184228,-0.44341421127319336
11416,CC(=O)NN=O,4.777730343118058,6.120999813079834,5.298028469085693,1.3432694699617755,0.5202981259676349,0.8229713439941406
11421,CC(=O)NNC(C)C,4.582481998555149,3.5759999752044678,2.518268585205078,1.0064820233506815,2.064213413350071,-1.0577313899993896
11422,CC(=O)NNC=O,3.5684643894212225,1.1749999523162842,2.4003727436065674,2.3934644371049383,1.168091645814655,1.2253727912902832
11447,CC(=O)NSCl,4.495043473718359,4.4710001945495605,5.190427303314209,0.024043279168798115,0.6953838295958503,-0.6713405504270522
11462,CC(=O)Nc1cccc(OS(C)(=O)=O)c1,4.3773856870916115,7.933000087738037,2.660902738571167,3.5556144006464256,1.7164829485204445,1.8391314521259812
11486,CC(=O)OC#N,5.60866791165078,5.381999969482422,5.0839385986328125,0.2266679421683584,0.5247293130179678,-0.2980613708496094
11491,CC(=O)OC(=N)N,1.57639538282385,4.671999931335449,2.37790584564209,3.0956045485115995,0.8015104628182399,2.2940940856933594
11498,CC(=O)OC(=O)CCl,4.713830903978869,4.8379998207092285,2.643296003341675,0.12416891673035924,2.0705349006371945,-1.9463659839068352
11502,CC(=O)OC(=O)Cl,3.942840838503415,4.5320000648498535,3.860609531402588,0.5891592263464385,0.08223130710082716,0.5069279192456113
11510,CC(=O)OC(=O)OC(C)C(C)(C)C,3.0094985857954684,4.517000198364258,2.9150054454803467,1.5075016125687895,0.09449314031512168,1.4130084722536678
11513,CC(=O)OC(=O)ON,1.8597394636601847,3.5390000343322754,2.9838805198669434,1.6792605706720907,1.1241410562067586,0.555119514465332
11514,CC(=O)OC(=O)OO,3.2196991473799006,3.3359999656677246,2.370210647583008,0.11630081828782401,0.8494884997968928,-0.7331876815090688
11517,CC(=O)OC(=O)[C@@H](N)CS,2.746330922658999,6.188000202178955,3.2089297771453857,3.441669279519956,0.4625988544863868,2.9790704250335693
11530,CC(=O)OC(C)(C)CBr,2.4636800704719795,3.9149999618530273,1.7132805585861206,1.4513198913810479,0.7503995118858588,0.700920379495189
11550,CC(=O)OC(C)CO,1.3538659458880282,1.9869999885559082,1.3056641817092896,0.63313404266788,0.04820176417873867,0.5849322784891413
11560,CC(=O)OC(N)=S,4.6460528224019955,3.6989998817443848,2.840275526046753,0.9470529406576107,1.8057772963552425,-0.8587243556976318
11573,CC(=O)OC1(CO)CC1,2.0847921564631835,3.322000026702881,1.3261176347732544,1.2372078702396974,0.7586745216899291,0.47853334854976826
11574,CC(=O)OC1=CC(=O)OC(=O)C1,7.481311713589907,7.732999801635742,5.474093914031982,0.2516880880458352,2.0072177995579246,-1.7555297115120894
11665,CC(=O)OCC1(C)CN1,1.5278018141914624,3.2720000743865967,1.5768989324569702,1.7441982601951342,0.04909711826550778,1.6951011419296265
11698,CC(=O)OCCOC=N,3.994774000500197,3.00600004196167,1.7616009712219238,0.9887739585385269,2.233173029278273,-1.244399070739746
11710,CC(=O)OCOC=S,4.193152722702827,4.156000137329102,2.58723783493042,0.037152585373725344,1.605914887772407,-1.5687623023986816
11712,CC(=O)OCS,1.784132283845067,3.7980000972747803,1.892237901687622,2.013867813429713,0.10810561784255501,1.9057621955871582
11730,CC(=O)OP(=O)(Cl)Cl,4.352453932692621,4.426000118255615,3.4866831302642822,0.07354618556299464,0.8657708024283384,-0.7922246168653437
11734,CC(=O)OS(=O)(=O)O,4.278214349964004,5.579999923706055,3.350517749786377,1.301785573742051,0.9276966001776268,0.37408897356442417
11738,CC(=O)O[13CH]=O,3.786190161402974,4.7129998207092285,3.506476402282715,0.9268096593062545,0.2797137591202592,0.6470959001859953
11755,CC(=O)Oc1ccccc1C(=O)O,2.108011372757654,2.0850000381469727,3.290827512741089,0.023011334610681278,1.182816139983435,-1.1598048053727537
11777,CC(=O)P(=O)(F)F,3.1062031817465616,4.945000171661377,4.043694019317627,1.8387969899148153,0.9374908375710653,0.90130615234375
11794,CC(=O)SC(N)=S,3.762648552816443,4.4770002365112305,1.9495474100112915,0.7143516836947876,1.8131011428051513,-1.0987494591103637
11810,CC(=O)SCCC=O,1.511485220983723,5.303999900817871,1.3240221738815308,3.792514679834148,0.1874630471021923,3.6050516327319553
11823,CC(=O)SNC(N)=O,2.873888194374048,3.5920000076293945,3.458545207977295,0.7181118132553466,0.584657013603247,0.1334547996520996
11834,CC(=O)[N+](=O)[O-],3.901588422660202,4.263000011444092,4.093485355377197,0.36141158878389,0.19189693271699548,0.16951465606689453
11887,CC(=O)c1ccc(F)cc1,2.45372063160542,2.6989998817443848,2.339585781097412,0.24527925013896468,0.11413485050800798,0.1311443996309567
11894,CC(=O)c1ccc(OS(C)(=O)=O)cc1,4.49231762465786,5.526000022888184,4.345124244689941,1.0336823982303232,0.14719337996791904,0.8864890182624041
11927,CC(=O)c1cn[nH]c1,1.8306825534693971,2.3519999980926514,1.7332310676574707,0.5213174446232542,0.09745148581192642,0.4238659588113278
12009,CC(=O)c1occc1Cl,4.211995293664907,4.289999961853027,4.171925067901611,0.07800466818811991,0.04007022576329611,0.0379344424248238
12010,CC(=O)c1occc1N,3.402379452710213,3.1470000743865967,2.8756701946258545,0.25537937832361646,0.5267092580843586,-0.2713298797607422
12037,CC(=S)OCC(F)F,0.7421569258806574,3.9739999771118164,0.8675733804702759,3.231843051231159,0.12541645458961848,3.1064265966415405
12052,CC(Br)(Br)C(F)(F)F,2.1011263812375915,3.1429998874664307,1.137310266494751,1.0418735062288391,0.9638161147428406,0.07805739148599855
12060,CC(Br)C#N,3.657055868771845,3.9230000972747803,3.670847177505493,0.2659442285029354,0.013791308733648311,0.2521529197692871
12080,CC(Br)CC1OCCO1,4.029064578845757,4.826000213623047,2.582274913787842,0.7969356347772898,1.4467896650579153,-0.6498540302806255
12083,CC(Br)CNC(=O)O,0.8997113820699092,1.4539999961853027,1.640913963317871,0.5542886141153935,0.7412025812479619,-0.18691396713256836
12091,CC(Br)OC(=O)O,2.0445761471584283,4.015999794006348,2.371899127960205,1.9714236468479194,0.3273229808017768,1.6441006660461426
12092,CC(Br)OC(=O)S,2.1111640672707295,3.3299999237060547,2.7528724670410156,1.2188358564353252,0.6417083997702862,0.5771274566650391
12115,CC(C#CC(N)=O)CO,2.716321266606679,3.7130000591278076,2.268183708190918,0.9966787925211285,0.4481375584157612,0.5485412341053673
12116,CC(C#CC1CO1)=NO,1.5598996125881155,1.4270000457763672,1.3706806898117063,0.1328995668117483,0.18921892277640917,-0.05631935596466087
12132,CC(C#CCO)OC=N,2.229465804984488,4.01200008392334,1.5519455671310425,1.7825342789388516,0.6775202378534457,1.105014041085406
12144,CC(C#N)(C#N)CCO,5.135308842375472,4.749000072479248,4.373571395874023,0.38630876989622376,0.7617374465014484,-0.3754286766052246
12166,CC(C#N)(CN)C(N)=O,1.1945117228595856,1.2410000562667847,1.038994073867798,0.046488333407199045,0.15551764899178755,-0.1090293155845885
12179,CC(C#N)(CO)CO,2.303995869099529,3.5230000019073486,2.9359700679779053,1.2190041328078198,0.6319741988783765,0.5870299339294434
12184,CC(C#N)=C(F)F,3.6601760852623793,3.3589999675750732,3.584954261779785,0.301176117687306,0.0752218234825941,0.22595429420471191
12197,CC(C#N)C#CC(N)=O,0.1085355534961459,4.623000144958496,2.760186195373535,4.5144645914623505,2.651650641877389,1.8628139495849614
12206,CC(C#N)C#N,4.315962405514702,4.166999816894531,4.488648414611816,0.14896258862017042,0.17268600909711473,-0.023723420476944312
12221,CC(C#N)C(=O)OC=N,3.641623111054121,2.996999979019165,2.9610018730163574,0.644623132034956,0.6806212380377636,-0.03599810600280762
12245,CC(C#N)C(C)CCO,4.798926035948215,2.678999900817871,5.199265956878662,2.119926135130344,0.40033992093044724,1.7195862141998965
12277,CC(C#N)C1(C)CC1C,4.027880850160262,3.7039999961853027,4.071970462799072,0.32388085397495914,0.044089612638810394,0.27979124133614874
12285,CC(C#N)C1(C)NC1C,3.606218138617989,3.2679998874664307,3.8432583808898926,0.3382182511515581,0.2370402422719038,0.10117800887965434
12320,CC(C#N)C1CC1CO,2.9544144213029067,1.937000036239624,3.7120962142944336,1.0174143850632826,0.7576817929915269,0.2597325920717557
12401,CC(C#N)CCCC=O,2.3645150716459504,2.2990000247955322,1.790490746498108,0.0655150468504182,0.5740243251478425,-0.5085092782974243
12430,CC(C#N)CSC#N,2.475536056991744,3.3450000286102295,4.702721118927002,0.8694639716184853,2.227185061935258,-1.3577210903167725
12472,CC(C#N)NC(=O)S,3.252336377257631,4.192999839782715,1.4105782508850098,0.9406634625250838,1.8417581263726213,-0.9010946638475374
12483,CC(C#N)NC=O,3.64945381780081,3.9809999465942383,2.542759656906128,0.33154612879342826,1.106694160894682,-0.7751480321012538
12490,CC(C#N)NCCC#N,2.1541464491391618,1.2410000562667847,3.799344301223755,0.9131463928723771,1.6451978520845931,-0.732051459212216
12491,CC(C#N)NCCC=O,2.7987141770635717,2.938999891281128,2.6794192790985107,0.1402857142175562,0.11929489796506099,0.020990816252495215
12531,CC(C#N)P=O,2.0871158348382015,3.3580000400543213,3.0924205780029297,1.2708842052161198,1.0053047431647282,0.2655794620513916
12558,CC(C#N)c1nc[nH]n1,5.765921388213508,5.28000020980835,5.105940341949463,0.48592117840515847,0.6599810462640452,-0.17405986785888672
12589,CC(C(=O)CO)N(C)C,3.548923392363768,3.7679998874664307,3.835505962371826,0.2190764951026627,0.2865825700080582,-0.06750607490539551
12603,CC(C(N)=O)C(O)CO,2.6961911282823734,2.736999988555908,1.968729853630066,0.04080886027353481,0.7274612746523075,-0.6866524143787727
12642,CC(C)(C#N)C(F)(F)F,3.929133948515974,3.997999906539917,3.591202974319458,0.06886595802394302,0.33793097419651597,-0.26906501617257295
12673,CC(C)(C#N)CO,3.703197754118044,2.8929998874664307,3.4465584754943848,0.8101978666516132,0.2566392786236591,0.5535585880279541
12682,CC(C)(C#N)NC=O,0.8577602512419267,6.604000091552734,2.6772778034210205,5.746239840310808,1.8195175521790938,3.926722288131714
12695,CC(C)(C#N)SSCl,3.05729495709232,3.3889999389648438,3.87628436088562,0.33170498187252395,0.8189894037933003,-0.48728442192077637
12708,CC(C)(C)C(=O)C#N,3.963879566956728,3.6610000133514404,4.077720642089844,0.30287955360528773,0.11384107513311559,0.18903847847217214
12760,CC(C)(C)C1CC(=N)O1,3.0453734749054098,4.164000034332275,3.0637781620025635,1.1186265594268656,0.018404687097153705,1.100221872329712
12784,CC(C)(C)C1OC1C=O,3.776923350768042,3.4709999561309814,2.7822556495666504,0.30592339463706075,0.9946677012013918,-0.688744306564331
12791,CC(C)(C)CC#N,4.125386267795278,3.9040000438690186,3.6059257984161377,0.22138622392625962,0.5194604693791405,-0.29807424545288086
12795,CC(C)(C)CC(F)(F)F,2.637164847267465,3.4230000972747803,2.090202569961548,0.7858352500073154,0.5469622773059171,0.2388729727013983
12797,CC(C)(C)CC(N)C#N,4.7605722422564725,4.900000095367432,3.844160318374634,0.13942785311095918,0.9164119238818387,-0.7769840707708795
12804,CC(C)(C)CCC(N)=O,3.639939932014112,3.9649999141693115,3.5970959663391113,0.3250599821551994,0.04284396567500082,0.28221601648019856
12807,CC(C)(C)CCNC=O,3.904092551408531,4.303999900817871,3.707129955291748,0.3999073494093399,0.19696259611678313,0.2029447532925568
12810,CC(C)(C)CNC(N)=O,3.769491706282961,4.395999908447266,3.7131059169769287,0.6265082021643047,0.05638578930603222,0.5701224128582725
12811,CC(C)(C)CNC=O,3.870535122277438,4.401000022888184,4.198940753936768,0.5304649006107458,0.3284056316593298,0.20205926895141602
12812,CC(C)(C)CNCC#N,4.390573507628713,4.090000152587891,3.6132092475891113,0.3005733550408225,0.7773642600396018,-0.4767909049987793
12824,CC(C)(C)N1C(=O)NCS1(=O)=O,2.2287260667683286,2.444000005722046,0.6826462745666504,0.21527393895371727,1.5460797922016782,-1.330805853247961
12833,CC(C)(C)NC#N,5.063173526899225,5.072000026702881,4.8996968269348145,0.00882649980365624,0.16347669996441017,-0.15465020016075393
12835,CC(C)(C)NC(=O)C=O,2.5684971853020335,3.0510001182556152,2.966691017150879,0.4825029329535817,0.3981938318488454,0.08430910110473633
12836,CC(C)(C)NC(=O)CN,3.474959024239318,4.047999858856201,2.753443717956543,0.5730408346168834,0.7215153062827748,-0.14847447166589145
12838,CC(C)(C)NC(N)=O,3.657449961999615,4.428999900817871,4.080000877380371,0.7715499388182563,0.4225509153807563,0.3489990234375
12839,CC(C)(C)NC=O,3.880041735474109,4.376999855041504,2.6054046154022217,0.4969581195673949,1.2746371200718873,-0.7776790005044925
12842,CC(C)(C)NS(=O)(=O)c1cccs1,4.734149953265144,5.165999889373779,5.166315078735352,0.43184993610863565,0.4321651254702079,-0.0003151893615722656
12849,CC(C)(C)OC(=O)CO,3.654374457352602,3.8320000171661377,3.7605655193328857,0.1776255598135359,0.10619106198028394,0.07143449783325195
12879,CC(C)(C)S(=O)C(C)(C)C,3.9071927390982264,3.7899999618530273,3.8187355995178223,0.11719277724519905,0.08845713958040413,0.028735637664794922
12885,CC(C)(C)S(C)(=O)=O,4.883907388648713,5.348999977111816,4.843331813812256,0.4650925884631034,0.04057557483645713,0.4245170136266463
12888,CC(C)(C)SC1CCS(=O)(=O)C1,7.056647340724251,7.507999897003174,6.151580810546875,0.45135255627892246,0.9050665301773764,-0.4537139738984539
12921,CC(C)(CBr)C(=O)F,1.6008525372496616,1.1109999418258667,1.9458149671554563,0.4898525954237949,0.34496242990579473,0.14489016551800016
12946,CC(C)(CO)C(F)(F)F,2.3502540992654666,3.055000066757202,2.7651708126068115,0.7047459674917356,0.41491671334134494,0.2898292541503906
12952,CC(C)(CO)C1COC1,2.584172727291197,2.753999948501587,2.517977476119995,0.16982722121038973,0.06619525117120206,0.10363197003918767
12968,CC(C)(CO)OCCO,2.0751265439076123,3.7660000324249268,2.7163751125335693,1.6908734885173144,0.641248568625957,1.0496249198913574
12970,CC(C)(CS(C)(=O)=O)C(=O)O,4.400176563761836,3.4140000343322754,3.0151612758636475,0.986176529429561,1.385015287898189,-0.39883875846862793
12988,CC(C)(N)C(=O)NC=O,5.065323646063898,7.203999996185303,5.860804080963135,2.138676350121405,0.795480434899237,1.343195915222168
12991,CC(C)(N)CNC(N)=O,3.580362636772562,4.468999862670898,3.8784048557281494,0.8886372258983366,0.2980422189555876,0.590595006942749
13018,CC(C)(O)C(C#N)C=O,3.2272345695640436,5.75,4.880863666534424,2.5227654304359564,1.6536290969703802,0.8691363334655762
13067,CC(C)(O)C1OCC1=O,1.7556336601853555,1.1339999437332153,0.6643861532211304,0.6216337164521402,1.0912475069642251,-0.46961379051208496
13108,CC(C)=C(C)OS(=O)(=O)C(F)(F)F,3.69523164072822,5.232999801635742,3.852780342102051,1.5377681609075222,0.1575487013738308,1.3802194595336914
13132,CC(C)=PC#N,4.899714574485871,4.492000102996826,4.953073978424072,0.4077144714890446,0.05335940393820149,0.3543550675508431
13134,CC(C)=[17O],3.0513515000784612,3.381999969482422,3.0592639446258545,0.33064846940396064,0.00791244454739326,0.3227360248565674
13221,CC(C)C(=O)CNC=O,3.1241691969362253,3.747999906539917,3.732008218765259,0.6238307096036917,0.6078390218290335,0.015991687774658203
13229,CC(C)C(=O)N(C)C=O,2.2292749437824892,2.305000066757202,3.6484854221343994,0.0757251229747129,1.4192104783519102,-1.3434853553771973
13237,CC(C)C(=O)NC=O,5.941622124042042,6.558000087738037,6.532219409942627,0.616377963695995,0.5905972859005848,0.025780677795410156
13241,CC(C)C(=O)NN,2.5981451193737626,3.3980000019073486,2.442757368087769,0.799854882533586,0.15538775128599358,0.6444671312475925
13277,CC(C)C(C)(O)C(N)=O,2.4678516823812133,3.0450000762939453,2.1381471157073975,0.577148393912732,0.32970456667381587,0.24744382723891611
13297,CC(C)C(C)CC(N)=O,3.6154186308005127,4.185999870300293,2.820842027664185,0.5705812394997802,0.7945766031363277,-0.22399536363654748
13298,CC(C)C(C)CC1CO1,1.9325974700375184,2.0390000343322754,0.9196775555610656,0.10640256429475703,1.012919914476453,-0.9065173501816959
13302,CC(C)C(C)N(C)C=O,4.406364938521034,4.807000160217285,4.487827777862549,0.400635221696251,0.08146283934151466,0.31917238235473633
13333,CC(C)C(O)(C#N)CN,3.1605414591866205,3.7339999675750732,4.2697649002075195,0.5734585083884527,1.109223441020899,-0.5357649326324463
13336,CC(C)C(O)C#N,3.4782123043022892,3.121999979019165,3.4321506023406982,0.3562123252831242,0.046061701961590984,0.3101506233215332
13388,CC(C)C1(C)CO1,2.0259601834587513,2.253000020980835,1.5940055847167969,0.22703983752208368,0.4319545987419544,-0.20491476121987073
13434,CC(C)C1=C(CBr)C(=O)OC1=O,4.772944804368343,4.373000144958496,5.282680511474609,0.39994465940984725,0.509735707106266,-0.10979104769641879
13547,CC(C)C1COC1,2.205811479028259,2.369999885559082,2.368123769760132,0.164188406530823,0.1623122907318728,0.0018761157989501953
13621,CC(C)CC#CCC#N,4.0128898729632825,3.8570001125335693,3.782844305038452,0.15588976042971314,0.23004556792483033,-0.07415580749511719
13624,CC(C)CC(=O)/C=C(\O)C(C)C,2.7620532524165617,3.2980000972747803,1.540406346321106,0.5359468448582185,1.2216469060954558,-0.6857000612372373
13676,CC(C)CC1=CCC(=O)OC1=O,6.084288346870229,6.2270002365112305,5.835090160369873,0.14271188964100112,0.2491981865003563,-0.10648629685935518
13743,CC(C)CCOC(N)=O,2.400469530831694,2.805999994277954,1.9584574699401855,0.4055304634462602,0.44201206089150835,-0.03648159744524815
13749,CC(C)CCOP(=O)(O)O,3.442667683549111,3.6679999828338623,1.6643396615982056,0.2253322992847515,1.7783280219509052,-1.5529957226661537
13757,CC(C)CN(C=O)C=O,6.405107142063279,3.9140000343322754,6.934330940246582,2.491107107731003,0.5292237981833035,1.9618833095476997
13760,CC(C)CN1CC(C)C(=O)NC1=O,4.519057618432856,4.8979997634887695,4.397775650024414,0.3789421450559134,0.12128196840844208,0.2576601766474713
13775,CC(C)CNC=O,4.027787193024382,4.395999908447266,3.0769410133361816,0.36821271542288336,0.9508461796882006,-0.5826334642653173
13783,CC(C)COC(=O)CN,2.1163652342913424,2.246999979019165,1.4318078756332395,0.13063474472782266,0.6845573586581029,-0.5539226139302802
13787,CC(C)COC(=O)Cl,3.4489484952870173,3.6089999675750732,3.1978020668029785,0.16005147228805594,0.2511464284840388,-0.09109495619598285
13788,CC(C)COC(=O)NO,2.0628256446757884,2.559000015258789,2.623244047164917,0.4961743705830006,0.5604184024891286,-0.06424403190612793
13830,CC(C)N(C(=O)N=C=O)S(C)(=O)=O,3.673483762798156,4.413000106811523,3.771416187286377,0.7395163440133676,0.09793242448822115,0.6415839195251465
13838,CC(C)N(C)C(C)C#N,4.524376024719182,3.0999999046325684,4.408370018005371,1.424376120086614,0.11600600671381134,1.3083701133728027
13844,CC(C)N(C=O)C(N)=O,1.855988163779082,1.8350000381469727,2.023035049438477,0.02098812563210939,0.16704688565939496,-0.14605876002728557
13859,CC(C)N1CC(=O)C1,3.019503828162066,3.309000015258789,2.5632688999176025,0.2894961870967232,0.4562349282444633,-0.16673874114774012
13901,CC(C)NC(=O)C(C)C,3.5422037125678045,4.127999782562256,3.286168098449707,0.5857960699944513,0.2560356141180975,0.32976045587635383
13909,CC(C)NC(=O)CCO,2.462348026514518,5.589000225067139,2.0287530422210693,3.1266521985526206,0.4335949842934488,2.6930572142591718
13918,CC(C)NC(=O)OC=N,2.46259272409713,5.36899995803833,2.1226789951324463,2.9064072339412,0.33991372896468386,2.566493504976516
13951,CC(C)OC(=O)C1CN1,2.571786527110542,2.5420000553131104,1.6690844297409058,0.029786471797431435,0.902702097369636,-0.8729156255722046
13967,CC(C)OC(=O)OOC(=O)OC(C)C,1.1580811764889465,1.3819999694824219,0.616067111492157,0.2239187929934754,0.5420140649967895,-0.3180952720033141
13969,CC(C)OC(=S)S,1.9420102820691163,2.440000057220459,4.002776622772217,0.4979897751513427,2.0607663407031005,-1.5627765655517578
13980,CC(C)OC(C)C,1.294890044864905,1.1829999685287476,0.5289522409439087,0.11189007633615744,0.7659378039209963,-0.6540477275848389
14019,CC(C)OC1CC1CO,1.547281290384621,3.3919999599456787,2.554819107055664,1.8447186695610578,1.0075378166710431,0.8371808528900146
14074,CC(C)OCCBr,3.15524242947244,3.890000104904175,2.341116189956665,0.7347576754317346,0.8141262395157751,-0.07936856408404047
14081,CC(C)OCCCC=O,3.5138873842852463,3.6610000133514404,3.4154794216156006,0.14711262906619416,0.09840796266964569,0.04870466639654847
14087,CC(C)OCCOC=O,4.984244097969786,2.5799999237060547,3.8105063438415527,2.4042441742637317,1.1737377541282337,1.230506420135498
14125,CC(C)Oc1nccnc1Cl,3.1778123025907177,3.13100004196167,2.8442187309265137,0.04681226062904775,0.333593571664204,-0.28678131103515625
14133,CC(C)P(C)(=O)F,4.335985166264156,4.98199987411499,3.8962395191192623,0.646014707850834,0.43974564714489395,0.2062690607059401
14137,CC(C)S(=O)(=O)N(C)C,4.9603710919549515,4.872000217437744,3.863744974136353,0.08837087451720738,1.0966261178185985,-1.0082552433013912
14142,CC(C)S(=O)c1ccccc1,4.060041131708983,4.107999801635742,4.1404008865356445,0.0479586699267589,0.08035975482666124,-0.032401084899902344
14151,CC(C)SC=O,1.754417522999577,4.718999862670898,3.2567689418792725,2.9645823396713213,1.5023514188796954,1.462230920791626
14167,CC(C)[C@H]1NC(=O)OC1=O,5.68583592500368,5.848999977111816,5.492848873138428,0.16316405210813656,0.1929870518652521,-0.029822999757115554
14184,CC(C=O)(C=O)OC=N,3.340727273899605,4.125999927520752,0.2087510526180267,0.785272653621147,3.1319762212815783,-2.3467035676604313
14193,CC(C=O)C(=N)NC=O,3.3010645438990744,5.736999988555908,2.469592332839966,2.4359354446568338,0.8314722110591086,1.6044632335977251
14261,CC(C=O)C1OC1C=O,1.594402688755573,1.4989999532699585,1.6009145975112915,0.0954027354856144,0.0065119087557186095,0.08889082672989579
14285,CC(C=O)CCOC=N,4.309903048689662,3.9679999351501465,3.5102171897888184,0.34190311353951586,0.799685858900844,-0.4577827453613281
14287,CC(C=O)CN(C)C=O,3.346086850988471,3.7130000591278076,2.91876482963562,0.3669132081393367,0.4273220213528508,-0.0604088132135141
14303,CC(C=O)N(C=O)C=O,4.291093102182567,3.308000087738037,5.313122749328613,0.9830930144445302,1.022029647146046,-0.038936632701515705
14331,CC(C=O)OC1CC1C,2.999894424840848,3.0429999828338623,3.0018696784973145,0.04310555799301419,0.001975253656466336,0.04113030433654785
14336,CC(C=O)OC=O,2.5902236107983327,2.312999963760376,2.9802515506744385,0.27722364703795677,0.39002793987610573,-0.11280429283814897
14337,CC(C=O)OCC#N,3.599633720811238,4.498000144958496,2.2879233360290527,0.898366424147258,1.3117103847821854,-0.4133439606349274
14349,CC(C=S)OC=O,1.3140598556450098,3.4820001125335693,1.6735365390777588,2.1679402568885595,0.35947668343274897,1.8084635734558105
14389,CC(CC#N)CNC=O,4.126686798657327,5.015999794006348,2.954019784927368,0.8893129953490204,1.172667013729959,-0.28335401838093865
14398,CC(CC#N)NC(N)=O,4.573710591814366,1.5839999914169312,2.93114709854126,2.9897106003974345,1.6425634932731055,1.347147107124329
14399,CC(CC#N)NC=O,5.224901126867409,1.7610000371932983,5.564868927001953,3.4639010896741107,0.3399678001345441,3.1239332895395666
14466,CC(CCC#N)C(N)=O,6.189556093452794,3.5869998931884766,3.2537410259246826,2.602556200264317,2.935815067528111,-0.33325886726379395
14503,CC(CCO)CNC=O,4.566077737963959,4.3379998207092285,3.4538233280181885,0.2280779172547307,1.1122544099457707,-0.88417649269104
14507,CC(CCO)NC=O,2.5859396971696027,6.244999885559082,2.591876745223999,3.6590601883894793,0.005937048054396321,3.653123140335083
14551,CC(CNCC#N)=NO,3.016547802156238,3.4820001125335693,4.266369342803955,0.46545231037733137,1.249821540647717,-0.7843692302703857
14564,CC(CO)C(=O)C1CN1,1.9870520200440855,3.0880000591278076,1.3977106809616089,1.100948039083722,0.5893413390824767,0.5116067000012454
14566,CC(CO)C(=O)C=O,1.0069694277021115,3.936000108718872,0.7575591802597046,2.9290306810167603,0.24941024744240692,2.679620433574353
14590,CC(CO)C(O)C(N)=O,2.9794112167660303,4.909999847412109,2.2951407432556152,1.930588630646079,0.684270473510415,1.246318157135664
14611,CC(CO)C1CCC1=O,2.1344494167462846,4.386000156402588,3.2073888778686523,2.2515507396563033,1.0729394611223677,1.1786112785339355
14649,CC(CO)CCC(N)=O,2.6204737770144,4.5279998779296875,1.5829815864562988,1.9075261009152875,1.0374921905581012,0.8700339103571864
14659,CC(CO)COC(N)=O,1.1887652826969823,3.996999979019165,0.3804914057254791,2.8082346963221827,0.8082738769715032,1.9999608193506795
14666,CC(CO)N(C)C(N)=O,3.594572243215306,6.0980000495910645,4.543637275695801,2.5034278063757585,0.9490650324804948,1.5543627738952637
14747,CC(Cl)(Cl)OC=O,1.6763834608601542,3.3940000534057617,0.9961545467376708,1.7176165925456075,0.6802289141224834,1.0373876784231242
14749,CC(Cl)=C(C)C#N,2.728559664044324,2.7190001010894775,2.9947519302368164,0.009559562954846612,0.26619226619249226,-0.25663270323764564
14751,CC(Cl)=C(F)F,1.7987024253982191,2.5460000038146973,1.648480772972107,0.7472975784164781,0.15022165242611218,0.597075925990366
14757,CC(Cl)C#N,3.6682786803825063,3.38100004196167,3.6981165409088135,0.28727863842083634,0.029837860526307214,0.2574407778945291
14766,CC(Cl)C(=O)OC(=O)C(C)Cl,4.987085643097051,2.872999906539917,3.642970085144043,2.1140857365571337,1.3441155579530077,0.769970178604126
14775,CC(Cl)C1=CCCCO1,3.197138443300596,2.884000062942505,2.892573595046997,0.31313838035809116,0.304564848253599,0.008573532104492188
14786,CC(Cl)CSc1ccccc1,3.441990921569817,1.753999948501587,1.8546102046966553,1.68799097306823,1.5873807168731617,0.10061025619506836
14798,CC(Cl)OC(O)Cl,2.4276587713103663,3.493000030517578,1.2633603811264038,1.0653412592072118,1.1642983901839625,-0.09895713097675074
14805,CC(Cl)S(=O)CCl,2.5705846769401823,2.9860000610351562,2.6230835914611816,0.4154153840949739,0.05249891452099931,0.3629164695739746
14810,CC(Cl)SCS(C)(=O)=O,3.1051626989470593,2.6470000743865967,3.325403928756714,0.45816262456046264,0.22024122980965455,0.2379213947508081
14856,CC(F)(F)C=CF,2.0011934175017947,2.6649999618530273,2.2964353561401367,0.6638065443512327,0.295241938638342,0.3685646057128906
14872,CC(F)(F)C[N+](=O)[O-],3.0068063562333927,3.1570000648498535,2.897207736968994,0.15019370861646086,0.10959861926439851,0.04059508935206235
14887,CC(F)(F)OF,2.544068971876203,3.5959999561309814,3.0069830417633057,1.0519309842547786,0.4629140698871028,0.5890169143676758
14898,CC(F)(F)[Si](F)(F)F,2.394206943430249,2.443000078201294,1.792117476463318,0.048793134771044855,0.602089466966931,-0.5532963321958861
14918,CC(F)=CCF,2.335904857375808,2.7899999618530273,2.0079617500305176,0.45409510447721946,0.3279431073452903,0.12615199713192915
14939,CC(F)C(=O)S,2.265375622168966,1.559999942779541,1.4490046501159668,0.7053756793894248,0.816370972052999,-0.11099529266357422
14985,CC(F)NS(=O)(=O)O,5.180880820363551,5.633999824523926,4.817940711975098,0.4531190041603752,0.3629401083884529,0.09017889577192229
15019,CC(N)(C#N)C(F)(F)F,3.772399824642256,3.4609999656677246,3.4157373905181885,0.31139985897453126,0.3566624341240674,-0.04526257514953613
15052,CC(N)(C(N)=O)C(N)=O,1.7954127306638354,2.249000072479248,1.4974511861801147,0.4535873418154126,0.2979615444837207,0.1556257973316919
15053,CC(N)(CC#N)C(N)=O,5.929121942874231,1.8179999589920044,4.948022365570068,4.111121983882227,0.9810995773041631,3.130022406578064
15067,CC(N)=O,3.933532468165753,4.367000102996826,4.031194686889648,0.4334676348310733,0.09766221872389558,0.33580541610717773
15071,CC(N)C(=O)N(C)C=O,0.926901687189054,4.553999900817871,3.101583957672119,3.627098213628817,2.174682270483065,1.452415943145752
15094,CC(N)C(N)=O,3.601026001920209,3.880000114440918,2.7517571449279785,0.27897411252070903,0.8492688569922304,-0.5702947444715214
15123,CC(N=C=S)c1ccc(F)cc1,2.849720793677181,3.5739998817443848,2.509852170944214,0.7242790880672039,0.33986862273296703,0.38441046533423684
15131,CC(NC(=O)O)SS,1.9598012776190987,2.8459999561309814,2.600613594055176,0.8861986785118827,0.6408123164360771,0.24538636207580566
15137,CC(NC=O)C(=O)C=O,3.09815369869302,3.7109999656677246,1.718134880065918,0.6128462669747048,1.3800188186271019,-0.7671725516523971
15146,CC(NC=O)C(O)C=O,1.5548515588954803,4.560999870300293,1.3871530294418335,3.0061483114048126,0.16769852945364683,2.838449781951166
15147,CC(NC=O)C(O)CO,3.489193185827694,4.636000156402588,2.2438430786132812,1.146806970574894,1.2453501072144126,-0.09854313663951864
15159,CC(NC=O)C1COC1,4.991132474688556,5.428999900817871,3.396857976913452,0.43786742612931473,1.5942744977751042,-1.1564070716457895
15213,CC(O)(C#N)CNC=O,4.201976765919157,6.531000137329102,4.973679542541504,2.329023371409945,0.7717027766223472,1.5573205947875977
15268,CC(O)(COCCO)S(=O)(=O)O,5.806496736242678,4.11899995803833,2.5931200981140137,1.6874967782043475,3.213376638128664,-1.5258798599243164
15283,CC(O)=C(C#N)c1ccccc1,5.000337773511313,4.97599983215332,4.651613235473633,0.0243379413579925,0.34872453803768,-0.3243865966796875
15297,CC(O)C#CC(N)=O,2.7851988115762443,3.8519999980926514,2.4049201011657715,1.066801186516407,0.3802787104104728,0.6865224761059343
15313,CC(O)C(=N)N(C)C=O,2.440615756764269,2.4089999198913574,3.1807899475097656,0.03161583687291136,0.7401741907454968,-0.7085583538725855
15347,CC(O)C(=O)C1CCC1,3.425355478606034,3.3489999771118164,3.1829140186309814,0.07635550149421766,0.24244145997505262,-0.16608595848083496
15349,CC(O)C(=O)C1CN1,2.05433552295682,2.888000011444092,0.9185574054718018,0.8336644884872717,1.1357781174850183,-0.30211362899774663
15355,CC(O)C(=O)C=O,1.171824856578258,1.2100000381469727,1.3048444986343384,0.03817518156871458,0.1330196420560803,-0.09484446048736572
15357,CC(O)C(=O)CC(N)=O,3.881212637515593,2.7850000858306885,2.053459644317627,1.0962125516849044,1.827752993197966,-0.7315404415130615
15364,CC(O)C(=O)CCCO,4.590048082456928,2.687999963760376,4.1749186515808105,1.9020481186965519,0.4151294308761173,1.4869186878204346
15373,CC(O)C(=O)N(C)C,4.741991535678736,5.019000053405762,4.760430335998535,0.27700851772702606,0.018438800319799498,0.25856971740722656
15374,CC(O)C(=O)N(C)C=N,2.125083864851142,4.9070000648498535,1.6970640420913696,2.7819161999987116,0.42801982275977224,2.3538963772389394
15379,CC(O)C(=O)NC(=N)N,2.009566199507266,4.920000076293945,1.708351969718933,2.9104338767866795,0.3012142297883327,2.609219646998347
15382,CC(O)C(=O)NC=N,1.8817703909033705,4.316999912261963,1.445209264755249,2.4352295213585924,0.4365611261481215,1.998668395210471
15409,CC(O)C(C#N)NC=O,3.602039100868983,5.478000164031982,4.769542217254639,1.8759610631629995,1.1675031163856557,0.7084579467773438
15416,CC(O)C(C)(C)C(N)=O,2.632794589445475,5.427999973297119,2.000927209854126,2.795205383851644,0.6318673795913492,2.1633380042602948
15424,CC(O)C(C)(O)C(N)=O,2.7461763617642965,2.9609999656677246,1.8002614974975586,0.21482360390342814,0.9459148642667379,-0.7310912603633097
15450,CC(O)C(C)NC=O,4.244366399530837,2.7860000133514404,3.16341781616211,1.4583663861793967,1.0809485833687273,0.3774178028106694
15453,CC(O)C(C)OC1CC1,2.493002956032564,2.4690001010894775,1.571518063545227,0.024002854943086405,0.9214848924873369,-0.8974820375442505
15463,CC(O)C(C=O)OC=N,4.621743554707831,3.757999897003174,3.743081569671631,0.8637436577046573,0.8786619850362003,-0.014918327331542969
15465,CC(O)C(CO)C(N)=O,1.816390214757601,2.513000011444092,2.331696033477783,0.6966097966864908,0.5153058187201822,0.1813039779663086
15511,CC(O)C(O)CNC=O,4.502348766840722,2.686000108718872,3.186751127243042,1.81634865812185,1.31559763959768,0.5007510185241699
15562,CC(O)C1(C)OCCO1,2.8440018880448736,2.7799999713897705,1.9878015518188477,0.06400191665510313,0.856200336226026,-0.7921984195709229
15578,CC(O)C1(NC=O)CC1,5.019416394375086,5.03000020980835,2.5195729732513428,0.010583815433263588,2.4998434211237432,-2.4892596056904797
15588,CC(O)C1(O)OO1,2.3601182061882597,2.937000036239624,3.4272141456604004,0.5768818300513643,1.0670959394721407,-0.49021410942077637
15592,CC(O)C1=CC(=O)CC1,5.009494430212926,4.659999847412109,6.35137939453125,0.34949458280081647,1.3418849643183242,-0.9923903815175077
15687,CC(O)C1CNC1=O,2.8524223409641234,3.3289999961853027,3.458028793334961,0.47657765522117934,0.6056064523708375,-0.1290287971496582
15691,CC(O)C1COC(=N)C1,4.730766671344554,3.0889999866485596,4.919726848602295,1.6417666846959946,0.18896017725774072,1.452806507438254
15694,CC(O)C1COC(=O)N1,5.087735489211509,5.51200008392334,5.7725934982299805,0.42426459471183087,0.6848580090184715,-0.2605934143066406
15709,CC(O)C1COCCO1,1.788623809827945,2.1989998817443848,1.9563230276107788,0.41037607191643977,0.1676992177828338,0.24267685413360596
15784,CC(O)CC(=O)CO,4.666621559325936,3.7660000324249268,3.5692355632781982,0.9006215269010092,1.0973859960477377,-0.19676446914672852
15785,CC(O)CC(=O)N(C)C,5.102150361104259,5.442999839782715,3.0383429527282715,0.3408494786784555,2.063807408375988,-1.7229579296975324
15810,CC(O)CC1(C#N)CO1,4.777975831878286,3.9579999446868896,3.397359848022461,0.8199758871913962,1.380615983855825,-0.5606400966644287
15819,CC(O)CC1=NCCO1,2.2612149419500587,3.0439999103546143,1.9195291996002195,0.7827849684045556,0.34168574234983917,0.4410992260547164
15833,CC(O)CC1CNC1=O,2.6181017101254898,5.151000022888184,3.803607702255249,2.532898312762694,1.1855059921297593,1.3473923206329346
15869,CC(O)CCCC(N)=O,4.736307156353477,4.689000129699707,1.98907470703125,0.047307026653769846,2.747232449322227,-2.699925422668457
15878,CC(O)CCOC(C)C,0.5177357946793152,2.3980000019073486,0.7990531921386719,1.8802642072280333,0.2813173974593567,1.5989468097686768
15943,CC(O)CSCCS(=O)(=O)O,2.087957971950523,3.680999994277954,3.2080931663513184,1.593042022327431,1.1201351944007953,0.47290682792663574
15947,CC(O)OC(=O)O,1.157535067090447,2.4179999828338623,1.608154296875,1.2604649157434153,0.45061922978455304,0.8098456859588623
15997,CC(OC=O)C1(C)CN1,3.9839682348890064,3.440000057220459,5.066463947296143,0.5439681776685474,1.0824957124071362,-0.5385275347385887
16028,CC(P)(C#N)C#N,4.130632671140883,3.7079999446868896,4.524703025817871,0.4226327264539931,0.39407035467698837,0.028562371777004714
16029,CC(P)C#N,4.297428987821222,2.6559998989105225,3.3618063926696777,1.6414290889106997,0.9356225951515444,0.7058064937591553
16036,CC(S)C(=O)OC=O,3.2530571466550766,4.896999835968018,2.8643367290496826,1.643942689312941,0.388720417605394,1.255222271707547
16037,CC(S)C(F)(F)F,2.2842965196451295,2.062000036239624,2.8403773307800293,0.22229648340550545,0.5560808111348998,-0.33378432772939437
16063,CC1(Br)C(=O)NC(=O)NC1O,4.852904255760795,3.4749999046325684,2.494269371032715,1.377904351128227,2.3586348847280805,-0.9807305335998535
16068,CC1(Br)CS1,2.266875624262364,3.5320000648498535,2.8013648986816406,1.2651244405874893,0.5344892744192764,0.7306351661682129
16070,CC1(Br)OO1,2.6155531418404308,3.437999963760376,2.7320382595062256,0.8224468219199452,0.11648511766579484,0.7059617042541504
16111,CC1(C#N)C=CCCN1,3.455876277469517,3.7860000133514404,3.5775437355041504,0.33012373588192334,0.1216674580346333,0.20845627784729004
16129,CC1(C#N)CC(C=O)O1,4.522033727311341,4.015999794006348,4.532485008239746,0.5060339333049937,0.01045128092840475,0.49558265237658894
16148,CC1(C#N)CC1C(N)=O,3.1647656564320674,3.114000082015991,4.085173606872559,0.05076557441607621,0.9204079504404912,-0.869642376024415
16157,CC1(C#N)CC1OC=O,1.9497968653862476,4.7179999351501465,3.4411516189575195,2.768203069763899,1.491354753571272,1.276848316192627
16190,CC1(C#N)CCOC1=O,5.425087627239567,5.465000152587891,4.2082343101501465,0.039912525348323236,1.216853317089421,-1.1769407917410977
16195,CC1(C#N)CN1,5.208812748394207,4.834000110626221,4.499353885650635,0.37481263776798635,0.7094588627435723,-0.33464622497558594
16222,CC1(C#N)COC(=N)O1,5.228934256545993,4.814000129699707,4.597299098968506,0.41493412684628606,0.6316351575774872,-0.21670103073120117
16226,CC1(C#N)COC1,2.995888630435415,2.9820001125335693,3.013340950012207,0.013888517901845532,0.017452319576792164,-0.0035638016749466317
16241,CC1(C#N)N=CNC1=O,5.841810419441867,5.302999973297119,5.549758434295654,0.5388104461447476,0.29205198514621244,0.24675846099853516
16252,CC1(C#N)NC1CC=O,2.3593953651476727,4.505000114440918,2.924072504043579,2.1456047492932453,0.5646771388959064,1.5809276103973389
16310,CC1(C(=O)C#N)COC1,2.9686404097657917,2.7799999713897705,2.045210361480713,0.18864043837602118,0.9234300482850788,-0.7347896099090576
16324,CC1(C(=O)CC#N)CC1,6.547596450135341,3.74399995803833,6.053893089294434,2.803596492097011,0.4937033608409074,2.3098931312561035
16340,CC1(C(=O)NC=N)CC1,2.065677969359152,5.790999889373779,2.4800801277160645,3.7253219200146273,0.4144021583569124,3.310919761657715
16345,CC1(C(=O)NC=O)CO1,4.877546066409725,7.171999931335449,5.4399237632751465,2.294453864925724,0.562377696865421,1.7320761680603027
16362,CC1(C(C=O)C=O)CO1,1.5184738001161115,1.753999948501587,2.2085325717926025,0.23552614838547536,0.690058771676491,-0.4545326232910156
16370,CC1(C(F)(F)F)CN1,3.7712787935731953,2.078000068664551,2.1332361698150635,1.6932787249086445,1.6380426237581318,0.055236101150512695
16406,CC1(C(N)=O)NC1C#N,5.199144189453849,5.3460001945495605,4.2778801918029785,0.14685600509571195,0.9212639976508701,-0.7744079925551581
16416,CC1(C(N)=O)OO1,1.767313464199219,1.8179999589920044,1.1130439043045044,0.05068649479278542,0.6542695598947146,-0.6035830651019292
16419,CC1(C(N)C#N)CCC1,4.83477380626012,2.494999885559082,3.7856833934783936,2.339773920701038,1.0490904127817267,1.2906835079193115
16426,CC1(C(O)C#N)CC1O,3.3685698536088804,3.2219998836517334,4.273470401763916,0.146569969957147,0.9049005481550356,-0.7583305781978886
16450,CC1(C)C(=N)OCC1=O,0.9766711442399812,0.9779999852180481,0.8223094344139099,0.0013288409780668475,0.15436170982607134,-0.1530328688480045
16486,CC1(C)C(CO)N1C=O,4.799392376591204,3.490000009536743,4.3849334716796875,1.3093923670544605,0.41445890491151616,0.8949334621429443
16490,CC1(C)C(O)C1(C)C#N,3.447120434659842,3.8259999752044678,4.632386207580566,0.3788795405446259,1.1852657729207245,-0.8063862323760986
16494,CC1(C)C(O)C1C(N)=O,4.81836495796515,4.961999893188477,4.319835186004639,0.14363493522332682,0.49852977196051107,-0.35489483673718425
16568,CC1(C)CC(=O)C(O)C1,3.0822357099956763,3.046999931335449,2.9181597232818604,0.03523577866022709,0.16407598671381596,-0.12884020805358887
16576,CC1(C)CC(=O)C=C(O)C1,5.8633905892943625,3.7929999828338623,4.310568809509277,2.0703906064605,1.5528217797850852,0.517568826675415
16775,CC1(C)CCS(=O)(=O)C1,5.721444579603464,5.910999774932861,5.605739116668701,0.18955519532939746,0.11570546293476269,0.07384973239463477
16825,CC1(C)CNCC(=O)O1,4.495268606721028,5.284999847412109,4.436697006225586,0.789731240691081,0.05857160049544241,0.7311596401956386
16839,CC1(C)COC(=O)C1O,3.742667777236297,3.819000005722046,3.1738479137420654,0.07633222848574883,0.5688198634942316,-0.4924876350084828
16848,CC1(C)COC(C#N)O1,4.144375645343209,3.365999937057495,4.133790493011475,0.7783757082857141,0.010585152331734626,0.7677905559539795
16851,CC1(C)COC(C=O)=N1,3.917288256438669,3.8929998874664307,3.758627653121948,0.024288368972238406,0.15866060331672127,-0.13437223434448287
16870,CC1(C)COC1CCO,1.361226172479028,4.1529998779296875,1.8192116022109983,2.7917737054506597,0.4579854297319703,2.3337882757186894
16898,CC1(C)CS(=O)(=O)OC1(C)C,6.472421191832525,6.776000022888184,5.762772083282471,0.30357883105565886,0.709649108550054,-0.40607027749439517
16927,CC1(C)NC(C#N)C1=O,5.922661534893195,3.6989998817443848,5.6131978034973145,2.2236616531488105,0.3094637313958808,1.9141979217529297
16952,CC1(C)NC1COC=O,5.629369281558396,3.1689999103546143,4.774187088012695,2.4603693712037815,0.8551821935457005,1.605187177658081
16984,CC1(C)OC(=O)C1(C)O,3.9211164765994697,3.9519999027252197,3.797996282577514,0.030883426125750013,0.12312019402195551,-0.0922367678962055
16996,CC1(C)OC(=O)O1,4.888168829014145,5.232999801635742,4.863855838775635,0.34483097262159745,0.02431299023850997,0.3205179823830875
17010,CC1(C)OC1(C#N)CN,5.3302253082300615,3.4830000400543213,5.0331854820251465,1.8472252681757402,0.297039826204915,1.5501854419708252
17017,CC1(C)OC1(C)CC=O,3.70199646527346,3.934000015258789,3.3983750343322754,0.23200354998532902,0.30362143094118466,-0.07161788095585564
17071,CC1(C)OCC1(O)C=O,3.0100130058704733,3.2130000591278076,1.1770849227905271,0.20298705325733435,1.8329280830799461,-1.6299410298226118
17074,CC1(C)OCC1=O,1.089921362443259,1.2009999752044678,1.1363539695739746,0.11107861276120867,0.04643260713071551,0.06464600563049316
17111,CC1(C)OCOC1=O,3.045126612346701,2.9010000228881836,2.817610263824463,0.14412658945851753,0.22751634852223823,-0.0833897590637207
17117,CC1(C)OC[C@H](CCO)O1,2.5771563914260605,1.6959999799728394,0.7215201258659363,0.8811564114532211,1.8556362655601242,-0.9744798541069031
17120,CC1(C)OO1,3.088542214793064,3.4769999980926514,3.2873623371124268,0.38845778329958724,0.19882012231936264,0.1896376609802246
17125,CC1(C)S(=O)(=O)OCCOS1(=O)=O,1.5373163799893226,1.2369999885559082,2.21707820892334,0.3003163914334144,0.6797618289340173,-0.3794454375006029
17151,CC1(C=O)CC(C#N)O1,4.992983934813818,3.996000051498413,3.352015972137451,0.996983883315405,1.640967962676367,-0.6439840793609619
17225,CC1(C=O)NC(=O)NC1=O,2.6137250375253713,3.2279999256134033,1.3276000022888184,0.614274888088032,1.286125035236553,-0.671850147148521
17263,CC1(CBr)COC1,1.8657938985640243,3.25600004196167,2.919246196746826,1.3902061433976456,1.0534522981828018,0.33675384521484375
17325,CC1(CC(F)(F)F)CN1,2.6225030713229263,3.119999885559082,2.7111926078796387,0.49749681423615577,0.08868953655671241,0.40880727767944336
17349,CC1(CC=O)CCC1=O,4.293414498885193,1.065000057220459,4.035089492797852,3.228414441664734,0.25832500608734144,2.9700894355773926
17367,CC1(CC=O)OCC1=O,2.480805591204336,2.9130001068115234,2.4269447326660156,0.4321945156071876,0.05386085853832023,0.37833365706886735
17370,CC1(CCBr)NC(=O)NC1=O,2.632036983644128,4.452000141143799,2.9516282081604004,1.8199631574996706,0.3195912245162722,1.5003719329833984
17371,CC1(CCBr)OCCO1,2.224544152308743,4.885000228881836,2.689631938934326,2.660456076573093,0.46508778662558337,2.1953682899475098
17413,CC1(CCO)NC(=O)NC1=O,2.770931083171759,3.0360000133514404,2.5434067249298096,0.2650689301796816,0.22752435824194928,0.03754457193773231
17425,CC1(CCS(=O)(=O)O)COC1,2.378476476463218,4.228000164031982,3.672019720077514,1.8495236875687646,1.2935432436142964,0.5559804439544682
17445,CC1(CO)C(N)C1C#N,4.506108013964386,1.4800000190734863,3.808293342590332,3.0261079948909,0.6978146713740543,2.3282933235168457
17446,CC1(CO)C(O)C1C#N,4.591949617002406,4.997000217437744,2.7634384632110596,0.405050600435338,1.8285111537913465,-1.4234605533560085
17489,CC1(CO)CCN1C=O,5.597488119530838,5.550000190734863,4.990321636199951,0.04748792879597463,0.6071664833308867,-0.5596785545349121
17508,CC1(CO)CNC1=O,4.446759117855706,3.24399995803833,4.445966720581055,1.2027591598173757,0.0007923972746510799,1.2019667625427246
17551,CC1(CO)OC1CO,1.100629440707357,2.878999948501587,0.4919082522392273,1.77837050779423,0.6087211884681296,1.1696493193261004
17582,CC1(COCC#N)CO1,5.686293486476401,4.164999961853027,3.861295223236084,1.521293524623374,1.8249982632403174,-0.30370473861694336
17614,CC1(F)OO1,2.860109062095116,3.359999895095825,3.0274901390075684,0.499890833000709,0.1673810769124522,0.33250975608825684
17632,CC1(N)C(O)C1(N)C#N,4.430951397921828,4.322999954223633,5.373706817626953,0.10795144369819543,0.9427554197051249,-0.8348039760069295
17643,CC1(N)CCSC1=O,4.911618612291789,4.849999904632568,4.596203327178955,0.061618707659220284,0.31541528511283357,-0.2537965774536133
17658,CC1(N=CNC=O)CC1,2.0880358942231303,4.84499979019165,1.474064826965332,2.75696389596852,0.6139710672577983,2.142992828710722
17672,CC1(NC=O)CC1,3.748213030153227,4.190000057220459,3.989788055419922,0.44178702706723216,0.24157502526669505,0.2002120018005371
17699,CC1(O)C(=O)C(O)C1O,0.8851540725638899,3.513000011444092,0.709879994392395,2.627845938880202,0.17527407817149487,2.452571860708707
17731,CC1(O)C(O)C1C#N,4.069254350911403,4.886000156402588,4.724647521972656,0.8167458054911849,0.6553931710612533,0.16135263442993164
17735,CC1(O)C(O)C1OC=N,2.8047917559353985,4.421000003814697,1.1056466102600098,1.6162082478792987,1.6991451456753888,-0.08293689779609004
17756,CC1(O)C=CCOC1=O,4.168389126847814,4.334000110626221,4.208261966705322,0.16561098377840633,0.03987283985750789,0.12573814392089844
17766,CC1(O)CC(=O)C1,3.5157227078023237,3.880000114440918,3.3479979038238525,0.3642774066385943,0.16772480397847112,0.1965526026601232
17802,CC1(O)CC1(C)NC=O,4.144155657859058,3.9539999961853027,2.572312355041504,0.19015566167375564,1.5718433028175545,-1.3816876411437988
17831,CC1(O)CC1OC=N,3.17874585636931,2.7039999961853027,3.7526352405548096,0.4747458601840071,0.5738893841854997,-0.09914352400149262
17887,CC1(O)CCOC1CO,4.310768493540138,2.052999973297119,3.2086968421936035,2.257768520243019,1.1020716513465345,1.1556968688964844
17898,CC1(O)CN(CC#N)C1,3.948250400975585,3.308000087738037,3.915672779083252,0.6402503132375479,0.03257762189233304,0.6076726913452148
17924,CC1(O)COC(=O)C1=O,4.347737750779816,4.578000068664551,4.5300469398498535,0.23026231788473517,0.1823091890700379,0.047953128814697266
17930,CC1(O)COC(C=O)C1,3.9093989182679953,3.4800000190734863,3.122100830078125,0.429398899194509,0.7872980881898703,-0.35789918899536133
17964,CC1(O)NO1,2.7807032211860707,1.9019999504089355,2.7076950073242188,0.8787032707771352,0.07300821386185197,0.8056950569152832
17967,CC1(O)OC=CC1S,1.2345048060328632,2.380000114440918,1.1381399631500244,1.1454953084080548,0.09636484288283875,1.049130465525216
17990,CC1(OC=N)CCC1=O,3.746185442494843,3.7750000953674316,1.751371145248413,0.028814652872588553,1.99481429724643,-1.9659996443738414
17992,CC1(OC=N)CCCO1,3.356836339411595,1.5240000486373901,3.440202474594116,1.832836290774205,0.083366135182521,1.749470155591684
18024,CC1(OCC#N)CCC1,3.270252947061955,2.946000099182129,3.594545602798462,0.3242528478798259,0.3242926557365071,-3.980785668122877e-05
18038,CC1(OP)OO1,2.286039165920466,1.2699999809265137,1.7483476400375366,1.0160391849939523,0.5376915258829293,0.47834765911102295
18049,CC1(S)OC1=O,3.061141634586358,1.9359999895095825,3.2026185989379883,1.1251416450767753,0.14147696435163049,0.9836646807251448
18053,CC1([SiH3])CO1,1.9604697878492987,1.909999966621399,1.0146827697753906,0.05046982122789978,0.9457870180739081,-0.8953171968460083
18152,CC1=C(C)NC(=O)NC1,4.195506566582217,4.5980000495910645,4.229661464691162,0.4024934830088478,0.03415489810894545,0.36833858489990234
18162,CC1=C(C=O)C(=O)CC1,4.912291857380894,5.560999870300293,6.197883605957031,0.648708012919399,1.2855917485761372,-0.6368837356567383
18174,CC1=C(C=O)NC(=O)C1,4.91578446900752,1.3990000486373901,4.312314987182617,3.51678442037013,0.6034694818249031,2.913314938545227
18176,CC1=C(CBr)C(=O)OC1=O,4.690919331453929,4.24399995803833,4.625635147094727,0.4469193734155992,0.06528418435920269,0.3816351890563965
18180,CC1=C(CCC(=O)O)C(=O)OC1=O,4.366483335872312,5.9770002365112305,4.2857136726379395,1.6105169006389186,0.0807696632343724,1.5297472374045462
18210,CC1=C(F)OCO1,1.3608208555373222,1.9670000076293945,1.1859110593795776,0.6061791520920723,0.1749097961577446,0.4312693559343277
18216,CC1=C(N)C(=O)OC1=N,3.97115548820028,6.736999988555908,3.5964226722717285,2.765844500355628,0.3747328159285517,2.3911116844270763
18267,CC1=C(OC=O)O1,3.28528096116309,1.5089999437332153,1.2153247594833374,1.7762810174298749,2.069956201679753,-0.29367518424987793
18302,CC1=CC(=O)C(=O)C=C1O,7.804371266500383,7.078000068664551,6.704678535461426,0.7263711978358325,1.0996927310389575,-0.373321533203125
18311,CC1=CC(=O)C(C)=C(O)C1=O,1.9418008580552035,2.063999891281128,1.24125874042511,0.1221990332259244,0.7005421176300934,-0.578343084404169
18318,CC1=CC(=O)C(C)NC1,4.534061744394402,4.366000175476074,4.050111293792725,0.16806156891832735,0.48395045060167696,-0.3158888816833496
18331,CC1=CC(=O)C=CCN1,6.470633274035152,6.908999919891357,6.517477512359619,0.4383666458562052,0.046844238324466936,0.3915224075317383
18337,CC1=CC(=O)CC1,4.5167627828167225,4.910999774932861,4.5932745933532715,0.39423699211613883,0.07651181053654899,0.31772518157958984
18343,CC1=CC(=O)CC1C#N,3.571331888681827,4.216000080108643,3.520941257476806,0.6446681914268155,0.05039063120502085,0.5942775602217947
18350,CC1=CC(=O)CCC1C,4.584592106389649,4.806000232696533,4.583406925201416,0.22140812630688433,0.0011851811882328533,0.22022294511865148
18361,CC1=CC(=O)CNCC1,4.4185016349625155,4.498000144958496,3.8940510749816895,0.07949850999598063,0.524450559980826,-0.4449520499848454
18362,CC1=CC(=O)COC1,4.262295945468927,4.561999797821045,4.328386306762695,0.2997038523521178,0.06609036129376822,0.2336134910583496
18378,CC1=CC(=O)NC1=O,2.2207050365100387,2.3469998836517334,2.2387986183166504,0.1262948471416947,0.01809358180661169,0.10820126533508301
18389,CC1=CC(=O)NNS1,3.625306116815592,3.625999927520752,3.322202444076538,0.0006938107051599474,0.3031036727390539,-0.302409862033894
18390,CC1=CC(=O)NON1,3.9796131842417646,4.673999786376953,4.082493305206299,0.6943866021351885,0.10288012096453425,0.5915064811706543
18410,CC1=CC(=O)OCCN1,4.540707768858282,8.020000457763672,7.326023101806641,3.4792926889053897,2.7853153329483584,0.6939773559570312
18440,CC1=CC(C)(C)C=C(O)C1=O,3.751582391483529,3.930999994277954,4.169323921203613,0.17941760279442498,0.41774152972008416,-0.23832392692565918
18462,CC1=CC(C)C(=O)N1,3.8265731429246057,4.1519999504089355,3.932122230529785,0.32542680748432984,0.10554908760517945,0.2198777198791504
18490,CC1=CC(C)OC(=O)C1,4.872456039766411,5.169000148773193,5.143317222595215,0.2965441090067822,0.27086118282880367,0.025682926177978516
18503,CC1=CC(C)OCC1=O,3.4407146953611467,3.2780001163482666,3.5335452556610107,0.1627145790128801,0.09283056029986403,0.06988401871301608
18539,CC1=CC(O)C(=O)C1=O,3.973590879923072,4.164000034332275,3.8878426551818848,0.19040915440920347,0.08574822474118715,0.10466092966801632
18548,CC1=CC(O)C(C)C1=O,2.0435669219692536,2.240999937057495,2.953864097595215,0.19743301508824151,0.9102971756259612,-0.7128641605377197
18561,CC1=CC(O)COC1=O,4.785934032318314,4.302999973297119,4.080897808074951,0.48293405902119524,0.7050362242433632,-0.22210216522216797
18584,CC1=CC=CCOC1=N,2.9843474450358554,2.8350000381469727,3.0824217796325684,0.1493474068888827,0.098074334596713,0.05127307229216971
18592,CC1=CC=CS1=O,4.350401557407889,4.021999835968018,4.6442484855651855,0.3284017214398718,0.2938469281572962,0.0345547932825756
18603,CC1=CCC(=O)C1,3.0951802675217968,3.26200008392334,3.206625699996948,0.1668198164015431,0.11144543247515104,0.055374383926392046
18640,CC1=CCC(=S)O1,4.4434724833875,5.413000106811523,4.719507694244385,0.9695276234240238,0.2760352108568851,0.6934924125671387
18665,CC1=CCC(C)OC1C,1.2148102958802722,1.4479999542236328,0.8722361326217651,0.23318965834336058,0.3425741632585071,-0.10938450491514651
18668,CC1=CCC(C=O)OC1,3.320289422817446,3.5950000286102295,3.0467050075531006,0.2747106057927833,0.2735844152643456,0.0011261905284376539
18677,CC1=CCC(O)C1=O,3.1875067654814906,3.183000087738037,3.0188260078430176,0.00450667774345348,0.168680757638473,-0.16417407989501953
18690,CC1=CCCC(=O)C1,3.121232968362097,3.3919999599456787,3.0841710567474365,0.27076699158358153,0.03706191161466066,0.23370507996892087
18746,CC1=CCCOC1C#N,5.115038868427154,3.4110000133514404,4.798529148101807,1.704038855075714,0.31650972032534774,1.3875291347503662
18749,CC1=CCCOC=NC1,2.0460646160026683,2.4079999923706055,2.4119720458984375,0.36193537636793716,0.3659074298957692,-0.003972053527832031
18794,CC1=CCO1,1.225998311931086,1.1449999809265137,1.4505752325057983,0.08099833100457232,0.22457692057471235,-0.14357858957014002
18804,CC1=CCOC(=O)C=C1,5.394801217286992,5.673999786376953,5.440643310546875,0.279198569089961,0.045842093259882866,0.23335647583007812
18878,CC1=CCS(=O)(=O)C1,5.505535504102038,5.64300012588501,5.442070960998535,0.13746462178297136,0.06346454310350325,0.07400007867946812
18879,CC1=CCS(=O)(=O)C1C,5.402001411019699,5.730999946594238,5.2455010414123535,0.32899853557453884,0.15650036960734592,0.17249816596719292
18916,CC1=CNC(=O)CC1=O,4.153701101255219,4.5269999504089355,4.91334342956543,0.37329884915371636,0.7596423283102105,-0.38634347915649414
18919,CC1=CNC(=O)CC=C1,3.598995461250479,4.131999969482422,3.668710947036743,0.5330045082319428,0.06971548578626408,0.4632890224456787
18931,CC1=CNC1=O,3.5361434495759645,3.36899995803833,3.479743003845215,0.16714349153763441,0.05640044573074965,0.11074304580688477
18949,CC1=COC1,1.8992607846798069,2.046999931335449,2.0126049518585205,0.14773914665564236,0.11334416717871365,0.03439497947692871
18960,CC1=COPO1,1.739502028708865,2.5290000438690186,1.5066537857055664,0.7894980151601536,0.23284824300329854,0.5566497721568551
18967,CC1=CS(=O)C=C1,5.12768928289828,4.922999858856201,5.165239334106445,0.2046894240420789,0.037550051208165236,0.16713937283391367
18973,CC1=CSC(=S)NN1,6.107835664799901,8.015000343322754,6.234185218811035,1.9071646785228529,0.12634955401113412,1.7808151245117188
18981,CC1=NC(=N)SC1,4.958226694812725,4.698999881744385,4.646228790283203,0.2592268130683406,0.31199790452952225,-0.05277109146118164
18984,CC1=NC(=O)N1,5.235011678612642,5.802999973297119,5.395508766174316,0.5679882946844774,0.1604970875616747,0.40749120712280273
19015,CC1=NC(C)CC(=O)O1,2.5667403356201706,2.7660000324249268,2.638890266418457,0.1992596968047562,0.07214993079828647,0.12710976600646973
19058,CC1=NCC(C(C)O)O1,2.202597027791794,1.031000018119812,1.5212695598602295,1.171597009671982,0.6813274679315646,0.4902695417404175
19083,CC1=NCC(O)C(=O)O1,2.098025239427421,3.747999906539917,2.308435440063477,1.6499746671124962,0.2104102006360562,1.43956446647644
19114,CC1=NCCO1,1.3515778333630213,1.1799999475479126,1.1915736198425293,0.1715778858151087,0.160004213520492,0.0115736722946167
19124,CC1=NCNO1,1.1910562389996362,1.437000036239624,0.5011200308799744,0.24594379723998783,0.6899362081196618,-0.443992410879674
19127,CC1=NCON1,2.09603535152483,2.6410000324249268,0.738271176815033,0.544964680900097,1.3577641747097968,-0.8127994938096998
19142,CC1=NNC(=O)C1,3.1160051941171667,3.546999931335449,3.064519166946411,0.4309947372182825,0.051486027170755566,0.37950871004752695
19148,CC1=NNCC1=O,2.6235461659683144,3.5409998893737793,2.8970634937286377,0.9174537234054649,0.27351732776032334,0.6439363956451416
19151,CC1=NNCS1,1.484537836116745,1.218000054359436,0.9407958388328552,0.2665377817573089,0.5437419972838897,-0.2772042155265808
19155,CC1=NNP(Br)O1,2.597975961668286,5.050000190734863,2.317279577255249,2.4520242290665775,0.2806963844130368,2.1713278446535407
19156,CC1=NNP(Cl)O1,2.2401289362826433,1.8880000114440918,2.614664316177368,0.3521289248385515,0.37453537989472485,-0.022406455056173336
19158,CC1=NNS(=O)O1,1.5735776749640034,2.181999921798706,1.784473896026611,0.6084222468347027,0.21089622106260775,0.39752602577209495
19165,CC1=NOC=NS1,1.7368392165807405,1.5210000276565552,1.7648954391479492,0.2158391889241853,0.028056222567208744,0.18778296635697656
19185,CC1=NSOC=C1,2.7888088793061536,2.7990000247955322,3.1390795707702637,0.010191145489378606,0.35027069146411005,-0.34007954597473145
19203,CC1C(=N)OC1CCO,1.3381310931056765,2.2769999504089355,2.1411943435668945,0.9388688573032591,0.8030632504612181,0.13580560684204102
19205,CC1C(=N)OCC1(C)C,3.2942424835696227,3.2320001125335693,3.277215003967285,0.062242371036053346,0.017027479602337525,0.04521489143371582
19228,CC1C(=O)C(C)(O)C1C,2.6444945964275046,4.275000095367432,1.5200488567352295,1.630505498939927,1.1244457396922751,0.5060597592476519
19285,CC1C(=O)CC1CC#N,3.591733119059024,2.864000082015991,4.45908784866333,0.7277330370430328,0.867354729604306,-0.13962169256127321
19304,CC1C(=O)CCC1O,3.6061456674202232,2.125999927520752,3.177818775177002,1.4801457398994713,0.4283268922432213,1.05181884765625
19311,CC1C(=O)CCOC1=O,4.0364358747209215,4.660999774932861,3.3943986892700195,0.6245639002119399,0.6420371854509019,-0.017473285238962077
19324,CC1C(=O)CNCC1=O,3.6376067276736785,3.7179999351501465,1.7241290807724,0.08039320747646794,1.9134776469012786,-1.8330844394248107
19341,CC1C(=O)N1N,4.928953982458631,3.240999937057495,3.562685251235962,1.6879540454011357,1.366268731222669,0.3216853141784668
19367,CC1C(=O)NCC1=NO,3.4514054124111637,3.6559998989105225,3.315635919570923,0.20459448649935874,0.13576949284024087,0.06882499365911787
19373,CC1C(=O)NCCN1C,4.089473639201222,4.614999771118164,3.945387840270996,0.5255261319169424,0.14408579893022555,0.38144033298671687
19382,CC1C(=O)OC1(C)C,4.830722234453795,4.96999979019165,4.795583724975586,0.1392775557378556,0.035138509478208846,0.10413904625964676
19411,CC1C(C#N)C1(C)C,4.515872318577341,4.515999794006348,4.238388538360596,0.00012747542900637399,0.2774837802167456,-0.2773563047877392
19451,CC1C(C#N)OC1CO,4.029452785867724,3.5950000286102295,2.8056561946868896,0.4344527572574943,1.2237965911808342,-0.7893438339233398
19455,CC1C(C(Cl)(Cl)Cl)OS1(=O)=O,4.590990908339456,3.9200000762939453,3.2815959453582764,0.6709908320455105,1.3093949629811794,-0.638404130935669
19468,CC1C(C)(N)C1(O)C#N,6.386428072338065,3.1989998817443848,3.621416330337525,3.18742819059368,2.76501174200054,0.4224164485931401
19488,CC1C(C)C1C(=O)C#N,4.893223699970875,4.914000034332275,4.729069709777832,0.020776334361400473,0.1641539901930429,-0.14337765583164241
19559,CC1C(COC=O)N1C,5.155368657847801,2.242000102996826,3.830368995666504,2.913368554850975,1.3249996621812974,1.5883688926696777
19573,CC1C(NC=O)CN1C,4.327498957384871,3.809999942779541,2.620229959487915,0.5174990146053302,1.7072689978969562,-1.189769983291626
19616,CC1C(O)C1CNC=O,5.329556253077168,3.311000108718872,3.4233908653259277,2.0185561443582962,1.9061653877512406,0.11239075660705566
19677,CC1C=C(C(N)=O)CC1,3.953223092361571,4.394999980926514,4.047369956970215,0.44177688856494246,0.09414686460864363,0.34763002395629883
19704,CC1C=C(Cl)NO1,1.6242597411459143,1.1440000534057617,1.2219672203063965,0.4802596877401526,0.40229252083951783,0.07796716690063477
19724,CC1C=CC(=O)C1,4.015895322901747,4.215000152587891,4.023390769958496,0.19910482968614396,0.007495447056749427,0.19160938262939453
19829,CC1C=CC(O)C1C#N,4.175866309934439,4.900000095367432,4.409338474273682,0.7241337854329926,0.23347216433924256,0.49066162109375
19839,CC1C=CC=CC(=O)N1,4.5631335636662,4.693999767303467,4.542868614196777,0.1308662036372672,0.020264949469422255,0.11060125416784494
19901,CC1C=CCCOC1=O,4.560332238207696,4.98799991607666,4.203665256500244,0.4276676778689641,0.3566669817074519,0.07100069616151217
19956,CC1C=CN(C=O)CC1,4.382558454183516,4.111999988555908,4.64194393157959,0.2705584656276079,0.25938547739607376,0.01117298823153412
19978,CC1C=NC(=S)S1,5.536940704931396,6.281000137329102,5.161383628845215,0.7440594323977052,0.3755570760861815,0.3685023563115237
20028,CC1CC(=O)C(=O)C1C,5.125041074857035,5.447999954223633,5.051425933837891,0.32295887936659806,0.07361514101914413,0.24934373834745394
20040,CC1CC(=O)C(C)(O)C1,2.877413128946049,2.7330000400543213,2.050347089767456,0.14441308889172788,0.8270660391785931,-0.6826529502868652
20053,CC1CC(=O)C(N)=N1,0.7700323390818176,0.949999988079071,0.6890326738357544,0.17996764899725348,0.08099966524606317,0.09896798375119031
20121,CC1CC(=O)COC1C,3.301719239314719,3.4210000038146973,3.1121134757995605,0.11928076449997826,0.18960576351515845,-0.07032499901518019
20134,CC1CC(=O)N1C(=O)CCN=C=S,5.7312420072045995,2.7039999961853027,3.041728973388672,3.027242011019297,2.6895130338159277,0.33772897720336914
20158,CC1CC(=O)O1,4.6582270526524825,4.734000205993652,4.6259260177612305,0.07577315334116985,0.03230103489125202,0.04347211844991783
20170,CC1CC(=O)OC=N1,2.6582595815677905,2.700000047683716,2.6049928665161133,0.0417404661159253,0.05326671505167724,-0.011526248935751937
20214,CC1CC(C#N)C1O,3.9294489680220495,4.553999900817871,3.821601390838623,0.6245509327958216,0.10784757718342641,0.5167033556123952
20293,CC1CC(C)(C)OC1=N,3.444658688847726,3.384000062942505,3.031700611114502,0.060658625905221086,0.412958077733224,-0.35229945182800293
20322,CC1CC(C)C(=O)CN1,2.799122519053781,3.502000093460083,3.0529072284698486,0.702877574406302,0.2537847094160677,0.4490928649902344
20325,CC1CC(C)C(=O)NC1=O,3.5964370325642827,3.5409998893737793,3.325240135192871,0.05543714319050341,0.2711968973714116,-0.2157597541809082
20337,CC1CC(C)C(O)=CC1=O,3.5877061717635823,3.7100000381469727,4.411464214324951,0.12229386638339035,0.8237580425613689,-0.7014641761779785
20366,CC1CC(C=O)(C=O)O1,3.911728612264579,3.812999963760376,2.187446355819702,0.09872864850420315,1.724282256444877,-1.6255536079406738
20392,CC1CC(CC#N)N1C,4.426300625187909,2.944999933242798,4.543633937835693,1.481300691945111,0.11733331264778446,1.3639673792973266
20402,CC1CC(CCCO)O1,3.0181029034251203,1.7020000219345093,2.1890645027160645,1.316102881490611,0.8290384007090559,0.4870644807815552
20403,CC1CC(CCO)C1=O,2.2581087536216065,4.6570000648498535,2.4982705116271973,2.398891311228247,0.2401617580055908,2.1587295532226562
20536,CC1CC1(C#N)C=O,3.0159072619495855,2.5840001106262207,2.793297052383423,0.43190715132336477,0.22261020956616262,0.20929694175720215
20585,CC1CC1(O)C#N,3.9055556565721856,3.246999979019165,3.7507848739624023,0.6585556775530206,0.15477078260978328,0.5037848949432373
20629,CC1CC1C(N)=O,3.605896937470819,4.077000141143799,3.706593990325928,0.47110320367297964,0.10069705285510899,0.37040615081787065
20630,CC1CC1C(N)C#N,2.624994462664505,4.309999942779541,4.1549787521362305,1.685005480115036,1.5299842894717255,0.15502119064331055
20638,CC1CC1CC(=O)CO,3.388986049819766,3.6050000190734863,3.3134984970092773,0.21601396925372018,0.0754875528104888,0.14052641644323138
20694,CC1CC=C(CC#N)C1,4.1477691109934245,3.7939999103546143,3.584852933883667,0.35376920063881023,0.5629161771097575,-0.20914697647094727
20700,CC1CC=CC(=O)C1=O,5.950786452568986,5.989999771118164,6.238409996032715,0.03921331854917831,0.2876235434637291,-0.24841022491455078
20746,CC1CC=CCOC1,1.4376592123543268,1.7910000085830688,1.3671156167984009,0.35334079622874204,0.07054359555592593,0.2827972006728161
20824,CC1CCC(C#N)C1O,3.6903131327060663,3.697999954223633,4.002383708953857,0.0076868215175665,0.3120705762477911,-0.3043837547302246
20848,CC1CCC(C)C(=O)C1,3.2581943092365635,3.316999912261963,3.2929372787475586,0.05880560302539939,0.03474296951099509,0.024062633514404297
20863,CC1CCC(C=O)OC1,3.3189665798533814,3.427000045776367,2.780832290649414,0.1080334659229858,0.5381342892039673,-0.43010082328098154
20941,CC1CCC=CCC1=O,3.032170202461865,3.187999963760376,2.924243211746216,0.15582976129851112,0.10792699071564904,0.047902770582862075
21010,CC1CCCN1C(N)=O,4.3441395728466325,4.486999988555908,4.235568523406982,0.14286041570927566,0.10857104943965012,0.03428936626962553
21074,CC1CCN=C(C#N)N1,6.01943100704733,5.677999973297119,6.057857513427734,0.34143103375021067,0.03842650638040457,0.3030045273698061
21101,CC1CCNC1=O,4.101989704952757,4.324999809265137,4.349600315093994,0.22301010431237955,0.24761061014123698,-0.024600505828857422
21141,CC1CCOC(C=O)C1,3.1294807130364557,3.4179999828338623,2.976726531982422,0.2885192697974066,0.15275418105403382,0.13576508874337279
21160,CC1CCOC1CO,3.04105611725921,3.552999973297119,3.447094202041626,0.511943856037909,0.4060380847824159,0.10590577125549316
21178,CC1CCOCC1C,1.5504178285111798,1.7259999513626099,1.543832540512085,0.17558212285143004,0.006585287999094858,0.1689968348523352
21191,CC1CCOCOC1=N,2.972880759282334,4.74399995803833,2.814242362976074,1.7711191987559962,0.15863839630625964,1.6124808024497366
21198,CC1CCOS(=O)(=O)N1,6.2875618954965775,6.7179999351501465,5.966331958770752,0.43043803965356897,0.32122993672582556,0.10920810292774341
21203,CC1CCS(=O)(=O)CC1,5.600746740709268,5.802999973297119,5.596747875213623,0.202253232587851,0.003998865495645099,0.1982543670922059
21214,CC1CN(C(C)C)C(=O)NC1=O,4.408948802227878,4.994999885559082,4.10267448425293,0.5860510833312036,0.30627431797494875,0.27977676535625484
21230,CC1CN(C)C(=O)O1,5.379548232037585,5.860000133514404,5.554337501525879,0.48045190147681893,0.17478926948829354,0.3056626319885254
21313,CC1CN1CCC(N)=O,2.3199025832620275,5.49399995803833,3.626351118087769,3.1740973747763026,1.3064485348257415,1.867648839950561
21361,CC1CN=COC1C#N,3.815400500880742,3.5439999103546143,3.661501407623291,0.27140059052612786,0.1538990932574511,0.11750149726867676
21386,CC1CNC(=O)C(N)=N1,2.2521399672245312,2.066999912261963,2.265254020690918,0.18514005496256836,0.013114053466386721,0.17202600149618164
21388,CC1CNC(=O)C1,4.315093201087479,4.519999980926514,4.516751766204834,0.2049067798390345,0.2016585651173548,0.0032482147216796875
21415,CC1CNC(=O)NC1=O,4.314112290569193,4.465000152587891,4.452918529510498,0.1508878620186973,0.13880623894130473,0.012081623077392578
21433,CC1CNC(C#N)CO1,4.101177628630662,1.718000054359436,3.988881111145019,2.383177574271226,0.11229651748564295,2.270881056785583
21501,CC1COC(=N)N1C=O,6.502117639913492,4.211999893188477,7.142029285430908,2.2901177467250156,0.6399116455174161,1.6502061012075995
21544,CC1COC(=O)N1Cl,5.517484805827386,5.605999946594238,5.863655090332031,0.08851514076685252,0.3461702845046455,-0.25765514373779297
21576,CC1COC(C(N)=O)C1,3.344755218231855,3.2160000801086426,3.3223659992218018,0.12875513812321238,0.022389219010053196,0.10636591911315918
21586,CC1COC(C)(C)OC1,1.855079410326585,1.9550000429153442,1.0546115636825562,0.09992063258875916,0.8004678466440289,-0.7005472140552698
21618,CC1COC(C=O)O1,4.393573119225483,2.5959999561309814,3.954345464706421,1.7975731630945013,0.43922765451906187,1.3583455085754395
21637,CC1COC(CO)OC1,3.740485782940792,4.085000038146973,4.143564224243164,0.34451425520618084,0.40307844130237225,-0.058564186096191406
21688,CC1COC1CNC=O,3.8517846478075746,3.7769999504089355,3.2291054725646973,0.07478469739863902,0.6226791752428773,-0.5478944778442383
21762,CC1COCC=C1C=O,2.860988376413121,2.9489998817443848,1.946255445480347,0.08801150533126378,0.9147329309327741,-0.8267214256015103
21805,CC1COCOC1,2.204889723259898,2.194999933242798,1.8583616018295288,0.009889790017099997,0.34652812143036904,-0.33663833141326904
21821,CC1CONC1=O,2.9359008786321095,3.0199999809265137,2.7776544094085693,0.0840991022944042,0.15824646922354013,-0.07414736692913593
21826,CC1COP(=O)(O)O1,4.1623974305301195,4.785999774932861,4.609654903411865,0.6236023444027419,0.4472574728817458,0.1763448715209961
21845,CC1CS(=O)OC1=O,4.986617420467372,4.686999797821045,4.36698055267334,0.29961762264632696,0.619636867794032,-0.3200192451477051
21855,CC1CSC(=S)S1,5.377116534099726,6.173999786376953,5.387162685394287,0.7968832522772269,0.010046151294560879,0.786837100982666
21859,CC1CSC1=O,3.7234426384696286,4.186999797821045,3.741943597793579,0.4635571593514163,0.01850095932395046,0.4450562000274658
21927,CC1N=CNC1C#N,2.906379816890327,3.311000108718872,2.652674674987793,0.40462029182854486,0.25370514190253424,0.15091514992601063
21982,CC1NC(=O)C(=O)C1C,6.4660762361226665,6.953000068664551,6.3591718673706055,0.4869238325418843,0.106904368752061,0.3800194637898233
22051,CC1NC(=S)S1,5.168159960566711,5.99399995803833,5.294540882110596,0.8258399974716193,0.12638092154388492,0.6994590759277344
22064,CC1NC(C#N)CC1O,2.714149113908507,4.436999797821045,4.4545183181762695,1.722850683912538,1.7403692042677625,-0.01751852035522461
22099,CC1NC1(C)C#N,3.248243662178323,2.7790000438690186,3.7526869773864746,0.4692436183093043,0.5044433152081518,-0.0351996968988475
22170,CC1NC=NC1(C)C#N,6.055203864784169,5.51800012588501,5.78102970123291,0.5372037388991595,0.2741741635512591,0.2630295753479004
22174,CC1NCC(=N)OC1C,3.8225771142931344,3.609999895095825,3.7981557846069336,0.2125772191973092,0.02442132968620081,0.1881558895111084
22195,CC1NCC1(C#N)CO,2.949811137041612,3.2230000495910645,3.896082639694214,0.27318891254945266,0.9462715026526021,-0.6730825901031494
22265,CC1OC(=N)C1OC=O,4.193138729926275,3.062000036239624,3.1600921154022217,1.1311386936866512,1.0330466145240536,0.09809207916259766
22337,CC1OC(=O)C1F,4.450263479277791,4.598999977111816,4.217953205108643,0.1487364978340251,0.23231027416914873,-0.08357377633512364
22344,CC1OC(=O)C1S,4.008106860086815,3.880000114440918,4.298416614532471,0.12810674564589686,0.2903097544456559,-0.16220300879975902
22367,CC1OC(=O)NC1=N,2.732835606607589,2.950000047683716,2.6751224994659424,0.21716444107612665,0.05771310714164679,0.15945133393447986
22437,CC1OC(C)C(O)C1C,1.9977671431120976,2.927000045776367,1.424763798713684,0.9292329026642696,0.5730033443984135,0.3562295582658561
22452,CC1OC(C)C1C(N)=O,4.681704592080704,4.191999912261963,3.119746208190918,0.48970467981874144,1.5619583838897864,-1.072253704071045
22475,CC1OC(C=O)OC1=O,2.7780057826394717,1.1699999570846558,3.088872194290161,1.608005825554816,0.3108664116506894,1.2971394139041266
22511,CC1OC1(C#N)CC=O,4.3686892877681105,3.693000078201294,4.133955478668213,0.6756892095668166,0.2347338090998976,0.44095540046691895
22525,CC1OC1(C)C(F)(F)F,3.20535425496648,3.8889999389648438,2.608025074005127,0.6836456839983636,0.5973291809613532,0.08631650303701033
22530,CC1OC1(C)C(O)CO,3.122032560040034,2.1070001125335693,2.0824549198150635,1.0150324475064645,1.0395776402249703,-0.02454519271850586
22563,CC1OC1C,2.125774750292851,2.243000030517578,1.9869279861450195,0.11722528022472734,0.13884676414783126,-0.021621483923103924
22577,CC1OC1C(=O)C=O,2.061793590536545,2.322000026702881,1.5047858953475952,0.26020643616633565,0.55700769518895,-0.29680125902261434
22580,CC1OC1C(=O)CCO,2.646464440060713,4.10099983215332,1.7284185886383057,1.4545353920926072,0.9180458514224075,0.5364895406701997
22609,CC1OC1C(O)C=O,1.9890194099619605,2.8310000896453857,1.5053110122680664,0.8419806796834253,0.48370839769389407,0.3582722819895312
22651,CC1OC1COC=O,5.8603116200978835,2.446000099182129,5.701171875,3.4143115209157546,0.15913974509788353,3.255171775817871
22656,CC1OC1F,2.4517853480396767,3.1489999294281006,2.7550179958343506,0.6972145813884238,0.30323264779467385,0.39398193359375
22798,CC1OCC1(CO)CO,3.857487577259127,1.1740000247955322,1.9334348440170288,2.683487552463595,1.9240527332420982,0.7594348192214966
22812,CC1OCC1=NO,1.2293892164224962,1.4730000495910645,1.3649455308914185,0.24361083316856824,0.13555631446892225,0.108054518699646
22982,CC1OCOC1CO,2.158536227142513,2.431999921798706,1.993824481964111,0.273463694656193,0.16471174517840192,0.1087519494777911
22997,CC1ONC(=O)O1,3.4346967932100667,3.688999891281128,3.829982042312622,0.2543030980710612,0.39528524910255536,-0.14098215103149414
23012,CC1O[C@@H]1Br,2.4972909768011067,3.632999897003174,2.3981189727783203,1.1357089202020672,0.09917200402278636,1.0365369161792808
23017,CC1S(=O)(=O)OCCCOS1(=O)=O,6.1427440747048045,5.193999767303467,3.812464475631714,0.9487443074013377,2.3302795990730907,-1.381535291671753
23025,CC1SC1C,2.33962086450631,3.1700000762939453,2.2217371463775635,0.8303792117876352,0.11788371812874665,0.7124954936588885
23048,CC1SSCC1=O,0.3791354329758515,0.5699999928474426,0.792750895023346,0.19086455987159112,0.41361546204749444,-0.22275090217590332
23049,CC1SSCCC1=O,1.9794228012164137,1.7120000123977661,0.9918440580368042,0.26742278881864756,0.9875787431796095,-0.7201559543609619
23068,CC=C(F)C=O,4.541350272226314,2.7290000915527344,3.17081069946289,1.8123501806735796,1.3705395727634238,0.4418106079101558
23079,CC=C1CC1(F)F,2.72263969228506,3.822999954223633,3.014410972595215,1.1003602619385728,0.29177128031015487,0.808588981628418
23103,CC=CC(=O)C=O,2.7058642921043052,3.052999973297119,2.543553352355957,0.3471356811928139,0.1623109397483482,0.1848247414444657
23114,CC=CC(C)=O,3.145047473907267,3.48799991607666,3.1920006275177,0.342952442169393,0.04695315361043306,0.29599928855895996
23116,CC=CC(F)(F)Br,2.977250182952172,4.618000030517578,2.8855350017547607,1.6407498475654063,0.09171518119741107,1.5490346663679952
23117,CC=CC(F)(F)C=O,3.942547326263704,3.253000020980835,1.9247453212738037,0.6895473052828689,2.0178020049899,-1.3282546997070312
23122,CC=CC(N)=O,4.37999861275311,4.9070000648498535,4.342381000518799,0.5270014520967434,0.03761761223431126,0.48938383986243217
23127,CC=CCC1CC(=O)OC1=O,5.024044735254757,4.335999965667725,4.293660640716553,0.688044769587032,0.7303840945382039,-0.042339324951171875
23138,CC=COC(=O)S,1.2994929838242206,2.0230000019073486,1.7515360116958618,0.723507018083128,0.4520430278716412,0.2714639902114868
23140,CC=COC=O,2.1197385727354976,2.0460000038146973,1.7060787677764893,0.07373856892080033,0.41365980495900834,-0.339921236038208
23142,CC=COS(=O)O,2.141868269012235,1.0839999914169312,1.995938420295715,1.0578682775953037,0.1459298487165197,0.911938428878784
23145,CC=CS(=O)(=O)C=CC,5.42863379174718,5.190000057220459,4.427966117858887,0.23863373452672132,1.0006676738882936,-0.7620339393615723
23154,CC=NC(=O)NS,3.66045996854682,3.9860000610351562,3.5785934925079346,0.32554009248833626,0.08186647603888542,0.24367361644945085
23162,CC=NNC(=O)OC,1.1266896174844114,1.1640000343322754,1.8379175662994385,0.03731041684786396,0.711227948815027,-0.6739175319671631
23170,CCC#CC#CC(N)=O,4.678889211662641,5.230999946594238,4.525356769561768,0.5521107349315972,0.15353244210087347,0.39857829283072377
23194,CCC#CC(=O)NC=O,7.286862609170835,7.874000072479248,7.017894744873047,0.5871374633084132,0.26896786429778796,0.31816959901062525
23213,CCC#CC(C)OC,1.18597477741793,1.6549999713897705,0.5543573498725891,0.4690251939718406,0.6316174275453408,-0.16259223357350017
23222,CCC#CC(N)=O,4.28131803918861,4.704999923706055,3.8614234924316406,0.4236818845174444,0.4198945467569697,0.003787337760474685
23228,CCC#CC(O)C(N)=O,4.760683779599154,5.045000076293945,4.850290298461914,0.28431629669479097,0.08960651886275972,0.19470977783203125
23287,CCC#CCCC(N)=O,3.7765567785033,4.017000198364258,2.7011659145355225,0.24044341986095796,1.0753908639677774,-0.8349474441068194
23297,CCC#CCNC(C)=O,4.3111213821993495,4.406000137329102,4.359209060668945,0.09487875512975208,0.04808767846959583,0.04679107666015625
23327,CCC(=N)N(C)C=O,1.0137660969332312,3.11899995803833,1.6628515720367432,2.105233861105099,0.649085475103512,1.456148386001587
23329,CCC(=N)N(C=O)C=O,4.2437643423916525,2.88700008392334,4.26411247253418,1.3567642584683126,0.020348130142527232,1.3364161283257854
23368,CCC(=O)C#CC(N)=O,3.3300719078127186,5.627999782562256,3.377919435501098,2.2979278747495373,0.04784752768837963,2.2500803470611577
23369,CCC(=O)C#CC1CC1,3.8615247386320033,4.020999908447266,4.153995990753174,0.15947516981526233,0.29247125212117053,-0.1329960823059082
23385,CCC(=O)C(=N)NC=O,1.9279738614843216,4.285999774932861,2.5299527645111084,2.3580259134485395,0.6019789030267868,1.7560470104217527
23393,CCC(=O)C(=O)C(O)O,1.4328226671719562,2.4100000858306885,1.77459454536438,0.9771774186587323,0.34177187819242394,0.6354055404663084
23403,CCC(=O)C(=O)Cl,2.7604568206811693,2.2769999504089355,2.523784875869751,0.4834568702722337,0.2366719448114183,0.24678492546081543
23405,CCC(=O)C(=O)N(C)C,3.093834695179519,3.11299991607666,2.3040599822998047,0.019165220897141122,0.7897747128797143,-0.7706094919825732
23407,CCC(=O)C(=O)NC,1.333595749292135,1.559999942779541,1.3641666173934937,0.22640419348740592,0.03057086810135856,0.19583332538604736
23410,CCC(=O)C(=O)O,1.5603857501462943,1.9140000343322754,2.1825428009033203,0.35361428418598106,0.622157050757026,-0.2685427665710449
23468,CCC(=O)C(F)Cl,1.46876693978141,1.6119999885559082,1.353131890296936,0.14323304877449816,0.115635049484474,0.027597999290024156
23628,CCC(=O)CC1CO1,2.8386720861176657,3.5769999027252197,1.787545680999756,0.738327816607554,1.0511264051179097,-0.3127985885103557
23639,CCC(=O)CCC1CO1,1.51356457720429,1.9670000076293945,1.5305618047714231,0.4534354304251045,0.016997227567133066,0.4364382028579714
23659,CCC(=O)CNS(C)(=O)=O,4.456864195336806,6.35099983215332,3.805839061737061,1.8941356368165145,0.6510251335997448,1.2431105032167697
23660,CCC(=O)CO,4.350409842120194,2.2839999198913574,3.289980173110962,2.0664099222288366,1.060429669009232,1.0059802532196045
23691,CCC(=O)N(C=N)CC,3.402385992779154,1.0980000495910645,1.555840253829956,2.3043859431880898,1.8465457389491982,0.4578402042388916
23696,CCC(=O)N1C(=O)C(CC)(CC)C(=O)N1C(=O)CC,2.3775894929527652,5.416999816894531,4.113618850708008,3.039410323941766,1.7360293577552426,1.3033809661865234
23714,CCC(=O)N1CCCC1,4.233209585749131,4.614999771118164,4.532925605773926,0.38179018536903264,0.29971602002479436,0.08207416534423828
23723,CCC(=O)NC(=O)NC,6.357489939614582,5.376999855041504,5.918214321136475,0.980490084573078,0.43927561847810725,0.5412144660949707
23727,CCC(=O)NC(C)C,3.5979343108382835,4.223999977111816,3.253732919692993,0.6260656662735329,0.34420139114529036,0.2818642751282425
23733,CCC(=O)NC(N)=O,6.284061488418087,7.684999942779541,6.81694221496582,1.4009384543614543,0.5328807265477336,0.8680577278137207
23740,CCC(=O)NC=O,6.005073476111633,6.559000015258789,6.471684455871582,0.553926539147156,0.4666109797599489,0.08731555938720703
23756,CCC(=O)NCl,4.009902895293519,4.040999889373779,4.316040515899658,0.031096994080260565,0.30613762060613947,-0.2750406265258789
23759,CCC(=O)NN=O,5.0764799383556,5.440000057220459,5.457536697387695,0.3635201188648587,0.381056759032095,-0.017536640167236328
23760,CCC(=O)NO,3.3209216988812376,3.3540000915527344,3.4341180324554443,0.033078392671496815,0.11319633357420678,-0.08011794090270996
23763,CCC(=O)NSCl,4.46048333803823,4.355000019073486,4.811020851135254,0.10548331896474394,0.35053751309702363,-0.2450541941322797
23796,CCC(=O)OC=O,4.010611503162741,4.659999847412109,3.9234297275543217,0.6493883442493686,0.087181775608419,0.5622065686409496
23813,CCC(=O)OCCl,2.894568893240231,2.759999990463257,2.009976387023926,0.1345689027769743,0.8845925062163054,-0.750023603439331
23817,CCC(=O)OS(=O)O,2.990631475981954,3.4560000896453857,2.34315824508667,0.46536861366343185,0.647473230895284,-0.18210461723185212
23829,CCC(=O)c1ccccc1,3.013726162715559,3.2709999084472656,2.9586973190307617,0.2572737457317067,0.05502884368479721,0.20224490204690948
23830,CCC(=O)c1cccnc1,4.484612155210393,1.4390000104904175,1.433943510055542,3.0456121447199758,3.0506686451548513,-0.005056500434875488
23852,CCC(=S)OC,2.186935867678876,3.2709999084472656,2.9526705741882324,1.0840640407683897,0.7657347065093565,0.3183293342590332
23854,CCC(=S)SC,4.276078359183116,2.0869998931884766,1.7476074695587158,2.1890784659946396,2.5284708896244004,-0.33939242362976074
23858,CCC(Br)C(=O)N(C)C,3.7749488846360206,4.836999893188477,4.265965461730957,1.062051008552456,0.4910165770949364,0.5710344314575195
23861,CCC(Br)C(=O)OC(=O)C(Br)CC,4.067243135832912,6.013000011444092,3.046847105026245,1.9457568756111794,1.0203960308066673,0.9253608448045121
23866,CCC(C#CC#N)CC,5.698281758881377,5.23799991607666,5.610247611999512,0.46028184280471685,0.08803414688186528,0.37224769592285156
23867,CCC(C#CC#N)CO,4.735134699932003,4.019000053405762,5.196293354034424,0.7161346465262417,0.4611586541024204,0.2549759924238213
23899,CCC(C#N)C(=O)NC,0.9440191894676544,3.246999979019165,0.9181562066078186,2.3029807895515106,0.025862982859835792,2.277117806691675
23936,CCC(C#N)CC(C)=O,5.120186269772502,3.7279999256134033,3.965466737747192,1.3921863441590983,1.1547195320253096,0.23746681213378862
23947,CCC(C#N)CCO,3.042501096374965,4.64300012588501,3.318692207336426,1.6004990295100447,0.27619111096146076,1.324307918548584
23970,CCC(C#N)NC=O,4.121235108141009,3.890000104904175,3.49307632446289,0.23123500323683377,0.6281587836781184,-0.3969237804412846
23986,CCC(C#N)OP=O,4.5292524442334,3.072999954223633,3.2934730052948,1.456252490009767,1.2357794389386,0.220473051071167
23998,CCC(C(C)=O)S(=O)(=O)O,4.332395744450935,6.25,4.126761436462402,1.9176042555490653,0.20563430798853233,1.711969947560533
24017,CCC(C)(C#N)CC,4.041762131062757,3.740000009536743,4.172736644744873,0.3017621215260142,0.13097451368211566,0.17078760784389857
24023,CCC(C)(C#N)N(C)C,4.214499140449524,3.9089999198913574,3.88858413696289,0.3054992205581666,0.3259150034866338,-0.02041578292846724
24029,CCC(C)(C#N)OC=O,4.458144467799751,4.922999858856201,4.0706634521484375,0.46485539105645035,0.3874810156513133,0.07737437540513703
24035,CCC(C)(C)C(=O)NC,3.5143900523571916,4.054999828338623,2.4935364723205566,0.5406097759814315,1.020853580036635,-0.4802438040552035
24042,CCC(C)(C)C(N)C#N,2.9632532193878203,4.10099983215332,3.246002435684204,1.1377466127655,0.28274921629638383,0.8549973964691162
24050,CCC(C)(C)CC#N,4.2590596691016565,3.9089999198913574,3.752086877822876,0.35005974921029903,0.5069727912787805,-0.15691304206848145
24056,CCC(C)(C)CNC=O,3.858274426107567,4.314000129699707,3.2213337421417236,0.4557257035921398,0.6369406839658436,-0.18121498037370376
24061,CCC(C)(C)NC(=O)NC(N)=O,5.955726089578575,5.295000076293945,3.577536106109619,0.6607260132846298,2.378189983468956,-1.7174639701843262
24136,CCC(C)(O)COC=O,5.178981303524819,3.515000104904175,5.006038188934326,1.663981198620644,0.17294311459049272,1.4910380840301514
24173,CCC(C)C(=O)NC=N,1.7177433740827313,5.453999996185303,1.292433738708496,3.7362566221025713,0.42530963537423516,3.310946986728336
24174,CCC(C)C(=O)NC=O,5.989819354611329,6.609000205993652,4.780128002166748,0.6191808513823229,1.2096913524445814,-0.5905105010622584
24195,CCC(C)C(C)NC=O,3.993525353014399,4.535999774932861,3.37570858001709,0.5424744219184623,0.6178167729973092,-0.0753423510788469
24213,CCC(C)C1(C#N)CO1,4.025818143211821,3.687999963760376,3.713969230651855,0.3378181794514452,0.31184891255996616,0.025969266891479048
24249,CCC(C)C1NC(=O)OC1=O,5.67874593394435,5.9720001220703125,5.550134181976318,0.29325418812596293,0.1286117519680312,0.16464243615793173
24254,CCC(C)C1OC1C#N,3.8584208681581704,4.284999847412109,3.601745367050171,0.42657897925393895,0.2566755011079995,0.16990347814593942
24267,CCC(C)CC(=O)NC,3.5199916543139325,3.993000030517578,3.05462908744812,0.47300837620364566,0.46536256686581234,0.00764580933783332
24268,CCC(C)CC(=O)OC,1.56553338048045,2.2769999504089355,1.6138890981674194,0.7114665699284854,0.048355717686969335,0.6631108522415161
24291,CCC(C)CN=COC,2.9919584406741966,0.09799999743700027,2.586543083190918,2.8939584432371963,0.4054153574832786,2.4885430857539177
24294,CCC(C)CNC(N)=O,3.738761715207954,4.322999954223633,3.5692901611328125,0.5842382390156788,0.16947155407514147,0.41476668494053737
24295,CCC(C)CNC=O,4.021258386261444,4.388999938964844,4.053102493286133,0.36774155270340003,0.031844107024689094,0.33589744567871094
24310,CCC(C)N(C)C=O,4.36266571591557,4.357999801635742,4.542984962463379,0.004665914279827987,0.18031924654780873,-0.17565333226798074
24314,CCC(C)N(C=O)CC,4.327816078051235,4.413000106811523,3.898057460784912,0.0851840287602883,0.42975861726632303,-0.34457458850603473
24326,CCC(C)NC(=O)C=O,2.6262302410002585,3.1459999084472656,2.432173490524292,0.5197696674470071,0.1940567504759665,0.32571291697104066
24331,CCC(C)NC(C)=O,3.712825067138421,4.340000152587891,3.5182647705078125,0.6271750854494695,0.1945602966306086,0.43261478881886095
24333,CCC(C)NC(N)=O,3.697286154572078,4.501999855041504,3.180939197540283,0.804713700469426,0.5163469570317947,0.28836674343763136
24344,CCC(C)OC(=O)CN,2.1283794420445896,2.5380001068115234,1.1124507188796997,0.4096206647669338,1.01592872316489,-0.6063080583979561
24346,CCC(C)OC(=O)F,3.6168415702260086,4.249000072479248,4.0778489112854,0.6321585022532394,0.4610073410593918,0.17115116119384766
24349,CCC(C)OC(=S)S,5.40450403818503,4.853000164031982,4.0157270431518555,0.5515038741530471,1.388776995033174,-0.837273120880127
24350,CCC(C)OC(=S)SN,3.1527174689345383,5.198999881744385,4.19894552230835,2.0462824128098465,1.0462280533738113,1.0000543594360352
24366,CCC(C)OC=O,4.53649472568747,2.7709999084472656,4.419310569763184,1.7654948172402047,0.11718415592428677,1.648310661315918
24418,CCC(C=O)COC=O,6.043624226358722,4.552999973297119,4.0567946434021,1.4906242530616032,1.9868295829566227,-0.49620532989501953
24442,CCC(CC#N)C1CC1,4.327764206577935,3.9000000953674316,3.837504148483277,0.42776411121050373,0.49026005809465856,-0.06249594688415483
24459,CCC(CC(N)=O)OC,4.448484566935294,4.526000022888184,4.42228364944458,0.07751545595288967,0.02620091749071385,0.05131453846217582
24500,CCC(CC)OC(C)C,1.2228124987177784,1.1349999904632568,0.2925952076911926,0.08781250825452158,0.9302172910265858,-0.8424047827720642
24515,CCC(CC=O)COC,3.4413163345926314,3.259999990463257,3.3001182079315186,0.18131634412937458,0.14119812666111287,0.04011821746826172
24539,CCC(CO)C(=O)C#N,3.494535512747733,2.132999897003174,2.8417720794677734,1.3615356157445593,0.6527634332799597,0.7087721824645996
24600,CCC(Cl)C#N,3.688979186767768,3.484999895095825,4.154377460479736,0.20397929167194295,0.4653982737119682,-0.2614189820400252
24608,CCC(F)(F)Cl,2.5117558838286516,2.7279999256134033,2.5569851398468018,0.21624404178475176,0.0452292560181502,0.17101478576660156
24615,CCC(F)(F)SOOO,2.7718859259459805,3.996999979019165,1.8439964056015017,1.2251140530731846,0.9278895203444788,0.29722453272870575
24624,CCC(F)C#N,3.677779626678052,3.6429998874664307,3.827760696411133,0.03477973921162114,0.149981069733081,-0.11520133052145987
24650,CCC(N)C(=O)NC=O,5.007272127239601,5.500999927520752,5.233667373657227,0.4937278002811514,0.22639524641762598,0.2673325538635254
24651,CCC(N)C(=O)OC(=O)C(N)CC,2.6790019685163724,3.007999897003174,2.733811616897583,0.3289979284868014,0.05480964838121061,0.2741882801055908
24661,CCC(NC=O)C(C)=O,2.620691656477854,4.1579999923706055,1.5779510736465454,1.5373083358927513,1.0427405828313088,0.4945677530614425
24663,CCC(NC=O)C(C)O,2.3719435405180644,2.930000066757202,1.5742522478103638,0.5580565262391377,0.7976912927077007,-0.23963476646856297
24668,CCC(O)(C#N)C(=N)N,4.061120103240996,3.753000020980835,4.093299388885498,0.3081200822601611,0.03217928564450201,0.27594079661565907
24685,CCC(O)(C=O)C(N)=O,4.84199522629282,2.2660000324249268,3.0287206172943115,2.575995193867893,1.8132746089985083,0.7627205848693848
24689,CCC(O)(CC)C(C)=O,2.2456954927011368,1.968000054359436,1.808830499649048,0.27769543834170074,0.4368649930520887,-0.15916955471038796
24695,CCC(O)(CO)C(N)=O,2.931105368483383,2.812000036239624,1.4639911651611328,0.11910533224375897,1.4671142033222502,-1.3480088710784912
24705,CCC(O)C#CC(N)=O,2.828596774302932,5.25600004196167,3.3116378784179688,2.427403267658738,0.48304110411503665,1.9443621635437012
24708,CCC(O)C#CCOC,3.0638301856156493,1.9049999713897705,1.9356935024261477,1.1588302142258788,1.1281366831895017,0.030693531036377175
24751,CCC(O)C(C)OC=O,3.673247821126521,1.156000018119812,3.354089736938477,2.517247803006709,0.3191580841880439,2.198089718818665
24763,CCC(O)C(O)COC,1.6046866693955475,2.003000020980835,1.7706032991409302,0.39831335158528747,0.16591662974538268,0.23239672183990479
24843,CCC(O)CN=COC,2.1948839961991697,1.8650000095367432,2.3494420051574707,0.3298839866624266,0.15455800895830096,0.1753259777041256
24855,CCC(O)COC=NC,1.6364732003314455,1.6390000581741333,2.0601282119750977,0.002526857842687802,0.42365501164365216,-0.42112815380096436
24866,CCC(OC)C(=O)CO,2.9739848267771363,3.2669999599456787,3.7419426441192623,0.29301513316854244,0.767957817342126,-0.47494268417358354
24961,CCC1(C#N)CCOC1,3.0200908228598884,4.089000225067139,3.5928831100463867,1.0689094022072503,0.5727922871864983,0.49611711502075195
24978,CCC1(C#N)NC1C,3.203384580223681,2.8380000591278076,3.442838191986084,0.36538452109587327,0.2394536117624031,0.12593090933347018
25009,CCC1(C(=O)O)NC(=O)NC1=O,2.981852627112034,2.372999906539917,2.201854467391968,0.6088527205721168,0.7799981597200656,-0.17114543914794877
25036,CCC1(C(C)CO)CO1,3.2333323691596223,2.194000005722046,1.7122211456298828,1.0393323634375764,1.5211112235297395,-0.4817788600921631
25113,CCC1(C)CC(O)CO1,1.6872155943761908,2.632999897003174,1.2795281410217283,0.945784302626983,0.40768745335446255,0.5380968492725204
25120,CCC1(C)CC1C(C)=O,2.87179450415826,3.434999942779541,2.9355573654174805,0.563205438621281,0.06376286125922048,0.49944257736206055
25139,CCC1(C)CCCC1=O,2.85904166865761,3.058000087738037,2.817927598953247,0.198958419080427,0.04111406970436304,0.15784434937606395
25146,CCC1(C)CCO1,1.8491706658278904,1.8580000400543213,1.6458498239517212,0.00882937422643093,0.20332084187616917,-0.19449146764973824
25169,CCC1(C)CO1,2.0646549871731525,2.3469998836517334,1.3104612827301023,0.28234489647858085,0.7541937044430502,-0.4718488079644694
25200,CCC1(C)NC(=O)OC1=O,5.729174362390745,5.929999828338623,5.315930366516113,0.20082546594787765,0.4132439958746321,-0.21241852992675447
25355,CCC1(CC)OC1C#N,4.199650695375168,4.159999847412109,3.4673807621002197,0.039650847963058844,0.7322699332749485,-0.6926190853118896
25452,CCC1(NCC#N)CC1,4.396942704163254,2.8529999256134033,4.202517032623291,1.5439427785498507,0.19442567153996304,1.3495171070098877
25476,CCC1(O)CC1(C)C#N,5.766026857151227,3.878999948501587,5.095144271850586,1.8870269086496405,0.6708825853006415,1.216144323348999
25498,CCC1(O)CCOC1=O,3.677935362916416,3.7290000915527344,3.767817258834839,0.05106472863631817,0.08988189591842266,-0.03881716728210449
25522,CCC1(O)COCC1O,1.857535489697595,1.6579999923706055,1.6985820531845093,0.1995354973269896,0.1589534365130858,0.04058206081390381
25534,CCC1(OC)C=CCC1,1.0482355741376452,1.5269999504089355,0.6481931805610657,0.4787643762712903,0.40004239357657956,0.07872198269471076
25544,CCC1(OC)CC1C=O,2.953611829393896,2.5759999752044678,3.2821459770202637,0.37761185418942844,0.32853414762636746,0.049077706563060985
25565,CCC1(OC=NC)CC1,3.1167686290773378,0.4830000102519989,2.6382951736450195,2.633768618825339,0.47847345543231823,2.1552951633930206
25571,CCC1(OCC#N)CC1,3.510711750532479,2.6619999408721924,2.5411376953125,0.8487118096602866,0.969574055219979,-0.12086224555969238
25606,CCC1=C(O)C(=O)C(C)(CC)C1,2.997947297808,3.2130000591278076,2.943453073501587,0.21505276131980766,0.05449422430641304,0.16055853701339462
25630,CCC1=CC(=O)CNC1,4.214575671990207,4.447999954223633,4.240349292755127,0.23342428223342537,0.025773620764919514,0.20765066146850586
25719,CCC1=CCOC=NC1,2.3608428922706897,2.178999900817871,2.387665271759033,0.18184299145281857,0.02682237948834354,0.15502061196447503
25756,CCC1=NCC(C#N)O1,3.356390764753574,2.813999891281128,2.9141478538513184,0.5423908734724461,0.44224291090225565,0.10014796257019043
25815,CCC1C(=O)NC(=O)NC1=O,0.7335465686687449,1.2200000286102295,0.8318004608154297,0.4864534599414846,0.09825389214668478,0.3881995677947998
25894,CCC1C(O)C1NC=O,3.992645595696493,3.7320001125335693,2.153085231781006,0.2606454831629237,1.8395603639154872,-1.5789148807525635
26025,CCC1CC(=O)O1,4.619393264391948,4.861000061035156,4.6592888832092285,0.24160679664320828,0.03989561881728054,0.20171117782592773
26026,CCC1CC(=O)OC(=O)C1,6.044592181956217,5.829999923706055,5.892167091369629,0.21459225825016226,0.15242509058658804,0.06216716766357422
26031,CCC1CC(=O)OCO1,4.30665936940068,4.35099983215332,3.987792730331421,0.0443404627526407,0.3188666390692587,-0.274526176316618
26053,CCC1CC(C)(CC)O1,1.6945595884288776,1.8420000076293945,1.5313818454742432,0.14744041920051698,0.16317774295463439,-0.015737323754117405
26069,CCC1CC(C)CC1=O,3.0274077178333756,3.2760000228881836,2.9710869789123535,0.248592305054808,0.05632073892102207,0.19227156613378593
26074,CCC1CC(C)NC1=O,4.109153872159059,4.4070000648498535,4.23097038269043,0.2978461926907947,0.12181651053137088,0.17602968215942383
26139,CCC1CC1C#N,4.383517561813487,4.349999904632568,4.494060039520264,0.03351765718091837,0.11054247770677694,-0.07702482052585857
26166,CCC1CC1OC,1.1345498779633554,1.402999997138977,0.9970482587814332,0.26845011917562167,0.13750161918192216,0.1309484999936995
26177,CCC1CC=C(C)CO1,1.2741947978405506,1.6169999837875366,0.9835823774337769,0.34280518594698606,0.2906124204067737,0.05219276554021235
26232,CCC1CCC1COC,1.2022560451832485,1.3830000162124634,0.3593057990074157,0.1807439710292149,0.8429502461758327,-0.6622062751466178
26259,CCC1CCCOC=N1,2.384049922410683,2.1570000648498535,2.3621811866760254,0.22704985756082952,0.02186873573465764,0.20518112182617188
26369,CCC1CNC1C#N,4.787963159513787,2.8980000019073486,4.6130475997924805,1.889963157606438,0.17491555972130612,1.7150475978851318
26433,CCC1COC1C=O,4.300005679078985,3.125999927520752,3.777191400527954,1.1740057515582327,0.5228142785510306,0.6511914730072021
26489,CCC1N=COC1C,1.8462417807748568,1.9730000495910645,1.867547869682312,0.12675826881620766,0.021306088907455223,0.10545217990875244
26563,CCC1NCC1(O)C#N,2.5249914077821836,3.677999973297119,2.6197214126586914,1.1530085655149356,0.09473000487650785,1.0582785606384277
26580,CCC1OC(=N)C1NC,1.9784448424230832,3.555999994277954,2.260876178741455,1.577555151854871,0.2824313363183719,1.295123815536499
26619,CCC1OC(C#N)C1C,4.535191775264589,4.300000190734863,4.629567623138428,0.23519158452972544,0.09437584787383901,0.14081573665588643
26645,CCC1OC(C=O)C1=O,1.927952110732265,3.8570001125335693,2.925454378128052,1.9290480018013043,0.9975022673957872,0.9315457344055171
26655,CCC1OC1(C#N)C#N,4.757483723254972,4.188000202178955,5.3698601722717285,0.569483521076017,0.6123764490167565,-0.04289292794073951
26707,CCC1OC1CC,2.005535906406137,2.196000099182129,1.5906670093536377,0.19046419277599203,0.4148688970524992,-0.22440470427650716
26731,CCC1OC=NCC1O,1.7804912121629366,3.2160000801086426,0.9858132600784302,1.435508867945706,0.7946779520845064,0.6408309158611996
26743,CCC1OCC(C)C1=O,1.8336132046275675,1.8910000324249268,1.7459964752197266,0.05738682779735926,0.08761672940784093,-0.03022990161048167
26836,CCC=C(Cl)C#N,4.2081848207494,3.874000072479248,4.614810943603516,0.3341847482701521,0.4066261228541155,-0.07244137458396338
26837,CCC=C(F)Br,2.049348513438311,3.441999912261963,1.7277565002441406,1.3926513988236517,0.3215920131941705,1.0710593856294812
26867,CCCC#CCC(N)=O,4.4886491702714455,4.665999889373779,5.393811225891113,0.1773507191023338,0.9051620556196678,-0.727811336517334
26878,CCCC(=N)NC=O,4.751013251897463,6.1519999504089355,4.424047470092773,1.4009866985114723,0.3269657818046898,1.0740209167067825
26909,CCCC(=O)C(C)C=O,1.804447218792839,1.972000002861023,2.3167784214019775,0.16755278406818386,0.5123312026091384,-0.3447784185409546
26913,CCCC(=O)C(C)OC,2.7434676352682303,2.928999900817871,3.052971363067627,0.18553226554964075,0.3095037277993966,-0.12397146224975586
26936,CCCC(=O)C=C(O)CCC,2.388997307554663,3.494999885559082,3.7084264755249023,1.1060025780044191,1.3194291679702395,-0.2134265899658203
26937,CCCC(=O)C=CC=C(O)C(=O)O,3.9369862110040073,5.889999866485596,2.6894423961639404,1.9530136554815885,1.2475438148400668,0.7054698406415216
26959,CCCC(=O)N(C)C=O,4.181448891458233,4.624000072479248,3.643188714981079,0.442551181021015,0.538260176477154,-0.09570899545613898
26965,CCCC(=O)N1CCS(=O)CC1,3.0254434366247023,3.3970000743865967,2.5318734645843506,0.3715566377618944,0.4935699720403517,-0.12201333427845729
26977,CCCC(=O)NCC,3.57144869453594,4.068999767303467,3.7324159145355225,0.49755107276752675,0.1609672199995824,0.33658385276794434
26986,CCCC(=O)OC(=O)c1ccccc1O,2.676271121759812,4.901000022888184,3.7644317150115967,2.2247289011283717,1.0881605932517848,1.136568307876587
27020,CCCC(C#N)NC,4.779664476795885,2.8450000286102295,4.330939769744873,1.9346644481856554,0.44872470705101186,1.4859397411346436
27057,CCCC(C)C#N,4.344041283377013,3.7990000247955322,4.271605968475342,0.545041258581481,0.07243531490167143,0.47260594367980957
27062,CCCC(C)C(=O)NC,3.615004579991522,3.8889999389648438,3.362880229949951,0.27399535897332195,0.25212435004157063,0.021871008931751312
27068,CCCC(C)C(N)=O,3.695762561805106,4.390999794006348,1.406430959701538,0.6952372322012415,2.289331602103568,-1.5940943699023267
27106,CCCC(C=O)C(N)=O,1.5400546720020851,1.656999945640564,0.8703073859214783,0.11694527363847884,0.6697472860806069,-0.552802012442128
27107,CCCC(C=O)C1CO1,2.784405697941936,2.315000057220459,3.709008693695069,0.46940564072147684,0.924602995753133,-0.45519735503165615
27141,CCCC(C[N+](=O)[O-])OC,4.618100662841682,3.430999994277954,3.220085620880127,1.187100668563728,1.3980150419615551,-0.21091437339782715
27149,CCCC(N)=O,3.6959808983183056,4.107999801635742,4.159702301025391,0.4120189033174366,0.46372140270708506,-0.05170249938964844
27203,CCCC/C=C(/C)S(=O)CCS,4.953361062078301,2.7090001106262207,2.4546704292297363,2.24436095145208,2.4986906328485645,-0.2543296813964844
27204,CCCC/C=C/C1=C(C)C(=O)OC1=O,5.929619574591743,6.182000160217285,6.0473737716674805,0.25238058562554233,0.11775419707573764,0.1346263885498047
27277,CCCC1(CC)OC1C,2.1133358706563863,2.2179999351501465,1.3241631984710691,0.1046640644937602,0.7891726721853172,-0.684508607691557
27280,CCCC1(CCC)NC(=O)NC1=O,3.2216851437071377,3.615000009536743,3.017204523086548,0.3933148658296055,0.2044806206205898,0.1888342452090157
27310,CCCC1=C(O)C(=O)CC1,3.2293527532794943,3.319000005722046,3.84971284866333,0.08964725244255156,0.6203600953838357,-0.5307128429412842
27334,CCCC1C(=O)CC1O,3.556139929573283,1.246000051498413,2.891700267791748,2.31013987807487,0.6644396617815351,1.645700216293335
27409,CCCC1CCN1C=O,4.604651833893649,4.75,4.578799247741699,0.14534816610635115,0.02585258615194963,0.11949557995440152
27419,CCCC1CCOCO1,2.0460864807855033,2.4170000553131104,1.5302867889404297,0.3709135745276071,0.5157996918450736,-0.14488611731746648
27428,CCCC1CN=CO1,2.0568923932528618,2.1619999408721924,1.7917624711990356,0.10510754761933061,0.26512992205382613,-0.16002237443449552
27432,CCCC1CNC(=O)O1,5.353742835771913,5.728000164031982,5.26689338684082,0.37425732826006985,0.08684944893109225,0.2874078793289776
27478,CCCC1OC(=O)C1N,3.532331653463842,3.375999927520752,3.5685806274414062,0.15633172594308986,0.036248973977564436,0.12008275196552542
27506,CCCC1OCC(C)O1,1.3660953346366822,1.4170000553131104,1.104535698890686,0.05090472067642815,0.26155963574599617,-0.21065491506956802
27538,CCCCC#CS(=O)(=O)C(F)(F)F,5.803108097791725,6.288000106811523,5.629916667938232,0.48489200901979856,0.17319142985349245,0.3117005791663061
27551,CCCCC(=O)CC=O,2.7834818114850526,3.2160000801086426,2.5423824787139893,0.43251826862359,0.24109933277106332,0.19141893585252667
27563,CCCCC(=O)OCC,1.8587776057367775,2.303999900817871,1.4907360076904297,0.44522229508109357,0.36804159804634784,0.07718069703474573
27590,CCCCC(CC)COC(=O)Cl,3.666678275019146,3.6110000610351562,3.5332772731781006,0.05567821398398953,0.1334010018410452,-0.07772278785705566
27599,CCCCC(N=C=S)C(=O)OCC,5.03857851446319,5.453000068664551,4.887820243835449,0.4144215542013612,0.1507582706277404,0.2636632835736208
27677,CCCCCC(=O)CF,4.0545109023138854,1.3580000400543213,2.3448503017425537,2.696510862259564,1.7096606005713317,0.9868502616882324
27687,CCCCCC(=O)OC(=O)OCC,2.517031467083202,3.99399995803833,3.170614719390869,1.476968490955128,0.653583252307667,0.8233852386474609
27714,CCCCCCC1=C(CBr)C(=O)OC1=O,5.298730306423445,3.7060000896453857,4.65828800201416,1.592730216778059,0.6404423044092846,0.9522879123687744
27720,CCCCCCCNC(=O)O,2.4167897050526244,2.740999937057495,1.53342866897583,0.32421023200487076,0.8833610360767943,-0.5591508040719235
27722,CCCCCCCOC(=O)OC,0.6595747732866234,0.7829999923706055,0.7407615780830383,0.12342521908398207,0.08118680479641494,0.04223841428756714
27735,CCCCCCSC1N=NC(=O)NC1=O,3.5290198531606225,4.910999774932861,2.450545310974121,1.3819799217722388,1.0784745421865014,0.3035053795857374
27804,CCCCNC(=O)CC,3.596056896017229,3.9570000171661377,3.780293703079224,0.3609431211489085,0.18423680706199486,0.17670631408691362
27806,CCCCNC(=O)NC(=O)CCl,4.953763909277744,6.1479997634887695,4.975488662719727,1.1942358542110254,0.021724753441982436,1.172511100769043
27807,CCCCNC(=O)O,2.471810688565654,2.7049999237060547,2.1691794395446777,0.2331892351404008,0.30263124902097616,-0.06944201388057536
27812,CCCCNC=O,3.957339148426959,4.23799991607666,3.754385471343994,0.28066076764970127,0.20295367708296475,0.07770709056673653
27826,CCCCOC(=O)CN=C=O,5.20771016991476,5.0879998207092285,4.576434135437012,0.11971034920553159,0.6312760344777484,-0.5115656852722168
27827,CCCCOC(=O)CN=C=S,1.5009698453136553,1.0549999475479126,3.5210413932800293,0.4459698977657427,2.0200715479663742,-1.5741016502006315
27830,CCCCOC(=O)NC,2.441730376964583,2.806999921798706,1.1946498155593872,0.3652695448341232,1.2470805614051956,-0.8818110165710724
27834,CCCCOC(=S)N(C)C,3.747045541623293,4.934000015258789,3.291451930999756,1.1869544736354962,0.455593610623537,0.7313608630119592
27882,CCCCS(=O)(=O)C(C)C,4.5094469251252125,5.638000011444092,4.6672797203063965,1.1285530863188793,0.15783279518118398,0.9707202911376953
27887,CCCCS(=O)(=O)CCC,5.33790258331982,5.585000038146973,4.716424465179443,0.24709745482715295,0.6214781181403763,-0.3743806633132234
27889,CCCCS(=O)(=O)CCSC(C)=O,6.037950944388041,4.744999885559082,3.678366184234619,1.292951058828959,2.359584760153422,-1.066633701324463
27893,CCCCS(=O)(=O)N1CCCC1,3.704716415910015,4.493000030517578,4.611699104309082,0.7882836146075629,0.9069826883990668,-0.1186990737915039
27894,CCCCS(=O)(=O)NN=CC(=O)O,3.601335576341613,3.3989999294281006,3.477856397628784,0.20233564691351225,0.12347917871282865,0.0788564682006836
27896,CCCCS(=O)C(C)C,4.009690561935732,3.8550000190734863,3.6517279148101807,0.15469054286224537,0.35796264712555104,-0.20327210426330566
27901,CCCCS(=O)CCC(N)C(=O)O,4.376566879938908,4.3520002365112305,1.5674617290496826,0.024566643427677448,2.8091051508892253,-2.784538507461548
27908,CCCCS(C)(=O)=NC#N,8.539469696703732,8.824999809265137,7.24419641494751,0.28553011256140515,1.2952732817562218,-1.0097431691948167
27910,CCCCS(C)=O,4.0459526849839325,3.9749999046325684,3.9448421001434326,0.0709527803513641,0.10111058484049984,-0.030157804489135742
27934,CCCN(C)C(=O)NC,3.942446772246418,4.585000038146973,3.871589183807373,0.6425532659005548,0.07085758843904477,0.5716956774615101
27942,CCCN(C=N)C(C)=O,2.271142387128968,5.826000213623047,2.501509428024292,3.5548578264940787,0.23036704089532378,3.324490785598755
27945,CCCN(C=O)C(=N)N,0.8063144456549365,4.122000217437744,2.6338305473327637,3.3156857717828077,1.8275161016778272,1.4881696701049805
27946,CCCN(C=O)C(C)=N,1.4334708669918894,5.164000034332275,1.879403829574585,3.7305291673403858,0.44593296258269555,3.2845962047576904
27952,CCCN(C=O)C=O,6.444494205252268,3.8429999351501465,7.061285495758057,2.6014942701021218,0.6167912905057884,1.9847029795963333
27985,CCCN1CCC1=O,4.071825779286556,4.320000171661377,4.1197919845581055,0.2481743923748212,0.04796620527154971,0.20020818710327148
28002,CCCN=C(N)C(N)=O,2.228781947909071,2.2179999351501465,1.6053513288497925,0.01078201275892443,0.6234306190592784,-0.612648606300354
28015,CCCN=CNC=O,1.999011321816954,4.875,2.47458815574646,2.875988678183046,0.4755768339295059,2.40041184425354
28035,CCCNC(=O)C(N)=O,0.5996642343196751,0.5950000286102295,0.3102462291717529,0.00466420570944559,0.2894180051479222,-0.2847537994384766
28044,CCCNC(=O)CC=O,3.7330005469332144,2.0290000438690186,3.0543432235717773,1.7040005030641958,0.678657323361437,1.0253431797027588
28046,CCCNC(=O)CCO,2.4033540131833955,5.681000232696533,2.17859411239624,3.2776462195131377,0.2247599007871557,3.052886318725982
28055,CCCNC(=O)NCC,3.760906028877256,4.348999977111816,3.59810471534729,0.5880939482345604,0.16280131352996596,0.42529263470459444
28113,CCCOC(=O)N=S(C)(=O)CC,5.391319060838439,5.177000045776367,3.1474201679229736,0.21431901506207218,2.2438988929154657,-2.0295798778533936
28115,CCCOC(=O)NC=N,4.352238877844273,4.638000011444092,3.603203535079956,0.28576113359981914,0.7490353427643166,-0.46327420916449746
28121,CCCOC(=O)OC(C)C,0.3568435854319952,0.8629999756813049,0.5462336540222168,0.5061563902493098,0.18939006859022162,0.3167663216590882
28123,CCCOC(=O)OCCC,0.5351206435572423,0.9449999928474426,0.3005028665065765,0.4098793492902003,0.23461777705066583,0.17526157223953448
28159,CCCOC(C=O)CC,2.289341872825788,2.743000030517578,2.783332586288452,0.4536581576917902,0.4939907134626642,-0.04033255577087402
28188,CCCOC1CC1C=O,3.261394597771369,3.2079999446868896,3.756946325302124,0.05339465308447933,0.49555172753075505,-0.4421570744462757
28194,CCCOC1CCC1,1.0777769956652057,1.2730000019073486,0.4013276696205139,0.19522300624214295,0.6764493260446918,-0.4812263198025488
28222,CCCOCC(=N)OC,2.2229927736540307,1.7139999866485596,2.386998176574707,0.5089927870054711,0.16400540292067634,0.3449873840847948
28241,CCCOCC(N)=O,4.042141414104801,4.0289998054504395,4.183239459991455,0.013141608654361647,0.14109804588665398,-0.12795643723229233
28244,CCCOCC(O)C=O,3.081067383904717,1.805999994277954,2.997292995452881,1.2750673896267628,0.08377438845183605,1.1912930011749268
28249,CCCOCC1(C)CO1,1.9281100488153156,2.319000005722046,1.3126765489578247,0.39088995690673034,0.6154334998574909,-0.2245435429507605
28272,CCCOCCCC=O,3.47736848696075,3.99399995803833,4.221517562866211,0.5166314710775799,0.7441490759054608,-0.22751760482788086
28277,CCCOCCNC=O,4.3848753635569775,4.534999847412109,4.717152118682861,0.15012448385513188,0.33227675512588384,-0.18215227127075195
28289,CCCOS(=O)(=O)OC,3.775270018932387,4.848999977111816,3.853516101837158,1.0737299581794293,0.07824608290477109,0.9954838752746582
28292,CCCOS(=O)O,3.380226386422691,3.2079999446868896,2.321374893188477,0.17222644173580148,1.0588514932342141,-0.8866250514984126
28324,CCCP(O)O,1.706931149996065,2.427999973297119,2.4879708290100098,0.721068823301054,0.7810396790139447,-0.059970855712890625
28329,CCCS(=O)(=O)CCN(C)C,4.106238499461757,5.816999912261963,4.772708415985107,1.7107614128002062,0.6664699165233507,1.0442914962768555
28333,CCCS(=O)(=O)N1CCCC1,4.576822417700646,4.558000087738037,4.82145881652832,0.018822329962608464,0.24463639882767474,-0.22581406886506628
28341,CCCS(=O)/C=C\c1ccccc1,4.789963166118781,4.380000114440918,4.640817165374756,0.4099630516778632,0.1491460007440253,0.2608170509338379
28351,CCCS(C)=O,4.630616940185159,3.9519999027252197,4.041844844818115,0.6786170374599392,0.5887720953670437,0.08984494209289551
28353,CCCSC(=N)N,3.234103446194935,0.7440000176429749,1.4026384353637695,2.49010342855196,1.8314650108311654,0.6586384177207947
28355,CCCSC(=O)CCC,0.9729597004753536,1.0260000228881836,2.099454879760742,0.053040322412829966,1.1264951792853886,-1.0734548568725586
28371,CCC[C@@H](O)/C=C/S(C)=O,3.707267224481849,3.812999963760376,4.488437175750732,0.105732739278527,0.7811699512688834,-0.6754372119903564
28377,CCN(C#N)C(=O)S,5.509431497525482,2.7950000762939453,3.358307361602783,2.714431421231537,2.151124135922699,0.5633072853088379
28383,CCN(C(C)=N)C(N)=O,4.092456041764302,2.6519999504089355,1.6195491552352903,1.4404560913553661,2.472906886529011,-1.032450795173645
28391,CCN(C(N)=O)C1CC1,4.0715312682206655,4.671999931335449,2.914248466491699,0.6004686631147838,1.1572828017289662,-0.5568141386141825
28399,CCN(C)C(=O)C(C)O,4.742227593051394,3.885999917984009,4.1317853927612305,0.8562276750673856,0.6104422002901639,0.24578547477722168
28412,CCN(C)C(=O)N(C)C,3.402320788860456,4.072000026702881,3.5450751781463623,0.6696792378424248,0.14275438928590622,0.5269248485565186
28416,CCN(C)C(=O)NC=N,3.237305176761257,6.945000171661377,3.552483320236206,3.70769499490012,0.3151781434749492,3.392516851425171
28426,CCN(C)C(C)=O,3.894190612209607,4.531000137329102,3.2484443187713623,0.6368095251194945,0.6457462934382447,-0.008936768318750232
28451,CCN(C=N)C(N)=O,3.092074704902223,1.9709999561309814,1.7527536153793335,1.1210747487712416,1.3393210895228895,-0.21824634075164795
28468,CCN(C=O)C(C)=NC,2.0630386699264314,3.9489998817443848,1.9777309894561768,1.8859612118179534,0.08530768047025461,1.8006535313476988
28472,CCN(C=O)C(C)C=O,6.032406759869493,2.234999895095825,4.392221450805664,3.7974068647736674,1.6401853090638285,2.157221555709839
28475,CCN(C=O)C(N)=O,1.671914556010203,1.5700000524520874,3.1856908798217773,0.10191450355811549,1.5137763238115745,-1.411861820253459
28479,CCN(C=O)C1CCC1,4.152281771717995,4.704999923706055,4.448477268218994,0.55271815198806,0.2961954965009994,0.25652265548706055
28498,CCN(CC#N)C(C)=O,3.758736468593762,4.9070000648498535,3.5354251861572266,1.1482635962560916,0.2233112824365353,0.9249523138195563
28500,CCN(CC#N)C(N)=O,2.6336792211082476,3.2890000343322754,3.9718918800354,0.6553208132240278,1.3382126589271524,-0.6828918457031246
28516,CCN(CC)C(=S)S(C)=O,3.4740066871944815,3.822000026702881,4.557394027709961,0.3479933395083994,1.0833873405154795,-0.7353940010070801
28535,CCN(CCO)C(C)=O,5.951386612016161,4.2230000495910645,4.131299018859863,1.7283865624250963,1.8200875931562974,-0.09170103073120117
28549,CCN(O)C(=O)O,2.3627767015852297,1.7890000343322754,1.609196424484253,0.5737766672529543,0.7535802771009767,-0.17980360984802246
28566,CCN1C(=O)CC(=O)N(CC)C1=S,0.6434717796560988,0.5419999957084656,0.7434955835342407,0.10147178394763323,0.10002380387814191,0.001447980069491317
28575,CCN1C(=O)CCC1C,4.104779223585705,4.480999946594238,3.9892678260803223,0.37622072300853304,0.11551139750538297,0.26070932550315007
28576,CCN1C(=O)CN=C1C,3.4115491664831175,3.8269999027252197,3.105618953704834,0.41545073624210227,0.3059302127782835,0.1095205234638188
28624,CCN1CC(=O)NC1=O,3.019614351241527,3.4089999198913574,3.3777918815612793,0.3893855686498302,0.3581775303197521,0.031208038330078125
28646,CCN1CC(OC)C1=O,2.9700428333655675,3.2939999103546143,2.723346710205078,0.32395707698904674,0.2466961231604894,0.07726095382855735
28706,CCN1CCN(C)C1=O,3.995436377562057,4.552000045776367,4.020730495452881,0.5565636682143102,0.02529411789082392,0.5312695503234863
28722,CCN1OC1=O,3.773965462315643,3.36899995803833,4.082187652587891,0.40496550427731304,0.3082221902722475,0.09674331400506553
28748,CCN=C(N)C(=O)C=O,5.349755036060178,3.5759999752044678,2.6365933418273926,1.7737550608557102,2.7131616942327854,-0.9394066333770752
28798,CCN=C1COCCO1,2.4954870272700775,2.4730000495910645,2.3276610374450684,0.022486977679013087,0.16782598982500918,-0.1453390121459961
28799,CCN=C1COCO1,1.4241717026583904,1.3940000534057617,1.1458967924118042,0.03017164925262872,0.27827491024658624,-0.24810326099395752
28833,CCN=CN(C=O)C=O,6.480555816991409,3.125999927520752,6.617360591888428,3.3545558894706566,0.13680477489701914,3.2177511145736375
28896,CCNC(=O)C#CC=O,3.909562202810181,4.51200008392334,4.462773323059082,0.602437881113159,0.5532111202489012,0.04922676086425781
28898,CCNC(=O)C#CCl,3.8512007614118713,4.211999893188477,3.803902149200439,0.3607991317766053,0.04729861221143228,0.313500519565173
28909,CCNC(=O)C(C)=O,1.4515368537957063,1.7230000495910645,1.6501069068908691,0.27146319579535816,0.19857005309516285,0.07289314270019531
28919,CCNC(=O)C(N)=O,0.5153346658027708,0.5230000019073486,0.4686698615550995,0.007665336104577869,0.04666480424767128,-0.03899946814309341
28945,CCNC(=O)CC(C)C,3.436971949400704,4.059000015258789,3.3672330379486084,0.622028065858085,0.06973891145209565,0.5522891544059894
28978,CCNC(=O)NC(=O)CC#N,3.876378424630089,10.206000328063965,4.830365180969238,6.329621903433876,0.9539867563391491,5.375635147094727
28982,CCNC(=O)NC(N)=O,6.037032369569291,4.925000190734863,5.182640075683594,1.1120321788344274,0.8543922938856969,0.25763988494873047
28986,CCNC(=O)NC=O,6.7633219082228235,7.579999923706055,7.598002910614014,0.8166780154832312,0.8346810023911901,-0.018002986907958984
29005,CCNC(=S)NC#N,7.676273701573344,1.9579999446868896,3.3701345920562744,5.718273756886455,4.30613910951707,1.4121346473693848
29010,CCNC(C#N)C(C)=O,2.989532193270291,2.4609999656677246,2.699467658996582,0.5285322276025664,0.29006453427370893,0.23846769332885742
29014,CCNC(C#N)C(N)=O,3.632010499484486,5.085000038146973,3.700873851776123,1.4529895386624867,0.06886335229163709,1.3841261863708496
29023,CCNC(C#N)CN,4.82916388926569,3.681999921798706,4.307249546051025,1.1471639674669838,0.5219143432146645,0.6252496242523193
29024,CCNC(C#N)CNC,4.857484705756962,3.865000009536743,4.617188453674316,0.9924846962202185,0.24029625208264527,0.7521884441375732
29031,CCNC(C)(C#N)CO,3.564240177163549,2.1679999828338623,3.4424421787261963,1.3962401943296867,0.12179799843735273,1.274442195892334
29089,CCNOS(=O)(=O)O,2.772402917601204,5.449999809265137,4.612897872924805,2.6775968916639328,1.8404949553236007,0.837101936340332
29101,CCNS(=O)(=O)c1cccnc1Cl,6.736914354623495,5.10099983215332,4.536990642547607,1.6359145224701743,2.199923712075887,-0.5640091896057129
29109,CCO/N=[N+](\[O-])CC(=O)OCC,3.4082978645613475,4.479000091552734,2.936150312423706,1.0707022269913868,0.4721475521376415,0.5985546748537454
29111,CCOC,1.289520510633892,1.6269999742507935,0.9729797840118408,0.3374794636169014,0.31654072662205124,0.02093873699485016
29112,CCOC#CBr,2.6896710133929007,3.446000099182129,2.337730884552002,0.7563290857892282,0.35194012884089876,0.40438895694832944
29115,CCOC(=N)C#CC#N,3.812052949256355,3.678999900817871,4.011212348937988,0.13305304843848376,0.19915939968163343,-0.06610635124314967
29217,CCOC(=O)C(=O)CC,1.5551770553164772,1.5549999475479126,1.2432013750076294,0.00017710776856461052,0.3119756803088478,-0.3117985725402832
29223,CCOC(=O)C(=O)S,3.149397377250567,4.129000186920166,2.7099497318267822,0.9796028096695992,0.43944764542378456,0.5401551642458147
29303,CCOC(=O)C=S1CCCC1,6.273699593857849,6.760000228881836,3.3041350841522217,0.4863006350239871,2.969564509705627,-2.48326387468164
29305,CCOC(=O)CBr,2.4653789609486836,2.441999912261963,2.2688567638397217,0.023379048686720694,0.1965221971089619,-0.1731431484222412
29316,CCOC(=O)CC(N=C=S)C(=O)OCC,5.955049795070132,5.508999824523926,2.627697467803955,0.44604997054620643,3.327352327266177,-2.8813023567199707
29324,CCOC(=O)CCC(C(C)=O)=C(C)O,5.783239522060481,3.7309999465942383,3.5311601161956787,2.052239575466243,2.2520794058648024,-0.19983983039855957
29335,CCOC(=O)CCS(=O)CC,2.965395191463272,4.877999782562256,4.466754913330078,1.912604591098984,1.5013597218668062,0.41124486923217773
29351,CCOC(=O)COC=N,5.202526510819683,2.7850000858306885,4.591789245605469,2.4175264249889947,0.6107372652142145,1.8067891597747803
29356,CCOC(=O)CS(=O)(=O)OCC,2.2202416974389516,2.812999963760376,2.733999490737915,0.5927582663214244,0.5137577932989634,0.07900047302246094
29360,CCOC(=O)C[N+](=O)[O-],2.485469605973391,2.6080000400543213,3.0720598697662354,0.12253043408093012,0.5865902637928442,-0.46405982971191406
29378,CCOC(=O)N=C=S,2.98515346001468,2.7300000190734863,2.4669487476348877,0.25515344094119374,0.5182047123797924,-0.26305127143859863
29400,CCOC(=O)NC(N)=O,5.531984895721055,6.295000076293945,5.666797161102295,0.7630151805728902,0.1348122653812398,0.6282029151916504
29402,CCOC(=O)NC1=CC(=O)OC1=O,6.591128760634211,7.760000228881836,7.631640911102295,1.168871468247625,1.0405121504680839,0.12835931777954102
29409,CCOC(=O)NCCCl,3.580473793056138,3.4019999504089355,2.0200629234313965,0.17847384264720256,1.5604108696247416,-1.381937026977539
29428,CCOC(=O)OC(=O)C1CCCO1,4.472556713063667,4.0920000076293945,3.4166793823242188,0.3805567054342722,1.055877330739448,-0.6753206253051758
29430,CCOC(=O)OC(=O)CC1(C)SCCS1,2.2653869634526163,4.294000148773193,3.4443390369415283,2.028613185320577,1.178952073488912,0.849661111831665
29433,CCOC(=O)OC(=O)c1ccccc1,2.8335113152411404,4.182000160217285,4.277009963989258,1.3484888449761447,1.4434986487481174,-0.09500980377197266
29435,CCOC(=O)OC(C)Br,2.6895584502429575,4.307000160217285,2.5265657901763916,1.6174417099743277,0.16299266006656588,1.4544490499077618
29454,CCOC(=O)O[C@@H](C)Cl,2.1825728868054135,2.882999897003174,2.5750527381896973,0.7004270101977603,0.39247985138428376,0.30794715881347656
29457,CCOC(=O)S,3.276275857309331,1.9390000104904175,2.965230703353882,1.3372758468189136,0.3110451539554493,1.0262306928634644
29458,CCOC(=O)S(=N)(=O)CC,2.11350425998106,5.5370001792907715,3.15175199508667,3.4234959193097114,1.0382477351056099,2.3852481842041016
29464,CCOC(=O)SS,3.169558457498437,2.805000066757202,2.763755798339844,0.36455839074123464,0.4058026591585926,-0.041244268417357954
29465,CCOC(=O)[13CH2]Br,2.2086379489725454,2.5169999599456787,2.2546064853668213,0.3083620109731333,0.045968536394275894,0.2623934745788574
29478,CCOC(=O)c1cccc(N=C=S)c1,4.6659677735991965,0.628000020980835,4.733033657073975,4.0379677526183615,0.06706588347477815,3.9709018691435833
29481,CCOC(=O)c1cccs1,2.623741230339158,1.8930000066757202,1.7863914966583252,0.7307412236634376,0.8373497336808327,-0.10660851001739502
29488,CCOC(=O)c1cocn1,0.9203244265944526,1.1759999990463257,0.5676025748252869,0.2556755724518731,0.3527218517691657,-0.0970462793172926
29489,CCOC(=O)c1cscn1,3.417424281037317,1.3609999418258667,3.0938892364501953,2.0564243392114503,0.3235350445871217,1.7328892946243286
29503,CCOC(=S)SCCCS(=O)(=O)O,3.980240082409113,3.7730000019073486,5.479255676269531,0.20724008050176446,1.4990155938604182,-1.2917755133586537
29504,CCOC(=S)SCCSC,2.1613824534019175,4.364999771118164,0.3503212034702301,2.2036173177162466,1.8110612499316874,0.3925560677845592
29505,CCOC(=S)SF,2.8722046450012386,3.0250000953674316,3.8642361164093018,0.15279545036619302,0.9920314714080631,-0.8392360210418701
29547,CCOC(C)(C)CCO,2.4494402428229067,1.9199999570846558,1.8681375980377195,0.529440285738251,0.5813026447851872,-0.05186235904693626
29575,CCOC(C)C(C)=NO,1.262459599633598,0.8619999885559082,0.9379140734672546,0.4004596110776899,0.32454552616634347,0.07591408491134644
29579,CCOC(C)C(C)C=O,3.5112057851974705,4.019999980926514,3.4812934398651123,0.5087941957290432,0.029912345332358203,0.47888185039668496
29603,CCOC(C)C1COC1,3.3690420527490565,2.4760000705718994,2.447601795196533,0.8930419821771571,0.9214402575525233,-0.02839827537536621
29626,CCOC(C=O)=NC,1.9899466480898305,2.4619998931884766,1.983387351036072,0.4720532450986461,0.006559297053758462,0.46549394804488764
29628,CCOC(C=O)C(C)C,1.9868242182653295,2.177000045776367,2.1307523250579834,0.19017582751103768,0.1439281067926539,0.04624772071838379
29646,CCOC(CC)C(N)=O,4.123632899251069,3.4609999656677246,2.4317803382873535,0.6626329335833443,1.6918525609637154,-1.029219627380371
29651,CCOC(CC)CC#N,3.668878801834292,3.5290000438690186,3.8232204914093018,0.1398787579652736,0.1543416895750096,-0.014462931609735996
29657,CCOC(CCl)c1ccccc1,2.1830197504981,3.063999891281128,2.6564600467681885,0.880980140783028,0.47344029627008855,0.40753984451293945
29663,CCOC(CO)C(N)=O,2.3087528236229486,5.058000087738037,3.263176202774048,2.7492472641150885,0.9544233791510992,1.7948238849639893
29683,CCOC(F)(F)P,3.5168124118937216,1.746999979019165,2.7310876846313477,1.7698124328745566,0.785724727262374,0.9840877056121826
29685,CCOC(F)=C(F)F,2.812617020370757,3.7060000896453857,2.5370733737945557,0.8933830692746287,0.27554364657620134,0.6178394226984274
29705,CCOC1(C#N)CC1,3.752003635586144,3.255000114440918,3.835123300552368,0.49700352114522595,0.08311966496622425,0.4138838561790017
29724,CCOC1(C)CC1,1.232783961457149,1.5989999771118164,0.8761199116706848,0.36621601565466744,0.35666404978646415,0.009551965868203283
29750,CCOC1(C=O)CC1C,3.17553529705516,2.861999988555908,2.4233407974243164,0.3135353084992518,0.7521944996308436,-0.4386591911315918
29769,CCOC1=C(C#N)C(SC)=CS(C)(=O)=C1,5.678359907254568,4.765999794006348,5.948734283447266,0.9123601132482202,0.2703743761926978,0.6419857370555224
29771,CCOC1=C(O)C(=O)OC1C(O)CO,4.713867622141498,3.325000047683716,2.887661933898926,1.388867574457782,1.8262056882425721,-0.43733811378479004
29797,CCOC1C(C)C1(C)C,1.065381696454637,1.3170000314712524,0.7854127883911133,0.25161833501661546,0.2799689080635237,-0.028350573046908245
29837,CCOC1CC(=O)C1,3.4554380890766363,3.742000102996826,3.5423808097839355,0.2865620139201899,0.08694272070729925,0.19961929321289062
29891,CCOC1CC1OC=O,4.128430905811728,4.171000003814697,4.89310884475708,0.042569098002969596,0.7646779389453524,-0.7221088409423828
29896,CCOC1CC=CC1O,1.720641289225719,1.4989999532699585,1.6396400928497314,0.22164133595576052,0.08100119637598757,0.14064013957977295
29903,CCOC1CCC(C)O1,0.6936238291325931,0.4950000047683716,0.8236497640609741,0.19862382436422155,0.130025934928381,0.06859788943584055
29935,CCOC1CN(C)C1=O,2.939655100033244,3.2760000228881836,2.994044303894043,0.33634492285493955,0.05438920386079893,0.2819557189941406
30019,CCOCBr,2.8744996279183335,4.01200008392334,2.6454858779907227,1.1375004560050064,0.2290137499276108,0.9084867060773956
30084,CCOCC(C)C(N)=O,2.968195554723754,4.771999835968018,3.383481502532959,1.8038042812442634,0.4152859478092048,1.3885183334350586
30104,CCOCC(CC)CC,1.2283086987011114,1.6080000400543213,0.2272378504276275,0.3796913413532099,1.0010708482734838,-0.6213795069202739
30110,CCOCC(N)=O,3.939496718631899,3.4649999141693115,4.245123386383057,0.47449680446258746,0.30562666775115765,0.1688701367114298
30147,CCOCC1(CO)CC1,3.2404748389474913,2.5940001010894775,2.4621331691741943,0.6464747378580138,0.778341669773297,-0.1318669319152832
30156,CCOCC1=CCCC1,1.2348010207982845,1.4579999446868896,0.7838113903999329,0.22319892388860518,0.4509896303983516,-0.22779070650974642
30171,CCOCC1CC1,1.063423911068479,1.5679999589920044,0.9351347088813782,0.5045760479235253,0.12828920218710094,0.37628684573642435
30199,CCOCC1COC1=O,4.330425819481743,4.328999996185303,3.9467575550079346,0.001425823296440143,0.3836682644738083,-0.38224244117736816
30206,CCOCC1NC1C=O,2.730374821771319,3.3499999046325684,2.7036046981811523,0.6196250828612495,0.026770123590166506,0.592854959271083
30237,CCOCCC(C)C=O,3.5682392969295673,1.9570000171661377,3.0779459476470947,1.6112392797634296,0.4902933492824726,1.120945930480957
30270,CCOCCCCC=O,3.284458902910991,3.486999988555908,2.7328155040740967,0.20254108564491702,0.5516433988368945,-0.3491023131919775
30277,CCOCCCN=C=S,3.104633439345474,4.552000045776367,3.080210447311402,1.4473666064308932,0.024422992034072166,1.422943614396821
30278,CCOCCCNC=O,3.7922372968060034,3.1659998893737793,3.3070690631866455,0.6262374074322241,0.4851682336193579,0.1410691738128662
30283,CCOCCN(C)C=O,5.091981669077442,5.302000045776367,4.30833101272583,0.2100183766989252,0.7836506563516119,-0.5736322796526867
30286,CCOCCN=C=S,4.408236877643248,4.7789998054504395,3.556279182434082,0.3707629278071911,0.8519576952091663,-0.4811947674019752
30306,CCOCCOCC=O,3.194119452144213,2.8389999866485596,3.62976336479187,0.3551194654956533,0.4356439126476572,-0.08052444715200391
30307,CCOCCOCCO,2.0772079948868636,3.2929999828338623,2.3299803733825684,1.2157919879469987,0.2527723784957048,0.963019609451294
30314,CCOCO,2.157122152857192,0.7419999837875366,1.0522828102111816,1.4151221690696554,1.1048393426460104,0.310282826423645
30322,CCOCc1cccc(Cl)c1,1.0783924370812352,2.799999952316284,1.7759287357330322,1.721607515235049,0.697536298651797,1.024071216583252
30339,CCOCc1ncco1,1.0380152103867812,0.8939999938011169,0.6803373098373413,0.1440152165856643,0.35767790054943993,-0.21366268396377563
30343,CCOCc1nnc(NS(C)(=O)=O)s1,5.186373077481302,3.13100004196167,5.096445083618164,2.055373035519632,0.08992799386313788,1.9654450416564941
30355,CCOOC(F)F,2.3900806276754856,3.9630000591278076,2.273298978805542,1.572919431452322,0.11678164886994358,1.4561377825823785
30365,CCOP(=O)(N=C=O)OCC,3.4407317434767273,2.9630000591278076,3.219905376434326,0.47773168434891966,0.2208263670424011,0.25690531730651855
30379,CCOP(C#N)C#N,3.5227214530136384,3.1760001182556152,5.116425514221191,0.34672133475802314,1.593704061207553,-1.24698272644953
30380,CCOP(C)(=O)CN,3.249400508767228,2.7139999866485596,3.4902846813201904,0.5354005221186684,0.24088417255296246,0.29451634956570594
30381,CCOP(C)(=O)F,2.997235520674564,3.3269999027252197,3.5615384578704834,0.32976438205065595,0.5643029371959196,-0.23453855514526367
30388,CCOP(Cl)C#N,3.1380089214339466,4.185999870300293,4.055900573730469,1.0479909488663464,0.9178916522965221,0.13009929656982422
30389,CCOP(N)(=O)F,3.847715235393079,4.117000102996826,2.8872716426849365,0.26928486760374737,0.9604435927081423,-0.6911587251043949
30398,CCOP1(=O)OSO1,2.851011535777201,3.125999927520752,3.3171112537384033,0.27498839174355094,0.4660997179612023,-0.19111132621765137
30400,CCOS(=O)(=O)C(F)(F)F,4.0041658125932,4.250999927520752,3.9075422286987305,0.2468341149275517,0.09662358389446979,0.1502105310330819
30404,CCOS(=O)(=O)OC,3.820234922811288,4.572999954223633,2.968921184539795,0.7527650314123449,0.851313738271493,-0.09854870685914818
30405,CCOS(=O)(=O)OCC,4.038426020506293,4.204999923706055,2.6829187870025635,0.16657390319976173,1.3555072335037295,-1.1889333303039678
30414,CCOS(=O)OC(F)F,2.735266784938084,2.0299999713897705,2.1848535537719727,0.7052668135483136,0.5504132311661114,0.15485358238220215
30415,CCOS(=O)OCl,4.1735912632385155,1.7680000066757202,3.260378122329712,2.4055912565627953,0.9132131409088036,1.4923781156539917
30423,CCO[13C](=S)S,3.409634138611287,2.302000045776367,3.820138931274414,1.1076340928349198,0.4105047926631271,0.6971293001717926
30426,CCO[SiH2]C,1.4247308286580538,1.4490000009536743,0.4571085274219513,0.024269172295620534,0.9676223012361025,-0.943353128940482
30429,CCO[SiH2]N=C=O,3.6176306871599127,3.0320000648498535,3.3539819717407227,0.5856306223100591,0.26364871541919,0.32198190689086914
30430,CCO[SiH2]OCC,2.30432222118291,1.6829999685287476,0.5565565824508667,0.6213222526541626,1.7477656387320435,-1.1264433860778809
30433,CCO[SiH3],1.151478307563785,1.3300000429153442,0.8939364552497864,0.17852173535155913,0.25754185231399873,-0.0790201169624396
30434,CCO[SiH](C)C,0.8456306886523499,1.1299999952316284,0.3462715148925781,0.2843693065792785,0.4993591737597718,-0.2149898671804933
30438,CCO[SiH]=O,3.558503133131889,3.5220000743865967,3.4071924686431885,0.03650305874529236,0.15131066448870056,-0.1148076057434082
30439,CCO[Si]#N,6.394023703575191,7.5269999504089355,5.154790878295898,1.1329762468337448,1.2392328252792923,-0.10625657844554759
30497,CCOc1ccc(O)cc1,2.618411992794367,2.9260001182556152,0.3313274383544922,0.30758812546124803,2.287084554439875,-1.979496428978627
30498,CCOc1ccc(S(=O)(=O)OCC)cc1,6.357249806047763,7.394000053405762,5.835834503173828,1.0367502473579986,0.521415302873935,0.5153349444840636
30509,CCOc1cccnc1Br,5.101111016104138,6.349999904632568,4.728198051452637,1.2488888885284304,0.37291296465150126,0.8759759238769291
30550,CCOc1cnns1,5.086899094055154,5.01200008392334,4.908748626708984,0.07489901013181388,0.17815046734616935,-0.10325145721435547
30604,CCOc1nccnc1Cl,3.0238600354622,3.0910000801086426,2.8349177837371826,0.06714004464644274,0.18894225172501722,-0.12180220707857448
30613,CCOc1ncns1,3.1975242985856984,3.2739999294281006,3.453589677810669,0.07647563084240216,0.2560653792249705,-0.17958974838256836
30665,CCP(C#N)C#N,4.8058519676316305,4.36299991607666,5.183465957641602,0.4428520515549703,0.3776139900099711,0.06523806154499923
30675,CCP(OC)OC,1.3630501739587857,0.828000009059906,0.4720594584941864,0.5350501648988797,0.8909907154645993,-0.3559405505657196
30676,CCPC#N,4.308408615023801,3.7219998836517334,4.3577775955200195,0.5864087313720674,0.04936898049621874,0.5370397508758487
30678,CCPC(F)(F)F,2.734608064166151,3.490000009536743,2.1205484867095947,0.755391945370592,0.6140595774565565,0.14133236791403547
30679,CCPSC#N,3.660446541439092,5.3379998207092285,4.22752571105957,1.6775532792701364,0.5670791696204782,1.1104741096496582
30683,CCS(=O)(=O)C(C)(C)C,4.726451536185374,5.0970001220703125,4.661389350891113,0.3705485858849382,0.065062185294261,0.3054864005906772
30684,CCS(=O)(=O)C(C)(C)S(=O)(=O)CC,6.355632481796995,5.821000099182129,2.3681719303131104,0.5346323826148662,3.987460551483885,-3.4528281688690186
30694,CCS(=O)(=O)CC(C)=O,2.519605118856943,2.190999984741211,1.695401310920715,0.3286051341157319,0.8242038079362277,-0.4955986738204958
30701,CCS(=O)(=O)CCSP(=O)(O)OC,6.791387221630675,2.4000000953674316,5.648614406585693,4.391387126263243,1.1427728150449816,3.2486143112182617
30741,CCS(=O)C(C)Br,3.685027917938048,2.263000011444092,3.032533884048462,1.4220279064939563,0.6524940338895862,0.7695338726043701
30743,CCS(=O)C(F)(F)C(F)Cl,3.738454087601827,2.9539999961853027,3.784213781356811,0.7844540914165243,0.04575969375498401,0.7386943976615403
30752,CCS(=O)CC(=O)N1CCCCC1=O,6.39792560873648,3.9230000972747803,4.9019999504089355,2.4749255114616995,1.4959256583275442,0.9789998531341553
30758,CCS(=O)CCOP(=S)(OC)OC,3.70779220559174,3.740999937057495,4.736204624176025,0.033207731465755064,1.0284124185842853,-0.9952046871185303
30759,CCS(=O)CCS(=O)CC,6.02557783422639,5.686999797821045,1.979973316192627,0.33857803640534545,4.045604518033763,-3.707026481628418
30768,CCS(=O)c1ccc(OC)nn1,3.478631684730048,3.2839999198913574,4.120927810668945,0.19463176483869038,0.6422961259388975,-0.44766436110020713
30790,CCSC(=O)C(=O)S,3.1754281701667555,4.193999767303467,2.2254323959350586,1.0185715971367113,0.9499957742316969,0.0685758229050144
30794,CCSC(=O)C=O,2.428704410580389,2.3350000381469727,1.733805537223816,0.09370437243341634,0.6948988733565731,-0.6011945009231567
30822,CCSC(=S)SCCCS(=O)(=O)O,3.607405815998796,5.177999973297119,4.6758317947387695,1.570594157298323,1.0684259787399735,0.5021681785583496
30823,CCSC(C#N)=CBr,5.634101148021326,2.061000108718872,3.3776650428771973,3.573101039302454,2.256436105144129,1.3166649341583252
30835,CCSC(F)=C(F)F,2.370449062307359,3.380000114440918,2.6226162910461426,1.009551052133559,0.2521672287387835,0.7573838233947754
30863,CCSCC[N+](=O)[O-],3.5809661396147594,5.443999767303467,3.885645866394043,1.8630336276887074,0.30467972677928357,1.5583539009094238
30875,CCSNC(=O)Cl,4.04197648023815,3.3450000286102295,3.5517566204071045,0.6969764516279202,0.4902198598310452,0.206756591796875
30884,CCSPC#N,4.324660059987188,3.078000068664551,3.7400965690612793,1.2466599913226375,0.584563490925909,0.6620965003967285
30914,CCSc1ncnc(N)n1,0.9818419805427934,1.3300000429153442,3.832877159118652,0.34815806237255087,2.8510351785758585,-2.5028771162033077
30932,CC[C@@]1(C)OC(=O)OC1=O,4.601997218798196,4.776000022888184,4.558210849761963,0.17400280408998725,0.04378636903623345,0.1302164350537538
30933,CC[C@H](Br)C(=O)OC,2.2531604511294083,2.868000030517578,0.9844730496406556,0.6148395793881698,1.2686874014887528,-0.653847822100583
30936,CC[C@H](N)C(N)=O,3.51957522652775,3.940000057220459,3.368886232376098,0.420424830692709,0.15068899415165182,0.26973583654105715
30940,CC[C@H]1CCCC[S@]1=O,4.043484340666679,3.8469998836517334,4.113968849182129,0.19648445701494577,0.07048450851544974,0.12599994849949603
30942,CC[C@H]1CO1,2.035804997493454,2.309999942779541,1.7522029876708984,0.27419494528608723,0.28360200982255535,-0.009407064536468113
30946,CC[C@H]1SCC[C@H]1C,2.1173234592394428,2.9159998893737793,1.608608365058899,0.7986764301343365,0.5087150941805438,0.2899613359537927
30951,CC[SiH2]C(F)F,1.9814155223027352,3.006999969482422,2.175229549407959,1.0255844471796867,0.19381402710522377,0.8317704200744629
30953,CC[SiH2]CF,1.665744765694135,2.7290000915527344,1.4528387784957886,1.0632553258585993,0.21290598719834652,0.8503493386602528
30975,CCc1cc(C#N)c(N)s1,4.582968495452398,4.026000022888184,4.663107395172119,0.5569684725642148,0.08013889971972077,0.476829572844494
30997,CCc1ccc(F)cn1,2.078984787723245,2.5810000896453857,2.177579641342163,0.5020153019221407,0.09859485361891807,0.40342044830322266
31004,CCc1cccc(C)c1NS(C)(=O)=O,3.4469789579446983,4.039999961853027,3.054298639297486,0.593021003908329,0.39268031864721253,0.20034068526111648
31038,CCc1cocc1SC,1.6830211182168822,1.187000036239624,0.9983090758323668,0.49602108197725814,0.6847120423845153,-0.1886909604072572
31059,CCc1ncc(F)cn1,0.1144112419960108,0.9700000286102295,0.0232810042798519,0.8555887866142187,0.0911302377161589,0.7644585488980598
31077,CCc1noc(C#N)n1,3.645010915716496,3.193000078201294,3.927412271499634,0.4520108375152021,0.28240135578313774,0.16960948173206436
31083,CCc1nsc(F)n1,0.4753018128024973,1.187999963760376,0.8992676138877869,0.7126981509578787,0.4239658010852896,0.2887323498725891
31099,CCn1ccc(C#N)c1,7.172428183108624,6.9079999923706055,7.189038276672363,0.2644281907380188,0.016610093563738992,0.24781809717427983
31140,CN(C#N)NC(=O)O,4.920371895996309,5.057000160217285,4.973388195037842,0.13662826422097574,0.05301629904153238,0.08361196517944336
31146,CN(C(=N)N)C(=O)C=O,1.9785971357045593,1.9850000143051147,1.755827784538269,0.0064028786005554394,0.22276935116629026,-0.21636647256573482
31173,CN(C)C(=O)C#CC=O,4.630318376678356,4.118000030517578,4.288326263427734,0.5123183461607779,0.3419921132506216,0.17032623291015625
31185,CN(C)C(=O)C(O)C=O,6.4060242414195745,3.924999952316284,5.2689924240112305,2.4810242891032903,1.137031817408344,1.3439924716949463
31209,CN(C)C(=O)CCN,3.0744442793550406,5.48799991607666,2.2014732360839844,2.4135556367216195,0.8729710432710562,1.5405845934505633
31231,CN(C)C(=O)O,2.615715678521338,2.999000072479248,2.3005969524383545,0.38328439395791003,0.3151187260829835,0.0681656678749265
31242,CN(C)C(=O)SCl,4.868813907723675,4.84499979019165,4.095472812652588,0.02381411753202478,0.7733410950710873,-0.7495269775390625
31244,CN(C)C(=S)C#N,5.941555523792072,6.440999984741211,5.735331058502197,0.49944446094913886,0.20622446528987481,0.29321999565926404
31245,CN(C)C(=S)C(N)=O,2.783215409696349,2.7639999389648438,2.476046085357666,0.019215470731505313,0.30716932433868305,-0.28795385360717773
31277,CN(C)C(CO)C(N)=O,3.2554272865914826,5.238999843597412,3.4845433235168457,1.9835725570059295,0.2291160369253631,1.7544565200805664
31285,CN(C)C1(C#N)CC1O,3.462324168511166,3.4000000953674316,3.0999603271484375,0.06232407314373445,0.3623638413627286,-0.30003976821899414
31330,CN(C)CC(=N)NC=O,5.342716144857728,4.50600004196167,5.833591938018799,0.8367161028960579,0.490875793161071,0.3458403097349869
31343,CN(C)CC(C#N)C=O,2.493459231241685,3.509000062942505,3.1849000453948975,1.0155408317008199,0.6914408141532125,0.3241000175476074
31353,CN(C)CC1CCCC1=O,2.7347214723774544,2.865000009536743,3.099332571029663,0.13027853715928872,0.36461109865220864,-0.23433256149291992
31355,CN(C)CCC#N,4.339088693768731,3.611999988555908,4.2772955894470215,0.7270887052128225,0.06179310432170926,0.6652956008911133
31363,CN(C)COC(=S)S,4.020982883683703,5.116000175476074,2.9797263145446777,1.095017291792371,1.0412565691390254,0.05376072265334564
31368,CN(C)NC=O,2.827665082083863,3.059999942779541,2.95621109008789,0.2323348606956781,0.12854600800402727,0.10378885269165083
31385,CN(C)S(=O)(=O)Cc1ccccc1,3.6799020099804296,5.474999904632568,4.1306633949279785,1.7950978946521388,0.4507613849475489,1.3443365097045898
31388,CN(C)S(=O)(=O)c1ccc(F)cc1,3.8966769294422017,4.750999927520752,3.5112271308898926,0.8543229980785503,0.3854497985523091,0.4688731995262412
31390,CN(C)S(=O)(=O)c1ccc(O)cc1,5.928713178418361,6.486000061035156,4.782763957977295,0.5572868826167952,1.1459492204410662,-0.588662337824271
31397,CN(C)SC#N,3.6543576148272807,3.2300000190734863,4.419928073883057,0.4243575957537944,0.7655704590557759,-0.34121286330198153
31405,CN(C=N)C(=O)C(N)=O,1.967506553411672,2.7209999561309814,1.4150850772857666,0.7534934027193094,0.5524214761259054,0.201071926593404
31413,CN(C=N)C(=O)NC=O,4.795307288796611,8.164999961853027,3.3300352096557617,3.3696926730564165,1.4652720791408491,1.9044205939155674
31452,CN(C=O)C(C)(C)C#N,4.222618638755398,1.5570000410079956,3.7001447677612305,2.665618597747402,0.5224738709941672,2.143144726753235
31491,CN(C=O)C=NCC#N,3.129739116527912,3.4200000762939453,1.9148495197296145,0.2902609597660333,1.2148895967982976,-0.9246286370322643
31509,CN(C=O)CC(O)C=O,4.88994853917308,4.7129998207092285,2.4337918758392334,0.1769487184638514,2.4561566633338465,-2.279207944869995
31522,CN(C=O)CC=O,1.3700449536769188,4.2829999923706055,1.6002658605575562,2.9129550386936867,0.23022090688063734,2.6827341318130493
31543,CN(C=O)NC=O,3.1487503930546072,3.0390000343322754,2.256184339523315,0.10975035872233185,0.8925660535312923,-0.7828156948089604
31563,CN(C=O)c1cnc[nH]1,3.7720167745404503,3.372999906539917,1.9382113218307495,0.39901686800053326,1.8338054527097007,-1.4347885847091675
31565,CN(C=O)c1cnno1,2.138705985983706,1.190000057220459,1.2659298181533811,0.9487059287632471,0.872776167830325,0.07592976093292214
31586,CN(CC#N)C1CCC1,4.464594668031219,4.110000133514404,4.437738418579102,0.35459453451681444,0.026856249452117176,0.32773828506469727
31596,CN(CC#N)CCCO,5.292384144513206,3.0829999446868896,4.344329833984375,2.2093841998263164,0.948054310528831,1.2613298892974854
31615,CN(CCC#N)C(N)=O,7.015366098862031,1.652999997138977,8.475317001342773,5.362366101723054,1.4599509024807427,3.902415199242311
31618,CN(CCC=O)C(N)=O,4.874547044568652,2.8429999351501465,6.068565368652344,2.031547109418505,1.1940183240836921,0.837528785334813
31622,CN(CCO)C(=O)C#N,5.565632238056286,5.639999866485596,5.6072587966918945,0.07436762842931,0.041626558635608824,0.03274106979370117
31629,CN(CCl)C(=O)Cl,3.901986896282685,3.6760001182556152,3.529536247253418,0.22598677802706968,0.37245064902926694,-0.14646387100219727
31639,CN(Cl)C(=O)F,3.390043388492504,4.120999813079834,3.805089473724365,0.7309564245873301,0.41504608523186093,0.3159103393554692
31648,CN(F)C(F)F,0.9848761334794336,4.144000053405762,3.1769912242889404,3.159123919926328,2.192115090809507,0.9670088291168213
31651,CN(F)CC#N,3.4299046980906245,3.5369999408721924,3.4074649810791016,0.1070952427815679,0.02243971701152292,0.08465552577004498
31657,CN(N)C(N)=O,4.346243571789199,4.7210001945495605,3.734253406524658,0.37475662276036115,0.6119901652645412,-0.23723354250418005
31670,CN(O)C(=O)C=O,1.601130676403247,1.8170000314712524,2.1126275062561035,0.21586935506800553,0.5114968298528566,-0.2956274747848511
31683,CN(S)C#N,4.550645305293156,4.425000190734863,4.598700523376465,0.12564511455829308,0.04805521808330848,0.0775898964749846
31711,CN1C(=N)CCCC1=O,1.0706742669864624,1.343000054359436,1.5172886848449707,0.27232578737297364,0.4466144178585083,-0.17428863048553467
31718,CN1C(=N)COC1=O,3.337306065497692,2.9079999923706055,3.4139821529388428,0.4293060731270866,0.07667608744115073,0.35262998568593584
31729,CN1C(=N)SCC1=O,1.552923829165495,0.7990000247955322,0.9044482111930848,0.7539238043699628,0.6484756179724102,0.1054481863975526
31767,CN1C(=O)CCNC1=O,3.666381554651372,3.928999900817871,3.5171053409576416,0.26261834616649926,0.14927621369373023,0.11334213247276903
31884,CN1C=NCC1C#N,3.7240311411321847,3.8420000076293945,3.704493522644043,0.11796886649720983,0.019537618488141728,0.0984312480090681
31888,CN1C=NCCOC1=O,2.79457403623237,3.0959999561309814,2.0038909912109375,0.30142591989861156,0.7906830450214324,-0.4892571251228208
31936,CN1CC(=O)NC1=N,1.1511761682368975,4.261000156402588,0.899665892124176,3.10982398816569,0.2515102761127215,2.8583137120529685
31946,CN1CC(Br)C(=O)NC1=O,4.396616634882807,5.3470001220703125,4.266445636749268,0.9503834871875059,0.13017099813353905,0.8202124890539668
31975,CN1CC(C)(CO)C1=O,4.615335246927065,5.573999881744385,3.7458291053771977,0.9586646348173193,0.8695061415498677,0.08915849326745162
31982,CN1CC(C=O)C1=O,3.5634474804510137,6.422999858856201,3.426086187362671,2.8595523784051875,0.13736129308834277,2.7221910853168447
32009,CN1CC(NC=O)C1,4.374833192354074,3.802000045776367,3.542257308959961,0.5728331465777066,0.8325758833941128,-0.25974273681640625
32063,CN1CC1(C)COC=O,5.010691253979404,3.0899999141693115,3.0676677227020264,1.9206913398100927,1.9430235312773778,-0.022332191467285156
32131,CN1CC=CC1=O,4.498195974525869,4.9629998207092285,4.522917747497559,0.4648038461833597,0.02472177297168976,0.4400820732116699
32167,CN1CCC(CN)CC1=O,5.254530279347484,3.9179999828338623,4.8600077629089355,1.3365302965136214,0.3945225164385482,0.9420077800750732
32169,CN1CCC(N)(C#N)C1,2.431459936985892,2.812000036239624,3.6715962886810303,0.3805400992537322,1.2401363516951385,-0.8595962524414062
32204,CN1CCCC(=O)NC1=O,4.885671896255481,5.039999961853027,5.284615993499756,0.15432806559754653,0.39894409724427504,-0.24461603164672852
32215,CN1CCCCNC1=O,4.189305030471702,4.598999977111816,4.135354995727539,0.40969494664011474,0.0539500347441626,0.35574491189595214
32223,CN1CCCOCC1=O,4.885081760219452,5.451000213623047,4.554316520690918,0.5659184534035946,0.3307652395285343,0.23515321387506027
32230,CN1CCN(C=O)C1=O,7.301568634258723,6.061999797821045,7.467548847198486,1.2395688364376785,0.16598021293976295,1.0735886234979155
32246,CN1CCNCC1=O,4.05147086296262,4.394999980926514,3.763448715209961,0.34352911796389396,0.2880221477526588,0.055506970211235185
32270,CN1CCSC1=S,5.823266412972772,6.916999816894531,5.900665283203125,1.0937334039217594,0.07739887023035319,1.0163345336914062
32271,CN1CN(C)C(=O)OC1=O,7.478630485886706,8.147000312805176,7.524007797241211,0.6683698269184699,0.04537731135450507,0.6229925155639648
32274,CN1CN=CC1=O,3.3675989904587302,3.9000000953674316,3.289435386657715,0.5324011049087014,0.07816360380101539,0.454237501107686
32283,CN1COC=C1Br,1.620896917658014,2.861999988555908,1.4874815940856934,1.2411030708978943,0.13341532357232055,1.1076877473255737
32291,CN1CSC1,1.951520784046786,2.7679998874664307,1.7160000801086426,0.8164791034196446,0.2355207039381435,0.5809583994815011
32304,CN1NCOO1,2.2076336720605783,2.5859999656677246,3.027193546295166,0.37836629360714635,0.8195598742345878,-0.4411935806274414
32308,CN1NOCC1=O,2.4634602973695054,2.8959999084472656,2.7945618629455566,0.4325396110777602,0.3311015655760512,0.10143804550170898
32316,CN1OC=CS1,0.8592628750805463,2.3269999027252197,0.7211704254150391,1.4677370276446733,0.13809244966550727,1.329644577979166
32326,CN=C(C#N)N(C)C=N,1.0202780497468595,1.4800000190734863,0.6415488719940186,0.4597219693266268,0.378729177752841,0.0809927915737858
32339,CN=C(C#N)NO,1.70959178285428,1.2630000114440918,3.641515731811523,0.44659177141018813,1.931923948957243,-1.485332177547055
32357,CN=C(C)N(C)C=O,3.979937842160034,5.204999923706055,4.370682239532471,1.2250620815460205,0.3907443973724365,0.834317684173584
32360,CN=C(C)NC#N,6.385659300841482,4.251999855041504,4.4060282707214355,2.133659445799978,1.9796310301200464,0.15402841567993164
32373,CN=C(C)OC(C)C#N,4.933953218415205,3.743000030517578,4.317925930023193,1.1909531878976267,0.6160272883920115,0.5749258995056152
32387,CN=C(C)OCC(N)=O,3.3191867874299916,5.370999813079834,3.7453222274780273,2.0518130256498424,0.4261354400480357,1.6256775856018066
32418,CN=C(CCl)NC#N,5.627266000974189,3.1549999713897705,2.9252395629882812,2.4722660295844188,2.702026437985908,-0.22976040840148926
32468,CN=C(N)N(C)C(C)=O,1.169679315115167,3.691999912261963,2.2989368438720703,2.5223205971467957,1.1292575287569033,1.3930630683898924
32470,CN=C(N)N(C=N)C=O,3.16620003793527,4.224999904632568,3.3368701934814453,1.0587998666972984,0.17067015554617537,0.888129711151123
32472,CN=C(N)N(O)C#N,3.987737283969953,5.146999835968018,2.8326330184936523,1.1592625519980646,1.1551042654763006,0.004158286521763976
32480,CN=C(N)NC=O,0.8541140858474238,4.456999778747559,1.523243427276611,3.6028856929001347,0.6691293414291873,2.9337563514709473
32481,CN=C(N)NSC#N,4.719596294392335,5.738999843597412,2.744929075241089,1.0194035492050775,1.9746672191512458,-0.9552636699461683
32485,CN=C(NC#N)S(=O)(=O)O,4.44322633548774,3.8480000495910645,2.506272315979004,0.5952262858966755,1.936954019508736,-1.3417277336120605
32515,CN=C(OC=O)C(=N)N,3.4101173529958935,3.9100000858306885,3.1559460163116455,0.499882732834795,0.25417133668424796,0.24571139615054705
32526,CN=C(c1cccc(C)c1)C(C#N)C=S,4.9383355846205195,2.578000068664551,2.9742510318756104,2.3603355159559687,1.9640845527449091,0.39625096321105957
32636,CN=C1CN(C)C(=O)N1,1.5632637731528405,4.377999782562256,1.0075393915176392,2.8147360094094154,0.5557243816352013,2.259011627774214
32662,CN=C1COC(=O)O1,3.442473871484064,3.8510000705718994,3.410832166671753,0.4085261990878353,0.03164170481231121,0.37688449427552406
32715,CN=C1NCC1OC=O,6.096303862964737,2.8940000534057617,6.911631107330322,3.202303809558975,0.8153272443655855,2.3869765651933896
32752,CN=C1OC(C)OC1C,1.4531369026674832,1.527999997138977,1.3365520238876345,0.07486309447149386,0.11658487877984869,-0.041721784308354826
32845,CN=CC(F)(F)F,3.349921605101434,1.9769999980926514,2.342139720916748,1.3729216070087826,1.007781884184686,0.3651397228240967
32853,CN=CN(C)C(=N)OC,0.1737068351079712,1.7400000095367432,1.5538313388824463,1.566293174428772,1.3801245037744752,0.18616867065429688
32855,CN=CN(C)C(=O)NC,3.2179342751930076,3.5739998817443848,0.6802793145179749,0.3560656065513772,2.5376549606750327,-2.1815893541236555
32864,CN=CN(C=O)C(=N)N,1.6956461560630531,2.9779999256134033,1.31683611869812,1.2823537695503502,0.37881003736493324,0.903543732185417
32870,CN=CN(C=O)C=NC,2.7895855806162655,4.622000217437744,3.266639471054077,1.8324146368214786,0.47705389043781166,1.355360746383667
32874,CN=CN(C=O)CCO,5.33047995772109,3.1540000438690186,2.872607707977295,2.176479913852072,2.4578722497437955,-0.28139233589172363
32875,CN=CN1C(=O)CC1C,5.333760911934576,4.539000034332275,3.3477654457092285,0.7947608776023003,1.9859954662253472,-1.1912345886230469
32902,CN=CNC(=O)C=O,1.1987612978485604,3.250999927520752,1.421410322189331,2.0522386296721917,0.2226490243407706,1.8295896053314211
32913,CN=CNC(C#N)C=O,5.736184059219145,8.060999870300293,2.8083887100219727,2.324815811081148,2.927795349197172,-0.6029795381160241
32915,CN=CNC=O,4.9174606940098915,5.068999767303467,2.105950355529785,0.1515390732935753,2.8115103384801063,-2.659971265186531
32924,CN=COC(=O)C1CC1,0.8300452392699538,3.0959999561309814,0.8626474142074585,2.2659547168610277,0.032602174937504724,2.233352541923523
32954,CN=COC(C)C1CC1,3.039571547304703,0.23100000619888306,1.4396861791610718,2.80857154110582,1.5998853681436311,1.2086861729621887
33053,CN=COCCC=O,3.060714238848044,3.0269999504089355,2.6761631965637207,0.0337142884391084,0.38455104228432324,-0.35083675384521484
33077,CN=COc1cnco1,2.8213631817032763,2.6010000705718994,2.212871789932251,0.22036311113137685,0.6084913917710253,-0.38812828063964844
33090,CN=NC(=O)NN,3.810363370280863,3.1659998893737793,2.8598744869232178,0.6443634809070837,0.9504888833576453,-0.3061254024505615
33099,CN=S1(=O)CCOCC1,2.2279961162313544,2.2260000705718994,2.3809359073638916,0.0019960456594549925,0.1529397911325372,-0.1509437454730822
33172,CN=c1occ(C#N)o1,4.393632081440845,1.149999976158142,4.522654056549072,3.2436321052827033,0.12902197510822688,3.1146101301744764
33187,CNC(=N)C(=O)C#N,3.439950594063868,2.809000015258789,3.0228848457336426,0.6309505788050789,0.41706574833022536,0.21388483047485352
33223,CNC(=O)C#CC(C)C,4.184519101612592,4.6579999923706055,3.623445749282837,0.4734808907580135,0.5610733523297551,-0.08759246157174161
33224,CNC(=O)C#CC(C)O,2.67209842682636,5.0320000648498535,3.5202789306640625,2.3599016380234934,0.8481805038377024,1.511721134185791
33229,CNC(=O)C#CC=O,3.9020473541145857,4.986000061035156,4.175634860992432,1.0839527069205706,0.27358750687784594,0.8103652000427246
33234,CNC(=O)C#CCOC,5.361743207829775,3.3929998874664307,4.363609313964844,1.9687433203633447,0.9981338938649316,0.9706094264984131
33240,CNC(=O)C(=O)C(=N)N,2.918579802740211,3.9110000133514404,1.3264405727386477,0.9924202106112294,1.5921392300015633,-0.5997190193903339
33261,CNC(=O)C(=O)S,2.7387888040681956,4.064000129699707,2.468644142150879,1.3252113256315114,0.2701446619173167,1.0550666637141948
33264,CNC(=O)C(C#N)CO,2.5213523898200876,4.580999851226807,2.055863618850708,2.059647461406719,0.4654887709693796,1.5941586904373395
33268,CNC(=O)C(C)(C)C,3.5942807168607005,4.125999927520752,2.452553987503052,0.5317192106600515,1.1417267293576483,-0.6100075186975968
33278,CNC(=O)C(C)=O,1.3963472980984852,1.5180000066757202,1.5620415210723877,0.12165270857723498,0.16569422297390246,-0.04404151439666748
33291,CNC(=O)C(C)CC=O,5.485816859084752,2.424999952316284,4.381572246551514,3.0608169067684674,1.104244612533238,1.9565722942352295
33297,CNC(=O)C(C)O,4.5737389805572946,4.682000160217285,2.319997549057007,0.1082611796599906,2.2537414315002877,-2.145480251840297
33304,CNC(=O)C(CO)CO,2.8412045037278126,4.61899995803833,1.03717041015625,1.7777954543105174,1.8040340935715626,-0.026238639261045194
33306,CNC(=O)C(Cl)Cl,2.849539558057634,2.7750000953674316,2.9812629222869873,0.07453946269020228,0.13172336422935338,-0.057183901539151094
33310,CNC(=O)C(N)=O,0.3902803973342812,0.3709999918937683,0.4412930905818939,0.019280405440512904,0.051012693247612706,-0.0317322878070998
33315,CNC(=O)C(O)C#N,4.571963663962389,4.696000099182129,3.7671146392822266,0.12403643521973962,0.8048490246801627,-0.6808125894604231
33316,CNC(=O)C(O)C(C)=O,1.0919411588599324,1.565000057220459,2.470231294631958,0.4730588983605266,1.3782901357720256,-0.905231237411499
33323,CNC(=O)C(O)C=O,2.1343671550535226,5.763999938964844,3.81709098815918,3.629632783911321,1.6827238331056575,1.9469089508056636
33328,CNC(=O)C(O)COC,4.6370259992398974,4.333000183105469,4.303795337677002,0.3040258161344287,0.3332306615628955,-0.029204845428466797
33359,CNC(=O)C1C(C)C1C,3.350902425314928,3.510999917984009,3.591264247894287,0.16009749266908058,0.2403618225793589,-0.08026432991027832
33422,CNC(=O)C=CCl,4.683368690706221,3.371000051498413,2.4079232215881348,1.3123686392078078,2.275445469118086,-0.9630768299102783
33424,CNC(=O)C=O,5.780028207506057,2.8259999752044678,2.9700186252593994,2.9540282323015896,2.810009582246658,0.14401865005493164
33437,CNC(=O)CC(C)(C)O,5.210605190590383,4.363999843597412,3.362431287765503,0.8466053469929706,1.8481739028248798,-1.0015685558319092
33463,CNC(=O)CC1CO1,3.1919371020145055,2.611999988555908,3.422989845275879,0.5799371134585973,0.23105274326137337,0.34888437019722396
33467,CNC(=O)CC=O,3.830014706698664,1.8880000114440918,2.712500810623169,1.942014695254572,1.117513896075495,0.8245007991790771
33469,CNC(=O)CCC#N,5.350110699492436,5.085999965667725,6.199075222015381,0.26411073382471173,0.8489645225229445,-0.5848537886982328
33481,CNC(=O)CCCOC,4.433694161033559,2.9560000896453857,2.9798665046691895,1.4776940713881732,1.4538276563643695,0.02386641502380371
33487,CNC(=O)CCOC=N,3.024328319324398,5.9120001792907715,2.9224932193756104,2.8876718599663733,0.10183509994878781,2.7858367600175855
33502,CNC(=O)CNC(N)=O,4.086662916056096,4.443999767303467,2.070855140686035,0.35733685124737047,2.015807775370061,-1.6584709241226907
33517,CNC(=O)COCCO,4.863021778095924,3.0139999389648438,3.394033193588257,1.8490218391310806,1.4689885845076676,0.3800332546234131
33519,CNC(=O)CS,2.7480756375240256,2.4189999103546143,3.8690383434295654,0.32907572716941136,1.1209627059055398,-0.7918869787361285
33553,CNC(=O)N=C=O,4.190656541922085,4.638999938964844,4.705903053283691,0.44834339704275905,0.5152465113616067,-0.06690311431884766
33556,CNC(=O)N=O,4.72324640885492,5.303999900817871,4.5362653732299805,0.5807534919629509,0.18698103562493973,0.39377245633801117
33559,CNC(=O)N=S1(=O)CCCC1,5.229956322326854,2.384999990463257,4.269859790802002,2.844956331863597,0.9600965315248517,1.8848598003387451
33566,CNC(=O)NC(=N)OC,4.721384489917113,5.413000106811523,1.8628898859024048,0.6916156168944108,2.858494604014708,-2.166878987120297
33571,CNC(=O)NC(=O)N(C)N=O,2.6294781277820984,4.165999889373779,2.5374739170074463,1.5365217615916809,0.09200421077465215,1.4445175508170287
33576,CNC(=O)NC(C)(C)C,3.592565127131669,4.36299991607666,3.4574923515319824,0.770434788944991,0.13507277559968678,0.6353620133453042
33607,CNC(=O)NCCOC,3.9338344419201143,5.480000019073486,2.703831911087036,1.546165577153372,1.2300025308330782,0.3161630463202938
33631,CNC(=O)OC(C)CO,2.5175244036247526,3.364000082015991,2.4967355728149414,0.8464756783912386,0.0207888308098112,0.8256868475814274
33654,CNC(=O)OCCO,3.042333037007146,3.7079999446868896,2.9283199310302734,0.6656669076797437,0.11401310597687253,0.5516538017028711
33669,CNC(=O)P,3.026274542587746,3.9779999256134033,3.389209985733032,0.9517253830256571,0.3629354431452856,0.5887899398803715
33678,CNC(=O)c1cc[nH]c1,5.4920529337131665,4.317999839782715,4.979989051818848,1.1740530939304517,0.5120638818943188,0.6619892120361328
33688,CNC(=O)c1ccsc1,3.822238731716785,4.330999851226807,3.3473575115203857,0.5087611195100217,0.4748812201963992,0.03387989931362245
33731,CNC(C#N)(CN)CN,4.157497961708468,3.1579999923706055,3.7095773220062256,0.9994979693378623,0.44792063970224216,0.5515773296356201
33738,CNC(C#N)=NCCO,3.6518107872019625,2.621000051498413,3.094648838043213,1.0308107357035494,0.5571619491587496,0.4736487865447998
33831,CNC(C)C(=O)C#N,4.935966231797937,2.61899995803833,4.069234371185303,2.316966273759607,0.8667318606126342,1.4502344131469727
33839,CNC(C)C1(C#N)CO1,4.905569877538427,3.9030001163482666,4.081019878387451,1.00256976119016,0.8245499991509755,0.17801976203918457
33878,CNC1(C#N)CC(C)C1,4.683712839019544,2.997999906539917,4.566028118133545,1.6857129324796274,0.11768472088599946,1.568028211593628
33910,CNC1(C(F)(F)F)CC1,1.940521906791986,2.4140000343322754,2.786143064498902,0.4734781275402893,0.8456211577069157,-0.3721430301666264
33939,CNC1=C(C)C(=N)OC1,5.528477449941871,6.823999881744385,5.448611736297607,1.2955224318025138,0.07986571364426354,1.2156567181582503
34090,CNCC(=O)C(F)(F)F,1.8110143718710223,4.613999843597412,2.810807704925537,2.80298547172639,0.9997933330545148,1.8031921386718752
34094,CNCC(=O)OC(=O)CNC(=O)CN,4.130570861641196,5.775000095367432,1.624364972114563,1.6444292337262354,2.5062058895266333,-0.8617766558003979
34118,CNCC(N)(C#N)CO,4.106680883434421,2.6070001125335693,2.773162841796875,1.4996807709008513,1.3335180416375456,0.16616272926330566
34132,CNCC1CCOC1,2.105986102216605,2.0929999351501465,2.2385127544403076,0.01298616706645861,0.13252665222370252,-0.11954048515724391
34141,CNCCOS(=O)(=O)O,8.03551081181271,3.8399999141693115,2.6070773601531982,4.195510897643398,5.428433451659512,-1.2329225540161133
34148,CNN(C=O)C=O,6.13953099591815,4.117000102996826,4.972534656524658,2.022530892921324,1.1669963393934921,0.855534553527832
34150,CNN1OS(=O)(=O)O1,8.26847963334952,7.88700008392334,6.874505519866943,0.3814795494261798,1.3939741134825763,-1.0124945640563965
34155,CNNC(=O)S,3.1630538246079687,1.934000015258789,5.55471134185791,1.2290538093491796,2.3916575172499415,-1.1626037079007618
34157,CNNC(N)=O,4.558774457131073,3.559000015258789,3.38047456741333,0.999774441872284,1.178299889717743,-0.17852544784545898
34158,CNNC=O,4.947998076517671,3.4019999504089355,3.722388744354248,1.5459981261087359,1.2256093321634234,0.3203887939453125
34169,CNOS(=O)O,1.4070908128535011,0.9210000038146973,2.92323899269104,0.48609080903880386,1.516148179837539,-1.030057370798735
34172,CNP(=O)(O)Cl,3.5102970843753045,3.0250000953674316,3.7323248386383057,0.4852969890078729,0.22202775426300114,0.26326923474487174
34195,CNS(=O)(=O)c1ccc(C)cc1,6.3603146413249005,7.2220001220703125,6.381373405456543,0.861685480745412,0.021058764131642427,0.8406267166137695
34197,CNS(=O)(=O)c1ccc(Cl)cc1,3.7425143105190473,5.230000019073486,3.8722946643829346,1.487485708554439,0.1297803538638873,1.3577053546905518
34199,CNS(=O)(=O)c1ccc(O)c(N)c1,5.611221386871057,7.394999980926514,5.047749996185303,1.7837785940554562,0.5634713906857547,1.2203072033697016
34200,CNS(=O)(=O)c1ccc(O)cc1,4.719424748763573,5.426000118255615,5.110379219055176,0.7065753694920422,0.3909544702916028,0.31562089920043945
34234,CNc1cc(C#N)co1,5.977062341993667,5.90500020980835,5.934459209442139,0.07206213218531765,0.04260313255152859,0.029458999633789062
34246,CNc1cc[nH]c1C#N,4.43906887944938,4.117000102996826,4.470181465148926,0.3220687764525536,0.031112585699546003,0.2909561907530076
34260,CNc1ccccc1C(=O)C=S(C)(C)=O,4.548253612367241,3.63700008392334,3.693413019180298,0.9112535284439014,0.8548405931869434,0.05641293525695801
34278,CNc1cncc(F)c1,4.224038910856493,4.940000057220459,3.9539132118225098,0.7159611463639663,0.27012569903398287,0.4458354473299835
34311,CNc1ncc(F)s1,2.9044412548109357,4.0320000648498535,3.1260950565338135,1.1275588100389178,0.22165380172287774,0.90590500831604
34323,CNc1nnc(F)s1,4.970048419545073,5.6020002365112305,5.270247459411621,0.6319518169661578,0.3001990398665484,0.3317527770996094
34339,CO/C(C)=N\SO,2.1947588827558495,1.8559999465942383,2.3100337982177734,0.33875893616161123,0.11527491546192392,0.2234840206996873
34345,CO/N=[N+](/[O-])CC(N)=O,1.9836960811201505,2.0940001010894775,2.3583381175994873,0.11030401996932704,0.3746420364793368,-0.26433801651000977
34347,CO/N=[N+](\[O-])C(C)C(N)=O,3.4658201809827585,1.6660000085830688,2.0089962482452393,1.7998201723996896,1.4568239327375192,0.3429962396621704
34368,COC#[N+][S-],6.116329866054354,4.521999835968018,4.896313190460205,1.5943300300863363,1.2200166755941488,0.3743133544921875
34374,COC(=N)C#CS,1.591406422236311,1.2940000295639038,1.494179368019104,0.2974063926724071,0.0972270542172069,0.2001793384552002
34380,COC(=N)C(C#N)CO,2.7893346883490477,2.325000047683716,2.7490482330322266,0.4643346406653319,0.04028645531682118,0.42404818534851074
34386,COC(=N)C(CO)OC,4.031362762729638,3.0959999561309814,4.44030237197876,0.9353628065986568,0.40893960924912154,0.5264231973495352
34444,COC(=O)/C(C=S)=C(\C)N,5.771904658037348,6.730999946594238,6.335153102874756,0.95909528855689,0.5632484448374075,0.3958468437194824
34474,COC(=O)C(=CO)C(=O)OC,3.1398951149675467,3.4079999923706055,0.5501052141189575,0.2681048774030588,2.589789900848589,-2.3216850234455304
34513,COC(=O)C(=S)CS,2.746964861352293,1.1260000467300415,2.247283697128296,1.6209648146222513,0.4996811642239969,1.1212836503982544
34515,COC(=O)C(=S)OC,1.966441039709775,5.978000164031982,3.612895011901855,4.011559124322208,1.6464539721920801,2.365105152130128
34528,COC(=O)C(C)(C)CBr,2.659280119761141,3.9519999027252197,1.6819974184036257,1.2927197829640789,0.9772827013575152,0.3154370816065637
34535,COC(=O)C(C)(N)C#N,2.809099779422637,4.006999969482422,4.298738956451416,1.197900190059785,1.4896391770287791,-0.29173898696899414
34561,COC(=O)C(C)F,3.67800205368141,2.1389999389648438,1.3486162424087524,1.5390021147165664,2.3293858112726578,-0.7903836965560913
34562,COC(=O)C(C)N,1.88510359019621,2.0989999771118164,1.6521705389022827,0.2138963869156063,0.23293305129392738,-0.019036664378321078
34582,COC(=O)C(COC(C)(C)C)N=C=O,2.572078213747753,2.2160000801086426,3.2757112979888916,0.35607813363911056,0.7036330842411385,-0.3475549506020279
34587,COC(=O)C(Cl)(Cl)Br,2.6063178724530536,3.4590001106262207,2.2463488578796387,0.8526822381731671,0.3599690145734149,0.4927132235997522
34588,COC(=O)C(Cl)(Cl)Cl,2.6516827919447055,3.1689999103546143,2.447415590286255,0.5173171184099088,0.20426720165845058,0.3130499167514582
34589,COC(=O)C(Cl)Br,3.173021458231642,2.9820001125335693,1.9811697006225584,0.1910213456980725,1.1918517576090835,-1.000830411911011
34593,COC(=O)C(Cl)Cl,3.3720319157675984,1.8530000448226929,2.226824998855591,1.5190318709449055,1.1452069169120076,0.37382495403289795
34611,COC(=O)C(N)C(C)O,2.940312520889753,3.390000104904175,1.476786732673645,0.44968758401442166,1.4635257882161081,-1.0138382042016865
34640,COC(=O)C(O)S,2.589259691826748,4.013000011444092,2.013688087463379,1.4237403196173437,0.5755716043633692,0.8481687152539745
34661,COC(=O)C1(CBr)CC1,2.154903038217738,3.6040000915527344,1.7542163133621216,1.4490970533349965,0.4006867248556163,1.0484103284793802
34666,COC(=O)C1(N)CC1C,1.847894172204015,1.906999945640564,1.800041913986206,0.05910577343654899,0.04785225821780892,0.011253515218740073
34681,COC(=O)C1=CC(=O)OC1=O,3.891432530922875,3.444000005722046,4.180353164672852,0.4474325252008291,0.28892063374997656,0.15851189145085254
34699,COC(=O)C1C=C1,2.7017178071484738,1.8630000352859497,2.221431016921997,0.838717771862524,0.4802867902264767,0.35843098163604736
34722,COC(=O)C1CC=CCS1=O,3.903736393579581,2.4539999961853027,3.61547327041626,1.449736397394278,0.2882631231633206,1.1614732742309575
34763,COC(=O)C1OC1(C)C,3.228246743307663,2.313999891281128,1.8680263757705688,0.914246852026535,1.360220367537094,-0.4459735155105591
34785,COC(=O)C=CCBr,2.6554612100878527,4.418000221252441,2.363332509994507,1.7625390111645887,0.2921287000933459,1.4704103110712428
34787,COC(=O)C=CCCOS(C)(=O)=O,4.208312601066535,4.500999927520752,1.7205411195755005,0.29268732645421736,2.487771481491034,-2.1950841550368168
34790,COC(=O)C=CF,2.836498197153039,2.2249999046325684,2.1170661449432373,0.6114982925204706,0.7194320522098017,-0.10793375968933105
34801,COC(=O)C=NOCBr,3.237088852094105,5.041999816894531,2.5898208618164062,1.8049109648004262,0.6472679902776988,1.1576429745227275
34807,COC(=O)C=S(C)C,6.612029834424908,6.572999954223633,4.335018634796143,0.039029880201275624,2.277011199628766,-2.2379813194274902
34814,COC(=O)CC#CCCCS(=O)(=O)O,3.150618660509701,3.500999927520752,2.5574870109558105,0.3503812670110511,0.5931316495538903,-0.2427503825428392
34823,COC(=O)CC(C)(C)O,3.222461336203984,3.496000051498413,3.0690062046051025,0.2735387152944293,0.15345513159888124,0.12008358369554806
34870,COC(=O)CCC(N=C=O)C(=O)OC,3.5818438054463777,4.9670000076293945,3.1717474460601807,1.3851562021830168,0.41009635938619704,0.9750598427968198
34881,COC(=O)CCCCCN=C=O,4.386253750768294,5.040999889373779,3.984626054763794,0.6547461386054856,0.40162769600449977,0.2531184426009858
34910,COC(=O)CN=S,1.7122014253186288,1.8609999418258667,1.316556692123413,0.14879851650723785,0.39564473319521576,-0.2468462166879779
34916,COC(=O)CNC1CC1,1.7387932768894032,1.9509999752044678,1.0366421937942505,0.21220669831506456,0.7021510830951527,-0.48994438478008817
34924,COC(=O)COC(C)=N,0.7026984129873566,3.572999954223633,1.0488063097000122,2.8703015412362762,0.3461078967126556,2.5241936445236206
34931,COC(=O)COC=O,5.8875692921865,3.2269999980926514,4.535519599914551,2.6605692940938486,1.3520496922719492,1.3085196018218994
34945,COC(=O)CS(C)=O,3.7299574143083474,2.5390000343322754,3.727776765823364,1.190957379976072,0.0021806484849835606,1.1887767314910884
34953,COC(=O)C[C@H]1CC(=O)OC1=O,4.765305111440704,4.290999889373779,5.348379611968994,0.47430522206692505,0.5830745005282898,-0.10876927846136475
34957,COC(=O)Cc1cccs1,2.297551026436819,1.2480000257492065,1.788510799407959,1.0495510006876123,0.5090402270288599,0.5405107736587524
34970,COC(=O)N(C)C=O,4.132580772179389,2.569000005722046,3.522733211517334,1.563580766457343,0.6098475606620548,0.9537332057952881
34974,COC(=O)N(C)Cl,3.3205011850958583,1.2170000076293945,2.458146333694458,2.103501177466464,0.8623548514014003,1.2411463260650635
34977,COC(=O)N(C=N)C=N,1.5066381796224335,3.388000011444092,1.00803542137146,1.8813618318216583,0.49860275825097355,1.3827590735706847
34982,COC(=O)N(S)S,2.4998483833230334,2.2780001163482666,2.261655569076538,0.22184826697476678,0.2381928142464953,-0.016344547271728516
34993,COC(=O)N1CC1C,2.530545786519155,3.130000114440918,1.7795085906982422,0.5994543279217628,0.751037195820913,-0.1515828678991502
35004,COC(=O)N1CCN=C1C=S,2.1127502434428793,5.940000057220459,1.7437068223953247,3.8272498137775797,0.3690434210475546,3.458206392730025
35012,COC(=O)N=S1(=O)CCCCC1,5.210669197599886,7.044000148773193,4.4121222496032715,1.8333309511733074,0.7985469479966145,1.0347840031766928
35027,COC(=O)NC(C)=N,4.477780955585993,4.6579999923706055,2.7102410793304443,0.18021903678461282,1.7675398762555483,-1.5873208394709355
35041,COC(=O)NC=N,4.152859777783453,4.568999767303467,3.9585907459259033,0.41613998952001374,0.19426903185754973,0.221870957662464
35058,COC(=O)NCCl,3.2310233368097174,3.0179998874664307,3.5520548820495605,0.21302344934328676,0.3210315452398431,-0.10800809589655636
35062,COC(=O)NCl,2.981066468609406,2.9760000705718994,2.6962316036224365,0.0050663980375067474,0.28483486498696964,-0.2797684669494629
35079,COC(=O)NS(=O)O,2.509205168812749,3.7750000953674316,3.1861040592193604,1.2657949265546828,0.6768988904066116,0.5888960361480713
35083,COC(=O)NSO,2.5084591042092264,2.619999885559082,2.978908061981201,0.11154078134985568,0.4704489577719748,-0.35890817642211914
35086,COC(=O)Nc1nccs1,2.865446819080722,2.2739999294281006,1.3404664993286133,0.5914468896526213,1.5249803197521086,-0.9335334300994873
35091,COC(=O)OC#CCl,2.676701922789252,1.7699999809265137,2.081489324569702,0.9067019418627384,0.59521259821955,0.3114893436431885
35133,COC(=O)P,1.9395381500461495,2.6670000553131104,1.8528568744659424,0.7274619052669609,0.0866812755802071,0.6407806296867538
35140,COC(=O)SC,3.5472126374766613,0.8360000252723694,1.4925252199172974,2.711212612204292,2.054687417559364,0.656525194644928
35165,COC(=O)[C@@H]1CCC[C@@H]1N,1.2172565000097195,2.424999952316284,1.2384377717971802,1.2077434523065647,0.021181271787460654,1.186562180519104
35183,COC(=O)c1ccc(CC=S)s1,2.251659884987222,2.753000020980835,1.0982112884521484,0.5013401359936132,1.1534485965350734,-0.6521084605414602
35192,COC(=O)c1cccc(N=C=O)c1C,1.508079009160289,3.3489999771118164,3.1234347820281982,1.8409209679515275,1.6153557728679093,0.22556519508361816
35197,COC(=O)c1ccccc1OS(C)(=O)=O,4.695935840287818,5.421000003814697,2.9734885692596436,0.7250641635268789,1.7224472710281749,-0.997383107501296
35215,COC(=O)c1cncc(Cl)n1,0.9382996039633142,1.3209999799728394,1.9591660499572752,0.3827003760095251,1.020866445993961,-0.6381660699844358
35216,COC(=O)c1cnccn1,1.9698430394595672,2.0829999446868896,0.9517978429794312,0.11315690522732247,1.018045196480136,-0.9048882912528136
35222,COC(=O)c1coc(C)n1,1.7707133970483206,3.752000093460083,1.9600847959518433,1.9812866964117624,0.18937139890352261,1.7919152975082397
35227,COC(=O)c1nc[nH]n1,4.234342631611599,3.634999990463257,3.22908353805542,0.5993426411483425,1.0052590935561794,-0.4059164524078369
35251,COC(=S)C(=S)OC,2.016239322273476,0.5649999976158142,0.3562823832035064,1.4512393246576618,1.6599569390699696,-0.20871761441230774
35263,COC(=S)N(C)C#N,6.365026997081425,6.659999847412109,3.8017282485961914,0.29497285033068454,2.5632987484852334,-2.268325898154549
35268,COC(=S)NC(=O)O,3.913723776126578,2.1110000610351562,3.5619797706604004,1.802723715091422,0.3517440054661778,1.4509797096252441
35276,COC(=S)SC(C)=O,5.028417115021994,3.3499999046325684,2.860959529876709,1.6784172103894255,2.167457585145285,-0.4890403747558594
35282,COC(Br)(Br)OC,3.094717451603895,4.690000057220459,3.1033380031585693,1.595282605616564,0.00862055155467445,1.5866620540618896
35283,COC(Br)Br,3.0344190593132723,4.7729997634887695,2.3816792964935303,1.7385807041754973,0.652739762819742,1.0858409413557553
35285,COC(Br)C(=O)O,2.5637213854097594,3.7730000019073486,2.900674343109131,1.2092786164975893,0.3369529576993715,0.8723256587982178
35320,COC(C#N)C(C)N,4.4061878143479785,3.236999988555908,3.321444034576416,1.1691878257920703,1.0847437797715624,0.08444404602050781
35326,COC(C#N)C(O)C#N,2.770260884215071,2.7100000381469727,3.589021682739258,0.06026084606809823,0.8187607985241869,-0.7584999524560887
35380,COC(C(C)O)C(C)O,2.435385212921582,3.3269999027252197,2.106745481491089,0.8916146898036379,0.32863973143049297,0.5629749583731449
35407,COC(C)(C)C#CBr,2.134318014126994,2.061000108718872,1.8094788789749143,0.07331790540812211,0.32483913515207985,-0.25152122974395774
35424,COC(C)(C)C(F)(F)F,3.646228413715937,3.055000066757202,3.0335142612457275,0.5912283469587347,0.6127141524702093,-0.02148580551147461
35447,COC(C)(C)CC(C)=O,3.083709763853771,1.7289999723434448,3.642470359802246,1.3547097915103263,0.5587605959484749,0.7959491955618514
35450,COC(C)(C)CC(N)=O,4.578464516438155,2.984999895095825,5.9842634201049805,1.5934646213423296,1.4057989036668257,0.18766571767550388
35456,COC(C)(C)CCCO,1.7861288590920363,3.552000045776367,1.1208553314208984,1.7658711866843309,0.6652735276711379,1.100597659013193
35468,COC(C)(C=O)C(N)=O,2.029284764928737,3.2309999465942383,3.7579426765441895,1.2017151816655014,1.7286579116154526,-0.5269427299499512
35477,COC(C)(CBr)OC,1.4729017349965274,4.283999919891357,3.1794426441192627,2.81109818489483,1.7065409091227353,1.1045572757720947
35495,COC(C)=C=C=O,3.348668577741875,3.6689999103546143,4.541555881500244,0.32033133261273905,1.192887303758369,-0.8725559711456299
35512,COC(C)=NCC(N)=O,4.215884402424855,3.86299991607666,2.8066978454589844,0.352884486348195,1.4091865569658708,-1.0563020706176758
35520,COC(C)=S,4.903844460081935,3.069000005722046,3.000725746154785,1.8348444543598887,1.9031187139271495,-0.06827425956726074
35528,COC(C)C#CC(N)=O,3.3336169247592267,5.408999919891357,3.5872273445129395,2.0753829951321308,0.2536104197537128,1.821772575378418
35538,COC(C)C(=N)NC=O,4.01704457351599,4.142000198364258,3.523418664932251,0.12495562484826817,0.49362590858373867,-0.3686702837354705
35549,COC(C)C(=O)CC#N,6.955237412573818,1.2410000562667847,5.204362392425537,5.7142373563070334,1.750875020148281,3.9633623361587524
35557,COC(C)C(=O)NC=O,5.512130772907052,6.7729997634887695,5.119492530822754,1.2608689905817174,0.3926382420842982,0.8682307484974192
35574,COC(C)C(C)C,1.1737764653019327,1.3930000066757202,1.2629748582839966,0.21922354137378752,0.08919839298206389,0.13002514839172363
35601,COC(C)C(O)C(C)=O,4.08896330092338,1.687999963760376,3.603933811187744,2.400963337163004,0.485029489735636,1.9159338474273682
35604,COC(C)C(O)C(N)=O,4.473527921290627,3.2809998989105225,4.20882511138916,1.1925280223801042,0.26470280990146655,0.9278252124786377
35635,COC(C)C1(O)CC1C,1.6225451699293374,2.6070001125335693,1.074030518531799,0.9844549426042319,0.5485146513975383,0.43594029120669364
35706,COC(C)CC(=O)C#N,2.9228338054930476,3.0,4.355030059814453,0.07716619450695239,1.4321962543214055,-1.3550300598144531
35715,COC(C)CC(C)C=O,4.338618091967981,2.119999885559082,2.820950508117676,2.218618206408899,1.5176675838503053,0.7009506225585938
35735,COC(C)CC1COC1,2.694173574826767,2.5169999599456787,2.298356533050537,0.17717361488108807,0.39581704177622967,-0.2186434268951416
35737,COC(C)CC=O,2.18948443456424,3.696000099182129,3.914461135864258,1.506515664617889,1.724976701300018,-0.2184610366821289
35758,COC(C)CNC(N)=O,4.245430745178136,3.8269999027252197,3.189751386642456,0.4184308424529162,1.0556793585356798,-0.6372485160827637
35779,COC(C)c1ccc(Cl)cc1,3.2725812117009294,1.75,2.6442697048187256,1.5225812117009294,0.6283115068822038,0.8942697048187256
35803,COC(C=O)(C=O)CO,3.5526720248434898,2.7869999408721924,1.426735281944275,0.7656720839712974,2.125936742899215,-1.3602646589279175
35819,COC(C=O)C(O)C#N,3.924036578464544,6.208000183105469,3.469862699508667,2.283963604640925,0.4541738789558769,1.829789725685048
35822,COC(C=O)C1(C)CC1,1.907425903401963,3.23799991607666,2.9866621494293213,1.3305740126746972,1.0792362460273583,0.25133776664733887
35837,COC(C=O)C=O,2.4947795142824796,4.265999794006348,2.0376765727996826,1.771220279723868,0.45710294148279695,1.3141173382410711
35885,COC(CCO)C(C)C,1.4657484411866153,0.9599999785423279,1.3403881788253784,0.5057484626442874,0.12536026236123687,0.38038820028305054
35893,COC(CCl)=NC#N,5.2031928945102415,5.130000114440918,5.040268898010254,0.0731927800693235,0.16292399649998757,-0.08973121643066406
35899,COC(CN=C=S)OC,3.6199504727657454,3.697000026702881,3.2612411975860596,0.07704955393713542,0.35870927517968587,-0.28165972124255045
35905,COC(CO)C(C)(C)C,2.3561549795750665,2.4519999027252197,1.5318390130996704,0.09584492315015325,0.8243159664753961,-0.7284710433252428
35919,COC(CO)C(O)CO,3.2136828573058915,2.818000078201294,2.487173318862915,0.3956827791045976,0.7265095384429765,-0.3308267593383789
35920,COC(CO)C1(C)CC1,2.3174719250588955,2.371000051498413,2.073272228240967,0.05352812643951754,0.24419969681792875,-0.1906715703784112
35965,COC(Cl)C(Br)Br,3.3646488639284917,4.210999965667725,2.352379083633423,0.8463511017392329,1.0122697802950689,-0.16591867855583597
35988,COC(F)(F)P,2.25744671737169,2.8010001182556152,2.1632113456726074,0.5435534008839253,0.09423537169908247,0.44931802918484287
36024,COC(N=S)=NS,2.8999854126323936,1.2769999504089355,1.9978172779083252,1.622985462223458,0.9021681347240684,0.7208173274993896
36025,COC(O)(Cl)Cl,2.4223795307136013,2.246000051498413,1.464083552360535,0.17637947921518826,0.9582959783530665,-0.7819164991378782
36036,COC(O)Br,2.845643748766454,3.9519999027252197,2.741710901260376,1.1063561539587656,0.10393284750607812,1.0024233064526875
36037,COC(O)C#N,4.751538834819137,3.255000114440918,4.281641006469727,1.4965387203782194,0.46989782834941085,1.0266408920288086
36044,COC(O)Cl,2.4931200543202827,2.2960000038146973,2.448885440826416,0.19712005050558545,0.044234613493866703,0.15288543701171875
36058,COC(S)=CS,2.1416653513057224,1.88100004196167,1.5009554624557495,0.2606653093440525,0.6407098888499729,-0.3800445795059204
36063,COC([13CH3])=O,1.882261931937822,2.1440000534057617,1.8718119859695437,0.26173812146793973,0.010449945968278307,0.2512881754996614
36116,COC1(C(C)=O)CC1O,2.876272685700675,4.132999897003174,3.2405970096588135,1.2567272113024988,0.3643243239581384,0.8924028873443604
36128,COC1(C(C)O)CC1C,0.8946085071164599,2.1619999408721924,0.820869505405426,1.2673914337557326,0.07373900171103387,1.1936524320446988
36202,COC1(C)CC1(C)C,1.1580946604383404,1.3079999685287476,0.5919511914253235,0.14990530809040714,0.5661434690130169,-0.4162381609226098
36240,COC1(C)CCC1,1.2725002119970523,1.4800000190734863,0.5386889576911926,0.207499807076434,0.7338112543058597,-0.5263114472294257
36251,COC1(C)CCCC1,1.2353984010207415,1.437000036239624,0.5415112972259521,0.20160163521888252,0.6938871037947894,-0.4922854685759068
36309,COC1(C=O)CC(O)C1,3.125844449002185,1.4900000095367432,0.6418181657791138,1.635844439465442,2.4840262832230713,-0.8481818437576294
36315,COC1(C=O)CC1C=O,4.206972258859061,1.5740000009536743,2.685713529586792,2.6329722579053865,1.5212587292722688,1.1117135286331177
36395,COC1(Cl)N=N1,2.4522594335501577,2.260999917984009,2.2412075996398926,0.19125951556614895,0.21105183391026516,-0.01979231834411621
36398,COC1(N(S)S)OS1,3.106692148289512,3.7929999828338623,2.6867873668670654,0.6863078345443503,0.4199047814224466,0.2664030531219037
36403,COC1(OC)N=N1,2.611450925669414,2.3420000076293945,2.658461570739746,0.2694509180400195,0.047010645070332036,0.2224402729696875
36408,COC1=C(C)C(=O)OC1=O,4.874541677284567,4.855999946594238,5.2351555824279785,0.018541730690328606,0.36061390514341163,-0.342072174453083
36425,COC1=CCO1,0.7577245465445464,0.6790000200271606,0.1992900818586349,0.0787245265173857,0.5584344646859114,-0.4797099381685257
36455,COC1=NCC(O)CN1,0.6354198240097858,2.4149999618530273,1.500210165977478,1.7795801378432414,0.8647903419676922,0.9147897958755492
36462,COC1=NN1,3.719702007734369,4.01200008392334,3.501540184020996,0.29229807618897086,0.2181618237133729,0.07413625247559796
36467,COC1C(=N)NC1C#N,2.9934188347602717,3.443000078201294,2.3438029289245605,0.44958124344102224,0.6496159058357112,-0.20003466239468892
36469,COC1C(=N)NC1CO,2.0466370120112556,1.3220000267028809,1.3259214162826538,0.7246369853083747,0.7207155957286018,0.003921389579772949
36530,COC1C(C)=CCC1C,1.1416480639634143,1.4500000476837158,0.2177490293979644,0.3083519837203015,0.92389903456545,-0.6155470508451485
36555,COC1C(C)C1CC#N,5.418429165832881,3.1570000648498535,4.743386268615723,2.261429100983028,0.6750428972171587,1.5863862037658691
36568,COC1C(C)CC1C,1.225697535064754,1.2339999675750732,0.3096902668476105,0.008302432510319147,0.9160072682171436,-0.9077048357068245
36603,COC1C(O)C1(C)CO,3.7037658822492032,3.4000000953674316,2.4285571575164795,0.3037657868817716,1.2752087247327237,-0.9714429378509521
36618,COC1C(O)C1CCO,3.2956865510428712,1.3420000076293945,1.8237091302871704,1.9536865434134767,1.4719774207557008,0.4817091226577759
36654,COC1C=C(C=O)CC1,3.749478826134364,4.03000020980835,4.0097270011901855,0.2805213836739857,0.26024817505582165,0.020273208618164062
36663,COC1C=CC(=O)C1=O,4.76171727906646,4.589000225067139,5.1816816329956055,0.17271705399932102,0.4199643539291458,-0.24724729992982475
36681,COC1C=CC(C)CO1,0.6346494988346953,1.9730000495910645,0.7329321503639221,1.338350550756369,0.09828265152922677,1.2400678992271423
36704,COC1C=CCC1,1.2017527199251636,1.2200000286102295,0.1694039553403854,0.018247308685065855,1.0323487645847782,-1.0141014558997123
36715,COC1C=CCC=CC1,1.4028445228417987,1.1649999618530273,0.604884147644043,0.23784456098877138,0.7979603751977558,-0.5601158142089844
36751,COC1CC(=O)C(=O)O1,5.654359474808324,5.74399995803833,5.218766689300537,0.0896404832300064,0.4355927855077866,-0.3459523022777802
36774,COC1CC(=O)OC(=O)C1,5.498670890976379,5.349999904632568,5.147985458374023,0.14867098634381026,0.3506854326023552,-0.20201444625854492
36825,COC1CC(C)CC1C,1.2194281753453269,1.3619999885559082,0.3894376456737518,0.14257181321058132,0.829990529671575,-0.6874187164609937
36856,COC1CC(O)C(=O)O1,3.761277044442935,3.325000047683716,2.947182893753052,0.43627699675921905,0.8140941506898827,-0.3778171539306636
36890,COC1CC1(C)C(C)C,1.2737767736328036,1.5720000267028809,0.2646790444850921,0.29822325307007724,1.0090977291477115,-0.7108744760776342
36899,COC1CC1(C)O,0.9353836962628532,1.621999979019165,1.2531129121780396,0.6866162827563118,0.3177292159151863,0.3688870668411255
36909,COC1CC1(F)F,3.575270026304954,3.611999988555908,2.462441921234131,0.03672996225095426,1.112828105070823,-1.0760981428198688
36922,COC1CC1Br,2.1923163639639753,2.7119998931884766,2.489171028137207,0.5196835292245012,0.2968546641732317,0.22282886505126953
36929,COC1CC1C(=O)C=O,2.928847119427971,4.1620001792907715,1.9204035997390747,1.2331530598628007,1.0084435196888961,0.22470954017390454
36945,COC1CC1C(O)CO,3.3676401947789807,5.144000053405762,2.7867207527160645,1.776359858626781,0.5809194420629162,1.1954404165638648
36990,COC1CC=CC(C)O1,1.6612629477386984,0.17399999499320984,0.5445089936256409,1.4872629527454886,1.1167539541130576,0.37050899863243103
37001,COC1CC=CC1O,1.6751415786322592,1.1859999895095825,2.127017021179199,0.4891415891226767,0.45187544254694,0.03726614657573668
37002,COC1CC=CC=CC1,0.9634621962620114,0.9049999713897705,0.2316336184740066,0.05846222487224084,0.7318285777880047,-0.6733663529157639
37038,COC1CCC(C=O)C1,4.361302935017483,2.634999990463257,3.028871774673462,1.7263029445542264,1.3324311603440213,0.3938717842102051
37083,COC1CCC=C1C=O,3.0076825047726587,3.4140000343322754,3.327666997909546,0.40631752955961664,0.31998449313688715,0.08633303642272949
37159,COC1CCS(=O)(=O)C1,6.06847350928935,5.934000015258789,5.524221897125244,0.1344734940305612,0.5442516121641061,-0.4097781181335449
37176,COC1CN(CC=O)C1,4.062153314503376,2.1389999389648438,4.148823261260986,1.923153375538532,0.08666994675761064,1.8364834287809213
37199,COC1CNC(=O)O1,4.722567591021929,4.915999889373779,4.754806041717529,0.19343229835185038,0.032238450695600385,0.16119384765625
37213,COC1CNCC(=N)O1,3.085605512746139,2.8519999980926514,3.0482380390167236,0.23360551465348767,0.0373674737294154,0.19623804092407227
37232,COC1COC(=O)OC1,6.1762506131896115,6.234000205993652,5.970335960388184,0.057749592804040795,0.20591465280142796,-0.14816505999738716
37250,COC1COC1=O,3.7730020719127624,3.490000009536743,3.757960081100464,0.2830020623760192,0.015041990812298511,0.2679600715637207
37268,COC1COCC1(C)C,2.041318756157306,2.5880000591278076,1.6050889492034912,0.5466813029705015,0.43622980695381486,0.11045149601668669
37280,COC1COCCC1C,1.608867962846202,2.0510001182556152,0.530619740486145,0.4421321554094133,1.078248222360057,-0.6361160669506436
37290,COC1CS(=O)(=O)CC1O,5.910075982635457,4.685999870300293,6.059998989105225,1.2240761123351644,0.1499230064697672,1.0741531058653973
37321,COC1OC(CO)C(O)C1OS(C)(=O)=O,4.167155891091165,6.218999862670898,2.564206838607788,2.051843971579734,1.6029490524833765,0.44889491909635737
37324,COC1OC1Cl,2.9310512824766257,2.36899995803833,2.69942307472229,0.5620513244382956,0.23162820775433568,0.33042311668395996
37341,COC1OCC(O)C(O)C1OS(C)(=O)=O,3.7874019258328904,2.2239999771118164,3.1122729778289795,1.563401948721074,0.6751289480039109,0.8882730007171631
37365,COC1OCCCC1Br,1.5096297132847365,4.521999835968018,1.425482988357544,3.012370122683281,0.08414672492719255,2.9282233977560885
37370,COC1OCCNC1=O,4.303765181112278,4.302999973297119,4.03523063659668,0.0007652078151592079,0.26853454451559866,-0.26776933670043945
37401,COC=CC(=O)Cl,5.908927710427935,5.951000213623047,4.854001045227051,0.042072503195111466,1.0549266652008846,-1.0128541620057732
37403,COC=CC(=O)OCl,5.5992639436325184,5.869999885559082,5.161314010620117,0.2707359419265636,0.43794993301240126,-0.16721399108583768
37456,COC=NC1CC1,3.09140704340589,0.24899999797344208,1.5098106861114502,2.8424070454324477,1.5815963572944396,1.2608106881380081
37537,COC=NN,1.062578108573623,1.3240000009536743,2.150637626647949,0.2614218923800513,1.0880595180743262,-0.8266376256942749
37565,COC=PP,2.7318694363214058,2.255000114440918,2.1755716800689697,0.4768693218804878,0.556297756252436,-0.07942843437194824
37566,COC=S,2.2917029551323393,2.884999990463257,2.7756032943725586,0.5932970353309175,0.48390033924021925,0.10939669609069824
37569,COC=[N+]=[N-],2.52053401815025,1.378000020980835,2.249159812927246,1.1425339971694148,0.2713742052230037,0.8711597919464111
37570,COC=[O+][O-],5.863795977328591,5.616000175476074,4.0313191413879395,0.24779580185251682,1.8324768359406516,-1.5846810340881348
37594,COCC#CC(N)=O,5.498218093576362,3.7990000247955322,4.4249587059021,1.69921806878083,1.0732593876742627,0.6259586811065674
37608,COCC#CC1CN1,2.1051031363347237,1.3350000381469727,2.973325490951538,0.770103098187751,0.8682223546168144,-0.09811925642906338
37648,COCC(=N)OC1CC1,2.3618413480943556,1.7589999437332153,2.862961530685425,0.6028414043611403,0.5011201825910692,0.10172122177007115
37683,COCC(=O)C1CC1C,3.894067278959038,1.9859999418258667,2.9607105255126953,1.9080673371331711,0.9333567534463425,0.9747105836868286
37684,COCC(=O)C1CC1O,4.612118525789987,3.6029999256134033,3.4891891479492188,1.009118600176584,1.1229293778407685,-0.11381077766418457
37690,COCC(=O)C1COC1,4.138867722971267,2.992000102996826,3.1680614948272705,1.146867619974441,0.9708062281439966,0.17606139183044434
37709,COCC(=O)CO,5.3601214223689455,2.0230000019073486,4.873579978942871,3.337121420461597,0.4865414434260744,2.8505799770355225
37726,COCC(=O)NCC#N,5.03403042906144,2.5959999561309814,4.430278301239014,2.4380304729304587,0.6037521278224265,1.8342783451080322
37727,COCC(=O)NCC=O,3.981603689969516,3.36299991607666,4.74666690826416,0.6186037738928558,0.7650632182946442,-0.14645944440178837
37768,COCC(C#N)OC=O,4.201729080291921,4.196000099182129,3.444419860839844,0.005728981109792031,0.7573092194520767,-0.7515802383422847
37792,COCC(C)(C)[SiH3],1.0278268074916668,1.0800000429153442,1.2657840251922607,0.052173235423677466,0.23795721770059397,-0.1857839822769165
37814,COCC(C)=NO,0.7538318442597021,4.105000019073486,0.9268953800201416,3.3511681748137843,0.17306353576043954,3.1781046390533447
37815,COCC(C)=O,4.109642612733198,2.246999979019165,3.4726812839508057,1.8626426337140334,0.6369613287823928,1.2256813049316406
37857,COCC(C)CBr,2.200706908990718,3.7690000534057617,2.6504013538360596,1.5682931444150436,0.4496944448453415,1.1185986995697021
37860,COCC(C)CC(C)C,1.0602591854145262,1.5099999904632568,0.7046523690223694,0.4497408050487306,0.35560681639215685,0.09413398865657374
37878,COCC(C)NC(N)=O,4.142875271333634,3.7119998931884766,4.447037696838379,0.4308753781451573,0.30416242550474504,0.12671295264041227
37882,COCC(C)O,2.479977164386981,2.4839999675750732,1.5614017248153689,0.00402280318809245,0.9185754395716119,-0.9145526363835195
37895,COCC(C)S(=O)(=O)O,2.850750641963536,5.673999786376953,3.6003477573394775,2.8232491444134173,0.7495971153759418,2.0736520290374756
37907,COCC(C=O)CCO,2.5875268648855347,2.881999969482422,3.971410036087036,0.29447310459688714,1.3838831712015014,-1.0894100666046143
37958,COCC(N)C#N,3.609553532191008,3.805999994277954,4.438228607177734,0.19644646208694594,0.8286750749867262,-0.6322286128997803
37993,COCC(O)C(N)=O,4.573536295698675,4.7870001792907715,5.171131610870361,0.21346388359209634,0.5975953151716862,-0.38413143157958984
38013,COCC(O)C=O,2.8670011292666344,3.436000108718872,2.7065274715423584,0.5689989794522377,0.16047365772427602,0.40852532172796163
38062,COCC1(C(N)=O)CC1,4.485604007910929,3.4130001068115234,3.610069751739502,1.0726039010994057,0.8755342561714272,0.19706964492797852
38095,COCC1(C)CN1,2.7935555766094553,1.61899995803833,1.181463599205017,1.1745556185711252,1.6120919774044382,-0.437536358833313
38109,COCC1(C)NC1C#N,4.196483631317854,2.447999954223633,3.987504720687866,1.748483677094221,0.20897891062998752,1.5395047664642334
38139,COCC1(CC=O)CN1,4.605642045818488,2.184000015258789,3.022944688796997,2.421642030559699,1.582697357021491,0.838944673538208
38162,COCC1(NC=O)CC1,3.0285210972582526,3.6989998817443848,2.9053773880004883,0.6704787844861322,0.1231437092577643,0.5473350752283679
38242,COCC1C(C)C1CO,3.3382982232857548,1.7949999570846558,1.9937013387680056,1.543298266201099,1.3445968845177492,0.19870138168334983
38311,COCC1CC1(C)C#N,4.991236212301114,3.8519999980926514,3.9865622520446777,1.1392362142084629,1.0046739602564365,0.13456225395202637
38314,COCC1CC1(C)O,2.0762892193930234,1.7200000286102295,1.5520128011703491,0.35628919078279386,0.5242764182226742,-0.16798722743988037
38338,COCC1CC=CC1,1.0737002255329655,1.1950000524520874,0.536564826965332,0.12129982691912189,0.5371353985676335,-0.4158355716485116
38339,COCC1CC=CC1=O,3.0011618387834234,3.7690000534057617,2.619091749191284,0.7678382146223384,0.3820700895921392,0.3857681250301992
38387,COCC1CN1,2.9899311344883612,1.9290000200271606,1.6880117654800415,1.0609311144612006,1.3019193690083197,-0.24098825454711914
38398,COCC1CN=COC1,3.10899924282544,3.4670000076293945,2.6289315223693848,0.3580007648039545,0.4800677204560553,-0.1220669556521008
38429,COCC1CS1,1.8387315644712232,2.8980000019073486,2.447218179702759,1.0592684374361254,0.6084866152315356,0.45078182220458984
38439,COCC1NC1(C)C,1.7303803205423434,2.256999969482422,1.297349452972412,0.5266196489400785,0.43303086756993125,0.09358878137014726
38445,COCC1NC1C(C)=O,3.2032778789430307,1.9320000410079956,2.2465124130249023,1.2712778379350351,0.9567654659181284,0.31451237201690674
38455,COCC1NCC1=NO,1.459637624704619,2.1010000705718994,0.8026493787765503,0.6413624458672804,0.6569882459280687,-0.015625800060788286
38463,COCC1OC(=O)C1N,4.2148669400224374,5.26800012588501,3.680272340774536,1.0531331858625723,0.5345945992479013,0.518538586614671
38489,COCC1OCC1(C)C,1.5654722839162138,1.6779999732971191,1.9621479511260984,0.1125276893809053,0.39667566720988456,-0.28414797782897927
38537,COCCC(=O)C(N)=O,2.288799062492245,2.75600004196167,2.4309349060058594,0.46720097946942474,0.1421358435136142,0.32506513595581055
38565,COCCC(C)C,1.259523197732565,1.3350000381469727,0.2035483717918396,0.07547684041440772,1.0559748259407253,-0.9804979855263176
38583,COCCC(C)OC=O,3.782834414955561,3.4749999046325684,3.3780770301818848,0.30783451032299247,0.40475738477367607,-0.0969228744506836
38620,COCCC1(C=O)CC1,3.0246895851932827,2.187000036239624,3.026205539703369,0.8376895489536587,0.001515954510086459,0.8361735944435722
38633,COCCC1C(C)C1O,3.286854145460159,2.953000068664551,1.6006916761398315,0.3338540767956082,1.6861624693203274,-1.3523083925247192
38651,COCCC1CC1CO,1.0194864295515822,3.4059998989105225,1.631584882736206,2.38651346935894,0.6120984531846239,1.7744150161743162
38672,COCCC1COC1C,2.432721644382395,2.9519999027252197,1.832297444343567,0.5192782583428248,0.600424200038828,-0.0811459416960032
38765,COCCCS(=O)(=O)O,5.1053770330522585,5.381999969482422,5.2800726890563965,0.27662293643016334,0.17469565600413794,0.10192728042602539
38781,COCCN1CC1,1.010085415334535,1.2599999904632568,1.339354395866394,0.24991457512872173,0.32926898053185893,-0.07935440540313721
38794,COCCN=COC=O,3.8329069033939263,3.635999917984009,4.278246879577637,0.19690698540991747,0.44533997618371046,-0.248432990773793
38800,COCCNC(=O)O,2.5112679937115434,2.180000066757202,2.776826858520508,0.33126792695434126,0.2655588648089644,0.06570906214537686
38805,COCCNC=O,4.194977349439748,3.7360000610351562,4.455465793609619,0.45897728840459173,0.26048844416987116,0.19848884423472057
38810,COCCO,2.5081819777164376,2.4839999675750732,2.7489423751831055,0.02418201014136434,0.24076039746666789,-0.21657838732530355
38857,COCCOS(=O)(=O)c1ccc(C)cc1,5.4329374308283755,5.598999977111816,5.647185802459717,0.16606254628344086,0.21424837163134125,-0.04818582534790039
38861,COCCS(=O)(=O)Cl,5.003806105013534,6.1529998779296875,4.377711296081543,1.1491937729161537,0.6260948089319909,0.5230989639841628
38864,COCCc1c[nH]cn1,3.824360812900232,3.319999933242798,3.343727350234986,0.5043608796574341,0.4806334626652462,0.023727416992187944
38873,COCCc1ccccc1Br,2.1145685248490893,2.5480000972747803,2.314594030380249,0.43343157242569097,0.20002550553115972,0.23340606689453125
38923,COCO,2.245755866030537,0.4350000023841858,0.8057394027709961,1.8107558636463512,1.440016463259541,0.3707394003868103
38930,COCOC(=S)Cl,3.527624840219723,2.996999979019165,3.1860857009887695,0.530624861200558,0.34153913923095347,0.1890857219696045
38939,COCOCl,2.3336310631386343,1.4470000267028809,1.509416103363037,0.8866310364357535,0.8242149597755972,0.06241607666015625
38948,COCOP,1.6749786210973945,1.8049999475479126,2.0326015949249268,0.13002132645051812,0.3576229738275323,-0.22760164737701416
38966,COCP(Cl)Cl,2.1171828501158827,1.6790000200271606,2.706812620162964,0.43818283008872205,0.5896297700470812,-0.15144693995835912
38988,COC[C@@H](C)N=C=S,3.590745168127743,2.617000102996826,3.9678056240081783,0.9737450651309167,0.37706045588043535,0.5966846092504814
38992,COC[C@@H]1CO1,2.9147425684096433,2.4860000610351562,1.98663592338562,0.42874250737448705,0.9281066450240234,-0.49936413764953635
39002,COC[SiH](C)C,1.4311028571196645,1.2960000038146973,0.8238368034362793,0.13510285330496719,0.6072660536833852,-0.47216320037841797
39035,COCc1c[nH]nn1,3.615941170652222,3.309000015258789,2.9792213439941406,0.3069411553934329,0.6367198266580814,-0.32977867126464844
39039,COCc1cc(C)n[nH]1,2.082021715439443,1.5460000038146973,2.7370433807373047,0.5360217116247457,0.6550216652978618,-0.11899995367311611
39054,COCc1cc[nH]c1C,1.8581467419193824,2.7039999961853027,1.2752535343170166,0.8458532542659203,0.5828932076023658,0.26296004666355444
39068,COCc1ccc(O)cc1,1.7929966176994594,0.9929999709129333,0.6242853403091431,0.799996646786526,1.1687112773903163,-0.3687146306037903
39071,COCc1cccc(CBr)c1,2.9940729314284793,3.819000005722046,2.462486743927002,0.8249270742935666,0.5315861875014773,0.29334088679208925
39107,COCc1cnn(C)c1,2.6720467474178053,2.061000108718872,1.827881097793579,0.6110466386989333,0.8441656496242262,-0.23311901092529297
39142,COCc1n[nH]nc1O,0.9945789759650996,2.436000108718872,0.6465278267860413,1.4414211327537725,0.34805114917905833,1.0933699835747142
39157,COCc1ncc(Br)cn1,0.8897340739613819,1.4529999494552612,0.2809095978736877,0.5632658754938793,0.6088244760876942,-0.04555860059381489
39177,COCc1ncon1,1.524392301169463,1.2109999656677246,1.1216531991958618,0.3133923355017383,0.4027391019736011,-0.08934676647186279
39216,CON(C=O)S(=O)O,4.746672362435624,2.993000030517578,2.107119560241699,1.7536723319180458,2.6395528021939247,-0.8858804702758789
39242,CON=[N+]([O-])CC(=O)OC,3.635311368000584,3.931999921798706,4.617546558380127,0.2966885537981221,0.982235190379543,-0.6855466365814209
39243,CONC#N,4.191481886485465,3.5380001068115234,4.444794178009033,0.6534817796739416,0.25331229152356816,0.40016948815037345
39245,CONC(=O)C(=O)O,2.280587675349178,2.312000036239624,2.2764503955841064,0.03141236089044597,0.004137279765071611,0.027275081125374356
39253,CONC(=O)O,2.027579188058225,2.680999994277954,1.379480481147766,0.6534208062197293,0.6480987069104589,0.005322099309270412
39254,CONC(=O)S,2.1607981218606382,2.065999984741211,3.817070960998535,0.0947981371194273,1.656272839137897,-1.5614747020184696
39267,CONS(=O)(=O)c1ccccc1,2.791517959990467,5.256999969482422,4.123420715332031,2.465482009491955,1.3319027553415643,1.1335792541503906
39287,COOP(=O)(F)F,4.119350600773698,3.1470000743865967,3.093496322631836,0.9723505263871015,1.0258542781418623,-0.05350375175476074
39298,COOS(=O)O,1.6283104223725475,5.241000175476074,2.971187114715576,3.6126897531035267,1.3428766923430286,2.269813060760498
39300,COO[Si](=O)OC,3.3900725031768837,4.535999774932861,3.138617038726806,1.1459272717559776,0.2514554644500775,0.8944718073059001
39311,COP(=O)(Cl)SC,4.293208967363847,1.809999942779541,3.535133123397827,2.4832090245843057,0.7580758439660196,1.7251331806182861
39321,COP(=O)(O)C=[N+]=[N-],3.42214858659121,2.690000057220459,2.99249529838562,0.7321485293707508,0.4296532882055897,0.30249524116516113
39322,COP(=O)(O)CCl,3.1762309979397716,2.884999990463257,2.259532928466797,0.29123100747651476,0.9166980694729747,-0.62546706199646
39326,COP(=O)(O)N=O,2.3213030627327313,3.990999937057495,2.714813709259033,1.6696968743247638,0.39351064652630185,1.276186227798462
39327,COP(=O)(O)NS(C)(=O)=O,2.8130812342611593,2.8910000324249268,3.898615837097168,0.07791879816376746,1.0855346028360087,-1.0076158046722412
39338,COP(=O)(O)OCl,1.2693881570205934,4.008999824523926,1.4210857152938845,2.7396116675033326,0.15169755827329112,2.5879141092300415
39351,COP(=O)(OC)SCl,0.8955706183984609,3.436000108718872,4.568688869476318,2.5404294903204114,3.6731182510778577,-1.1326887607574463
39368,COP(Cl)C(F)(F)F,3.516821718368238,3.2760000228881836,2.897520065307617,0.2408216954800544,0.6193016530606208,-0.3784799575805664
39369,COP(F)C(F)(F)F,2.0650111617864826,4.343999862670898,2.7670741081237793,2.278988700884416,0.7020629463372967,1.5769257545471191
39374,COP(N)(=O)SC,3.1068088969741874,5.360000133514404,1.7569159269332886,2.253191236540217,1.3498929700408988,0.9032982664993181
39379,COP(O)O,2.5516499815412956,1.6670000553131104,2.250662326812744,0.8846499262281853,0.3009876547285515,0.5836622714996338
39392,COP1(=O)CO1,5.105857236065718,3.5169999599456787,3.231942653656006,1.5888572761200397,1.8739145824097125,-0.28505730628967285
39408,COPCC#N,4.548643902123865,3.062000036239624,1.757198929786682,1.4866438658842407,2.7914449723371826,-1.304801106452942
39410,COS(=O)(=O)C#N,3.909109821494052,3.6459999084472656,3.6712567806243896,0.2631099130467862,0.2378530408696622,0.025256872177124023
39416,COS(=O)(=O)NC(C)=O,6.024388869795722,4.23199987411499,3.608945608139038,1.7923889956807315,2.4154432616566837,-0.6230542659759521
39417,COS(=O)(=O)O,3.324208255827483,4.156000137329102,3.737739086151123,0.8317918815016188,0.41353083032364024,0.4182610511779785
39425,COS(=O)(=O)OS,2.7763428486052915,2.638000011444092,4.528181076049805,0.13834283716119966,1.7518382274445132,-1.6134953902833136
39435,COS(=O)OCF,1.666246881522783,2.424999952316284,1.933102250099182,0.7587530707935011,0.2668553685763988,0.4918977022171023
39437,COS(=O)ON,1.2842157154041391,3.635999917984009,2.4799840450286865,2.3517842025798696,1.1957683296245474,1.1560158729553223
39451,CO[13C](=N)N,2.0374355970645404,2.197000026702881,1.5804413557052612,0.1595644296383405,0.45699424135927913,-0.29742981172093863
39468,CO[C@H](O)Cl,2.5957297657658236,2.253999948501587,2.432905912399292,0.3417298172642367,0.1628238533665316,0.17890596389770508
39475,CO[SiH2]C,1.5193625707336638,0.9670000076293945,0.2524843215942383,0.5523625631042692,1.2668782491394255,-0.7145156860351562
39476,CO[SiH2]C#N,3.323719960008791,3.4830000400543213,4.2239298820495605,0.15928008004553007,0.9002099220407693,-0.7409298419952393
39478,CO[SiH2]C(C)C,0.4162986076507544,1.4119999408721924,0.6479968428611755,0.995701333221438,0.23169823521042116,0.7640030980110168
39479,CO[SiH2]C1CC1,1.7449552760056848,1.3930000066757202,0.6585845947265625,0.35195526932996457,1.0863706812791223,-0.7344154119491577
39481,CO[SiH2]CCl,2.474412115078108,3.627000093460083,2.254185676574707,1.152587978381975,0.22022643850340096,0.9323615398785741
39484,CO[SiH2]F,1.7977308991777643,3.187000036239624,1.8771977424621584,1.3892691370618597,0.07946684328439413,1.3098022937774656
39488,CO[SiH2]O[SiH3],0.9439152825594762,1.687000036239624,0.3907961845397949,0.7430847536801478,0.5531190980196813,0.18996565566046653
39498,CO[SiH](Cl)Cl,2.612686539899594,2.943000078201294,1.8130638599395752,0.33031353830169996,0.7996226799600188,-0.46930914165831883
39500,CO[SiH](F)F,2.8405867815689883,3.51200008392334,2.365316152572632,0.6714133023543516,0.4752706289963564,0.19614267335799518
39511,CO[Si](=O)OO,3.4190566328583794,3.2880001068115234,2.8986096382141113,0.13105652604685591,0.520446994644268,-0.3893904685974121
39519,CO[Si](Cl)(Cl)Br,2.2612663379868794,5.1539998054504395,2.2621419429779053,2.89273346746356,0.0008756049910259023,2.891857862472534
39526,CO[Si](OC)(OC)OC,2.1566039107757784,0.029999999329447746,0.0928370505571365,2.1266039114463307,2.063766860218642,0.06283705122768879
39614,COc1c(N)coc1C,1.2627904603864843,0.902999997138977,1.4818133115768433,0.3597904632475073,0.2190228511903589,0.14076761205714838
39624,COc1c(O)c[nH]c1N,2.6257234723508582,3.2920000553131104,2.037816286087036,0.6662765829622521,0.5879071862638221,0.07836939669843002
39632,COc1c(O)ncn1C,2.766060873166335,2.3510000705718994,2.768618106842041,0.4150608025944358,0.0025572336757058167,0.41250356891872997
39686,COc1cc(=N)[nH]cn1,4.527023727726359,2.5,4.213261604309082,2.027023727726359,0.31376212341727694,1.713261604309082
39733,COc1cc(C=O)ccc1OS(C)(=O)=O,4.07757553059375,7.428999900817871,2.386084794998169,3.3514243702241213,1.6914907355955808,1.6599336346285405
39747,COc1cc(Cl)ncn1,3.085954407408548,3.128000020980835,3.1323177814483643,0.04204561357228709,0.046363374039816385,-0.004317760467529297
39754,COc1cc(N)[nH]c1C,1.5055045265802982,2.802000045776367,1.424376130104065,1.296495519196069,0.08112839647623327,1.2153671227198357
39786,COc1cc(N=C=S)cc(OC)c1OC,2.228360126256593,1.9769999980926514,2.265570163726806,0.2513601281639417,0.03721003747021312,0.2141500906937286
39803,COc1cc(OC)c(N=C=S)cc1Cl,5.708830018392947,5.60099983215332,5.334511756896973,0.10783018623962626,0.3743182614959739,-0.26648807525634766
39825,COc1ccc(=O)on1,5.225407107301732,5.552000045776367,5.354337215423584,0.32659293847463555,0.12893010812185235,0.1976628303527832
39829,COc1ccc(C#N)s1,5.608741128564739,5.002999782562256,5.1075849533081055,0.6057413460024828,0.5011561752566331,0.10458517074584961
39832,COc1ccc(C(=O)C=S(C)C)cc1,6.616157732602075,4.2829999923706055,4.356880187988281,2.33315774023147,2.259277544613794,0.07388019561767578
39842,COc1ccc(C)cc1C,1.0449464191231528,0.8939999938011169,1.0657886266708374,0.15094642532203584,0.02084220754768462,0.13010421777435122
39852,COc1ccc(C=O)cc1,4.206242875810795,4.2729997634887695,4.791983604431152,0.0667568876779745,0.5857407286203573,-0.5189838409423828
39855,COc1ccc(C=S)c(C)c1,4.4843642802227315,4.703999996185303,4.93294620513916,0.21963571596257125,0.4485819249164287,-0.22894620895385742
39857,COc1ccc(C=S=O)cc1,5.901954117318091,2.8389999866485596,4.840351581573486,3.0629541306695316,1.0616025357446048,2.0013515949249268
39860,COc1ccc(CCN=C=S)cc1,4.945451092327782,2.4609999656677246,2.253740072250366,2.4844511266600575,2.691711020077416,-0.2072598934173584
39878,COc1ccc(F)cc1O,4.15803070404175,4.5920000076293945,3.877394676208496,0.4339693035876442,0.28063602783325425,0.15333327575438993
39886,COc1ccc(N)c(N)n1,1.9527693461278124,2.5889999866485596,2.1212923526763916,0.6362306405207472,0.1685230065485792,0.46770763397216797
39891,COc1ccc(N)cc1F,3.1953459296577007,4.355000019073486,3.3564014434814453,1.1596540894157856,0.1610555138237446,0.998598575592041
39892,COc1ccc(N)cc1N,0.2159387494092359,0.4690000116825104,0.7201093435287476,0.25306126227327447,0.5041705941195116,-0.2511093318462371
39898,COc1ccc(N=C=O)cc1,3.9205185681312993,3.7980000972747803,3.272072076797486,0.12251847085651901,0.6484464913338135,-0.5259280204772945
39904,COc1ccc(N=C=S)cc1N=C=S,4.766701399731644,5.256999969482422,4.389216899871826,0.49029856975077823,0.37748449985981747,0.11281406989096077
39905,COc1ccc(N=C=S)cc1OC,3.72966970791677,3.3369998931884766,3.921685934066773,0.39266981472829343,0.1920162261500029,0.20065358857829052
39908,COc1ccc(NS(C)(=O)=O)cc1,5.6364452649845145,5.008999824523926,5.407370567321777,0.6274454404605887,0.22907469766273714,0.39837074279785156
39910,COc1ccc(O)c(Cl)c1,1.9564785982818695,2.2330000400543213,1.5051462650299072,0.27652144177245175,0.4513323332519623,-0.17481089147951057
39918,COc1ccc(OC)c(CCN=C=S)c1,6.555440128053358,3.697999954223633,2.6989903450012207,2.8574401738297253,3.8564497830521374,-0.9990096092224121
39923,COc1ccc(S(=O)(=O)NN)cc1,7.111017644051871,7.23799991607666,5.97430944442749,0.1269822720247893,1.1367081996243806,-1.0097259275995913
39941,COc1cccc(Br)c1O,2.175120209020062,6.485000133514404,3.0665643215179443,4.309879924494343,0.8914441124978825,3.4184358119964604
39950,COc1cccc(CN)n1,1.448919756131941,1.1260000467300415,0.8478474020957947,0.3229197094018994,0.6010723540361462,-0.2781526446342468
39951,COc1cccc(CN=C=O)c1,3.989293924692438,2.9749999046325684,3.8097140789031982,1.0142940200598698,0.1795798457892399,0.8347141742706299
39953,COc1cccc(CN=C=S)c1OC,5.507378509406971,4.436999797821045,4.452154159545898,1.070378711585926,1.0552243498610725,0.015154361724853516
39960,COc1cccc(N)c1Cl,1.9361219997372816,2.1679999828338623,1.9324675798416135,0.2318779830965807,0.0036544198956680596,0.22822356320091264
39962,COc1cccc(N=C=O)c1,2.416014400466818,2.312000036239624,2.7307047843933105,0.10401436422719401,0.3146903839264925,-0.2106760196992985
39968,COc1cccc(OC)c1N=C=O,4.327421884791524,4.561999797821045,5.353298187255859,0.23457791302952113,1.0258763024643356,-0.7912983894348145
39977,COc1ccccc1CN=C=S,3.9406362571036753,3.6989998817443848,4.809190273284912,0.2416363753592905,0.8685540161812368,-0.6269176408219463
40007,COc1ccn(C)c1SC,2.2054097659411513,2.869999885559082,2.6891956329345703,0.6645901196179307,0.48378586699341897,0.18080425262451172
40089,COc1cnc(C)c(Br)c1,2.314968348752075,3.8570001125335693,2.4637982845306396,1.5420317637814942,0.14882993577856451,1.3932018280029297
40095,COc1cnc(C)s1,2.5098803736815127,2.1410000324249268,1.4420251846313477,0.368880341256586,1.067855189050165,-0.6989748477935791
40103,COc1cnc(Cl)nc1,5.097480306153069,4.960999965667725,5.279506206512451,0.13648034048534452,0.18202590035938204,-0.04554555987403752
40109,COc1cnc(N)cn1,1.9025922320209492,2.2019999027252197,1.5056480169296265,0.29940767070427055,0.3969442150913227,-0.09753654438705217
40109,COc1cnc(N)cn1,1.9025922320209492,2.2019999027252197,1.5056480169296265,0.29940767070427055,0.3969442150913227,-0.09753654438705217
40137,COc1cncc(F)n1,1.875572537102808,2.1059999465942383,1.8003008365631104,0.23042740949143026,0.07527170053969767,0.15515570895173258
40169,COc1cnnc(Br)c1,6.03250115123971,6.079999923706055,5.778475284576416,0.04749877246634426,0.2540258666632944,-0.20652709419695015
40170,COc1cnncc1Br,4.273365978765916,3.9519999027252197,4.192056179046631,0.32136607604069667,0.08130979971928554,0.24005627632141113
40178,COc1cnns1,4.84929207809763,4.459000110626221,4.233118057250977,0.39029196747140915,0.6161740208466533,-0.22588205337524414
40190,COc1cnoc1OC,1.7559765825411666,1.3289999961853027,2.24275803565979,0.4269765863558639,0.4867814531186234,-0.059804866762759534
40194,COc1coc(=N)[nH]1,3.479224619769209,4.349999904632568,4.179886817932129,0.8707752848633592,0.7006621981629197,0.17011308670043945
40201,COc1coc(C#N)c1,5.789874072353972,5.265999794006348,5.63217306137085,0.5238742783476242,0.15770101098312228,0.36617326736450195
40250,COc1cscc1Br,2.3728285480379663,3.8420000076293945,2.003971576690674,1.4691714595914283,0.36885697134729245,1.1003144882441358
40256,COc1n[nH]c(=N)[nH]1,2.7217402229304577,3.3469998836517334,2.603757381439209,0.6252596607212757,0.11798284149124871,0.507276819230027
40261,COc1n[nH]c(=S)o1,3.158673578673091,4.066999912261963,4.102013111114502,0.9083263335888718,0.9433395324414109,-0.03501319885253906
40301,COc1nc(=S)[nH][nH]1,6.272500247432141,8.378000259399414,7.563558101654053,2.1055000119672727,1.2910578542219113,0.8144421577453613
40315,COc1nc(C)cnc1Cl,3.598916301197389,3.822999954223633,3.4662978649139404,0.224083653026244,0.13261843628344838,0.09146521674279562
40319,COc1nc(C)no1,1.6454215278857005,3.1480000019073486,1.5665614604949951,1.5025784740216481,0.07886006739070539,1.4237184066309427
40331,COc1nc(F)cs1,1.7414643957960705,2.0269999504089355,1.664297580718994,0.28553555461286506,0.07716681507707657,0.2083687395357885
40453,COc1ncncc1Br,1.8860847311495792,2.9149999618530273,1.8943597078323364,1.0289152307034481,0.008274976682757229,1.020640254020691
40472,COc1ncoc1CN,1.369607658467529,1.0479999780654907,1.4098460674285889,0.32160768040203824,0.0402384089610599,0.28136927144097834
40476,COc1ncon1,0.4560024296935999,0.7639999985694885,0.696044385433197,0.30799756887588864,0.24004195573959713,0.0679556131362915
40489,COc1nn[nH]c1CO,4.338618043090459,1.909999966621399,3.6532037258148193,2.4286180764690597,0.6854143172756393,1.7432037591934204
40518,COc1noc(=O)n1C,5.9192694600042115,6.065999984741211,6.010801315307617,0.14673052473699943,0.09153185530340568,0.05519866943359375
40544,COc1nonc1CO,2.1226399570061543,3.63700008392334,4.028871059417725,1.5143601269171856,1.9062311024115703,-0.39187097549438477
40552,COc1ns[nH]c1=S,3.531667994125984,3.8480000495910645,3.2750558853149414,0.3163320554650806,0.25661210881104246,0.059719946654038125
40567,COc1oc(=N)[nH]c1N,3.920291874244008,3.2809998989105225,3.5646779537200928,0.6392919753334856,0.3556139205239153,0.2836780548095703
40616,COc1oncc1C(=O)O,4.22051578680678,4.242000102996826,3.386228561401367,0.02148431619004576,0.8342872254054132,-0.8128029092153675
40627,COc1sncc1N,3.474605499320547,3.321000099182129,3.4757437705993652,0.15360540013841817,0.0011382712788181593,0.1524671288596
40635,CP(=O)(Cl)Br,3.724543849130659,5.007999897003174,2.342447519302368,1.283456047872515,1.3820963298282907,-0.09864028195577568
40643,CP(=O)(F)Br,3.811492648717221,4.985000133514404,3.5216798782348633,1.1735074847971831,0.2898127704823579,0.8836947143148253
40647,CP(=O)(F)OF,3.9152446185284258,4.435999870300293,3.6483395099639897,0.5207552517718672,0.26690510856443606,0.25385014320743116
40650,CP(=O)(O)C(=O)Cl,3.1824959355485025,2.9100000858306885,1.8197033405303955,0.27249584971781404,1.362792595018107,-1.090296745300293
40669,CP(=O)(O)OCC#N,3.086163922847454,5.193999767303467,4.6352386474609375,2.107835844456013,1.5490747246134835,0.5587611198425293
40672,CP(=O)(O)OCl,2.3354192314290856,5.310999870300293,3.5214684009552,2.9755806388712074,1.1860491695261146,1.7895314693450928
40678,CP(=O)(OCl)OCl,4.4125959028262125,3.8980000019073486,1.8021937608718872,0.5145959009188639,2.6104021419543253,-2.0958062410354614
40684,CP(C)(=O)Br,4.378186007013783,5.853000164031982,1.0907245874404907,1.4748141570181996,3.287461419573292,-1.8126472625550925
40695,CP(C)(=O)O,2.9029952650257433,3.1610000133514404,3.6762659549713135,0.2580047483256971,0.7732706899455701,-0.515265941619873
40698,CP(C)(C)=O,4.512734450719762,4.701000213623047,0.3538922667503357,0.1882657629032849,4.158842183969426,-3.9705764210661414
40699,CP(C)C(F)(F)F,2.8562517383720634,3.8480000495910645,2.3443052768707275,0.9917483112190011,0.5119464615013358,0.47980184971766526
40700,CP(C)SC(F)(F)F,3.6516674529401287,4.434000015258789,4.021262168884277,0.7823325623186603,0.3695947159441486,0.4127378463745117
40715,CP(P)C#N,3.307209962688033,3.8959999084472656,4.0799560546875,0.5887899457592325,0.7727460919994669,-0.18395614624023438
40716,CP1(=O)C=PO1,4.387719125617758,4.710000038146973,3.7694716453552246,0.322280912529215,0.6182474802625331,-0.2959665677333181
40734,CPOCC#N,2.976131722208318,3.950000047683716,4.002255916595459,0.9738683254753977,1.0261241943871409,-0.052255868911743164
40741,CS(=O)(=O)C#N,4.426720046182039,4.545000076293945,4.743561267852783,0.11828003011190624,0.31684122167074413,-0.1985611915588379
40745,CS(=O)(=O)C(C#N)=NO,4.176666518542633,4.006999969482422,3.000195264816284,0.16966654906021095,1.1764712537263486,-1.0068047046661377
40748,CS(=O)(=O)C(Cl)=CCl,3.725961631830362,3.6519999504089355,4.267383098602295,0.07396168142142656,0.5414214667719328,-0.46745978535050625
40752,CS(=O)(=O)C=C1CCCCC1,5.552549427747398,6.304999828338623,4.392746448516846,0.7524504005912247,1.1598029792305526,-0.40735257863932794
40795,CS(=O)(=O)CS(=O)(=O)OCCBr,7.352555292790347,3.006999969482422,3.5829663276672363,4.345555323307925,3.769588965123111,0.5759663581848145
40799,CS(=O)(=O)CS(C)(=O)=O,6.338337720472603,5.395999908447266,2.2344183921813965,0.942337812025337,4.103919328291206,-3.161581516265869
40803,CS(=O)(=O)CSSCS(C)(=O)=O,6.581834044319611,4.517000198364258,2.345304250717163,2.064833845955353,4.236529793602448,-2.1716959476470947
40804,CS(=O)(=O)Cc1ccccc1,5.115545373853578,5.144000053405762,4.349545955657959,0.028454679552183393,0.7659994181956193,-0.737544738643436
40807,CS(=O)(=O)N(CCCl)CCCl,5.351292802329091,4.961999893188477,2.6030445098876953,0.38929290914061454,2.748248292441396,-2.3589553833007812
40812,CS(=O)(=O)N1C=CC=CC=C1,3.783065113827346,4.357999801635742,3.688262939453125,0.5749346878083963,0.0948021743742209,0.4801325134341754
40821,CS(=O)(=O)N1COCOC1,5.478484723620327,5.915999889373779,3.5212955474853516,0.4375151657534522,1.9571891761349756,-1.5196740103815234
40826,CS(=O)(=O)NC(=O)O,3.679662365297197,4.11299991607666,3.128937005996704,0.43333755077946323,0.5507253593004928,-0.11738780852102959
40837,CS(=O)(=O)NCCN,4.067062791333137,4.124000072479248,4.001457691192627,0.056937281146111296,0.0656051001405098,-0.008667818994398502
40840,CS(=O)(=O)NCCc1ccc(Cl)cc1,3.6218593082497175,6.333000183105469,1.9266315698623655,2.7111408748557513,1.695227738387352,1.0159131364683993
40842,CS(=O)(=O)NCCc1ccc(NN)cc1,4.923593321070005,5.961999893188477,5.972571849822998,1.0384065721184719,1.0489785287529934,-0.010571956634521484
40896,CS(=O)(=O)OCC1CCC=CO1,3.2054701854172367,4.500999927520752,2.9716458320617676,1.2955297421035152,0.23382435335546914,1.061705388748046
40901,CS(=O)(=O)OCC1OC(O)CC1O,3.9314721018935543,7.271999835968018,3.97094464302063,3.3405277340744632,0.039472541127075544,3.3010551929473877
40902,CS(=O)(=O)OCCC#N,7.721907340042018,4.311999797821045,4.946657180786133,3.4099075422209735,2.7752501592558856,0.6346573829650879
40914,CS(=O)(=O)OCC[18F],4.748400595337134,3.5360000133514404,3.778815031051636,1.212400581985694,0.9695855642854982,0.24281501770019576
40921,CS(=O)(=O)Oc1cccc(C(F)(F)F)c1,4.207905391361153,7.482999801635742,5.066165447235107,3.2750944102745896,0.8582600558739548,2.4168343544006348
40941,CS(=O)(=O)c1ccccc1N,4.845878009905084,5.048999786376953,4.563408851623535,0.20312177647186935,0.2824691582815486,-0.07934738180967926
40985,CS(=O)CC(=O)c1ccccc1O,6.197577267188019,5.973999977111816,2.001871109008789,0.22357729007620275,4.19570615817923,-3.9721288681030273
40995,CS(=O)CC(O)c1ccccc1,4.864522291766852,4.255000114440918,2.804591417312622,0.6095221773259336,2.0599308744542295,-1.450408697128296
41008,CS(=O)CCCCCCN=C=S,4.765382692066802,4.755000114440918,3.5450668334960938,0.010382577625883904,1.2203158585707081,-1.2099332809448242
41025,CS(=O)CF,4.240211027391676,2.0460000038146973,3.3672306537628174,2.1942110235769787,0.8729803736288586,1.3212306499481201
41029,CS(=O)CNC#N,5.730202867310601,2.381999969482422,2.611841917037964,3.3482028978281795,3.1183609502726375,0.229841947555542
41032,CS(=O)COC=O,5.023432209126213,5.4120001792907715,4.737677097320557,0.3885679701645586,0.28575511180565627,0.1028128583589023
41042,CS(=O)C[C@H](N)C(=O)O,3.4931821741622966,4.214000225067139,3.740878105163574,0.7208180509048421,0.24769593100127762,0.47312211990356445
41051,CS(=O)OS(=O)OO,5.209881389349367,5.8379998207092285,2.4655420780181885,0.6281184313598613,2.7443393113311787,-2.1162208799713174
41062,CS(=O)c1ccccc1C(=O)O,4.735215121964397,2.634000062942505,5.026966571807861,2.101215059021892,0.29175144984346435,1.8094636091784277
41066,CS(=O)c1ccccn1,4.0427140159463075,3.809000015258789,4.74736213684082,0.23371400068751846,0.7046481208945128,-0.4709341202069943
41069,CS(=S)C#N,4.328605758905219,4.747000217437744,4.130432605743408,0.418394458532525,0.19817315316181094,0.22022130537071405
41072,CS(C)(=O)=CC1=CC(=O)CCC1,9.071611838528538,4.263000011444092,5.154656887054443,4.808611827084446,3.9169549514740947,0.8916568756103516
41074,CS(C)(=O)=NC(=O)C1CO1,4.324170559110418,4.364999771118164,2.654541015625,0.04082921200774603,1.669629543485418,-1.628800331477672
41078,CS(C)=CC#N,6.523815806471195,5.833000183105469,6.857803821563721,0.6908156233657259,0.33398801509252607,0.3568276082731998
41081,CS(C)=CC(=O)CCN1C(=O)CCC1=O,3.3424828530440633,4.89900016784668,4.196493148803711,1.5565173148026163,0.8540102957596476,0.7025070190429688
41083,CS(C)=CC(=O)c1ccc(Br)cc1,5.961272626979228,8.07699966430664,7.219771862030029,2.115727037327413,1.2584992350508015,0.8572278022766113
41110,CSC(=C[N+](=O)[O-])SC,5.587074962436051,7.447000026702881,5.758372783660889,1.8599250642668297,0.1712978212248375,1.6886272430419922
41123,CSC(=NC#N)NN,4.9069124671823525,4.427000045776367,5.5407023429870605,0.47991242140598533,0.633789875804708,-0.1538774543987227
41127,CSC(=N[N+](=O)[O-])SC,2.8142002092649188,6.827000141143799,5.1700544357299805,4.01279993187888,2.3558542264650617,1.6569457054138184
41130,CSC(=O)C(=O)O,0.503570641424701,0.5529999732971191,1.2338314056396484,0.04942933187241816,0.7302607642149475,-0.6808314323425293
41149,CSC(=O)CC(=O)O,2.175413679750845,2.3259999752044678,1.903282165527344,0.15058629545362257,0.27213151422350124,-0.12154521876987867
41156,CSC(=O)CO,1.473170351579982,1.6699999570846558,2.2995684146881104,0.19682960550467365,0.8263980631081282,-0.6295684576034546
41170,CSC(=O)OC(C)=O,2.583650167182007,6.705999851226807,3.9313671588897705,4.122349684044799,1.3477169917077636,2.7746326923370357
41177,CSC(=PCl)SC,4.185535359376691,3.0850000381469727,2.830622673034668,1.1005353212297182,1.3549126863420229,-0.2543773651123047
41188,CSC(=S)Cl,2.841295516348519,2.5329999923706055,2.818939685821533,0.3082955239779137,0.022355830526985976,0.28593969345092773
41241,CSC(C)c1ccc(Br)cc1,1.7241343873460837,3.066999912261963,1.6409586668014526,1.3428655249158792,0.08317572054463107,1.2596898043712481
41245,CSC(CF)Cc1ccccc1,3.0485633054377645,2.117000102996826,1.5987688302993774,0.9315632024409384,1.449794475138387,-0.5182312726974487
41248,CSC(C[N+](=O)[O-])SC,4.0325023352805776,4.26200008392334,4.3418402671813965,0.2294977486427623,0.30933793190081893,-0.07984018325805664
41258,CSC(Cl)C(=O)Cl,1.9329181864827825,3.2780001163482666,2.379138946533203,1.3450819298654841,0.44622076005042066,0.8988611698150635
41273,CSC(F)=C(F)C#N,5.123926617336947,5.418000221252441,4.977289199829102,0.29407360391549453,0.1466374175078453,0.14743618640764922
41290,CSC(N)=S,2.7200151095030307,6.909999847412109,3.8070762157440186,4.189984737909079,1.0870611062409878,3.102923631668091
41294,CSC(O)C#N,3.665871367963228,2.374000072479248,3.535005569458008,1.29187129548398,0.13086579850522018,1.1610054969787598
41296,CSC(O)Cl,1.2561048867182851,1.2489999532699585,2.038111448287964,0.0071049334483266335,0.7820065615696787,-0.7749016281213521
41299,CSC(P)=S,2.1870977705683616,4.709000110626221,3.016134738922119,2.521902340057859,0.8290369683537575,1.6928653717041016
41300,CSC(S(C)(=O)=O)S(C)(=O)=O,7.132320506413413,4.502999782562256,2.965445041656494,2.6293207238511576,4.166875464756919,-1.5375547409057617
41312,CSC1=C(C)CCO1,1.8448882648795673,1.9759999513626099,1.4616966247558594,0.1311116864830426,0.3831916401237079,-0.25207995364066527
41328,CSC1=CNN(S)O1,4.24633085624457,1.378999948501587,2.5467286109924316,2.867330907742983,1.6996022452521382,1.1677286624908447
41334,CSC1=NC(=N)CS1,2.0983206275576425,2.0439999103546143,2.1573374271392822,0.054320717203028224,0.059016799581639745,-0.004696082378611521
41340,CSC1=NCC(=O)N1,3.5718417822872692,3.368000030517578,3.1334147453308105,0.2038417517696911,0.4384270369564587,-0.23458528518676758
41358,CSC1CC1(F)F,2.515677059572491,4.520999908447266,2.042320489883423,2.0053228488747745,0.47335656968906825,1.5319662791857063
41367,CSC1CS1,1.3573502685515857,2.38700008392334,1.8433008193969729,1.0296498153717542,0.4859505508453872,0.543699264526367
41374,CSC1NN1,1.9342191031184663,1.4390000104904175,2.1673498153686523,0.49521909262804886,0.233130712250186,0.26208838037786286
41416,CSCC(Cl)(Cl)Cl,2.29260480750556,1.9620000123977661,2.029041290283203,0.33060479510779395,0.26356351722235694,0.06704127788543701
41421,CSCC(F)(F)F,3.5516869167900276,3.178999900817871,2.2824501991271973,0.3726870159721565,1.2692367176628303,-0.8965497016906738
41435,CSCC1CO1,1.828798162753201,2.177000045776367,0.96176278591156,0.3482018830231661,0.8670353768416411,-0.518833493818475
41438,CSCC=C(Cl)Cl,2.460167104037083,0.7450000047683716,1.0901228189468384,1.7151670992687116,1.3700442850902448,0.3451228141784668
41439,CSCC=C(F)F,2.3369645717965803,3.5190000534057617,0.8176285624504089,1.1820354816091814,1.5193360093461714,-0.33730052773699004
41444,CSCCC(=O)/C(O)=C/O,2.4673788446144793,2.385999917984009,2.6433839797973633,0.08137892663047053,0.17600513518288396,-0.09462620855241344
41445,CSCCC(=O)C(O)=CO,3.2286348744021383,5.021999835968018,1.7455800771713257,1.7933649615658793,1.4830547972308126,0.31031016433506675
41449,CSCCC(N)C(=O)O,1.218314676956807,3.1029999256134033,1.5540289878845217,1.8846852486565964,0.33571431092771475,1.5489709377288816
41452,CSCCC1NC(=O)OC1=O,6.066607894930007,5.248000144958496,5.825291633605957,0.8186077499715108,0.24131626132404982,0.5772914886474609
41460,CSCCCCN=[N+]=[N-],1.705816518412561,3.309000015258789,2.9899134635925293,1.603183496846228,1.2840969451799682,0.31908655166625977
41467,CSCCN=C=S,4.524226179195794,2.7139999866485596,3.5578930377960205,1.8102261925472343,0.9663331413997733,0.8438930511474609
41484,CSCN,1.8628940205299604,2.2079999446868896,2.2392544746398926,0.3451059241569292,0.37636045410993213,-0.03125452995300293
41492,CSCOC=O,3.0603246440919616,0.5860000252723694,1.532664179801941,2.474324618819592,1.5276604642900207,0.9466641545295715
41497,CSCOOCl,2.3922188765318837,2.0190000534057617,2.432307720184326,0.373218823126122,0.040088843652442474,0.3331299794736795
41513,CSCSC(C)=O,3.2623146812229633,3.390000104904175,1.2073750495910645,0.1276854236812115,2.054939631631899,-1.9272542079506874
41520,CSCSSCS(C)=O,3.408690955261593,2.2679998874664307,1.4922758340835571,1.1406910677951623,1.9164151211780358,-0.7757240533828735
41543,CSCc1ccccc1Br,1.779476265535867,2.686000108718872,1.7614483833312988,0.9065238431830052,0.01802788220456808,0.8884959609784371
41547,CSCc1ccccn1,1.9471611367770305,2.2950000762939453,1.1629558801651,0.3478389395169148,0.7842052566119304,-0.4363663170950156
41554,CSCc1ncon1,0.6549441130767979,1.7519999742507935,0.8778932690620422,1.0970558611739956,0.22294915598524434,0.8741067051887512
41564,CSN(SC)C(=O)O,1.7583975891937471,1.7589999437332153,0.857380747795105,0.0006023545394682195,0.9010168413986421,-0.9004144868591739
41570,CSNC#N,4.703075650250901,4.295000076293945,4.262942790985107,0.40807557395695593,0.4401328592657938,-0.03205728530883789
41572,CSNC(=O)C(N)=O,1.5675764264581389,2.200000047683716,0.375534325838089,0.6324236212255769,1.19204210062005,-0.559618479394473
41575,CSNC(=O)O,2.4017386023157674,2.753000020980835,2.230334997177124,0.35126141866506755,0.1714036051386434,0.17985781352642416
41581,CSNP(=O)(O)O,2.070740589435252,1.1629999876022339,0.992692768573761,0.9077406018330181,1.078047820861491,-0.1703072190284729
41589,CSOC(F)F,3.869024130716889,3.1570000648498535,2.4083101749420166,0.7120240658670354,1.4607139557748723,-0.7486898899078369
41597,CSP(=O)(Cl)Cl,4.657307396748844,1.7699999809265137,3.759078025817871,2.88730741582233,0.8982293709309728,1.9890780448913574
41599,CSP(=O)(F)F,4.597536438060288,3.3970000743865967,4.521749973297119,1.2005363636736917,0.07578646476316919,1.1247498989105225
41604,CSP(=O)(OCl)OCl,2.894172604742478,3.690999984741211,3.7648422718048096,0.7968273799987329,0.8706696670623315,-0.07384228706359863
41612,CSSC#N,3.9516020674822823,3.4790000915527344,3.997046709060669,0.4726019759295479,0.04544464157838668,0.4271573343511612
41623,CSSCOC(Cl)Cl,3.695268085607158,0.8090000152587891,0.8035091757774353,2.8862680703483687,2.8917589098297225,-0.00549083948135376
41640,CS[C@@H](C)c1ccccc1,1.4270166349920916,2.1530001163482666,1.1476129293441772,0.725983481356175,0.2794037056479144,0.4465797757082606
41656,CSc1cc(F)cc(F)c1,2.4079687438798616,3.059000015258789,1.548833250999451,0.6510312713789275,0.8591354928804107,-0.20810422150148322
41698,CSc1ccnc(Cl)n1,3.0515647182672923,2.552000045776367,3.523538827896118,0.49956467249092507,0.4719741096288259,0.027590562862099155
41699,CSc1ccncn1,3.7577874294690616,1.3389999866485596,1.8111820220947263,2.418787442820502,1.9466054073743353,0.47218203544616677
41703,CSc1ccns1,2.4857960829836907,4.059000015258789,2.7753984928131104,1.5732039322750984,0.28960240982941965,1.2836015224456787
41705,CSc1ccoc1C,1.3385516482513555,2.1579999923706055,0.7158371210098267,0.8194483441192499,0.6227145272415289,0.19673381687772107
41717,CSc1cnn[nH]c1=O,1.727510391878163,1.8270000219345093,2.1136574745178223,0.09948963005634637,0.38614708263965936,-0.286657452583313
41761,CSc1nc(S)cs1,1.1206087715144184,2.0910000801086426,1.4193881750106812,0.9703913085942242,0.29877940349626275,0.6716119050979614
41774,CSc1nccn1O,2.3936176862310132,1.281999945640564,1.9506187438964844,1.1116177405904493,0.44299894233452886,0.6686187982559204
41826,C[14C](N)=O,3.933583894371635,4.370999813079834,4.052172660827637,0.43741591870819896,0.11858876645600169,0.31882715225219727
41836,C[C@@H](CN)OP(=O)(O)O,7.147338777092822,4.0320000648498535,2.5259058475494385,3.115338712242968,4.621432929543383,-1.506094217300415
41842,C[C@@H](F)CF,3.176979662546006,0.6259999871253967,1.5853840112686155,2.550979675420609,1.5915956512773903,0.9593840241432188
41874,C[C@@H]1COC1=O,4.489928756350446,4.486999988555908,4.5502142906188965,0.0029287677945379897,0.06028553426845029,-0.0573567664739123
41897,C[C@@]1(O)CO1,3.4096569801920613,1.5640000104904175,2.4223551750183105,1.8456569697016438,0.9873018051737508,0.8583551645278931
41907,C[C@H](F)CF,0.4982349989253982,0.6069999933242798,1.592822790145874,0.1087649943988816,1.0945877912204758,-0.9858227968215942
41908,C[C@H](F)Cl,2.408087064639201,2.489000082015991,2.1875882148742676,0.08091301737679002,0.2204988497649336,-0.1395858323881436
41937,C[C@H]1CS1,2.235328750177207,2.9649999141693115,2.224994659423828,0.7296711639921045,0.010334090753378877,0.7193370732387256
41959,C[S@@](=O)CC#N,1.15529682697929,1.0800000429153442,1.1708943843841553,0.0752967840639458,0.015597557404865237,0.05969922665908056
41964,C[S@@](=O)c1ccccc1,4.2130787892681765,4.1020002365112305,3.020939350128174,0.111078552756946,1.1921394391400026,-1.0810608863830566
41973,C[SiH2]C#N,4.063204417213499,3.878999948501587,3.904528379440307,0.1842044687119122,0.15867603777319195,0.02552843093872026
41979,C[SiH2]OC(C)(C)C,0.6766070941452004,1.5119999647140503,1.7265290021896362,0.8353928705688499,1.049921908044436,-0.21452903747558605
41991,C[SiH](C)CCF,2.3511509846766674,1.847000002861023,1.8727535009384155,0.5041509818156444,0.47839748373825186,0.025753498077392578
41992,C[SiH](C)CF,1.528952799488423,2.7060000896453857,1.5800021886825562,1.1770472901569626,0.051049389194133044,1.1259979009628296
41998,C[SiH](Cl)C(F)(F)F,2.938067742898078,4.072000026702881,2.685748815536499,1.133932283804803,0.2523189273615789,0.881613356443224
42002,C[SiH]1OCO1,1.305716506792888,1.1360000371932983,1.3320281505584717,0.16971646959958964,0.026311643765583703,0.14340482583400593
42003,C[SiH]1OO1,4.326493869092621,4.248000144958496,4.106238842010498,0.07849372413412503,0.22025502708212308,-0.14176130294799805
42015,C[Si](C)(C)OC(=O)CCCN=C=S,5.649151766186614,2.186000108718872,2.9549009799957275,3.4631516574677423,2.694250786190887,0.7689008712768555
42022,C[Si](C)(CF)CF,3.8562476278470466,2.7330000400543213,1.2847225666046145,1.1232475877927253,2.571525061242432,-1.4482774734497066
42024,C[Si](Cl)(C#N)C#N,4.17809449613049,4.004000186920166,2.7398557662963867,0.1740943092103242,1.4382387298341035,-1.2641444206237793
42026,C[Si](Cl)(Cl)C(F)(Cl)Cl,2.635797000988757,2.875,2.368290662765503,0.2392029990112432,0.26750633822325387,-0.02830333921201067
42027,C[Si](Cl)(Cl)C(F)(F)F,2.773045267805613,3.7339999675750732,2.0795023441314697,0.9609546997694602,0.6935429236741433,0.26741177609531697
42030,C[Si](Cl)(Cl)SC#N,3.126295312080546,3.7920000553131104,3.954282283782959,0.6657047432325642,0.8279869717024129,-0.16228222846984863
42031,C[Si](F)(F)C(F)(F)F,3.061252370060029,4.309000015258789,2.876028537750244,1.2477476451987601,0.18522383230978479,1.0625238128889753
42035,C[Si]1(C)O[Si](C)(C)O[Si](C)(C)O1,0.0004716756642614,0.012000000104308128,0.2483542114496231,0.011528324440046728,0.2478825357853617,-0.23635421134531498
42051,Cc1[nH]c(O)nc1C#N,6.438114212005537,6.252999782562256,6.4981465339660645,0.18511442944328138,0.06003232196052721,0.12508210748275417
42068,Cc1[nH]cnc1C#N,7.737777407242763,7.520999908447266,7.748512268066406,0.2167774987954978,0.010734860823642833,0.20604263797185496
42088,Cc1[nH]nnc1NC=O,2.3856143070860276,2.2799999713897705,4.915857791900635,0.10561433569625711,2.530243484814607,-2.42462914911835
42121,Cc1c(F)cnoc1=N,1.8666224714325164,3.691999912261963,1.808684468269348,1.8253774408294465,0.05793800316316844,1.767439437666278
42139,Cc1c(F)oncc1=O,1.190944444704921,0.8949999809265137,1.2144705057144165,0.2959444637784072,0.023526061009495614,0.2724184027689116
42151,Cc1c(O)cccc1F,1.0576579961429593,3.236999988555908,1.3159064054489136,2.179341992412949,0.2582484093059543,1.9210935831069949
42200,Cc1c[nH]nc1OC=N,4.543259390399493,1.906999945640564,4.8984904289245605,2.636259444758929,0.35523103852506743,2.2810284062338617
42202,Cc1cc(=N)[nH]c(F)n1,1.0565569527486842,0.5099999904632568,0.7737349271774292,0.5465569622854274,0.282822025571255,0.26373493671417236
42255,Cc1cc(C)c(C#N)[nH]1,5.001523739195874,4.836999893188477,5.025367259979248,0.16452384600739745,0.02384352078337404,0.1406803252240234
42271,Cc1cc(Cl)ccc1S(N)(=O)=O,2.4516306174217433,3.686000108718872,2.1853506565093994,1.2343694912971288,0.26627996091234385,0.968089530384785
42313,Cc1cc(F)nc(C)n1,2.311197675921169,2.7829999923706055,2.2346620559692383,0.47180231644943627,0.07653561995193092,0.39526669649750534
42318,Cc1cc(F)ncc1N,5.072854871559436,6.125999927520752,5.085273265838623,1.0531450559613162,0.01241839427918734,1.040726661682129
42322,Cc1cc(F)noc1=N,3.146027278707486,3.2760000228881836,2.954925060272217,0.12997274418069749,0.1911022184352693,-0.061129474254571825
42323,Cc1cc(F)noc1=O,5.015472228191855,4.921999931335449,5.045178413391113,0.09347229685640546,0.029706185199258606,0.06376611165714685
42351,Cc1cc(O)c(C#N)[nH]1,4.541884050362294,4.2729997634887695,4.727898597717285,0.26888428687352484,0.1860145473549908,0.08286973951853405
42375,Cc1cc(SC#N)ccc1N=C=S,3.429235339089429,2.552000045776367,2.91987681388855,0.8772352933130616,0.509358525200879,0.3678767681121826
42397,Cc1ccc(C(=O)C=S(C)C)cc1,7.753725238747029,3.739000082015991,4.635544300079346,4.014725156731037,3.118180938667683,0.8965442180633545
42411,Cc1ccc(Cl)c(S(N)(=O)=O)c1,4.035502833298907,5.008999824523926,4.367435455322266,0.9734969912250184,0.33193262202335827,0.6415643692016602
42433,Cc1ccc(F)cc1F,1.9173111140984465,2.572000026702881,2.04777455329895,0.6546889126044344,0.13046343920050374,0.5242254734039307
42433,Cc1ccc(F)cc1F,1.9173111140984465,2.572000026702881,2.04777455329895,0.6546889126044344,0.13046343920050374,0.5242254734039307
42444,Cc1ccc(F)nc1O,2.3231367836403685,2.74399995803833,2.405423641204834,0.4208631743979616,0.08228685756446552,0.3385763168334961
42453,Cc1ccc(N)cc1S(N)(=O)=O,5.907627058149646,6.84499979019165,5.713619232177734,0.9373727320420047,0.19400782597191135,0.7433649060700933
42472,Cc1ccc(OS(=O)(=O)C(F)(F)F)cc1,3.653584354213239,5.317999839782715,4.589743614196777,1.6644154855694757,0.9361592599835382,0.7282562255859375
42490,Cc1ccc(S(=O)(=O)NCl)cc1,6.502985734942173,5.064000129699707,6.9859490394592285,1.4389856052424657,0.4829633045170558,0.9560223007254098
42498,Cc1ccc(S(=O)C(C)C)cc1,4.501597196967723,4.196000099182129,4.4002838134765625,0.3055970977855944,0.10131338349116081,0.2042837142944336
42543,Cc1ccccc1N=NCC(C#N)C#N,4.040735122155834,5.468999862670898,4.728379249572754,1.4282647405150648,0.6876441274169203,0.7406206130981445
42548,Cc1ccccc1S(N)(=O)=O,3.3087539921571287,4.568999767303467,4.490176677703857,1.260245775146338,1.1814226855467287,0.07882308959960938
42588,Cc1ccsc1S(N)(=O)=O,6.142114355872077,4.599999904632568,4.938292026519775,1.5421144512395086,1.2038223293523016,0.33829212188720703
42613,Cc1cnc(C#N)o1,5.702746856894001,5.510000228881836,5.749265193939209,0.19274662801216547,0.04651833704520758,0.14622829096695789
42630,Cc1cnc(F)c(F)c1,4.234419203571939,5.040999889373779,4.2770185470581055,0.8065806858018405,0.042599343486166674,0.7639813423156738
42636,Cc1cnc(F)cc1C,4.3950361985099144,5.013999938964844,4.417147636413574,0.6189637404549293,0.02211143790365977,0.5968523025512695
42690,Cc1cnnn1C(N)=O,1.209286509791465,1.0980000495910645,1.5639959573745728,0.11128646020040045,0.35470944758310785,-0.2434229873827074
42695,Cc1cnoc1C(N)=O,0.3671110292910204,0.8970000147819519,0.2108133137226104,0.5298889854909314,0.15629771556841002,0.37359126992252145
42704,Cc1coc(=N)nc1F,4.335523942417615,4.552999973297119,5.421835899353027,0.21747603087950385,1.086311956935412,-0.8688359260559082
42748,Cc1csc(C#N)n1,5.330794403540705,5.105999946594238,5.510590076446533,0.2247944569464666,0.17979567290582832,0.044998784040638284
42750,Cc1csc(CF)n1,2.138066015946619,2.8450000286102295,2.2119884490966797,0.7069340126636106,0.07392243315006075,0.6330115795135498
42773,Cc1n[nH]c(N)c1C#N,4.930646799342632,5.1620001792907715,5.079634189605713,0.2313533799481391,0.1489873902630805,0.0823659896850586
42785,Cc1n[nH]nc1OC=N,2.7406444492650355,2.13100004196167,1.2105711698532104,0.6096444073033656,1.530073279411825,-0.9204288721084595
42800,Cc1nc(=O)cc(F)o1,4.345483842098681,4.484000205993652,4.334896087646484,0.13851636389497113,0.01058775445219684,0.1279286094427743
42827,Cc1nc(CF)n[nH]1,4.621266303375275,4.929999828338623,4.488534927368164,0.3087335249633476,0.13273137600711138,0.17600214895623623
42842,Cc1nc(F)co1,2.613788462588841,3.443000078201294,2.352531909942627,0.8292116156124529,0.26125655264621406,0.5679550629662389
42859,Cc1nc(F)ns1,4.074487971558114,4.271999835968018,4.248236656188965,0.1975118644099032,0.17374868463085047,0.023763179779052734
42863,Cc1nc(N)c(C#N)[nH]1,4.033299749455686,3.572999954223633,4.011850833892822,0.46029979523205355,0.0214489155628641,0.43885087966918945
42932,Cc1ncc(F)s1,1.5821170042911763,2.0380001068115234,1.4526268243789673,0.45588310252034714,0.129490179912209,0.3263929226081381
42960,Cc1ncn(C)c1C#N,3.6395083348732222,3.444999933242798,3.7173452377319336,0.19450840163042438,0.07783690285871137,0.11667149877171301
43036,Cc1nocc1NC=O,4.972021367370063,4.992000102996826,5.122602462768555,0.01997873562676311,0.15058109539849163,-0.13060235977172852
43041,Cc1nonc1C#N,3.0925379769819483,2.8489999771118164,3.1052660942077637,0.24353799987013192,0.01272811722581535,0.23080988264431657
43051,Cc1nscc1F,1.055304662020953,0.5049999952316284,1.1314194202423096,0.5503046667893245,0.0761147582213566,0.47418990856796794
43077,Cc1occc1OC=N,3.0028217709110443,2.0439999103546143,1.5568801164627075,0.95882186055643,1.4459416544483368,-0.48711979389190674
43144,ClC1(Cl)NO1,1.703426630451474,1.7269999980926514,0.8083762526512146,0.023573367641177345,0.8950503778002594,-0.8714770101590821
43147,ClC1(Cl)SC(Cl)(Cl)S1,0.0001548891935211,0.054999999701976776,0.1542447507381439,0.054845110508455676,0.15408986154462279,-0.09924475103616712
43152,ClC1=C(Cl)SCC1,2.7678562401833378,2.7669999599456787,2.6753182411193848,0.0008562802376590462,0.09253799906395299,-0.09168171882629395
43200,ClC1=NNOC=C1,2.310301660290433,1.809999942779541,1.978376388549805,0.5003017175108919,0.331925271740628,0.1683764457702639
43202,ClC1=NOC1,3.276744261521709,3.2809998989105225,3.274005889892578,0.004255637388813405,0.0027383716291309312,0.0015172657596824735
43219,ClC1C=CSC1Cl,3.1929363132274053,2.197000026702881,2.6172401905059814,0.9959362865245245,0.5756961227214239,0.4202401638031006
43222,ClC1C=NOC1,3.0965449236955007,2.5820000171661377,1.7232732772827148,0.514544906529363,1.3732716464127859,-0.8587267398834229
43225,ClC1CC=COC1,2.6216525801492723,1.5099999904632568,0.9752155542373656,1.1116525896860154,1.6464370259119065,-0.5347844362258911
43236,ClC1CCNO1,4.378250542034552,3.9679999351501465,3.4185357093811035,0.4102506068844054,0.9597148326534484,-0.549464225769043
43237,ClC1CCO1,3.2737319727666914,3.1040000915527344,3.144979953765869,0.169731881213957,0.12875201900082223,0.040979862213134766
43239,ClC1CCOC1Cl,2.3578315528767235,3.058000087738037,2.5998518466949463,0.7001685348613136,0.24202029381822276,0.4581482410430908
43250,ClC1COC=CO1,2.150311000707269,2.1080000400543213,1.197527527809143,0.042310960652947927,0.9527834728981261,-0.9104725122451782
43278,ClC1ON1Cl,1.7375855776275155,1.3949999809265137,1.250727653503418,0.34258559670100186,0.48685792412409756,-0.1442723274230957
43289,ClC=C1CN=CO1,0.962304729322326,1.0870000123977661,1.2153620719909668,0.12469528307544009,0.2530573426686408,-0.12836205959320068
43312,ClCC1=COCO1,1.4386686428050692,1.843999981880188,1.6291172504425049,0.40533133907511876,0.19044860763743565,0.2148827314376831
43317,ClCC1C=CC=CO1,1.6651031765141382,2.0350000858306885,2.630589246749878,0.3698969093165503,0.9654860702357397,-0.5955891609191895
43327,ClCC1CCOCC1,2.60711519114966,1.5230000019073486,0.8777208924293518,1.0841151892423113,1.7293942987203081,-0.6452791094779968
43328,ClCC1CO1,3.4243525651421316,0.31299999356269836,1.149431228637695,3.1113525715794332,2.2749213365044367,0.8364312350749965
43331,ClCC1COOO1,1.7749476873309835,2.0999999046325684,2.137186288833618,0.32505221730158484,0.36223860150263465,-0.037186384201049805
43339,ClCC1OCOO1,2.5523559695090308,2.7360000610351562,2.006300449371338,0.18364409152612549,0.5460555201376929,-0.3624114286115674
43346,ClCCCSc1ccc(Cl)cc1,3.406865077088865,2.385999917984009,2.2052953243255615,1.020865159104856,1.2015697527633034,-0.18070459365844727
43364,ClCN1C=NCO1,1.9154658602485988,2.13700008392334,0.904554009437561,0.22153422367474107,1.0109118508110377,-0.7893776271362967
43370,ClCOC1CO1,3.0092048126469297,1.5369999408721924,1.5321863889694214,1.4722048717747374,1.4770184236775084,-0.004813551902770996
43371,ClCOCBr,0.7162055927544384,2.565999984741211,1.1912668943405151,1.8497943919867725,0.47506130158607673,1.3747330904006958
43416,ClNC1COC1,2.578414298117344,2.239000082015991,0.8492204546928406,0.3394142161013529,1.7291938434245036,-1.3897796273231506
43417,ClOC1C=CC=CO1,2.4387181501109114,2.3320000171661377,2.6204755306243896,0.10671813294477372,0.18175738051347823,-0.0750392475687045
43419,ClP1(Cl)(Cl)OC=CO1,3.3334745193956232,3.9079999923706055,2.827430009841919,0.5745254729749822,0.5060445095537043,0.06848096342127796
43425,ClP1CCON1,2.018103688623015,1.8910000324249268,2.7895054817199707,0.12710365619808828,0.7714017930969557,-0.6442981368988674
43450,Cl[C@@H]1CCO1,3.274052007211288,3.0920000076293945,3.2043380737304688,0.18205199958189366,0.06971393348081945,0.11233806610107422
43456,Cl[C@H]1CO1,2.40640769170203,2.2760000228881836,2.4947195053100586,0.13040766881384647,0.08831181360802853,0.042095855205817934
43457,Cl[C@H]1O[C@@H]1Cl,1.0392875275314903,0.8830000162124634,0.5660009384155273,0.15628751131902696,0.473286589115963,-0.31699907779693604
43459,Cl[SiH2]OCBr,1.2624232858361284,2.2809998989105225,1.11399507522583,1.018576613074394,0.14842821061029832,0.8701484024640957
43460,Cl[Si](Cl)(Cl)C1CO1,2.371785523642944,1.6770000457763672,1.899281859397888,0.694785477866577,0.4725036642450562,0.22228181362152077
43488,Cn1cc(Br)c(F)n1,4.40883881398137,5.826000213623047,4.300079822540283,1.4171613996416772,0.10875899144108647,1.3084024082005907
43581,Cn1cnc(=O)cc1F,7.519647887239723,7.361999988555908,7.858535766601563,0.15764789868381524,0.33888787936183995,-0.18123998067802471
43587,Cn1cnc(C(N)=O)c1,5.033474028198429,5.110000133514404,5.057086944580078,0.07652610531597492,0.023612916381648752,0.05291318893432617
43595,Cn1cnc(F)n1,5.0427958047925205,5.571000099182129,5.086059093475342,0.5282042943896084,0.043263288682821255,0.4849410057067871
43608,Cn1cncc1C#N,4.0790172411995025,4.056000232696533,4.1835126876831055,0.023017008502969283,0.10449544648360298,-0.0814784379806337
43612,Cn1cncc1F,3.6743787705166273,3.615999937057495,3.536849021911621,0.058378833459132196,0.13752974860500622,-0.07915091514587402
43657,Cn1nccc(F)c1=N,2.2078761852268656,2.296999931335449,2.107494592666626,0.08912374610858365,0.1003815925602396,-0.01125784645165595
43685,Cn1nnc(CF)n1,3.782832157323764,4.310999870300293,3.761244297027588,0.5281677129765288,0.02158786029617632,0.5065798526803524
43696,Cn1nncc(F)c1=O,1.3408926948487965,2.3980000019073486,1.0380343198776243,1.0571073070585522,0.3028583749711722,0.75424893208738
43750,FC(=S)NCl,3.517979001752107,4.00600004196167,3.75624680519104,0.48802104020956305,0.23826780343893317,0.24975323677062988
43755,FC(=S)c1ccco1,4.406849405450464,4.7170000076293945,4.0935869216918945,0.31015060217893087,0.31326248375856913,-0.003111881579638265
43757,FC(Br)(Br)[Si](Cl)(Cl)Cl,0.607281574635286,3.614000082015991,0.2725224196910858,3.0067185073807052,0.33475915494420017,2.671959352436505
43773,FC(Br)C(F)C(F)(F)Br,0.7561939711384799,3.609999895095825,1.4001532793045044,2.8538059239573452,0.6439593081660245,2.209846615791321
43777,FC(Br)CCCc1ccccc1,2.446607643772202,3.552999973297119,0.9523118138313292,1.1063923295249172,1.4942958299408726,-0.38790350041595545
43794,FC(CBr)c1ccccc1,0.9905301400360704,1.86899995803833,1.3453435897827148,0.8784698180022597,0.3548134497466444,0.5236563682556152
43797,FC(CCl)P=S,2.0845352895832883,3.4719998836517334,2.2830216884613037,1.3874645940684451,0.19848639887801545,1.1889781951904297
43801,FC(Cl)(Br)Br,0.5404764068459551,2.4769999980926514,0.1905579417943954,1.9365235912466963,0.3499184650515597,1.5866051261951366
43807,FC(Cl)(Cl)C(Cl)(Cl)C(Cl)(Cl)Cl,0.4363826569577857,0.296999990940094,0.4180887341499328,0.13938266601769173,0.018293922807852914,0.12108874320983881
43813,FC(Cl)(Cl)C(F)(F)C(Cl)(Cl)Cl,0.8310779911212024,0.7070000171661377,0.7437980771064758,0.1240779739550647,0.08727991401472657,0.036798059940338135
43826,FC(Cl)=C(Cl)Cl,0.5554167603345618,0.7749999761581421,0.1035731136798858,0.2195832158235803,0.45184364665467597,-0.23226043083109565
43851,FC(Cl)C=CCl,1.7216856934328115,1.8309999704360962,1.7313177585601809,0.10931427700328467,0.00963206512736936,0.0996822118759153
43857,FC(Cl)CS,2.51023892660532,2.11899995803833,1.828701138496399,0.39123896856699014,0.6815377881089213,-0.29029881954193115
43868,FC(F)(Br)C(F)(Cl)Br,0.7612497184962401,2.447999954223633,0.4484557807445526,1.6867502357273927,0.3127939377516875,1.3739562979757052
43895,FC(F)(Cl)C(F)(Cl)C(F)(F)Cl,0.3782956705755697,1.5509999990463257,0.5129117965698242,1.172704328470756,0.13461612599425454,1.0380882024765015
43897,FC(F)(Cl)C(F)(F)Br,0.9447174579004752,2.2860000133514404,0.3225071728229522,1.3412825554509653,0.6222102850775231,0.7190722703734422
43899,FC(F)(Cl)C(F)(F)C(Cl)Cl,1.7415742820401363,1.1260000467300415,0.4021483361721039,0.6155742353100948,1.3394259458680324,-0.7238517105579376
43900,FC(F)(Cl)C(F)(F)C(F)(Cl)Cl,0.6431767020278951,0.7749999761581421,0.5317704677581787,0.13182327413024697,0.11140623426971641,0.02041703986053056
43909,FC(F)(Cl)CC(Cl)Cl,1.2584907810154504,0.902999997138977,2.3212039470672607,0.35549078387647337,1.0627131660518103,-0.707222382175337
43925,FC(F)(F)Br,0.579477432111943,1.0190000534057617,0.8479310870170593,0.4395226212938187,0.2684536549051163,0.1710689663887024
43927,FC(F)(F)C#CC(F)(F)F,0.0001408781659636,0.02800000086426735,0.0091220382601022,0.027859122698303748,0.0089811600941386,0.018877962604165147
43935,FC(F)(F)C(=C=S)C(F)(F)F,2.91151710252684,3.822999954223633,2.459465503692627,0.911482851696793,0.45205159883421286,0.45943125286258013
43936,FC(F)(F)C(=S)C(F)(F)F,1.3321382395149293,1.99399995803833,1.6415947675704956,0.6618617185234008,0.30945652805556634,0.3524051904678345
43944,FC(F)(F)C(Cl)(Br)Br,0.978142913118564,2.309000015258789,0.8999755382537842,1.3308571021402251,0.07816737486477987,1.2526897272754454
43957,FC(F)(F)C(Cl)C(F)(Cl)Cl,0.9638676756844384,1.6610000133514404,0.8318617939949036,0.697132337667002,0.13200588168953487,0.5651264559774671
43958,FC(F)(F)C(Cl)C(F)(F)Cl,0.9484700943472852,1.3040000200271606,1.07309091091156,0.3555299256798754,0.12462081656427482,0.23090910911560059
43959,FC(F)(F)C(Cl)C(F)(F)F,1.447883951258615,2.1640000343322754,0.5430122017860413,0.7161160830736604,0.9048717494725738,-0.1887556663989134
43985,FC(F)(F)C(F)(F)[Si](Cl)(Cl)Cl,1.1784016502025838,3.0269999504089355,1.0832574367523191,1.8485983002063517,0.09514421345026469,1.753454086756087
44024,FC(F)(F)CC(Cl)(Cl)Cl,1.5508370695718716,1.8630000352859497,1.1828948259353638,0.3121629657140781,0.36794224363650785,-0.05577927792242976
44031,FC(F)(F)CC1CCO1,4.1886471302013275,2.4110000133514404,3.6648120880126953,1.777647116849887,0.5238350421886322,1.2538120746612549
44035,FC(F)(F)CC=S,1.5328261646594072,2.1419999599456787,1.6230018138885498,0.6091737952862715,0.09017564922914256,0.5189981460571289
44052,FC(F)(F)COP(Cl)Cl,0.7870715731914569,3.0169999599456787,1.5802528858184814,2.2299283867542217,0.7931813126270245,1.4367470741271973
44058,FC(F)(F)C[SiH3],2.4380557755731993,3.253999948501587,2.2425894737243652,0.8159441729283876,0.19546630184883407,0.6204778710795535
44059,FC(F)(F)C[Si](Cl)(Cl)Cl,1.7610353916985526,2.062999963760376,1.6151477098464966,0.30196457206182337,0.14588768185205603,0.15607689020976734
44078,FC(F)(F)OCS,1.9505465854737027,3.184999942779541,2.1968021392822266,1.2344533573058383,0.24625555380852382,0.9881978034973145
44084,FC(F)(F)OP,2.899567318618804,3.753000020980835,2.111622095108032,0.853432702362031,0.7879452235107722,0.06548747885125872
44090,FC(F)(F)O[Si](F)(F)F,0.4027037768758562,0.8539999723434448,0.1297947019338607,0.45129619546758865,0.27290907494199546,0.1783871205255932
44105,FC(F)(F)P(F)(F)(F)F,0.2394260177390615,0.19699999690055847,0.2795225381851196,0.042426020838503026,0.040096520446058076,0.0023295003924449498
44106,FC(F)(F)P(S)C(F)(F)F,1.2005892121280373,3.6510000228881836,2.4948718547821045,2.4504108107601463,1.2942826426540672,1.156128168106079
44109,FC(F)(F)PC1CC1,2.9036648047811537,3.5429999828338623,2.532533645629883,0.6393351780527086,0.37113115915127093,0.26820401890143764
44124,FC(F)(F)SP(F)(F)(F)F,0.9814398584740534,1.062999963760376,0.5087792277336121,0.08156010528632263,0.4726606307404413,-0.39110052545411866
44133,FC(F)(F)[C@@H](Cl)Br,1.4417590590754876,2.7330000400543213,1.4305260181427002,1.2912409809788337,0.01123304093278743,1.2800079400460462
44139,FC(F)(F)[SiH2]CCl,3.205596910345746,2.178999900817871,2.0177114009857178,1.0265970095278747,1.187885509360028,-0.16128849983215332
44140,FC(F)(F)[SiH2]Cl,2.2028093256146764,3.7060000896453857,1.3755443096160889,1.5031907640307094,0.8272650159985875,0.6759257480321219
44141,FC(F)(F)[SiH3],2.515257528084419,4.043000221252441,2.255662441253662,1.5277426931680225,0.2595950868307568,1.2681476063372656
44142,FC(F)(F)[SiH](Cl)C(F)(F)F,1.8707849135516936,4.046000003814697,1.6060034036636353,2.175215090263004,0.2647815098880584,1.9104335803749455
44158,FC(F)(F)c1cc(Cl)on1,3.0139949357482823,3.8399999141693115,3.022789478302002,0.8260049784210293,0.008794542553719698,0.8172104358673096
44160,FC(F)(F)c1cc[nH]c1,4.922841842798166,5.855000019073486,5.040913105010986,0.9321581762753199,0.11807126221281994,0.8140869140625
44177,FC(F)(F)c1cnc(Cl)s1,0.8241996438365727,2.059000015258789,0.6100122928619385,1.2348003714222164,0.21418735097463426,1.0206130204475823
44179,FC(F)(F)c1cncs1,1.9600251413210843,2.7269999980926514,1.763751745223999,0.7669748567715671,0.19627339609708527,0.5707014606744818
44187,FC(F)(F)c1csc(Cl)n1,3.556707028379505,3.7049999237060547,3.719214916229248,0.14829289532654988,0.16250788784974324,-0.01421499252319336
44195,FC(F)(F)c1nc(Cl)sc1Br,3.211930709330276,3.944999933242798,2.9746570587158203,0.7330692239125218,0.2372736506144557,0.4957955732980661
44205,FC(F)(F)c1nnc(Cl)s1,3.13739739994236,3.681999921798706,2.7391810417175293,0.544602521856346,0.3982163582248308,0.14638616363151513
44232,FC(F)=C(F)C(Cl)=C(F)F,0.7600089002656716,1.0789999961853027,0.2888897061347961,0.31899109591963115,0.4711191941308755,-0.15212809821124434
44235,FC(F)=C(F)C(F)(F)P,1.8430800362590367,2.187000036239624,0.795634388923645,0.3439199999805873,1.0474456473353917,-0.7035256473548044
44237,FC(F)=C(F)C(F)=C(F)F,0.9684907986642884,0.003000000026077032,0.0022131085861474,0.9654907986382114,0.966277690078141,-0.0007868914399296045
44246,FC(F)=C(F)P,1.325584529515509,2.505000114440918,1.0274003744125366,1.1794155849254089,0.29818415510297247,0.8812314298224364
44253,FC(F)=C(F)[Si](Cl)(Cl)Cl,0.5010755868828064,1.5720000267028809,0.0345727205276489,1.0709244398200743,0.4665028663551575,0.6044215734649169
44259,FC(F)=C1CCC1,2.257853028316321,3.3450000286102295,2.442929744720459,1.0871470002939083,0.1850767164041378,0.9020702838897705
44270,FC(F)=CC1CO1,1.302782601138907,2.2660000324249268,1.6529992818832395,0.9632174312860198,0.35021668074433254,0.6130007505416872
44285,FC(F)=NCl,1.05674737387533,0.9629999995231628,0.1294424831867218,0.09374737435216707,0.9273048906886081,-0.833557516336441
44289,FC(F)=S,0.245898105005839,0.2199999988079071,0.1977468281984329,0.025898106197931897,0.04815127680740611,-0.02225317060947421
44298,FC(F)C(Cl)(Cl)C(F)(F)F,1.1031421030379165,1.2940000295639038,0.8842911720275879,0.19085792652598732,0.2188509310103286,-0.027993004484341277
44312,FC(F)C(F)(F)C(Cl)Br,1.2108528933769722,2.7920000553131104,1.3984477519989014,1.5811471619361381,0.18759485862192915,1.393552303314209
44315,FC(F)C(F)(F)C(F)(F)Br,2.169943184932028,2.4769999980926514,0.5302796363830566,0.3070568131606235,1.6396635485489712,-1.3326067353883477
44317,FC(F)C(F)(F)C(F)(F)F,1.5326019378323803,2.180000066757202,0.9113771319389344,0.6473981289248218,0.6212248058934459,0.026173323031375983
44322,FC(F)C(F)(F)Cl,1.155326130765607,0.9259999990463257,0.2787771224975586,0.2293261317192814,0.8765490082680485,-0.6472228765487671
44329,FC(F)C(F)(F)[Si](F)(F)F,1.366079963527239,0.8399999737739563,0.9417660236358644,0.5260799897532826,0.42431393989137456,0.10176604986190807
44331,FC(F)C(F)C(F)(F)Br,1.807836707038439,1.1399999856948853,1.149717926979065,0.6678367213435537,0.658118780059374,0.009717941284179688
44337,FC(F)C(F)CS,2.603442802074661,1.9490000009536743,0.5848164558410645,0.6544428011209869,2.0186263462335967,-1.3641835451126099
44344,FC(F)C(F)[Si](F)(F)F,2.4754398833883893,0.550000011920929,0.7350139021873474,1.9254398714674603,1.7404259812010419,0.18501389026641846
44347,FC(F)C1(F)CC1,1.9838669467605985,1.7899999618530273,2.636852502822876,0.19386698490757115,0.6529855560622775,-0.45911857115470633
44363,FC(F)CBr,1.566471122753889,2.3010001182556152,1.736858367919922,0.7345289955017262,0.1703872451660331,0.5641417503356931
44370,FC(F)CC=S,0.295766412514309,0.2669999897480011,1.230940818786621,0.02876642276630792,0.9351744062723121,-0.9064079835060042
44373,FC(F)CCC=S,0.1924102502915167,3.1489999294281006,2.5455620288848877,2.956589679136584,2.353151778593371,0.6034379005432129
44379,FC(F)COC(F)F,1.5631411996429012,2.058000087738037,3.773358821868897,0.4948588880951359,2.2102176222259957,-1.7153587341308598
44384,FC(F)CP(F)F,3.9590167213980703,2.875999927520752,3.323878526687622,1.0830167938773183,0.6351381947104482,0.4478785991668701
44385,FC(F)CS,2.6155840967846347,0.7459999918937683,1.0044121742248535,1.8695841048908663,1.6111719225597811,0.2584121823310852
44410,FC(F)OCl,2.049925363615359,2.7209999561309814,1.5631437301635742,0.6710745925156223,0.48678163345178493,0.18429295906383736
44416,FC(F)Oc1ccc(N=C=S)cc1,1.262698032586738,1.5770000219345093,0.6835781931877136,0.3143019893477712,0.5791198393990244,-0.26481785005125325
44419,FC(F)P(Cl)C(F)(F)F,1.533355611551281,2.2909998893737793,0.9031996130943298,0.7576442778224983,0.6301559984569511,0.12748827936554719
44429,FC(F)SSC(F)F,2.830947467603251,3.1530001163482666,0.8346942067146301,0.3220526487450157,1.9962532608886208,-1.674200612143605
44445,FC(F)[Si](Cl)(Cl)C(F)F,1.9306813086774364,1.7319999933242798,1.040329933166504,0.19868131535315658,0.8903513755109325,-0.6916700601577759
44468,FC(F)c1cscn1,3.9714875831430994,2.7639999389648438,4.017799377441406,1.2074876441782556,0.046311794298306896,1.1611758498799487
44475,FC(F)c1sc(Cl)nc1Cl,0.39999610254529,1.3209999799728394,2.319092035293579,0.9210038774275493,1.919095932748289,-0.9980920553207397
44480,FC(P)Cl,1.8463979898763352,1.9140000343322754,1.730870485305786,0.0676020444559402,0.11552750457054928,-0.047925460114609075
44486,FC([SiH3])(Cl)Cl,2.100033601847687,3.003000020980835,1.829260230064392,0.9029664191331479,0.27077337178329497,0.6321930473498529
44519,FC1(F)C=CN=C1,1.1744158756932188,1.5429999828338623,1.1404656171798706,0.3685841071406435,0.03395025851334821,0.3346338486272953
44546,FC1(F)CCC1S,1.6844762115538037,3.572000026702881,2.817031145095825,1.8875238151490772,1.1325549335420215,0.7549688816070557
44574,FC1(F)CS1,2.142587005261032,2.565999984741211,1.2464531660079956,0.4234129794801791,0.8961338392530362,-0.47272085977285716
44589,FC1(F)OC1Cl,1.7917746853953085,1.9800000190734863,1.1406453847885132,0.18822533367817784,0.6511293006067953,-0.46290396692861746
44614,FC1=C(F)C1F,1.6333894727563654,1.8530000448226929,1.1133540868759155,0.2196105720663275,0.5200353858804498,-0.30042481381412234
44623,FC1=C(F)O1,1.251457570892342,1.975000023841858,1.4567211866378784,0.7235424529495158,0.2052636157455363,0.5182788372039795
44628,FC1=C(F)P(F)(F)(F)C1F,2.0801039248912137,2.1110000610351562,1.0534939765930176,0.0308961361439426,1.026609948298196,-0.9957138121542535
44629,FC1=C(F)P1,0.8623874676313016,1.5260000228881836,0.8810883164405823,0.663612555256882,0.01870084880928069,0.6449117064476013
44637,FC1=CC(F)C1F,3.159241287225205,3.561000108718872,2.391676425933838,0.40175882149366693,0.7675648612913673,-0.3658060397977003
44681,FC1=CN=C1,0.8283545454831492,0.6340000033378601,1.026618242263794,0.19435454214528913,0.1982636967806447,-0.003909154635355572
44692,FC1=CNSC=C1,1.3381073795783556,1.6549999713897705,1.2513861656188965,0.31689259181141494,0.08672121395945909,0.23017137785195585
44703,FC1=CSCN1F,3.042459157091545,2.946000099182129,3.147963762283325,0.09645905790941622,0.10550460519178007,-0.009045547282363842
44719,FC1=NCOC1,1.2520892807769035,1.3619999885559082,1.6457335948944092,0.10991070777900469,0.39364431411750567,-0.283733606338501
44735,FC1=P[SiH2]1,1.524269013937765,3.2739999294281006,1.7719985246658323,1.7497309154903355,0.24772951072806726,1.5020014047622683
44737,FC1=[Si]=P1,1.0117321030419686,0.6269999742507935,1.3037797212600708,0.38473212879117513,0.2920476182181022,0.09268451057307292
44744,FC1C=CC(=S)N=N1,3.7825460271815623,3.433000087738037,4.004849433898926,0.3495459394435252,0.22230340671736348,0.1272425327261617
44747,FC1C=CC1,2.114221765659272,2.311000108718872,2.0014665126800537,0.19677834305959996,0.1127552529792184,0.08402309008038156
44751,FC1C=CC=C1,2.0590333336003037,2.3399999141693115,1.9581499099731443,0.2809665805690078,0.10088342362715941,0.1800831569418484
44785,FC1CC1(Br)Br,2.0031404884991315,3.2209999561309814,0.9676782488822936,1.21785946763185,1.0354622396168378,0.18239722801501213
44801,FC1CCC(F)O1,2.3432885937703474,2.571000099182129,2.7374818325042725,0.22771150541178153,0.3941932387339251,-0.16648173332214355
44813,FC1CCOP1,1.825357174295942,3.4519999027252197,2.428039073944092,1.6266427284292777,0.6026818996481498,1.023960828781128
44835,FC1COC1,1.354629774704116,1.3880000114440918,0.7909378409385681,0.033370236739975745,0.5636919337655479,-0.5303216970255722
44842,FC1COO1,3.2290142460040157,3.3310000896453857,2.595536470413208,0.10198584364137009,0.6334777755908076,-0.5314919319494376
44844,FC1COP1F,1.6355448663767893,1.4620000123977661,1.1797653436660769,0.1735448539790232,0.4557795227107124,-0.28223466873168923
44881,FC1OCOC1F,0.5655384083519233,0.625,0.9724953770637512,0.05946159164807674,0.40695696871182796,-0.3474953770637512
44892,FC=C(Br)C(F)(F)F,2.4908627767287568,2.3389999866485596,1.4465701580047607,0.1518627900801972,1.044292618723996,-0.8924298286437988
44894,FC=C(Cl)Br,1.0583487758559205,3.11899995803833,1.3524038791656494,2.0606511821824096,0.29405510330972895,1.7665960788726807
44896,FC=C(Cl)Cl,1.2414836601181842,1.1399999856948853,0.661587119102478,0.10148367442329898,0.5798965410157062,-0.4784128665924072
44902,FC=C(F)Cl,0.9381417798101804,0.6399999856948853,1.1279317140579224,0.2981417941152952,0.18978993424774193,0.10835185986755325
44909,FC=C1CC1,1.9760198889661784,2.494999885559082,1.913879156112671,0.5189799965929036,0.06214073285350752,0.4568392637393961
44911,FC=C1CN=NN1,2.251474943164508,1.6759999990463257,1.705284833908081,0.5754749441181821,0.5461901092564267,0.02928483486175537
44913,FC=C=C(Cl)Cl,1.449832756226203,1.5829999446868896,0.7187311053276062,0.13316718846068665,0.7311016508985968,-0.5979344624379102
44935,FC=CCCF,2.780161781559834,0.23199999332427979,1.4977079629898071,2.548161788235554,1.2824538185700267,1.2657079696655273
44952,FC=NF,2.354779976738712,2.0950000286102295,1.714426875114441,0.2597799481284824,0.640353101624271,-0.3805731534957886
44954,FC=PC(F)(F)F,2.7190150547966634,1.215000033378601,1.2502702474594116,1.5040150214180623,1.4687448073372518,0.03527021408081055
45004,FCC(F)(F)F,2.1625466816336942,2.7160000801086426,1.583765745162964,0.5534533984749483,0.5787809364707301,-0.0253275379957818
45016,FCC(F)=S,1.958190839544119,2.3239998817443848,1.294502854347229,0.3658090422002658,0.66368798519689,-0.2978789429966242
45027,FCC(F)CNSF,0.994068464777058,2.6449999809265137,0.7143703699111938,1.6509315161494555,0.27969809486586417,1.3712334212835913
45032,FCC(F)S,2.1931631827572895,2.6429998874664307,1.8510074615478516,0.44983670470914117,0.34215572120943794,0.10768098349970323
45039,FCC1(Br)CC1,0.4705904572308096,1.690000057220459,2.3596267700195312,1.2194095999896493,1.8890363127887215,-0.6696267127990723
45040,FCC1(CF)CO1,2.3295135015916446,2.1989998817443848,3.098515033721924,0.13051361984725984,0.7690015321302792,-0.6384879122830194
45047,FCC1C=CO1,2.9624898816905723,1.2580000162124634,1.8012149333953855,1.7044898654781089,1.1612749482951867,0.5432149171829221
45056,FCC1CS1,3.1472111452959557,3.4539999961853027,1.6208837032318115,0.30678885088934704,1.5263274420641442,-1.2195385911747971
45073,FCC=CCCl,2.9339669064627785,3.2950000762939453,1.2700726985931396,0.36103316983116684,1.6638942078696388,-1.302861038038472
45077,FCC=S,3.1375926343278655,1.003999948501587,1.1259607076644895,2.1335926858262786,2.0116319266633758,0.12196075916290283
45085,FCCC(F)(F)Cl,3.025148536521382,0.6129999756813049,1.2052849531173706,2.4121485608400772,1.8198635834040116,0.5922849774360657
45088,FCCC(F)C(F)F,2.913078558138225,3.7699999809265137,3.1566765308380127,0.8569214227882886,0.24359797269978767,0.613323450088501
45112,FCCOCF,2.659829916150296,2.6730000972747803,1.064178705215454,0.013170181124484426,1.5956512109348417,-1.5824810298103573
45125,FCCSS,1.046743066681751,1.4579999446868896,1.1415736675262451,0.41125687800513866,0.09483060084449413,0.31642627716064453
45127,FCC[Si](Cl)(Cl)Cl,3.0121505972552605,0.8899999856948853,2.206329584121704,2.122150611560375,0.8058210131335564,1.3163295984268188
45160,FCOC(F)Cl,1.778078726374673,1.7680000066757202,1.8906614780426023,0.010078719698952687,0.11258275166792941,-0.10250403196897673
45170,FCOC=S,2.2612314142635723,0.7059999704360962,1.134384274482727,1.5552314438274761,1.1268471397808453,0.42838430404663086
45178,FCOCF,3.31065549087955,0.4819999933242798,0.4669727683067322,2.8286554975552702,2.843682722572818,-0.015027225017547607
45192,FCOSF,3.0884883851003297,1.0779999494552612,2.3186821937561035,2.0104884356450685,0.7698061913442262,1.2406822443008423
45194,FCOc1ccc(Br)cc1,2.1238808594026772,3.9040000438690186,1.5373518466949463,1.7801191844663413,0.586529012707731,1.1935901717586104
45195,FCOc1ccc(CCl)cc1,1.0349350154789754,3.822000026702881,1.5043889284133911,2.7870650112239055,0.46945391293441574,2.3176110982894897
45197,FCOc1ccccc1Br,2.2400671963850636,4.01200008392334,1.9797775745391848,1.7719328875382763,0.2602896218458788,1.5116432656923975
45203,FCP(Cl)Cl,1.4728505590105794,1.6399999856948853,1.0498325824737549,0.16714942668430588,0.4230179765368245,-0.2558685498525186
45207,FCPCF,2.858397088959479,1.5800000429153442,0.8694308400154114,1.2783970460441347,1.9889662489440676,-0.7105692028999329
45208,FCPCl,2.490679815203284,1.3630000352859497,2.661440849304199,1.1276797799173344,0.17076103410091514,0.9569187458164192
45209,FCPPCF,1.0842228451198048,3.006999969482422,1.1444810628890991,1.922777124362617,0.0602582177692943,1.8625189065933228
45210,FCS,1.775157213573785,1.9129999876022339,1.9658178091049192,0.1378427740284489,0.19066059553113424,-0.052817821502685325
45217,FCSF,2.5360493497972305,2.6419999599456787,1.8791499137878416,0.1059506101484482,0.6568994360093889,-0.5509488258609407
45218,FCSOCl,2.3616698794448494,2.1410000324249268,2.459242820739746,0.22066984701992265,0.09757294129489669,0.12309690572502596
45219,FCSOOF,3.1158600923816597,2.2249999046325684,2.5453388690948486,0.8908601877490914,0.5705212232868111,0.3203389644622803
45225,FCSn1cccn1,0.5075735161410775,3.6689999103546143,1.7407829761505127,3.161426394213537,1.2332094600094352,1.9282169342041018
45234,FC[SiH2]C(F)(F)F,3.2992530625844996,1.8860000371932983,1.477746605873108,1.4132530253912012,1.8215064567113917,-0.40825343132019043
45235,FC[SiH2]C(F)F,2.153022042957728,2.984999895095825,2.079091787338257,0.8319778521380972,0.0739302556194712,0.758047596518626
45241,FC[SiH](Cl)Cl,1.4506729578002304,0.8270000219345093,1.373414397239685,0.6236729358657211,0.07725856056054536,0.5464143753051758
45277,FCc1ccncc1,2.2041253438326587,2.319000005722046,1.4774259328842163,0.11487466188938722,0.7266994109484424,-0.6118247490590552
45312,FN(F)C(F)(F)F,0.6180888038119884,0.40299999713897705,0.4423953294754028,0.21508880667301133,0.1756934743365856,0.039395332336425726
45319,FN1CC(F)(F)C1,0.6138800684190479,4.415999889373779,3.706955909729004,3.8021198209547316,3.093075841309956,0.7090439796447754
45321,FN1CC=CO1,3.659724861107744,3.763000011444092,3.533196210861206,0.10327515033634782,0.12652865024653792,-0.0232534999101901
45325,FN1OC1(F)F,0.7357205565273779,0.5929999947547913,0.6736483573913574,0.14272056177258663,0.06207219913602047,0.08064836263656616
45343,FOC(F)=C(F)F,3.500058755583055,2.309000015258789,2.149505853652954,1.1910587403242658,1.3505529019301008,-0.15949416160583496
45345,FOC(F)C(F)OF,2.3898128692533063,2.691999912261963,1.007426381111145,0.3021870430086566,1.3823864881421613,-1.0801994451335046
45354,FOCC1CO1,3.958166671606788,1.3550000190734863,3.271864175796509,2.6031666525333015,0.686302495810279,1.9168641567230225
45375,FSC(F)(Cl)Cl,1.4014416850471558,1.4290000200271606,0.49561607837677,0.027558334980004817,0.9058256066703858,-0.878267271690381
45379,FSC(F)=C(F)F,1.946035280625215,1.7619999647140503,0.9837912917137146,0.18403531591116473,0.9622439889115004,-0.7782086730003357
45386,F[C@@H](CCl)c1ccccc1,2.6728191925155316,3.5230000019073486,2.597166061401367,0.8501808093918171,0.07565313111416438,0.7745276782776527
45392,F[C@@H]1CO1,2.4225730738550713,2.6470000743865967,2.2857825756073,0.22442700053152542,0.13679049824777145,0.08763650228375397
45393,F[C@@H]1CS1,2.159068290653345,2.677000045776367,2.2110068798065186,0.5179317551230223,0.05193858915317362,0.46599316596984863
45402,F[C@H]1CO1,2.4247212458445584,2.6449999809265137,2.286668062210083,0.22027873508195528,0.13805318363447538,0.0822255514474799
45404,F[SiH2]C(F)(F)C(F)(F)F,2.331707175606204,3.6110000610351562,1.811425805091858,1.2792928854289523,0.5202813705143461,0.7590115149146062
45407,F[SiH](C(F)(F)F)C(F)(F)F,1.870985496608142,3.4089999198913574,0.8082292079925537,1.5380144232832154,1.0627562886155884,0.475258134667627
45409,F[Si]1(F)CO1,2.086635840150845,2.0810000896453857,1.8043317794799805,0.0056357505054593915,0.28230406067086466,-0.2766683101654053
45439,Fc1cc(Cl)ccp1,1.647719723403439,2.0439999103546143,1.3969165086746216,0.3962801869511752,0.2508032147288175,0.14547697222235767
45452,Fc1cc(F)c(F)c(F)n1,2.169418755023284,2.3489999771118164,2.0835771560668945,0.17958122208853222,0.08584159895638965,0.09373962313214257
45456,Fc1cc(F)c(N=C=S)c(F)c1F,1.7389173708387924,1.6920000314712524,1.594202160835266,0.046917339367539945,0.1447152100035265,-0.09779787063598655
45484,Fc1ccc(F)c(N=C=S)c1,2.4169030933699487,1.8630000352859497,2.192129373550415,0.553903058083999,0.22477371981953365,0.32912933826446533
45488,Fc1ccc(N=C=S)c(Br)c1,1.830025825158103,2.938999891281128,1.7932353019714355,1.108974066123025,0.03679052318666742,1.0721835429363575
45492,Fc1ccc(S)cc1,1.2070250725867635,1.628999948501587,0.6308028101921082,0.4219748759148234,0.5762222623946553,-0.15424738647983194
45493,Fc1ccc([SiH3])cc1,0.892575274225709,2.2190001010894775,1.7064094543457031,1.3264248268637684,0.8138341801199941,0.5125906467437743
45525,Fc1ccnc(F)n1,3.566475210479774,3.8519999980926514,3.581581115722656,0.28552478761287725,0.01510590524288169,0.27041888236999556
45528,Fc1ccncn1,2.1511557547048508,2.2899999618530273,2.0363008975982666,0.13884420714817658,0.11485485710658416,0.023989350041592417
45534,Fc1ccoc1Br,1.9366415918199475,3.9119999408721924,1.921478271484375,1.9753583490522448,0.01516332033557255,1.9601950287166723
45535,Fc1ccoc1CS,2.243877900177328,2.507999897003174,2.016918182373047,0.2641219968258457,0.22695971780428126,0.03716227902156444
45538,Fc1ccsc1Br,2.1722740320741503,3.809000015258789,1.8853464126586912,1.6367259831846388,0.2869276194154591,1.3497983637691797
45543,Fc1cn[nH]c1,2.5142219749343533,3.007999897003174,2.3654303550720215,0.49377792206882054,0.1487916198623318,0.34498630220648874
45546,Fc1cn[nH]c1F,1.5899112515101272,2.2660000324249268,1.398490309715271,0.6760887809147995,0.19142094179485625,0.48466783911994327
45572,Fc1cncc(F)c1F,0.6280121507276717,1.7300000190734863,0.7762589454650879,1.1019878683458146,0.1482467947374162,0.9537410736083984
45582,Fc1cnco1,0.4774288483240219,0.6970000267028809,0.4505743086338043,0.21957117837885898,0.02685453969021756,0.19271663868864142
45597,Fc1coc(CS)c1,1.256842024661761,2.259999990463257,0.4989020526409149,1.0031579658014957,0.7579399720208462,0.24521799378064957
45608,Fc1csc(S)c1,1.204777074440371,1.930999994277954,0.8419249057769775,0.7262229198375831,0.3628521686633934,0.3633707511741897
45626,Fc1nc(Cl)cs1,2.8434643630815746,2.4730000495910645,2.777570962905884,0.3704643134905101,0.06589340017569079,0.30457091331481934
45627,Fc1nc(F)c(Br)c(F)c1Br,1.5739167157435623,0.22499999403953552,1.7514054775238037,1.3489167217040268,0.17748876178024142,1.1714279599237853
45641,Fc1nc(F)c(F)pc1F,1.8855619933483585,2.5160000324249268,2.378598690032959,0.6304380390765683,0.4930366966846005,0.13740134239196777
45652,Fc1nccc(Br)c1Br,2.696279371622648,3.5380001068115234,2.487876892089844,0.8417207351888756,0.20840247953280366,0.6333182556560719
45671,Fc1ncns1,0.6140642025123075,0.7009999752044678,0.7220430970191956,0.08693577269216024,0.10797889450688802,-0.021043121814727783
45676,Fc1nncs1,3.5880567240892853,2.9700000286102295,3.6768083572387695,0.6180566954790558,0.0887516331494842,0.5293050623295716
45686,Fc1pc(F)c(F)c(F)c1F,0.6205923740040903,1.7740000486373901,1.1550688743591309,1.1534076746333,0.5344765003550406,0.6189311742782594
45689,Fc1sccc1Cl,2.3804624205975964,2.5769999027252197,2.4518978595733643,0.19653748212762334,0.07143543897576787,0.12510204315185547
45696,N#C/C=C\Br,4.078889062185668,4.552999973297119,4.194986820220947,0.47411091111145076,0.11609775803527889,0.3580131530761719
45698,N#C/C=C\C=O,3.1689819467164693,5.61899995803833,4.717957019805908,2.450018011321861,1.548975073089439,0.9010429382324219
45706,N#C/C=C\[SiH3],3.83685040353684,3.6429998874664307,3.8609507083892822,0.19385051607040937,0.02410030485244219,0.16975021121796718
45714,N#CC#CC#CC(N)=O,5.393884827067062,5.519000053405762,5.514269828796387,0.12511522633869987,0.12038500172932487,0.004730224609375
45725,N#CC#CC#P,4.0263323744171355,4.340000152587891,3.863426923751831,0.3136677781707551,0.16290545066530449,0.1507623275054506
45747,N#CC#CC(F)(F)F,1.2169532780101369,0.17299999296665192,1.2926228046417236,1.043953285043485,0.07566952663158677,0.9682837584118982
45769,N#CC#CC1(C=O)CO1,2.866527380279536,2.3480000495910645,3.756227731704712,0.5185273306884715,0.889700351425176,-0.37117302073670455
45773,N#CC#CC1(N)CC1O,4.4917703348107185,4.788000106811523,5.075313568115234,0.2962297720008049,0.5835432333045159,-0.28731346130371094
45854,N#CC#CCCCCO,5.175541857183072,4.1529998779296875,6.796433925628662,1.0225419792533845,1.62089206844559,-0.5983500891922056
45860,N#CC#CCCOC=N,3.3116767063097963,4.622000217437744,3.1096596717834473,1.3103235111279479,0.202017034526349,1.1083064766015989
45867,N#CC#CCNC=O,4.548881063431632,4.860000133514404,3.5143375396728516,0.3111190700827722,1.0345435237587806,-0.7234244536760084
45912,N#CC#P=O,1.3929121544362912,1.7000000476837158,1.6709825992584229,0.3070878932474246,0.2780704448221316,0.02901744842529297
45920,N#CC(=C=S)C#N,5.036074739302167,3.9860000610351562,4.933799743652344,1.050074678267011,0.10227499564982345,0.9477996826171875
45923,N#CC(=CO)C(N)=O,1.655308550912955,2.1019999980926514,2.022397756576538,0.44669144717969633,0.36708920566358305,0.07960224151611328
45924,N#CC(=CO)c1ccccc1,4.669535647714368,2.7920000553131104,3.2178685665130615,1.8775355924012578,1.4516670812013066,0.42586851119995117
46089,N#CC(=O)CCNC=O,5.528243543595758,2.7119998931884766,3.044898271560669,2.816243650407282,2.4833452720350895,0.3328983783721924
46114,N#CC(=O)Cl,1.3148211178398503,1.559000015258789,1.4296196699142456,0.24417889741893872,0.11479855207439527,0.12938034534454346
46132,N#CC(=O)NBr,4.0266151843986435,3.1579999923706055,2.8583426475524902,0.868615192028038,1.1682725368461533,-0.29965734481811523
46134,N#CC(=O)NN,3.5858640793412255,4.179999828338623,4.108215808868408,0.5941357489973975,0.5223517295271827,0.07178401947021484
46211,N#CC(Br)CCl,4.146845920855415,2.941999912261963,3.5338966846466064,1.204846008593452,0.6129492362088085,0.5918967723846436
46215,N#CC(C#CC=O)CO,4.070596179323762,3.2230000495910645,1.8511806726455688,0.8475961297326977,2.2194155066781933,-1.3718193769454956
46226,N#CC(C#N)=C(C#N)C#N,0.0003970020972324,0.02800000086426735,0.0117592709138989,0.02760299876703495,0.0113622688166665,0.01624072995036845
46236,N#CC(C#N)=CS,6.018605577473287,3.7269999980926514,6.021974563598633,2.2916055793806356,0.003368986125345863,2.2882365932552897
46251,N#CC(C#N)CN=Nc1ccccc1,4.703472793912845,2.9590001106262207,4.634228229522705,1.7444726832866246,0.06924456439014026,1.6752281188964844
46265,N#CC(C#N)O[SiH3],4.495383342179811,4.110000133514404,3.5766146183013916,0.38538320866540676,0.9187687238784195,-0.5333855152130127
46297,N#CC(C=O)CO,0.9896450850747543,2.3589999675750732,3.127241849899292,1.369354882500319,2.1375967648245378,-0.7682418823242188
46319,N#CC(CC=O)CC=O,2.086446852797155,2.575000047683716,2.515463352203369,0.4885531948865607,0.429016499406214,0.05953669548034668
46353,N#CC(CO)C(N)=O,2.1107108217574626,3.7980000972747803,1.5913982391357422,1.6872892755173177,0.5193125826217204,1.1679766928955972
46398,N#CC(Cl)(Cl)CCl,3.191887769819449,2.890000104904175,2.938727617263794,0.3018876649152742,0.25316015255565505,0.04872751235961914
46420,N#CC(Cl)C=S,2.7573791677936743,2.0190000534057617,2.2299959659576416,0.7383791143879126,0.5273832018360327,0.21099591255187988
46421,N#CC(Cl)CBr,3.2990677642848705,5.184999942779541,3.2878518104553223,1.8859321784946705,0.011215953829548209,1.8747162246651223
46424,N#CC(Cl)CN,4.8261671132466555,2.869999885559082,3.6902015209198,1.9561672276875735,1.1359655923268557,0.8202016353607178
46441,N#CC(F)(F)CO,2.537265143354515,2.7360000610351562,3.2067785263061523,0.19873491768064122,0.6695133829516373,-0.4707784652709961
46444,N#CC(F)(F)S,2.940557105550539,2.3450000286102295,2.133362054824829,0.5955570769403096,0.80719505072571,-0.2116379737854004
46452,N#CC(F)Br,2.5302966837152647,2.5220000743865967,2.305337905883789,0.008296609328668048,0.22495877783147566,-0.21666216850280762
46490,N#CC(N)=NCC(N)=O,4.694461647725947,3.9509999752044678,2.7489733695983887,0.7434616725214793,1.9454882781275584,-1.202026605606079
46504,N#CC(N)=S=O,6.720997916898343,6.697000026702881,5.14329195022583,0.023997890195461835,1.5777059666725126,-1.5537080764770508
46506,N#CC(N)C#CC1CN1,3.3306467289955446,2.9790000915527344,2.450789451599121,0.3516466374428102,0.8798572773964235,-0.5282106399536133
46514,N#CC(N)C(=O)O,5.568733430893256,3.4030001163482666,2.828366756439209,2.1657333145449895,2.740366674454047,-0.5746333599090576
46523,N#CC(N)C(N)C(N)=O,5.158707836145538,3.5789999961853027,3.968361854553222,1.5797078399602356,1.190345981592316,0.3893618583679195
46559,N#CC(N)C1CC(=O)O1,6.244736941729142,0.9190000295639038,3.9170894622802734,5.3257369121652385,2.327647479448869,2.9980894327163696
46568,N#CC(N)C1CCCC1,4.9870479636144305,2.569000005722046,4.330625057220459,2.4180479578923846,0.6564229063939715,1.761625051498413
46610,N#CC(N)CCNC=O,6.665059361525061,4.366000175476074,3.6925384998321538,2.2990591860489866,2.972520861692907,-0.6734616756439205
46630,N#CC(N)Cl,4.050491350762009,3.6110000610351562,3.798956871032715,0.4394912897268526,0.251534479729294,0.1879568099975586
46634,N#CC(N)O,3.651138344328923,3.322999954223633,3.8838372230529785,0.32813839010529033,0.23269887872405537,0.09543951138123496
46664,N#CC(N=N)N=N,2.101929461386682,2.928999900817871,2.398993015289306,0.8270704394311892,0.2970635539026243,0.5300068855285649
46675,N#CC(O)(C#N)C1CO1,4.904828838909297,3.7920000553131104,3.723686933517456,1.1128287835961865,1.1811419053918408,-0.0683131217956543
46686,N#CC(O)(C=O)C=O,2.7051148616048835,2.444000005722046,2.8299992084503174,0.26111485588283756,0.12488434684543392,0.13623050903740364
46695,N#CC(O)(CN)CCO,4.258815709379441,4.89300012588501,4.365675449371338,0.634184416505569,0.10685973999189713,0.5273246765136719
46767,N#CC(O)C1(N)CC1,2.7757085692860155,4.046999931335449,3.406784772872925,1.2712913620494337,0.6310762035869093,0.6402151584625244
46830,N#CC(O)CC(N)=O,5.496349179223879,6.7779998779296875,3.6494357585906982,1.2816506987058087,1.8469134206331805,-0.5652627219273718
46861,N#CC(O)CNC(N)=O,5.15856797798956,3.0309998989105225,5.211538791656494,2.1275680790790377,0.052970813666934013,2.0745972654121037
46863,N#CC(O)CNC=O,4.472818519312251,5.3979997634887695,3.0718467235565186,0.9251812441765184,1.4009717957557326,-0.47579055157921424
46910,N#CC(S)=C(S)C#N,5.798341894865418,5.298999786376953,5.363111972808838,0.49934210848846483,0.43522992205658007,0.06411218643188477
46918,N#CC1(Br)CCC1,4.205113761664665,4.3520002365112305,4.252099990844727,0.14688647484656503,0.04698622918006112,0.0999002456665039
46931,N#CC1(C#N)C=CCC1,5.317870839555594,4.785999774932861,5.628443241119385,0.5318710646227327,0.31057240156379073,0.22129866305894197
46951,N#CC1(C#N)CCCO1,5.908259734155652,5.144999980926514,5.417585849761963,0.7632597532291383,0.4906738843936891,0.2725858688354492
46972,N#CC1(C#N)NCC1N,3.9851816122173744,4.739999771118164,5.217500686645508,0.7548181589007896,1.2323190744281334,-0.47750091552734375
46974,N#CC1(C#N)OC1(C#N)C#N,0.8777064115350435,0.847000002861023,1.5240342617034912,0.030706408674020524,0.6463278501684477,-0.6156214414944272
47035,N#CC1(C=O)CN=CN1,1.6646646236670497,1.1349999904632568,1.9618780612945557,0.5296646332037929,0.29721343762750596,0.2324511955762869
47079,N#CC1(CCO)CCO1,3.11611442452507,3.7839999198913574,3.270850658416748,0.6678854953662876,0.15473623389167823,0.5131492614746094
47138,N#CC1(CO)CN1,4.154356764580984,3.561000108718872,3.57405161857605,0.5933566558621122,0.5803051460049344,0.013051509857177734
47173,N#CC1(Cl)CO1,3.5169556420025097,2.943000078201294,3.612659454345703,0.5739555638012157,0.09570381234319347,0.47825175145802223
47176,N#CC1(F)N=N1,1.6597298310143838,1.378000020980835,1.2665841579437256,0.2817298100335488,0.3931456730706582,-0.11141586303710938
47198,N#CC1(N)CC1,3.174592488154403,4.565999984741211,4.279077529907227,1.3914074965868077,1.1044850417528234,0.2869224548339844
47206,N#CC1(N)CC1N,5.654360891199284,5.007999897003174,4.484549045562744,0.6463609941961099,1.1698118456365396,-0.5234508514404297
47254,N#CC1(NCl)CC1,5.39464870546355,2.8570001125335693,4.517507076263428,2.5376485929299806,0.8771416292001222,1.6605069637298584
47271,N#CC1(O)C=CCOC1,4.306314984093657,3.2750000953674316,4.406447887420654,1.0313148887262251,0.10013290332699754,0.9311819853992276
47295,N#CC1(O)CC1O,3.652327318835095,3.4660000801086426,3.404838800430298,0.1863272387264523,0.24748851840479702,-0.06116127967834473
47303,N#CC1(O)CCC(=O)C1,2.854122928339489,2.4560000896453857,3.463557481765747,0.39812283869410336,0.609434553426258,-0.2113117147321546
47336,N#CC1(O)COC1,2.144538534377504,3.6570000648498535,1.0921623706817627,1.5124615304723497,1.0523761636957412,0.4600853667766085
47337,N#CC1(O)COC1=N,2.963057602155397,2.625,3.253209352493286,0.33805760215539715,0.290151750337889,0.04790585181750817
47342,N#CC1(O)COCC1N,1.9831711348154035,3.0199999809265137,2.342613458633423,1.0368288461111101,0.3594423238180193,0.6773865222930908
47360,N#CC1(S)CC1,3.9732484237596495,3.509999990463257,3.8163864612579346,0.46324843329639265,0.1568619625017149,0.30638647079467773
47370,N#CC1=C(Cl)C(=O)NC1=O,2.8479341834084644,2.7980000972747803,2.8314592838287354,0.04993408613368411,0.01647489957972903,0.03345918655395508
47377,N#CC1=C=C1,3.4950921686211416,4.538000106811523,4.379759788513184,1.0429079381903819,0.884667619892042,0.15824031829833984
47413,N#CC1=CC(O)C(=O)N1,1.6314228366564494,1.1929999589920044,0.9082767367362976,0.438422877664445,0.7231460999201518,-0.2847232222557068
47417,N#CC1=CC(O)CC1N,3.722206811906452,3.00600004196167,3.905350923538208,0.7162067699447823,0.1831441116317558,0.5330626583130265
47438,N#CC1=CCC(C#N)C1,3.1651767308562913,3.2709999084472656,2.885955810546875,0.10582317759097437,0.27922092030941625,-0.17339774271844188
47491,N#CC1=CCNS1,4.431583512660945,4.541999816894531,4.456919193267822,0.11041630423358662,0.02533568060687763,0.08508062362670898
47505,N#CC1=CCOCC1O,2.8581291056737386,4.676000118255615,3.685884475708008,1.8178710125818767,0.8277553700342692,0.9901156425476074
47536,N#CC1=CO1,3.0902429904968796,4.052999973297119,4.25417947769165,0.9627569828002396,1.1639364871947708,-0.20117950439453125
47541,N#CC1=COOC1,1.821033543798774,1.315999984741211,1.5323364734649658,0.505033559057563,0.2886970703338081,0.21633648872375488
47545,N#CC1=CP1Cl,3.549121248978527,3.2660000324249268,3.389568567276001,0.28312121655360034,0.15955268170252612,0.12356853485107422
47546,N#CC1=CP1F,3.5035053541660437,3.499000072479248,3.4108998775482178,0.004505281686795648,0.09260547661782592,-0.08810019493103027
47589,N#CC1=NCN=C1,2.9412854380024616,2.9619998931884766,3.345688581466675,0.020714455186015,0.40440314346421324,-0.38368868827819824
47601,N#CC1=NSCC1,5.2127883491794815,5.013000011444092,5.479213237762451,0.19978833773538973,0.26642488858296964,-0.06663655084757991
47602,N#CC1=PCNC1,4.362280645160162,4.363999843597412,4.545891761779785,0.0017191984372502134,0.18361111661962326,-0.18189191818237305
47611,N#CC1C(=N)SSC1=S,3.9170197881158137,3.489000082015991,4.49126672744751,0.42801970609982254,0.574246939331696,-0.14622723323187348
47621,N#CC1C(=O)NC(=O)C1=O,3.7930691877093343,3.135999917984009,3.346888303756714,0.6570692697253255,0.44618088395262046,0.21088838577270508
47638,N#CC1C(N)C1(N)C#N,3.9379872377154768,1.9110000133514404,3.3547894954681396,2.0269872243640363,0.5831977422473371,1.4437894821166992
47681,N#CC1C=C(F)C1,3.3065244240993987,2.937999963760376,2.4848930835723877,0.36852446033902275,0.821631340527011,-0.4531068801879883
47682,N#CC1C=C1,4.558253629235866,4.333000183105469,4.334364891052246,0.225253446130397,0.22388873818361965,0.0013647079467773438
47728,N#CC1C=CCCC1=O,6.3945873487608065,4.038000106811523,5.138138294219971,2.356587241949283,1.2564490545408358,1.1001381874084473
47752,N#CC1C=CN=C1,3.1366502507050757,3.0820000171661377,3.0583159923553467,0.05465023353893805,0.07833425834972907,-0.023684024810791016
47756,N#CC1C=CNN1N,3.6122369529501888,5.202000141143799,4.338951110839844,1.58976318819361,0.726714157889655,0.8630490303039551
47762,N#CC1C=CSC1,3.796339196049383,2.489000082015991,3.1777937412261963,1.3073391140333919,0.6185454548231868,0.6887936592102051
47769,N#CC1C=NSC1,2.3251828946492825,3.124000072479248,3.356595516204834,0.7988171778299655,1.0314126215555515,-0.23259544372558594
47837,N#CC1CC(Cl)C1,2.613327695515811,2.0320000648498535,1.807870388031006,0.5813276306659576,0.805457307484805,-0.22412967681884743
47869,N#CC1CC(OC=O)C1,1.5109371554530169,1.9199999570846558,0.9103334546089172,0.4090628016316389,0.6006037008440996,-0.19154089921246076
47891,N#CC1CC1C#CCO,2.9389681579003715,4.11299991607666,3.778038740158081,1.1740317581762887,0.8390705822577096,0.3349611759185791
47911,N#CC1CC1COCl,4.5710002795166425,4.459000110626221,5.044836521148682,0.11200016889042175,0.4738362416320392,-0.36183607274161744
47918,N#CC1CC1O,4.350567064565268,4.26200008392334,3.90844202041626,0.0885669806419278,0.44212504414900744,-0.35355806350707963
48041,N#CC1CCN1F,5.084120499711147,4.656000137329102,5.062287330627441,0.4281203623820451,0.02183316908370525,0.40628719329833984
48054,N#CC1CCNS1,5.022915412911332,4.10099983215332,4.743927955627441,0.9219155807580117,0.2789874572838906,0.6429281234741211
48064,N#CC1CCOC1=N,4.959051661781776,4.547999858856201,5.3408403396606445,0.4110518029255745,0.38178867787886883,0.029263125046705696
48079,N#CC1CCOO1,5.083483117834911,4.888000011444092,4.922060966491699,0.19548310639081912,0.1614221513432117,0.03406095504760742
48093,N#CC1CN1,2.910946540495708,2.611999988555908,3.483522653579712,0.2989465519397996,0.5725761130840041,-0.27362956114420456
48094,N#CC1CN1C#N,3.952643125465832,5.714000225067139,6.772505283355713,1.7613570996013066,2.819862157889881,-1.0585050582885742
48114,N#CC1CN=CN1,3.132038969800232,3.1389999389648438,2.494375467300415,0.00696096916461153,0.6376635024998172,-0.6307025333352057
48142,N#CC1CNC1=O,5.869779910157313,5.8520002365112305,5.959167003631592,0.017779673646082905,0.08938709347427842,-0.07160741982819552
48159,N#CC1CNCCC1=O,5.0950381699542815,6.229000091552734,5.8098602294921875,1.1339619215984529,0.714822059537906,0.4191398620605469
48205,N#CC1COCC(N)=N1,5.517958504425467,5.144000053405762,5.312472343444824,0.37395845101970515,0.20548616098064265,0.1684722900390625
48240,N#CC1N=NN=N1,3.700369425344306,2.7170000076293945,2.630811929702759,0.9833694177149113,1.069557495641547,-0.08618807792663574
48268,N#CC1NC1C(N)=O,4.819511977680594,4.4770002365112305,4.672597408294678,0.3425117411693632,0.14691456938591596,0.19559717178344727
48275,N#CC1NC1CCCO,3.69619920171144,2.5759999752044678,4.6565446853637695,1.1201992265069722,0.9603454836523295,0.1598537428546427
48281,N#CC1NC=CC1=NO,3.5868537394737334,3.566999912261963,4.58176326751709,0.019853827211770536,0.9949095280433564,-0.9750557008315859
48378,N#CC1OC=NC1C=O,3.8153840897671416,2.4769999980926514,3.9989402294158936,1.3383840916744902,0.18355613964875195,1.1548279520257383
48405,N#CC1OCC1N,3.670915123725466,4.0229997634887695,4.603731155395508,0.35208463976330373,0.932816031670042,-0.5807313919067383
48446,N#CC=C(Br)Br,3.294154077724693,2.315999984741211,2.825225353240967,0.9781540929834822,0.46892872448372636,0.5092253684997559
48484,N#CC=CC=O,2.61100226592637,2.188999891281128,4.001115322113037,0.42200237464524193,1.3901130561866673,-0.9681106815414253
48492,N#CC=CCCl,3.584791003311742,3.3529999256134033,3.4640283584594727,0.23179107769833873,0.1207626448522694,0.11102843284606934
48505,N#CC=CO,3.24303306934785,4.876999855041504,4.548607349395752,1.6339667856936537,1.3055742800479018,0.32839250564575195
48511,N#CC=CS(=O)(=O)c1ccccc1,6.076115700349922,5.177000045776367,4.670585632324219,0.8991156545735546,1.405530068025703,-0.5064144134521484
48523,N#CC=NNO,3.0111022702910737,3.2049999237060547,3.9855031967163086,0.193897653414981,0.9744009264252349,-0.7805032730102539
48526,N#CC=P,4.037647175777323,2.9790000915527344,3.7819936275482178,1.0586470842245888,0.25565354822910535,0.8029935359954834
48529,N#CC=S,2.523031476901789,2.5329999923706055,3.219972848892212,0.009968515468816275,0.6969413719904227,-0.6869728565216064
48535,N#CCC#CC(=O)C#N,4.827498898341447,4.816999912261963,3.4293911457061768,0.010498986079483963,1.39810775263527,-1.3876087665557861
48536,N#CCC#CC(=O)C=O,3.2408466461254193,3.569000005722046,1.8646268844604492,0.3281533595966266,1.37621976166497,-1.0480664020683435
48573,N#CCC(=N)NC=O,7.273973101120847,3.7300000190734863,2.1969385147094727,3.5439730820473603,5.077034586411374,-1.5330615043640137
48614,N#CCC(=O)NBr,0.1097036235879026,6.289000034332275,1.3850526809692385,6.179296410744373,1.275349057381336,4.903947353363037
48615,N#CCC(=O)NC(=N)N,2.6375355944922827,9.661999702453613,0.6525335311889648,7.024464107961331,1.9850020633033179,5.039462044658013
48640,N#CCC(Br)CF,2.230283734985202,3.7279999256134033,3.6901137828826904,1.4977161906282013,1.4598300478974884,0.03788614273071289
48641,N#CCC(Br)CO,3.075537145537506,5.251999855041504,3.875481367111206,2.176462709503998,0.7999442215737003,1.3765184879302979
48655,N#CCC(C#N)OC=O,3.1947485453433275,2.194999933242798,0.8581551909446716,0.9997486121005297,2.336593354398656,-1.3368447422981262
48679,N#CCC(CO)NC=O,6.931552507471314,4.5920000076293945,6.05447244644165,2.3395524998419193,0.8770800610296634,1.4624724388122559
48718,N#CCC(NCl)OP,3.440759524398755,2.313999891281128,4.20406436920166,1.126759633117627,0.7633048448029052,0.3634547883147219
48754,N#CCC(O)CCO,4.495067984868803,6.244999885559082,4.8225226402282715,1.749931900690279,0.3274546553594684,1.4224772453308105
48759,N#CCC(O)CO,4.427757366731373,3.1710000038146973,5.595846652984619,1.2567573629166757,1.1680892862532462,0.08866807666342957
48777,N#CCC1(C(N)=O)CC1,2.4989001924762944,3.2070000171661377,5.388739585876465,0.7080998246898433,2.8898393934001705,-2.181739568710327
48892,N#CCC1CC(=O)N1,3.486887095639163,3.5929999351501465,1.6080583333969116,0.10611283951098338,1.8788287622422515,-1.772715922731268
48893,N#CCC1CC(=O)NC(=O)C1,3.5275190948642106,3.5980000495910645,2.0483672618865967,0.0704809547268539,1.4791518329776139,-1.40867087825076
48935,N#CCC1CCC1=NO,4.708584522650832,3.061000108718872,3.9725334644317623,1.64758441393196,0.7360510582190698,0.9115333557128902
48983,N#CCC1COC1,3.111920452683061,4.730999946594238,2.561291217803955,1.6190794939111774,0.5506292348791058,1.0684502590320717
48999,N#CCC1NC(=O)C1N,4.159952387951214,5.442999839782715,3.41597056388855,1.283047451831501,0.7439818240626641,0.5390656277688368
49043,N#CCC=C=O,4.640628354913596,4.333000183105469,3.28371262550354,0.30762817180812707,1.3569157294100558,-1.0492875576019287
49048,N#CCC=CN=O,3.644941242674979,4.46999979019165,2.90275502204895,0.8250585475166714,0.7421862206260288,0.08287232689064261
49055,N#CCCBr,4.4138232016889285,5.27400016784668,3.999638080596924,0.8601769661577512,0.41418512109200467,0.4459918450657465
49085,N#CCCC(C#N)C=O,4.013740082364898,5.03000020980835,2.968353509902954,1.0162601274434513,1.0453865724619442,-0.02912644501849293
49096,N#CCCC(N)=O,4.973270607034921,5.290999889373779,4.7181925773620605,0.317729282338858,0.25507802967286075,0.06265125266599725
49123,N#CCCC1=C(O)CCCC1=O,7.348327668151743,4.005000114440918,4.630139350891113,3.343327553710825,2.71818831726063,0.6251392364501953
49153,N#CCCC1CO1,4.23846042401378,3.5269999504089355,4.371581554412842,0.7114604736048449,0.13312113039906137,0.5783393432057835
49157,N#CCCC1COC=N1,4.433811217170058,2.496999979019165,4.6855926513671875,1.9368112381508933,0.2517814341971292,1.6850298039537641
49215,N#CCCCN1CC1,4.8132698455898195,4.328999996185303,4.889490604400635,0.4842698494045168,0.07622075881081525,0.40804909059370154
49217,N#CCCCN=O,3.40413212100925,3.243000030517578,3.8248915672302246,0.16113209049167176,0.4207594462209747,-0.25962735572930296
49219,N#CCCCNC(N)=O,6.042388696533756,4.50600004196167,5.95548152923584,1.536388654572086,0.08690716729791603,1.44948148727417
49223,N#CCCCOC(N)=O,3.544743157608208,3.375999927520752,3.7786805629730225,0.16874323008745584,0.23393740536481467,-0.06519417527735882
49234,N#CCCCS(N)=O,5.8179088300701425,6.611000061035156,5.327188014984131,0.7930912309650138,0.4907208150860116,0.30237041587900215
49247,N#CCCN1CC1,4.194808002758365,5.0,4.339750289916992,0.8051919972416348,0.144942287158627,0.6602497100830078
49273,N#CCCNC(=O)CO,4.654809278304567,3.424999952316284,4.988499164581299,1.229809325988283,0.3336898862767317,0.8961194397115513
49298,N#CCCOC(=O)F,2.1132416006630943,6.119999885559082,1.1373120546340942,4.006758284895987,0.9759295460290001,3.0308287388669872
49301,N#CCCOC(N)=S,2.860168164994185,4.019999980926514,2.19690465927124,1.1598318159323289,0.663263505722945,0.49656831020938386
49302,N#CCCOC1CC1,3.893043353103741,4.50600004196167,3.597740173339844,0.612956688857929,0.29530317976389675,0.3176535090940322
49316,N#CCCOCCCO,4.38879086003355,5.39300012588501,4.954031944274902,1.0042092658514594,0.565241084241352,0.4389681816101074
49325,N#CCCOP(=O)(O)O,5.813929198177655,2.7960000038146973,2.871479034423828,3.0179291943629574,2.9424501637538265,0.07547903060913086
49329,N#CCCOP(O)F,2.8045916360283862,3.51200008392334,2.8984827995300293,0.7074084478949536,0.09389116350164306,0.6135172843933105
49332,N#CCCOP=O,2.662556506794357,6.485000133514404,3.619131326675415,3.8224436267200472,0.956574819881058,2.8658688068389893
49334,N#CCCOPCl,5.433219759573562,3.171999931335449,2.7233967781066895,2.2612198282381124,2.709822981466872,-0.44860315322875977
49338,N#CCCP(=O)=O,5.536259388511991,7.369999885559082,3.4231631755828857,1.8337404970470912,2.113096212929105,-0.2793557158820139
49340,N#CCCP(Cl)Cl,3.363362779358697,2.438999891281128,2.4347360134124756,0.9243628880775692,0.9286267659462215,-0.004263877868652344
49344,N#CCCS,3.534993394854251,2.4240000247955322,3.7037317752838135,1.110993370058719,0.16873838042956235,0.9422549896291565
49348,N#CCCS(=O)(=O)c1ccccc1,5.45977678225486,5.51800012588501,5.699697017669678,0.058223343630150026,0.239920235414818,-0.18169689178466797
49361,N#CCC[N+](=O)[O-],5.350782455994567,0.4569999873638153,4.779097557067871,4.893782468630752,0.571684898926696,4.322097569704056
49395,N#CCCn1ccnn1,3.8892066478574705,4.348999977111816,3.371157169342041,0.4597933292543459,0.5180494785154295,-0.05825614926108358
49412,N#CCN(C=O)CC#N,2.3219927935880182,6.130000114440918,3.638662815093994,3.8080073208528997,1.316670021505976,2.491337299346924
49413,N#CCN(C=O)CC=O,3.031972853799848,1.5870000123977661,2.8448293209075928,1.4449728414020817,0.18714353289225505,1.2578293085098267
49449,N#CCN1CCC1,4.6038365554021246,2.5799999237060547,4.231008052825928,2.02383663169607,0.3728285025761968,1.651008129119873
49463,N#CCN=C(N)C(N)=O,3.221916094814816,3.3320000171661377,2.633791208267212,0.11008392235132192,0.5881248865476039,-0.47804096419628195
49476,N#CCN=C1NCCO1,6.824437353357035,5.748000144958496,6.509178638458252,1.0764372083985387,0.3152587148987829,0.7611784934997559
49493,N#CCN=NN,6.4664666966827955,2.8929998874664307,3.737720012664795,3.573466809216365,2.7287466840180006,0.8447201251983643
49504,N#CCN=c1onno1,3.260400426899944,2.7209999561309814,2.9246373176574707,0.5394004707689626,0.3357631092424733,0.20363736152648926
49517,N#CCNC(=O)CS,3.287386220760206,2.736999988555908,2.617851495742798,0.5503862322042976,0.669534725017408,-0.11914849281311035
49522,N#CCNC(=O)O,3.6382871941338952,3.2739999294281006,2.9729487895965576,0.36428726470579464,0.6653384045373376,-0.30105113983154297
49524,N#CCNC(=O)S,4.083685311397681,3.0220000743865967,3.728477716445923,1.0616852370110843,0.35520759495175813,0.7064776420593262
49530,N#CCNC(C=O)CO,2.4261225709360663,2.5850000381469727,3.700784206390381,0.15887746721090634,1.2746616354543145,-1.1157841682434082
49588,N#CCNCCNC=O,5.341576330611279,2.6600000858306885,2.8589186668395996,2.68157624478059,2.482657663771679,0.19891858100891113
49593,N#CCNCCl,2.3121794246594076,2.4630000591278076,3.1993215084075928,0.1508206344684,0.8871420837481852,-0.7363214492797852
49607,N#CCN[N+](=O)[O-],5.136863388636052,4.340000152587891,1.9242981672286987,0.7968632360481616,3.2125652214073535,-2.415701985359192
49619,N#CCNc1cn[nH]c1,3.624214624569821,2.9619998931884766,4.496683120727539,0.6622147313813445,0.872468496157718,-0.2102537647763736
49650,N#CCOC(=O)CO,2.886101160630062,4.360000133514404,3.2793660163879395,1.4738989728843421,0.3932648557578773,1.0806341171264648
49662,N#CCOC(C=O)CO,2.259953737440998,3.3940000534057617,1.5688265562057495,1.1340463159647638,0.6911271812352484,0.4429191347295154
49687,N#CCOC1CCOC1,3.963737181310843,4.033999919891357,3.1623706817626953,0.07026273858051457,0.8013664995481475,-0.731103760967633
49711,N#CCOCC(O)C=O,3.761241476680501,1.930999994277954,2.2821004390716553,1.8302414824025468,1.4791410376088456,0.35110044479370117
49739,N#CCOCl,3.074491139534363,3.4549999237060547,2.9933393001556396,0.38050878417169187,0.08115183937872317,0.2993569447929687
49748,N#CCOS(=O)O,3.2220828137985933,3.8580000400543213,3.556562662124634,0.635917226255728,0.3344798483260405,0.3014373779296875
49751,N#CCO[P+](=O)[O-],3.5539474491734975,3.6449999809265137,0.4820151925086975,0.0910525317530162,3.0719322566648,-2.9808797249117838
49758,N#CCOc1ccco1,4.417757977200095,2.861999988555908,3.744600296020508,1.5557579886441868,0.6731576811795872,0.8826003074645996
49782,N#CCP(=O)(O)OF,1.9112042585948248,2.872999906539917,1.8334351778030396,0.9617956479450922,0.07776908079178524,0.884026567153307
49786,N#CCPO,5.1409222032932655,1.9500000476837158,3.161511182785034,3.1909221556095497,1.9794110205082314,1.2115111351013184
49787,N#CCS,3.214987464088647,2.6510000228881836,3.5357449054718018,0.5639874412004633,0.3207574413831549,0.24322999981730842
49788,N#CCS(=O)(=O)CC#N,0.3137850315044035,0.0820000022649765,1.7418767213821411,0.231785029239427,1.4280916898777376,-1.1963066606383106
49800,N#CCS(N)(=O)=O,3.477854074641472,2.7009999752044678,0.9929872751235962,0.7768540994370041,2.4848667995178757,-1.7080127000808716
49803,N#CCSC(=O)O,3.4251763229936967,3.4600000381469727,3.725441932678222,0.03482371515327598,0.30026560968452554,-0.26544189453124956
49805,N#CCSC(=S)S,3.939596514731669,3.246000051498413,3.465601921081543,0.6935964632332561,0.4739945936501262,0.21960186958312988
49806,N#CCSC(F)=S,3.726775288648253,4.072999954223633,4.141044616699219,0.34622466557538,0.41426932805096595,-0.06804466247558594
49828,N#CCSSCC#N,4.403747388008147,3.937000036239624,4.042847633361816,0.46674735176852256,0.3608997546463302,0.10584759712219238
49829,N#CCSSCCCl,5.1724288663980245,3.114000082015991,3.92913818359375,2.0584287843820332,1.2432906828042745,0.8151381015777588
49837,N#CC[SiH](Cl)Cl,2.942855507904503,3.246000051498413,3.021167516708374,0.30314454359390997,0.0783120088038709,0.22483253479003906
49853,N#CCc1c[nH]c(O)n1,4.016666041219237,4.423999786376953,3.652234554290771,0.40733374515771636,0.3644314869284657,0.042902258229250645
49854,N#CCc1c[nH]cc1N,4.8365002227618685,4.065000057220459,5.892201900482178,0.7715001655414095,1.0557016777203092,-0.28420151217889966
49873,N#CCc1ccc(Br)cc1,3.346799416323835,4.058000087738037,3.091390371322632,0.7112006714142023,0.255409045001203,0.4557916264129993
49874,N#CCc1ccc(Cl)cc1,3.3533653428103167,3.440999984741211,1.2074600458145142,0.08763464193089421,2.1459052969958026,-2.0582706550649084
49909,N#CCc1cnoc1N,1.8844502241528904,3.0940001010894775,1.497644066810608,1.209549876936587,0.3868061573422825,0.8227437195943046
49962,N#CCl,2.8918979361511057,3.2339999675750732,1.9950132369995115,0.34210203142396756,0.8968846991515942,-0.5547826677276266
49983,N#CCn1cnc(N)c1,2.1234195006187617,4.644000053405762,2.837283134460449,2.520580552787,0.7138636338416875,1.8067169189453125
50023,N#CN(CS(=O)(=O)O)C(=N)N,5.853451760534989,6.76800012588501,4.98414945602417,0.9145483653500204,0.8693023045108195,0.04524606083920091
50027,N#CN(Cl)[Si](Cl)(Cl)Cl,3.0684221224694475,3.1089999675750732,3.1611194610595703,0.04057784510562579,0.09269733859012286,-0.05211949348449707
50028,N#CN(F)Cl,2.007133082858713,3.0220000743865967,2.112820625305176,1.0148669915278838,0.10568754244646295,0.9091794490814209
50036,N#CN/C(=N\CO)NCO,3.095349866837292,5.421999931335449,4.1991729736328125,2.3266500644981574,1.1038231067955206,1.2228269577026367
50057,N#CN1CC(O)C1,5.879978278050471,3.4149999618530273,5.411470890045166,2.4649783161974437,0.468507388005305,1.9964709281921387
50058,N#CN1CC1,5.026498104027422,4.8470001220703125,5.024641990661621,0.17949798195710986,0.0018561133658012707,0.1776418685913086
50063,N#CN1CC=CS1,5.213343649231299,5.427999973297119,5.670284748077393,0.21465632406582014,0.4569410988460936,-0.24228477478027344
50069,N#CN1CCC=N1,6.522032097727319,5.886000156402588,6.129663467407227,0.6360319413247311,0.3923686303200924,0.24366331100463867
50081,N#CN1CN=CS1,4.0913424322301815,3.927999973297119,4.255376815795898,0.16334245893306232,0.16403438356571698,-0.0006919246326546613
50089,N#CN1NC=CS1,5.507760178143141,5.535999774932861,6.125613212585449,0.02823959678971999,0.6178530344423079,-0.5896134376525879
50114,N#CN=CCl,4.214612529338502,4.191999912261963,4.288741111755371,0.022612617076538832,0.07412858241686937,-0.05151596534033054
50132,N#CN=NN=NC#N,1.660556827113923,0.9980000257492065,0.9844274520874025,0.6625568013647165,0.6761293750265206,-0.013572573661804088
50134,N#CN=NNNC#N,5.661258816206804,3.690000057220459,5.199615478515625,1.9712587589863446,0.4616433376911786,1.509615421295166
50139,N#CN=S1(=O)CC1,8.112878472919803,7.7779998779296875,7.465687274932861,0.33487859499011563,0.6471911979869418,-0.31231260299682617
50151,N#CNC(=O)CCl,4.845178771230965,5.290999889373779,4.6634440422058105,0.4458211181428142,0.18173472902515453,0.2640863891176597
50152,N#CNC(=O)CN,6.148238116898556,4.921000003814697,6.650756359100342,1.2272381130838586,0.502518242201786,0.7247198708820726
50166,N#CNC(N)=NCS,5.682839814216764,5.068999767303467,4.190237998962402,0.613840046913297,1.4926018152543614,-0.8787617683410645
50167,N#CNC(N)=NF,6.6652563384066585,7.577000141143799,5.29671049118042,0.9117438027371403,1.3685458472262386,-0.45680204448909834
50170,N#CNC(N)=[NH+]CCCS(=O)(=O)[O-],10.410826700624726,12.21500015258789,6.933836936950684,1.8041734519631643,3.4769897636740428,-1.6728163117108785
50175,N#CNC1=NCCCS1,6.27834212868854,5.258999824523926,5.981816291809082,1.0193423041646144,0.2965258368794581,0.7228164672851562
50192,N#CNCCCl,4.059857673410342,3.98799991607666,4.25173282623291,0.0718577573336816,0.1918751528225684,-0.12001739548888679
50204,N#CNCc1ccsc1,4.781034860788485,4.03000020980835,4.910192966461182,0.7510346509801353,0.1291581056726967,0.6218765453074386
50216,N#CNNC(N)=S,6.079751843327813,6.390999794006348,5.8383612632751465,0.31124795067853483,0.24139058005266634,0.0698573706258685
50217,N#CNNC=O,5.221277081653619,3.8580000400543213,5.106212139129639,1.3632770415992974,0.11506494252398003,1.2482120990753174
50224,N#CNOC(=S)S,3.0222352858955293,3.2769999504089355,3.409762144088745,0.2547646645134063,0.38752685819321586,-0.13276219367980957
50226,N#CNOCC(N)=O,3.5334759627873575,6.4679999351501465,5.137521266937256,2.934523972362789,1.6040453041498983,1.3304786682128906
50230,N#CNP(O)O,4.9855495558985465,2.8420000076293945,4.339276313781738,2.143549548269152,0.6462732421168083,1.4972763061523438
50243,N#CNc1ccc(O)cc1,3.4231450489616355,3.1480000019073486,4.203398704528809,0.2751450470542869,0.7802536555671731,-0.5051086085128862
50260,N#COC(=O)CN,6.053038142515823,3.9049999713897705,5.873129844665527,2.1480381711260526,0.17990829785029572,1.9681298732757568
50266,N#COC(=O)c1cccs1,7.433724382927638,7.136000156402588,7.029477119445801,0.29772422652504993,0.40424726348183704,-0.10652303695678711
50292,N#COCSOC#N,4.250968698725222,6.797999858856201,4.19020938873291,2.547031160130979,0.06075930999231183,2.4862718501386674
50305,N#CONCCS,4.596611279131442,4.51800012588501,4.683596611022949,0.07861115324643198,0.08698533189150748,-0.008374178645075503
50311,N#COOC(=O)Cl,2.0885750342830347,2.188999891281128,2.644671678543091,0.10042485699809323,0.5560966442600561,-0.4556717872619629
50318,N#COO[SiH2]OC#N,4.796355365693749,3.1059999465942383,3.9131150245666504,1.690355419099511,0.8832403411270988,0.8071150779724121
50327,N#COP(=O)(O)OBr,5.5647326979039,6.39300012588501,3.611469268798828,0.8282674279811095,1.9532634291050721,-1.1249960011239626
50329,N#COP(=O)(O)OCl,5.81612588238578,3.880000114440918,4.682243824005127,1.936125767944862,1.133882058380653,0.802243709564209
50331,N#COP(=O)(O)O[N+](=O)[O-],5.365213998727948,3.2850000858306885,1.849951148033142,2.0802139128972597,3.515262850694806,-1.4350489377975464
50336,N#COP(=O)=O,1.727105870473296,1.6399999856948853,2.1728744506835938,0.08710588477841075,0.44576858021029775,-0.358662695431887
50344,N#COS(=O)C#N,4.5995793666067,5.322999954223633,3.158879041671753,0.7234205876169328,1.440700324934947,-0.7172797373180142
50347,N#COSBr,3.551096619232017,3.434000015258789,3.324636220932007,0.11709660397322796,0.2264603983000102,-0.10936379432678223
50382,N#CP(C(F)(F)F)C(F)(F)F,2.2345242953780455,2.2330000400543213,1.7464308738708496,0.001524255323724244,0.4880934215071959,-0.4865691661834717
50383,N#CP(Cl)C#N,2.8487081703854416,3.5889999866485596,1.235849142074585,0.740291816263118,1.6128590283108566,-0.8725672120477386
50391,N#CP(N)(N)=S,4.2812916535604035,6.067999839782715,5.556838035583496,1.7867081862223113,1.2755463820230926,0.5111618041992188
50392,N#CP(N)(O)=S,3.927548707535093,4.992000102996826,4.302159309387207,1.0644513954617332,0.37461060185211403,0.6898407936096191
50400,N#CP(O)O,5.574148432126288,2.9130001068115234,4.2295026779174805,2.6611483253147643,1.3446457542088073,1.316502571105957
50401,N#CP(P)P,2.4100891853633906,4.052999973297119,4.180983066558838,1.6429107879337286,1.7708938811954473,-0.12798309326171875
50402,N#CP(S)C#N,2.8932799406743945,4.360000133514404,3.515453577041626,1.4667201928400098,0.6221736363672314,0.8445465564727783
50403,N#CP1(F)(Cl)C=CN1,4.949023492392534,3.9119999408721924,4.660927772521973,1.0370235515203419,0.2880957198705616,0.7489278316497803
50406,N#CP1C=C1,4.401654348877264,3.9660000801086426,4.1826019287109375,0.4356542687686211,0.2190524201663262,0.21660184860229492
50414,N#CPC#N,3.677107297841541,3.7079999446868896,3.145344495773315,0.030892646845348537,0.5317628020682261,-0.5008701552228776
50415,N#CPC(=N)N,1.4743032939914846,2.864000082015991,2.3110158443450928,1.3896967880245066,0.8367125503536081,0.5529842376708984
50449,N#CSC(N)=S,6.457227237538643,2.299999952316284,6.106153964996338,4.157227285222358,0.3510732725423047,3.8061540126800537
50482,N#CSCC=O,3.828967266919463,4.623000144958496,4.204783916473389,0.7940328780390331,0.3758166495539257,0.4182162284851074
50484,N#CSCCC(=O)O,3.754695636931835,3.571000099182129,2.7213971614837646,0.18369553774970626,1.0332984754480705,-0.8496029376983643
50489,N#CSCCCS(=O)(=O)O,1.6269687515295383,6.557000160217285,2.6067490577697754,4.930031408687746,0.979780306240237,3.9502511024475093
50504,N#CSC[SiH3],4.189400282787062,4.034999847412109,4.1180524826049805,0.15440043537495285,0.07134780018208176,0.0830526351928711
50513,N#CSN=NSC#N,3.034748154836066,2.2320001125335693,2.48992657661438,0.8027480423024969,0.5448215782216863,0.25792646408081055
50527,N#CSOC(=O)CO,3.723109473260359,1.0529999732971191,3.0053207874298096,2.6701094999632398,0.7177886858305493,1.9523208141326904
50532,N#CSOOOSC#N,4.4530269974200145,2.4079999923706055,5.105616092681885,2.045027005049409,0.6525890952618703,1.3924379097875388
50535,N#CSO[SiH2]SC#N,2.9905765057517906,4.61299991607666,3.856468915939331,1.6224234103248696,0.8658924101875405,0.7565310001373291
50545,N#CSSCl,2.7679928568109826,2.7690000534057617,3.2312796115875244,0.0010071965947791028,0.4632867547765418,-0.4622795581817627
50558,N#CSc1ccc(S(N)(=O)=O)cc1,3.890901885446468,2.5460000038146973,0.3000757992267608,1.3449018816317708,3.5908260862197072,-2.2459242045879364
50562,N#CSc1cnsn1,3.675950015720004,3.0799999237060547,3.0565152168273926,0.5959500920139491,0.6194347988926112,-0.02348470687866211
50570,N#C[C@@H]1CC1(Cl)Cl,3.70031279377024,3.2660000324249268,3.9607632160186768,0.43431276134531327,0.26045042224843673,0.17386233909687654
50574,N#C[C@H](Cl)CCl,4.182624000071643,3.0759999752044678,3.170393228530884,1.106624024867175,1.012230771540759,0.09439325332641602
50577,N#C[C@H](N)F,4.243386811183603,3.3580000400543213,3.5615053176879883,0.8853867711292818,0.6818814934956148,0.203505277633667
50581,N#C[N+](=O)[O-],0.1209096000070149,0.6489999890327454,0.1452767699956894,0.5280903890257305,0.024367169988674497,0.503723219037056
50590,N#C[SiH3],3.625737351245721,3.6649999618530273,3.710990667343139,0.0392626106073064,0.08525331609741826,-0.04599070549011186
50591,N#C[SiH](N=[N+]=[N-])[N+](=O)[O-],3.401516605510788,4.5229997634887695,2.3685824871063232,1.1214831579779814,1.032934118404465,0.08854903957351645
50596,N#C[Si](=O)O,3.7480801457524704,4.284999847412109,3.5136172771453857,0.536919701659639,0.23446286860708465,0.30245683305255433
50620,N#Cc1[nH]ncc1CO,2.302545454644741,2.055999994277954,2.037470817565918,0.2465454603667867,0.26507463707882284,-0.018529176712036133
50624,N#Cc1c(Br)csc1Br,4.602307383397862,4.815000057220459,4.809450149536133,0.21269267382259738,0.2071427661382712,0.005549907684326172
50692,N#Cc1cc(Br)sc1Br,3.5335595887018454,2.2809998989105225,3.8130788803100586,1.252559689791323,0.2795192916082132,0.9730403981831097
50723,N#Cc1cc(N)c(N)o1,6.254865711964773,6.48199987411499,6.405396461486816,0.2271341621502172,0.15053074952204337,0.07660341262817383
50753,N#Cc1cc[pH]n1,5.21043812003892,4.734000205993652,5.075201988220215,0.4764379140452677,0.1352361318187052,0.3412017822265625
50773,N#Cc1ccc(CO)cc1,6.407812154667356,3.313999891281128,4.909340858459473,3.093812263386228,1.4984712962078834,1.5953409671783447
50776,N#Cc1ccc(Cl)cc1,3.0415827593759426,2.7179999351501465,2.518710136413574,0.3235828242257961,0.5228726229623684,-0.19928979873657227
50777,N#Cc1ccc(Cl)nn1,5.303195321382516,4.709000110626221,5.335531234741211,0.5941952107562951,0.03233591335869512,0.5618592973976
50815,N#Cc1ccccc1N=C=O,5.763507029987726,5.489999771118164,5.999128818511963,0.27350725886956173,0.2356217885242371,0.037885470345324634
50836,N#Cc1ccnc(Br)n1,3.856866993777512,4.702000141143799,4.006410598754883,0.8451331473662869,0.14954360497737085,0.695589542388916
50850,N#Cc1ccnnc1Cl,3.277792897838525,2.7190001010894775,3.263444423675537,0.5587927967490476,0.014348474162988012,0.5444443225860596
50864,N#Cc1ccoc1CN,4.666149434224881,3.9539999961853027,4.169480323791504,0.7121494380395781,0.4966691104333769,0.21548032760620117
50868,N#Cc1ccon1,4.955214607848327,4.559999942779541,4.860050678253174,0.395214665068786,0.09516392959515318,0.3000507354736328
50899,N#Cc1cnc(Cl)cn1,2.7908841255559493,2.680999994277954,2.757689952850342,0.10988413127799523,0.03319417270560754,0.0766899585723877
50976,N#Cc1cnsn1,2.9450562871198662,3.2269999980926514,3.084353446960449,0.28194371097278514,0.139297159840583,0.14264655113220215
50981,N#Cc1coc(Br)n1,4.224583192766687,3.51200008392334,3.9627082347869873,0.7125831088433472,0.26187495797969973,0.45070815086364746
51034,N#Cc1n[nH]c(O)n1,6.140381991965295,5.875999927520752,6.039297103881836,0.2643820644445434,0.10108488808345939,0.16329717636108398
51048,N#Cc1nc(=N)cc[nH]1,5.218796564120835,5.275000095367432,5.960825443267822,0.05620353124659694,0.7420288791469876,-0.6858253479003906
51066,N#Cc1nc(Cl)[nH]c1C#N,6.258280908912983,6.09499979019165,5.814541816711426,0.16328111872133277,0.4437390922015574,-0.2804579734802246
51071,N#Cc1nc(Cl)cs1,4.562539301452932,4.044000148773193,4.58217716217041,0.5185391526797387,0.019637860717478084,0.49890129196226063
51109,N#Cc1ncc(CO)[nH]1,7.45343563798975,4.629000186920166,7.922065734863281,2.8244354510695837,0.4686300968735315,2.355805354196052
51121,N#Cc1ncc(N)s1,7.405008439753459,7.313000202178955,7.503776073455811,0.09200823757450394,0.09876763370235242,-0.006759396127848483
51147,N#Cc1nccs1,5.165847708497594,4.705999851226807,5.398573875427246,0.4598478572707876,0.23272616692965187,0.22712169034113572
51186,N#Cc1nnc(N)s1,6.965568976410157,6.960000038146973,6.913319110870361,0.0055689382631847195,0.05224986553979605,-0.04668092727661133
51188,N#Cc1nncs1,4.764523944631827,4.118000030517578,4.844917297363281,0.6465239141142485,0.08039335273145465,0.5661305613827938
51196,N#Cc1nnon1,1.2681377559146936,1.3389999866485596,0.8281842470169067,0.070862230733866,0.43995350889778684,-0.36909127816392084
51221,N#Cc1noncc1=N,4.804170587136297,1.6100000143051147,3.993602514266968,3.194170572831182,0.8105680728693287,2.3836024999618535
51250,N#Cc1onnc1N,4.005894794879931,4.014999866485596,4.5637640953063965,0.009105071605664428,0.5578693004264652,-0.5487642288208008
51279,N#Cp1cccc1,4.302971125554805,3.61899995803833,4.126211643218994,0.683971167516475,0.17675948233581096,0.5072116851806641
51283,N#[11C]CBr,3.2818408263207064,3.5360000133514404,3.4555914402008057,0.25415918703073404,0.17375061388009927,0.08040857315063477
51285,N#[13C]C#P,3.5164407206959387,3.4739999771118164,3.453854560852051,0.04244074358412231,0.06258615984388793,-0.020145416259765625
51286,N#[13C]CCCCl,3.666812480753777,3.436000108718872,4.964566230773926,0.2308123720349049,1.2977537500201488,-1.066941377985244
51292,N#[14C]S,3.566617310045341,3.1389999389648438,3.4709980487823486,0.42761737108049713,0.09561926126299225,0.3319981098175049
51308,N=C(C=O)N(C=O)C=O,4.434318212625032,2.2239999771118164,1.8384913206100464,2.210318235513215,2.595826892014985,-0.38550865650177
51317,N=C(C=O)OC(=O)C=O,3.412111454024776,1.7330000400543213,1.2546863555908203,1.6791114139704546,2.1574250984339556,-0.478313684463501
51334,N=C(CCC=O)NC=O,2.396583492068579,5.873000144958496,2.936310052871704,3.476416652889917,0.5397265608031252,2.936690092086792
51358,N=C(F)C(N)F,3.503768110033646,2.933000087738037,2.092111349105835,0.5707680222956091,1.4116567609278112,-0.8408887386322021
51360,N=C(F)Cl,1.085982516729486,2.062999963760376,1.732134461402893,0.9770174470308899,0.646151944673407,0.3308655023574829
51368,N=C(N)C(=O)C(=O)CO,5.436522166757636,5.394000053405762,2.421114683151245,0.0425221133518745,3.015407483606391,-2.9728853702545166
51423,N=C(N)N(C=O)CC=O,4.486014550031791,4.125,5.645357131958008,0.3610145500317907,1.159342581926217,-0.7983280318944264
51434,N=C(N)N1CO1,2.9134066167361734,2.1589999198913574,1.022173523902893,0.754406696844816,1.8912330928332803,-1.1368263959884644
51438,N=C(N)NC(=O)C1CN1,2.1323541542352964,5.302999973297119,1.4493108987808228,3.1706458190618227,0.6830432554544736,2.487602563607349
51440,N=C(N)NC(=O)C=O,2.3764442585908254,3.7679998874664307,2.029881477355957,1.3915556288756052,0.3465627812348684,1.0449928476407369
51460,N=C(N)SCCCS(=O)(=O)O,4.585983714699724,3.2869999408721924,3.375786066055298,1.2989837738275316,1.2101976486444261,0.08878612518310547
51462,N=C(N)SCCS(=O)(=O)O,1.9248448151639872,6.564000129699707,6.26826810836792,4.63915531453572,4.343423293203933,0.2957320213317871
51464,N=C(N)SC[C@H](O)CS(=O)(=O)O,4.164442260651559,3.4089999198913574,1.4872722625732422,0.7554423407602018,2.677169998078317,-1.9217276573181152
51491,N=C(NC=O)NCC=O,5.40025601234724,4.47599983215332,4.443708419799805,0.92425618019392,0.9565475925474356,-0.032291412353515625
51500,N=C(OC=O)C(N)=O,4.775727312985788,2.1549999713897705,4.583293437957764,2.6207273415960177,0.19243387502802456,2.428293466567993
51538,N=C1C=C(N)CO1,5.587289214984508,5.854000091552734,5.580188274383545,0.2667108765682267,0.00710094060096278,0.2596099359672639
51541,N=C1C=CC(=N)N1C=O,6.597270042987611,3.8239998817443848,3.958667516708374,2.773270161243226,2.6386025262792367,0.13466763496398926
51558,N=C1C=CC(O)C(=O)N1,1.2988367808733527,1.496000051498413,0.9422560334205629,0.19716327062506034,0.3565807474527899,-0.15941747682772955
51593,N=C1C=NNC1=O,1.4085472915129946,1.569000005722046,2.15565824508667,0.16045271420905127,0.7471109535736753,-0.586658239364624
51618,N=C1CC(=O)NCCO1,5.800463930101598,4.311999797821045,5.388724327087402,1.4884641322805532,0.41173960301419577,1.0767245292663574
51626,N=C1CC(C(=O)C=O)O1,1.9220827402351377,1.9229999780654907,1.6116257905960083,0.0009172378303530238,0.3104569496391294,-0.3095397118087764
51676,N=C1CC(O)CCCO1,3.798576528661404,2.049999952316284,2.434163808822632,1.74857657634512,1.3644127198387723,0.38416385650634766
51714,N=C1CCC(C(N)=O)O1,1.3267941936776677,0.8180000185966492,1.454227328300476,0.5087941750810185,0.12743313462280836,0.3813610404582102
51724,N=C1CCC(O)CCO1,3.1759049507315225,4.361999988555908,3.2717854976654053,1.1860950378243857,0.09588054693388282,1.090214490890503
51735,N=C1CCCC(=O)O1,3.7257532899514274,3.263000011444092,3.54831862449646,0.4627532785073356,0.17743466545496744,0.28531861305236816
51783,N=C1CCS1,3.841262873649344,2.117000102996826,2.4331846237182617,1.7242627706525178,1.4080782499310822,0.31618452072143555
51820,N=C1CNC1=O,5.71335737771201,3.441999912261963,4.804590225219727,2.2713574654500475,0.9087671524922838,1.3625903129577637
51825,N=C1CNCC(=O)O1,2.3823993513292296,2.384999990463257,3.05074143409729,0.002600639134027194,0.6683420827680604,-0.6657414436340332
51913,N=C1NC(=N)OCCO1,4.763147287869333,4.248000144958496,3.8649418354034424,0.5151471429108367,0.8982054524658905,-0.3830583095550537
51956,N=C1NC(C=O)=CCO1,4.785389756243821,4.593999862670898,4.459457874298096,0.19138989357292235,0.3259318819457251,-0.13454198837280273
51977,N=C1NCC(=O)N1,0.917240986243982,3.9790000915527344,0.6257809996604919,3.0617591053087523,0.29145998658349004,2.770299118725262
51987,N=C1NCC(O)CC1=O,4.680934596397289,4.4770002365112305,4.304925918579102,0.20393435988605813,0.37600867781818703,-0.1720743179321289
52028,N=C1OC(=O)CCC1O,1.5652154292249232,4.790999889373779,2.4057912826538086,3.225784460148856,0.8405758534288854,2.3852086067199707
52047,N=C1OC(CO)C1C=O,1.7108294838228637,3.4200000762939453,0.9350683689117432,1.7091705924710816,0.7757611149111205,0.9334094775599611
52182,N=C1OCCN1C=O,6.402482844230111,6.416999816894531,6.3021464347839355,0.014516972664420535,0.10033640944617517,-0.08581943678175463
52189,N=C1OCCO1,4.6523826153523835,4.427999973297119,4.684185028076172,0.22438264205526437,0.031802412723788365,0.192580229331476
52190,N=C1OCCOC1=N,5.4589716524381195,4.736999988555908,5.502874851226807,0.7219716638822113,0.04390319878868709,0.6780684650935243
52193,N=C1OCCOC1CO,4.392119523247938,4.618000030517578,4.4524827003479,0.2258805072696397,0.06036317709996197,0.16551733016967773
52207,N=C1OCOC1=O,4.851149689631216,5.007999897003174,4.225909233093262,0.1568502073719582,0.6252404565379539,-0.4683902491659957
52230,N=CC(=O)C=O,1.9700192659305364,1.097000002861023,1.7516051530838013,0.8730192630695135,0.21841411284673518,0.6546051502227783
52240,N=CC(F)C=N,1.797547847397375,1.8049999475479126,2.0775771141052246,0.007452100150537655,0.28002926670784967,-0.272577166557312
52253,N=CN(C(=N)N)C(N)=O,0.9221382472418168,4.642000198364258,1.0809786319732666,3.719861951122441,0.1588403847314498,3.561021566390991
52262,N=CN(C=O)C(=N)CO,2.787880131313825,1.2359999418258667,1.095921516418457,1.5518801894879584,1.691958614895368,-0.14007842540740967
52277,N=CN(C=O)CC=O,3.0962815823746066,3.305000066757202,1.658413052558899,0.20871848438259555,1.4378685298157077,-1.2291500454331121
52339,N=CNC(=O)C#CC=O,4.42692002538955,3.9519999027252197,4.908291816711426,0.47492012266433026,0.4813717913218758,-0.0064516686575455395
52340,N=CNC(=O)C#CCO,4.482888306187482,4.361000061035156,5.000266075134277,0.12188824515232533,0.5173777689467958,-0.39548952379447044
52342,N=CNC(=O)C(=O)C=O,4.026893020717269,4.2829999923706055,4.668431758880615,0.2561069716533364,0.6415387381633462,-0.38543176651000977
52371,N=CNC(=O)NC=N,6.903966242141734,6.671000003814697,3.405918598175049,0.23296623832703656,3.498047643966685,-3.2650814056396484
52374,N=CNC(=O)NCCO,3.353537671192788,6.48799991607666,3.34849214553833,3.1344622448838724,0.005045525654457705,3.1294167192294147
52383,N=COC(=O)C#CCO,3.1277986563277156,3.513000011444092,2.8948874473571777,0.3852013551163762,0.23291120897053785,0.15229014614583836
52390,N=COC(=O)C(O)C=O,2.1249649945511533,1.0180000066757202,3.944821834564209,1.106964987875433,1.8198568400130557,-0.7128918521376226
52439,N=COC1(C(N)=O)CC1,1.470875059363785,4.480999946594238,1.606886386871338,3.0101248872304533,0.13601132750755296,2.8741135597229004
52473,N=COC1CC(O)C1=O,3.0444938561269765,3.11899995803833,1.5376222133636477,0.07450610191135354,1.5068716427633289,-1.4323655408519753
52535,N=COC=N,1.3977736741061295,2.9800000190734863,0.9643579125404358,1.5822263449673568,0.4334157615656937,1.148810583401663
52634,N=COCCCNC=O,3.8139298363547742,4.6529998779296875,3.0954651832580566,0.8390700415749133,0.7184646530967176,0.12060538847819569
52648,N=COCO,2.0799501720696725,1.9559999704360962,0.892859160900116,0.12395020163357628,1.1870910111695565,-1.0631408095359802
52658,N=COCc1cn[nH]n1,3.610673590924953,2.8310000896453857,3.8893380165100098,0.7796735012795675,0.27866442558505655,0.5010090756945109
52686,N=COc1c[nH]cc1O,2.8247190036416643,2.867000102996826,4.416801929473877,0.04228109935516189,1.5920829258322127,-1.5498018264770508
52708,N=COc1cccnc1,4.040590610990226,2.9149999618530273,1.7268067598342896,1.125590649137199,2.3137838511559368,-1.1881932020187378
52711,N=COc1ccncc1,2.422299490492791,1.1069999933242798,0.4839410483837127,1.3152994971685112,1.9383584421090783,-0.623058944940567
52728,N=COc1cnnnn1,3.1041441278091217,3.7860000133514404,3.2163593769073486,0.6818558855423187,0.11221524909822689,0.5696406364440918
52734,N=COc1coc(=O)o1,3.4922936615828513,4.425000190734863,2.422419548034668,0.932706529152012,1.0698741135481833,-0.13716758439617127
52743,N=COc1n[nH]c(=O)[nH]1,2.97272435861903,1.840000033378601,3.81376051902771,1.1327243252404289,0.84103616040868,0.29168816483174886
52788,N=CSC=N,3.2786005227228388,0.6230000257492065,0.7241408228874207,2.655600496973632,2.554459699835418,0.10114079713821411
52797,N=NC1=NCCS1,4.642953453923526,4.185999870300293,4.320476055145264,0.4569535836232328,0.3224773987782621,0.1344761848449707
52803,N=NNC(=O)O,3.587307200973037,3.7750000953674316,1.5081775188446045,0.18769289439439474,2.0791296821284324,-1.8914367877340377
52819,N=[13C](F)F,1.5884723487448418,1.7009999752044678,0.7703278660774231,0.112527626459626,0.8181444826674187,-0.7056168562077927
52825,N=c1[nH]c(=O)c(F)co1,3.3830785863457953,3.671999931335449,3.4104793071746826,0.28892134498965394,0.027400720828887337,0.2615206241607666
52838,N=c1[nH]c(F)noc1=N,1.0722855002812828,1.1729999780654907,1.5120588541030884,0.10071447778420795,0.4397733538218056,-0.33905887603759766
52842,N=c1[nH]c(O)ccc1F,4.76152047655416,3.7690000534057617,4.652360916137695,0.992520423148398,0.10915956041646435,0.8833608627319336
52850,N=c1[nH]cc(F)cc1F,2.003075663599115,2.234999895095825,2.8357837200164795,0.23192423149671004,0.8327080564173643,-0.6007838249206543
52880,N=c1[nH]ncc(N)c1F,3.8819521447198206,4.635000228881836,4.167639255523682,0.7530480841620153,0.285687110803861,0.4673609733581543
52884,N=c1[nH]nnc(F)c1N,3.056686138675839,3.7070000171661377,3.075408935546875,0.6503138784902989,0.018722796871036174,0.6315910816192627
52885,N=c1[nH]nnc(N)c1F,1.873038668035886,2.822999954223633,1.8349374532699585,0.9499612861877469,0.03810121476592743,0.9118600714218195
52892,N=c1c(F)conc1N,0.4586681693107088,1.2569999694824219,0.4345645904541015,0.798331800171713,0.0241035788566073,0.7742282213151057
52928,N=c1cc(F)nc(O)[nH]1,1.4541499274079712,1.9789999723434448,2.820727586746216,0.5248500449354736,1.3665776593382446,-0.841727614402771
52943,N=c1cc(F)onc1F,0.5956799741196188,3.2109999656677246,1.2110414505004885,2.615319991548106,0.6153614763808697,1.999958515167236
52968,N=c1cc[nH]c(F)n1,5.454132639423746,5.359000205993652,5.875690460205078,0.09513243343009403,0.42155782078133175,-0.3264253873512377
53013,N=c1cnoc(N)c1F,2.7567882590314756,4.432000160217285,2.380758047103882,1.6752119011858095,0.3760302119275938,1.2991816892582158
53024,N=c1nc(F)c(N)n[nH]1,3.873899379818915,4.479000091552734,4.143520355224609,0.6051007117338192,0.2696209754056942,0.335479736328125
53112,N=c1oc(F)ncc1O,1.7739378517701336,1.9149999618530273,0.5559768080711365,0.1410621100828937,1.2179610436989972,-1.0768989336161034
53130,N=c1occ(N)cc1F,5.269271411152721,6.294000148773193,5.705384254455566,1.0247287376204728,0.43611284330284583,0.588615894317627
53136,N=c1occc(F)c1O,3.3603992246929213,3.305999994277954,3.9683873653411865,0.05439923041496719,0.6079881406482652,-0.553588910233298
53142,N=c1ocnc(F)c1N,1.3647740428951656,1.9579999446868896,0.9179778695106506,0.5932259017917241,0.44679617338451494,0.14642972840720914
53161,N=c1onc(OC=O)o1,2.0026928328688713,4.019000053405762,0.3616611361503601,2.0163072205368904,1.6410316967185112,0.37527552381837914
53196,NC(=O)C#CC(N)=O,0.0026382093324426,3.062000036239624,1.2384194135665894,3.0593618269071814,1.2357812042341467,1.8235806226730347
53208,NC(=O)C#CCC(N)=O,3.983176143783711,3.8369998931884766,2.9276745319366455,0.14617625059523442,1.0555016118470655,-0.909325361251831
53214,NC(=O)C#CCCCO,5.822271626446563,4.099999904632568,4.120337963104248,1.7222717218139945,1.7019336633423148,0.020338058471679688
53221,NC(=O)C#CCl,3.907527982276477,4.25600004196167,3.9041085243225098,0.3484720596851929,0.003419457953967253,0.34505260173122565
53248,NC(=O)C(=O)CCCO,0.7440456589218439,3.4200000762939453,1.868772268295288,2.6759544173721013,1.124726609373444,1.5512278079986572
53252,NC(=O)C(=O)CO,0.8791219851008002,3.4079999923706055,1.8423376083374023,2.5288780072698054,0.9632156232366021,1.5656623840332031
53271,NC(=O)C(C=O)CC=O,1.346475106174828,4.329999923706055,3.494671106338501,2.983524817531227,2.148196000163673,0.8353288173675537
53282,NC(=O)C(CO)CCO,2.0857482290550133,4.879000186920166,2.980576992034912,2.7932519578651527,0.8948287629798988,1.898423194885254
53285,NC(=O)C(CO)NC=O,2.422570367257069,3.7960000038146973,2.761383056640625,1.3734296365576282,0.3388126893835559,1.0346169471740723
53303,NC(=O)C(N)=NCCO,1.4220367792633704,3.0360000133514404,3.648456335067749,1.61396323408807,2.2264195558043784,-0.6124563217163084
53307,NC(=O)C(N)C#CCO,2.3377805587508456,3.747999906539917,3.100980758666992,1.4102193477890714,0.7632001999161466,0.6470191478729248
53320,NC(=O)C(O)C(=O)CO,1.989421190536486,3.7939999103546143,2.728398084640503,1.8045787198181282,0.7389768941040169,1.0656018257141113
53333,NC(=O)C(O)C=O,1.9241591980881632,6.020999908447266,3.1954550743103027,4.0968407103591025,1.2712958762221396,2.825544834136963
53347,NC(=O)C(O)O,3.124445473015805,3.2639999389648438,3.202784299850464,0.13955446594903886,0.07833882683465898,0.06121563911437988
53409,NC(=O)C1=CCC(O)C1,3.936384216097083,2.880000114440918,3.2413601875305176,1.0563841016561653,0.6950240285665656,0.3613600730895996
53416,NC(=O)C1=CCOC1,2.234086712605548,2.7039999961853027,2.1796579360961914,0.4699132835797548,0.05442877650935651,0.4154845070703983
53435,NC(=O)C1C(=O)NC(=O)C1=O,5.0700808964031445,3.0850000381469727,2.002206563949585,1.9850808582561719,3.0678743324535596,-1.0827934741973877
53444,NC(=O)C1C=CC1,3.9457063689467584,4.081999778747559,2.950647354125977,0.13629340980080018,0.9950590148207814,-0.8587656050199812
53472,NC(=O)C1CC1,3.733887676303884,4.5929999351501465,3.612642765045166,0.8591122588462623,0.12124491125871817,0.7378673475875441
53520,NC(=O)C1CN1C=O,6.9114500342388325,2.562000036239624,4.386265754699707,4.3494499979992085,2.5251842795391255,1.824265718460083
53526,NC(=O)C1CN=COC1,3.906949701661399,2.2730000019073486,1.2994003295898438,1.6339496997540506,2.6075493720715555,-0.9735996723175049
53534,NC(=O)C1COC(=O)N1,7.802077496082762,2.6440000534057617,6.468325614929199,5.158077442677,1.333751881153563,3.8243255615234375
53537,NC(=O)C1COC1,4.903925306005737,2.4489998817443848,3.748075246810913,2.4549254242613525,1.1558500591948242,1.2990753650665283
53538,NC(=O)C1COC1=O,1.6316836311858225,2.5880000591278076,0.5670379400253296,0.9563164279419851,1.064645691160493,-0.10832926321850778
53559,NC(=O)C1NC1CCO,5.221218510012276,4.004000186920166,4.086553573608398,1.2172183230921103,1.1346649364038779,0.08255338668823242
53586,NC(=O)C1SCS1,3.984758937437665,3.9260001182556152,2.8348350524902344,0.05875881918204984,1.1499238849474307,-1.0911650657653809
53589,NC(=O)C=CCBr,4.327069832189928,1.0290000438690186,2.6683013439178467,3.29806978832091,1.6587684882720817,1.6393013000488281
53595,NC(=O)C=NOO,3.2567140214575647,3.571000099182129,1.9983490705490112,0.3142860777245642,1.2583649509085535,-0.9440788731839893
53614,NC(=O)CC(=O)CC=O,5.340303812370798,2.946000099182129,3.5514190196990967,2.394303713188669,1.788884792671701,0.6054189205169678
53626,NC(=O)CC(N)=O,3.391768373504279,3.2679998874664307,3.0808205604553223,0.12376848603784829,0.3109478130489567,-0.1871793270111084
53628,NC(=O)CC(O)C(N)=O,4.961905279422626,5.01800012588501,1.7731760740280151,0.05609484646238361,3.188729205394611,-3.1326343589322274
53630,NC(=O)CC(O)C1CN1,4.741601389174495,4.7829999923706055,0.4483623504638672,0.041398603196110884,4.293239038710627,-4.2518404355145165
53635,NC(=O)CC(O)CO,4.235806098413829,4.984000205993652,2.4474213123321533,0.7481941075798231,1.788384786081676,-1.0401906785018529
53690,NC(=O)CCBr,3.923681678862262,5.03000020980835,3.1265504360198975,1.1063185309460875,0.7971312428423647,0.30918728810372276
53693,NC(=O)CCC(=O)C=O,4.277441892102686,4.675000190734863,5.36378288269043,0.39755829863217684,1.0863409905877432,-0.6887826919555664
53699,NC(=O)CCC(O)CO,3.458775784132746,4.986000061035156,0.9794532060623168,1.5272242769024102,2.479322578070429,-0.9520983011680189
53715,NC(=O)CCCCCO,4.923474171509488,5.682000160217285,3.2516393661499023,0.7585259887077971,1.6718348053595857,-0.9133088166517886
53717,NC(=O)CCCCO,2.538400665479333,6.122000217437744,2.617839097976685,3.583599551958411,0.07943843249735183,3.504161119461059
53733,NC(=O)CCO,2.382112405828988,5.388000011444092,2.8328793048858643,3.005887605615104,0.4507668990568763,2.5551207065582275
53754,NC(=O)CN=C(N)C=O,3.862793414440019,3.6640000343322754,4.296475410461426,0.19879338010774372,0.43368199602140667,-0.23488861591366295
53761,NC(=O)CN=O,2.325927118854044,3.6570000648498535,1.318853735923767,1.3310729459958095,1.007073382930277,0.32399956306553257
53762,NC(=O)CN=S,2.1091938697381427,2.4149999618530273,3.0154781341552734,0.30580609211488463,0.9062842644171307,-0.6004781723022461
53793,NC(=O)COCCO,4.782403159540874,4.715000152587891,3.1287972927093506,0.06740300695298362,1.6536058668315237,-1.58620285987854
53795,NC(=O)COP,2.720470875448621,2.5179998874664307,3.058806896209717,0.2024709879821902,0.3383360207610959,-0.13586503277890571
53800,NC(=O)CP=S,2.3300857166211304,7.880000114440918,5.469862461090088,5.549914397819787,3.1397767444689575,2.4101376533508296
53803,NC(=O)CS(=O)(=O)NC(N)=O,3.272699295214806,8.569999694824219,3.0968639850616455,5.297300399609412,0.17583531015316067,5.121465089456251
53806,NC(=O)CSO,2.512160716868661,2.75,3.1616055965423584,0.23783928313133895,0.6494448796736974,-0.4116055965423584
53808,NC(=O)C[N+](=O)[O-],2.180047009850166,3.0429999828338623,2.644460439682007,0.8629529729836962,0.46441342983184075,0.39853954315185547
53849,NC(=O)F,4.135796482752296,4.651000022888184,4.459238052368164,0.5152035401358876,0.3234415696158681,0.19176197052001953
53861,NC(=O)N(P)S,2.866240526423655,2.813999891281128,3.716562509536743,0.05224063514252686,0.8503219831130884,-0.7980813479705615
53865,NC(=O)N1C=CC1,3.5099362672185364,4.724999904632568,2.8237383365631104,1.215063637414032,0.686197930655426,0.528865706758606
53877,NC(=O)N1CC(C=O)C1,2.470600418978096,4.104000091552734,3.144250869750977,1.6333996725746385,0.6736504507728811,0.9597492218017574
53882,NC(=O)N1CC1,3.3088446436933854,4.186999797821045,3.243231773376465,0.8781551541276595,0.06561287031692054,0.812542283810739
53908,NC(=O)N1CO1,3.1404362543844373,5.631999969482422,4.0846147537231445,2.4915637150979846,0.9441784993387072,1.5473852157592773
53911,NC(=O)N=C=O,3.934182718676961,4.4029998779296875,4.1831536293029785,0.4688171592527266,0.24897091062601762,0.21984624862670898
53912,NC(=O)N=C=S,3.6695557778399217,4.329999923706055,4.162044525146484,0.660444145866133,0.49248874730656267,0.1679553985595703
53917,NC(=O)NC(=O)C(=O)O,5.258624249521172,6.205999851226807,4.489945411682129,0.9473756017056347,0.768678837839043,0.17869676386659172
53919,NC(=O)NC(=O)C(Cl)Cl,5.0029402933902,5.781000137329102,4.191224098205566,0.7780598439389017,0.8117161951846334,-0.03365635124573174
53928,NC(=O)NC(=O)C=CC(=O)OCCO,7.814464778467139,6.4070000648498535,6.36984395980835,1.4074647136172853,1.4446208186587892,-0.037156105041503906
53936,NC(=O)NC(=O)CCl,4.825954586828089,5.986999988555908,3.8743107318878174,1.1610454017278196,0.9516438549402713,0.2094015467875483
53937,NC(=O)NC(=O)CN1CCOCC1,6.163421011387235,6.854000091552734,4.284939765930176,0.6905790801654996,1.878481245457059,-1.1879021652915593
53939,NC(=O)NC(=O)N(CCCl)CCCl,8.184163950703281,6.203000068664551,5.133221626281738,1.9811638820387305,3.050942324421543,-1.0697784423828125
53943,NC(=O)NC(=O)NC(=O)CO,6.469850006887186,4.236999988555908,7.307470798492432,2.232850018331278,0.8376207916052456,1.3952292267260322
53955,NC(=O)NC(=O)c1cnccn1,6.471158289576512,7.909999847412109,7.1819167137146,1.4388415578355973,0.7107584241380875,0.7280831336975098
53957,NC(=O)NC(CO)CO,1.3760414896255069,2.3989999294281006,1.2117016315460205,1.0229584398025937,0.16433985807948637,0.8586185817231073
54014,NC(=O)NCCCO,2.5793435289016533,5.046000003814697,3.026113271713257,2.466656474913044,0.44676974281160353,2.0198867321014404
54020,NC(=O)NCCOC=O,2.520536351222116,3.618000030517578,3.759660243988037,1.097463679295462,1.239123892765921,-0.14166021347045898
54023,NC(=O)NCN=O,4.496786247451986,3.6500000953674316,3.3748655319213867,0.8467861520845545,1.1219207155305995,-0.2751345634460449
54024,NC(=O)NCO,3.959990061971616,4.364999771118164,3.7803008556365967,0.4050097091465479,0.1796892063350195,0.22532050281152838
54025,NC(=O)NCOO,4.191882137370008,6.723999977111816,1.2383108139038086,2.532117839741808,2.9535713234661998,-0.42145348372439173
54027,NC(=O)NCS,4.784413150071411,4.982999801635742,4.609274864196777,0.19858665156433108,0.17513828587463376,0.023448365689697326
54028,NC(=O)NN(O)O,2.4918025435745093,5.11299991607666,3.121612548828125,2.621197372502151,0.6298100052536157,1.9913873672485352
54029,NC(=O)NN=C=O,5.755818683257641,6.928999900817871,5.679438591003418,1.1731812175602299,0.07638009225422326,1.0968011253060066
54030,NC(=O)NN=C=S,5.481947646453625,6.918000221252441,6.083235263824463,1.4360525747988167,0.6012876173708381,0.8347649574279785
54035,NC(=O)NNC=O,4.099340687357535,2.640000104904175,2.8085901737213135,1.4593405824533603,1.2907505136362216,0.16859006881713867
54041,NC(=O)NNS(=O)(=O)O,5.736361440387055,6.118000030517578,5.625808238983154,0.3816385901305228,0.11055320140390101,0.2710853887266218
54047,NC(=O)NP,3.5378185037829777,4.047999858856201,4.305832862854004,0.5101813550732235,0.7680143590710262,-0.25783300399780273
54052,NC(=O)NS(=O)(=O)c1ccc(N)cc1,5.206355366548141,6.52400016784668,6.839686870574951,1.3176448012985391,1.6333315040268106,-0.3156867027282715
54059,NC(=O)NSS,5.362176743558821,4.861999988555908,4.5721540451049805,0.5001767550029124,0.7900226984538401,-0.28984594345092773
54062,NC(=O)N[SiH2]F,3.877419345938642,4.986999988555908,5.37335205078125,1.1095806426172663,1.495932704842608,-0.3863520622253418
54073,NC(=O)Nc1ccno1,5.993523973977054,4.934000015258789,4.407630443572998,1.0595239587182652,1.5858935304040562,-0.526369571685791
54082,NC(=O)Nc1cnon1,5.751565959625154,7.890999794006348,7.042729377746582,2.139433834381194,1.2911634181214282,0.8482704162597656
54100,NC(=O)OC1(CO)CC1,3.0811401183785967,4.788000106811523,1.971784591674805,1.7068599884329267,1.1093555267037918,0.597504461729135
54122,NC(=O)OC1COC1=O,4.162936260992544,4.557000160217285,4.036884307861328,0.39406389922474094,0.1260519531312161,0.26801194609352486
54136,NC(=O)OCC(O)C=O,4.255652952273912,5.572000026702881,2.4425978660583496,1.3163470744289691,1.813055086215562,-0.49670801178659296
54152,NC(=O)OCCCCO,4.147737615011174,1.621000051498413,4.742791175842285,2.5267375635127607,0.5950535608311114,1.9316840026816493
54155,NC(=O)OCCCl,3.907164084262456,2.2130000591278076,1.7883378267288208,1.6941640251346484,2.118826257533635,-0.4246622323989868
54176,NC(=O)ONO,3.0626375480192425,3.878999948501587,2.5285964012145996,0.8163624004823444,0.5340411468046429,0.28232125367770156
54184,NC(=O)OOS,3.333845526746794,3.2899999618530273,1.797701716423035,0.043845564893766564,1.536143810323759,-1.4922982454299925
54188,NC(=O)OP(=O)(Cl)Cl,5.253353044348755,5.6570000648498535,4.781391143798828,0.4036470205010989,0.4719619005499265,-0.06831488004882758
54194,NC(=O)OS,2.273550563562663,3.244999885559082,2.165217876434326,0.9714493219964191,0.10833268712833677,0.8631166348680823
54202,NC(=O)O[SiH3],2.5878670092959055,3.078000068664551,2.4829509258270264,0.49013305936864526,0.10491608346887915,0.3852169758997661
54204,NC(=O)O[Si](Cl)(Cl)Cl,3.697509424261173,4.2220001220703125,2.9830102920532227,0.5244906978091395,0.7144991322079504,-0.19000843439881088
54235,NC(=O)P[SiH3],3.441816057468454,3.239000082015991,2.875497579574585,0.202815975452463,0.5663184778938692,-0.36350250244140625
54238,NC(=O)SBr,3.764840327902959,2.239000082015991,3.580946207046509,1.5258402458869678,0.18389412085645018,1.3419461250305176
54248,NC(=O)[C@@H](N)CO,2.620856723328031,2.8570001125335693,5.6369500160217285,0.23614338920553823,3.0160932926936974,-2.779949903488159
54249,NC(=O)[C@@H]1CCCC[C@H]1N,4.633532634094806,3.5329999923706055,1.5464693307876587,1.1005326417242003,3.087063303307147,-1.9865306615829468
54254,NC(=O)[C@@](Cl)(Br)[N+](=O)[O-],5.072697018774476,5.48199987411499,3.099889039993286,0.40930285534051425,1.9728079787811899,-1.5635051234406756
54261,NC(=O)[SiH2]O,4.048298102513304,3.194999933242798,3.0610620975494385,0.8532981692705057,0.9872360049638651,-0.13393783569335938
54268,NC(=O)c1[nH]nnc1N,3.7043348552062225,4.0929999351501465,3.696585178375244,0.38866507994392396,0.00774967683097838,0.3809154031129456
54305,NC(=O)c1ccc[nH]1,4.736640742190909,2.4010000228881836,4.5200982093811035,2.3356407193027255,0.21654253280980562,2.11909818649292
54308,NC(=O)c1cccc(Cl)c1,4.766116835495377,5.086999893188477,4.206361770629883,0.32088305769309944,0.5597550648654943,-0.23887200717239487
54326,NC(=O)c1ccno1,0.8399414299284665,1.7139999866485596,0.4600398540496826,0.874058556720093,0.3799015758787839,0.4941569808413091
54373,NC(=O)c1ncccc1N,2.3429042306771644,1.8980000019073486,1.85457706451416,0.4449042287698157,0.4883271661630044,-0.0434229373931887
54386,NC(=O)c1nnsc1Cl,5.456869063518074,6.24399995803833,3.707807779312134,0.7871308945202564,1.7490612842059399,-0.9619303896856835
54399,NC(=O)n1cc(N)nn1,1.0518189474408737,7.052999973297119,2.2253339290618896,6.001181025856246,1.173514981621016,4.8276660442352295
54443,NC(=S)C1=NOCC1,1.3614556947156164,7.74399995803833,5.8977203369140625,6.382544263322714,4.5362646421984465,1.8462796211242676
54448,NC(=S)COC=O,4.687412892656436,3.1630001068115234,1.426824927330017,1.5244127858449126,3.260587965326419,-1.7361751794815063
54453,NC(=S)NC=O,6.586238777898958,2.253000020980835,0.8445028066635132,4.333238756918123,5.741735971235445,-1.4084972143173218
54482,NC(CO)C(=O)NCCS(=O)(=O)O,5.3973481702077315,5.182000160217285,3.51057767868042,0.21534800999044634,1.8867704915273116,-1.6714224815368652
54492,NC(CS(N)(=O)=O)C(=O)O,4.5080426401327145,4.88700008392334,3.6475892066955566,0.37895744379062535,0.8604534334371579,-0.4814959896465325
54518,NC(F)C=C(F)F,1.9479566826104515,1.4160000085830688,0.7732504606246948,0.5319566740273827,1.1747062219857567,-0.642749547958374
54530,NC(N)=NCCCC1NC(=O)OC1=O,4.4665548021896395,9.527000427246094,6.477342128753662,5.060445625056454,2.0107873265640226,3.0496582984924316
54536,NC(N)OS(=O)O,2.1084580855797443,3.1019999980926514,4.345093727111816,0.993541912512907,2.236635641532072,-1.243093729019165
54554,NC1(CO)CCOC1=O,3.988197412041952,5.072000026702881,3.9757251739501953,1.0838026146609288,0.012472238091756793,1.071330376569172
54564,NC1(N)OO1,2.46556197260914,3.0269999504089355,3.4039957523345947,0.5614379777997955,0.9384337797254547,-0.3769958019256592
54571,NC1(O)OS1,5.7204953619873855,2.953000068664551,4.146387577056885,2.7674952933228347,1.5741077849305007,1.193387508392334
54593,NC1=C(N)SOC=C1,3.430133694019122,2.996000051498413,2.843130350112915,0.43413364252070874,0.5870033439062068,-0.15286970138549805
54626,NC1=CC(=O)CCOC1,5.153106918946542,5.716000080108643,4.619905948638916,0.5628931611621004,0.5332009703076261,0.029692190854474276
54656,NC1=CCC(=O)N1,4.53604298694765,4.947999954223633,3.9633994102478023,0.41195696727598285,0.5726435766998477,-0.1606866094238648
54658,NC1=CCN(C=O)S1,5.489949356024905,5.685999870300293,5.120484352111816,0.1960505142753881,0.36946500391308845,-0.17341448963770034
54661,NC1=CCS1,1.9286045340817648,2.328000068664551,1.4270095825195312,0.399395534582786,0.5015949515622335,-0.10219941697944757
54669,NC1=CNNO1,2.718356318333921,2.5969998836517334,3.1112356185913086,0.1213564346821876,0.3928793002573876,-0.2715228655752
54675,NC1=COC1,2.701658197616531,3.0309998989105225,2.678373336791992,0.32934170129399165,0.023284860824538622,0.30605684046945303
54713,NC1=NC(O)CS1,1.811180682980608,2.5280001163482666,1.0773042440414429,0.7168194333676585,0.7338764389391652,-0.01705700557150669
54730,NC1=NCC(=O)N1,4.0022500622680335,4.797999858856201,4.639627456665039,0.7957497965881677,0.6373773943970056,0.1583724021911621
54750,NC1=NCC=CS1,1.1614372455822963,0.8790000081062317,0.6723178029060364,0.28243723747606464,0.48911944267625995,-0.2066822052001953
54835,NC1C=NC=CO1,2.388430813813269,1.2760000228881836,1.400065541267395,1.1124307909250852,0.9883652725458738,0.12406551837921143
54841,NC1CC(=O)NO1,4.258267730392548,3.124000072479248,3.1466429233551025,1.1342676579133002,1.1116248070374457,0.022642850875854492
54845,NC1CC(Br)=NO1,2.879566753843258,3.371000051498413,3.6874051094055176,0.491433297655155,0.8078383555622595,-0.3164050579071045
54896,NC1COC(=O)O1,5.224010370113868,4.906000137329102,5.415780544281006,0.3180102327847667,0.1917701741671376,0.1262400586176291
54903,NC1COCCOC1=O,2.5569416293392657,3.8580000400543213,2.812757968902588,1.3010584107150556,0.25581633956332217,1.0452420711517334
54907,NC1CONC1=O,2.6075255186974258,2.7249999046325684,2.0764050483703613,0.11747438593514259,0.5311204703270644,-0.41364608439192185
54917,NC1CSC1Br,3.9060487393975794,4.507999897003174,2.931222438812256,0.6019511576055945,0.9748263005853235,-0.372875142979729
54919,NC1C[C@@H]1F,2.1347122956489697,2.2100000381469727,1.3746412992477417,0.07528774249800296,0.760070996401228,-0.684783253903225
54925,NC1N=CCS1,1.511943290644387,3.124000072479248,2.172724962234497,1.612056781834861,0.66078167159011,0.951275110244751
54935,NC1NC1=O,3.062763311982441,4.199999809265137,4.048048496246338,1.1372364972826956,0.9852851842638968,0.15195131301879883
54945,NC1NO1,2.0131826529817607,2.8949999809265137,3.0512516498565674,0.881817327944753,1.0380689968748067,-0.1562516689300537
54982,NCC(=O)C=S,4.417628274848267,4.635000228881836,2.0057806968688965,0.21737195403356857,2.411847577979371,-2.1944756239458023
54985,NCC(=O)CN,3.509926838336927,3.1089999675750732,2.7074596881866455,0.40092687076185385,0.8024671501502816,-0.40154027938842773
54986,NCC(=O)COP(=O)(O)O,2.9994833470183497,2.433000087738037,2.2786970138549805,0.5664832592803126,0.7207863331633693,-0.15430307388305664
54996,NCC(=O)NC=O,4.790822116578182,5.302000045776367,6.201112747192383,0.511177929198185,1.4102906306142007,-0.8991127014160156
54998,NCC(=O)NN,3.221953512837751,3.253999948501587,2.230943441390991,0.032046435663835915,0.9910100714467598,-0.9589636357829239
55017,NCC(=O)OCF,1.879013734967415,2.2709999084472656,1.3836896419525146,0.39198617347985065,0.4953240930149003,-0.10333791953504967
55019,NCC(=O)P(O)O,3.884569929773897,5.005000114440918,1.234196662902832,1.120430184667021,2.650373266871065,-1.5299430822040438
55041,NCC(N)=O,4.100390408064034,4.185999870300293,3.6493124961853023,0.08560946223625887,0.4510779118787318,-0.36546844964247294
55048,NCC1(CN)COC1,4.035194737590683,1.0700000524520874,2.6890411376953125,2.965194685138596,1.3461535998953709,1.619041085243225
55061,NCC1CCNC(=O)C1,4.000881903607958,3.946000099182129,4.589197158813477,0.05488180442582902,0.5883152552055186,-0.5334334507796896
55065,NCC1CNC(=O)C1,3.4072108729000603,4.789000034332275,4.377870559692383,1.381789161432215,0.9706596867923225,0.4111294746398926
55096,NCCCOS(=O)(=O)O,5.087947981611673,5.14300012588501,3.9599392414093018,0.055052144273337156,1.1280087402023709,-1.0729565959290337
55101,NCCNC(=O)O,3.6109023950885137,2.496000051498413,2.2550923824310303,1.1149023435901007,1.3558100126574835,-0.2409076690673828
55107,NCCOCC(F)(F)F,3.749013591398482,3.9619998931884766,2.928356170654297,0.21298630178999467,0.820657420744185,-0.6076711189541903
55108,NCCOCC(N)C(=O)O,3.3651142826060343,1.8769999742507935,2.8302299976348877,1.4881143083552408,0.5348842849711466,0.9532300233840942
55110,NCCOCCOS(=O)(=O)O,4.687539638804474,4.735000133514404,4.104182720184326,0.04746049470992997,0.5833569186201482,-0.5358964239102182
55113,NCCOS(=O)(=O)O,2.6105217537372742,3.7839999198913574,4.076638698577881,1.1734781661540832,1.4661169448406066,-0.29263877868652344
55117,NCCS(=O)(=O)CCOS(=O)(=O)O,6.689150710385831,5.817999839782715,4.649019241333008,0.8711508706031159,2.040131469052823,-1.168980598449707
55124,NCCS(N)(=O)=O,6.171731042705391,4.052999973297119,4.944395065307617,2.1187310694082715,1.2273359773977734,0.891395092010498
55136,NCNC(=O)C=O,2.6785433319555567,2.005000114440918,2.5083565711975098,0.6735432175146387,0.17018676075804695,0.5033564567565918
55138,NCNC(N)=O,2.724217632059198,4.892000198364258,3.7243685722351074,2.1677825663050596,1.0001509401759092,1.1676316261291504
55141,NCOC(=O)O,1.307034302653642,0.9990000128746033,1.7745486497879028,0.3080342897790387,0.4675143471342609,-0.1594800573552222
55151,NCOS(=O)O,4.53428103573849,3.305000066757202,2.3148932456970215,1.2292809689812882,2.219387790041469,-0.9901068210601807
55156,NCP(=O)(Cl)Cl,3.47373221681456,2.4100000858306885,3.672011137008667,1.0637321309838716,0.19827892019410687,0.8654532107897648
55158,NCP(=O)(O)O,1.4351966491626196,1.475000023841858,2.7612345218658447,0.039803374679238335,1.3260378727032252,-1.2862344980239868
55168,NC[C@@H](F)CO,2.8328969333874796,1.3339999914169312,0.9442567229270936,1.4988969419705485,1.888640210460386,-0.38974326848983765
55171,NC[C@H](F)CP,3.019222667462725,3.5510001182556152,1.7129477262496948,0.5317774507928901,1.3062749412130303,-0.7744974904201403
55184,NCc1cc(F)ccc1Cl,1.4430680684096675,0.9169999957084656,0.7478301525115967,0.5260680727012019,0.6952379158980708,-0.1691698431968689
55194,NCc1ccc(F)c(Cl)c1,3.674831406968275,2.1600000858306885,3.33976674079895,1.5148313211375863,0.3350646661693246,1.1797666549682617
55203,NCc1cccc(Cl)c1F,2.6198616489219044,3.1740000247955322,2.48347544670105,0.5541383758736278,0.13638620222085462,0.4177521736527732
55205,NCc1cccc(F)c1Cl,2.612440479967543,2.7899999618530273,2.5897397994995117,0.17755948188548443,0.022700680468031198,0.15485880141745323
55214,NN(C=O)C=O,3.953839002186317,2.874000072479248,3.0457687377929688,1.0798389297070687,0.908070264393348,0.1717686653137207
55215,NN(C=O)CC=O,4.207845741457135,4.4720001220703125,2.692732095718384,0.26415438061317786,1.5151136457387508,-1.250959265125573
55216,NN(C=O)CO,6.251360868925539,2.2149999141693115,3.160268783569336,4.036360954756227,3.0910920853562027,0.9452688694000244
55218,NN(CO)C(=O)O,1.3967009619880568,1.4769999980926514,0.915059506893158,0.08029903610459455,0.48164145509489886,-0.4013424189903043
55219,NN(F)C=O,2.238133664947177,3.2219998836517334,2.051548719406128,0.9838662187045566,0.18658494554104887,0.7972812731635077
55223,NN(N)C=O,3.1072777284045427,6.140999794006348,2.770951509475708,3.033722065601805,0.33632621892883474,2.69739584667297
55229,NN1C=CC(=O)C1,4.578739349877689,5.429999828338623,5.281096935272217,0.8512604784609339,0.7023575853945276,0.14890289306640625
55231,NN1C=CCC1=O,2.119705639034187,2.8299999237060547,3.6266331672668457,0.7102942846718676,1.5069275282326586,-0.796633243560791
55243,NN1CC=CC1=O,5.684658807968023,3.9800000190734863,5.066639423370361,1.7046587888945366,0.6180193845976616,1.086639404296875
55255,NN1CN=NC1=O,4.416443788693859,5.090000152587891,4.724541187286377,0.6735563638940318,0.30809739859251817,0.36545896530151367
55260,NN1COCC1=O,1.6812730181854,2.4170000553131104,2.1534409523010254,0.7357270371277103,0.4721679341156253,0.26355910301208496
55261,NN1CSC(=S)N1,6.106374669043284,4.811999797821045,5.150702476501465,1.2943748712222387,0.9556721925418188,0.3387026786804199
55264,NN1N=CCO1,2.318832813631281,1.6510000228881836,1.3020395040512085,0.6678327907430974,1.0167933095800725,-0.3489605188369751
55270,NN1OC=CS1,2.582476166294103,2.9040000438690186,0.7122587561607361,0.3215238775749154,1.870217410133367,-1.5486935325584517
55296,NNC(=O)C(F)F,2.622103885544882,1.88100004196167,1.6049129962921145,0.741103843583212,1.0171908892527675,-0.27608704566955544
55297,NNC(=O)C(N)=O,1.4956253564619062,1.2510000467300415,1.5420712232589722,0.2446253097318647,0.04644586679706597,0.19817944293479872
55298,NNC(=O)C1C=N1,2.7254023082283783,2.372999906539917,2.2635066509246826,0.35240240168846126,0.46189565730369564,-0.10949325561523438
55315,NNC(=O)CCl,0.6489788121935899,1.4490000009536743,1.0341613292694092,0.8000211887600844,0.3851825170758193,0.41483867168426514
55322,NNC(=O)C[N+](=O)[O-],1.6935356836295874,2.181999921798706,1.9152538776397705,0.48846423816911866,0.2217181940101831,0.26674604415893555
55334,NNC(=O)NN=O,6.896443908706203,5.553999900817871,3.801910400390625,1.3424440078883322,3.0945335083155783,-1.752089500427246
55348,NNC(=O)OCSS,0.7917927194820924,3.6459999084472656,1.5293729305267334,2.854207188965173,0.737580211044641,2.1166269779205322
55353,NNC(=O)S,1.243753293741269,1.3350000381469727,3.9306678771972656,0.09124674440570368,2.6869145834559967,-2.595667839050293
55361,NNC(=O)c1cccnc1,1.0269890169369644,0.9909999966621399,1.1370124816894531,0.035989020274824535,0.1100234647524887,-0.07403444447766416
55368,NNC(=S)NC=O,2.8244983014401424,2.316999912261963,3.4948501586914062,0.5074983891781795,0.6703518572512639,-0.16285346807308443
55376,NNC1(N)OS1,7.464075465032285,2.757999897003174,3.9669225215911865,4.706075568029111,3.4971529434410984,1.2089226245880127
55378,NNC1CCS(=O)(=O)C1,4.977459322655325,4.544000148773193,4.45448637008667,0.43345917388213184,0.5229729525686553,-0.08951377868652344
55389,NNCOC=O,1.8608254755106215,2.871000051498413,2.608819484710694,1.0101745759877916,0.7479940092000723,0.2621805667877193
55391,NNCc1ccc(F)cc1,4.106755962302518,2.753000020980835,1.8340359926223757,1.3537559413216833,2.272719969680143,-0.9189640283584595
55400,NNOC(=O)NN,1.5661352758359022,2.428999900817871,0.7217329144477844,0.8628646249819689,0.8444023613881178,0.01846226359385117
55411,NNSC(=O)NN,2.265711140830836,4.433000087738037,1.1775652170181274,2.167288946907201,1.0881459238127085,1.0791430230944927
55432,NOC(=O)N(N)N,2.320662638135047,3.069000005722046,0.6878743171691895,0.7483373675869989,1.6327883209658576,-0.8844509533788587
55444,NOC(F)F,2.932589571864084,3.7190001010894775,3.0628349781036377,0.7864105292253933,0.1302454062395535,0.6561651229858398
55452,NOCC(N)=O,4.6537971851237785,4.568999767303467,4.238467693328857,0.0847974178203117,0.41532949179492107,-0.3305320739746094
55459,NOCOS(=O)O,3.303590406813623,2.0179998874664307,2.0467007160186768,1.2855905193471924,1.2568896907949463,0.028700828552246094
55461,NONC(=O)O,1.8362566131871632,3.138000011444092,1.0855997800827026,1.3017433982569286,0.7506568331044605,0.5510865651524681
55463,NONC=O,2.9373361403067184,3.2320001125335693,3.326988458633423,0.2946639722268509,0.38965231832670444,-0.09498834609985352
55466,NOP1(=O)OC(=O)O1,3.169408964664187,3.2750000953674316,3.667805433273315,0.10559113070324466,0.498396468609128,-0.39280533790588334
55478,NP(N)C(F)(F)F,4.003566281552092,3.4690001010894775,2.2095389366149902,0.5345661804626145,1.7940273449371018,-1.2594611644744873
55480,NP1(=O)OC(=O)O1,5.020625471218776,5.626999855041504,5.9692606925964355,0.606374383822728,0.9486352213776597,-0.34226083755493164
55486,NP1CO1,2.0480302008814184,1.968999981880188,2.2308740615844727,0.07903021900123042,0.18284386070305425,-0.10381364170182383
55491,NP1OCO1,1.9003659934522317,2.3610000610351562,1.1190319061279297,0.4606340675829246,0.781334087324302,-0.3207000197413774
55493,NS(=O)(=O)C#Cc1ccccc1,4.5145718898055796,6.796999931335449,2.941535234451294,2.2824280415298697,1.5730366553542856,0.7093913861755841
55504,NS(=O)(=O)CBr,4.3771138503058715,3.365999937057495,3.253082752227783,1.0111139132483764,1.1240310980780883,-0.11291718482971191
55509,NS(=O)(=O)CCC1NC(=O)NC1=O,4.74935207201233,6.01200008392334,1.9887012243270872,1.2626480119110095,2.760650847685243,-1.4980028357742334
55511,NS(=O)(=O)CCCCOS(N)(=O)=O,10.345365033354907,9.62600040435791,4.091668128967285,0.7193646289969973,6.253696904387622,-5.534332275390625
55512,NS(=O)(=O)CCCCl,4.674876745829935,5.310999870300293,4.046375274658203,0.636123124470358,0.6285014711717318,0.007621653298626185
55513,NS(=O)(=O)CCCOS(N)(=O)=O,3.4024576409868117,6.557000160217285,3.434439897537231,3.1545425192304735,0.03198225655041931,3.122560262680054
55521,NS(=O)(=O)CS(N)(=O)=O,4.70493081677497,1.9589999914169312,0.1998491734266281,2.7459308253580392,4.505081643348342,-1.759150817990303
55530,NS(=O)(=O)OCCNC=O,4.39811723394929,2.930000066757202,4.059503078460693,1.468117167192088,0.33861415548859686,1.1295030117034912
55560,NS(=O)(=O)c1ccccc1Cl,5.993296250057489,6.2870001792907715,4.496748924255371,0.29370392923328215,1.4965473258021182,-1.202843396568836
55567,NS(=O)(=O)c1cnccc1Cl,5.609008261985588,4.013000011444092,4.018576622009277,1.5960082505414963,1.5904316399763108,0.005576610565185547
55572,NS(=S)C(=O)F,3.420390116610825,4.894000053405762,3.396193265914917,1.473609936794937,0.024196850695907823,1.449413086099029
55575,NSC(F)(F)Cl,2.8829602099503804,3.446000099182129,1.2254811525344849,0.5630398892317485,1.6574790574158955,-1.094439168184147
55583,NSCF,2.1478901754519084,2.3589999675750732,1.6402356624603271,0.21110979212316483,0.5076545129915813,-0.29654472086841643
55592,NSNC=O,3.6635383920138,3.819999933242798,3.729097843170166,0.1564615412289978,0.06555945115636597,0.09090209007263184
55593,NSOC(F)(F)F,3.4223338494288384,4.335000038146973,3.5660369396209717,0.9126661887181342,0.14370309019213323,0.768963098526001
55599,N[12C](=O)c1cccs1,3.430782134113101,3.5209999084472656,2.9234604835510254,0.09021777433416478,0.5073216505620755,-0.4171038762279107
55623,N[C@@H]1CONC1=O,2.607178054700795,1.9759999513626099,2.051135778427124,0.6311781033381849,0.5560422762736708,0.07513582706451416
55626,N[C@@H]1OC=CC=C1Cl,2.2504236371243853,2.5899999141693115,0.5991443991661072,0.3395762770449262,1.6512792379582781,-1.311702960913352
55631,N[C@H]1CCNC1=O,3.634151802835055,3.936000108718872,4.450554370880127,0.30184830588381706,0.8164025680450719,-0.5145542621612549
55640,N[C@H]1C[C@H]1F,1.8502257522588643,1.2489999532699585,1.8758816719055176,0.6012257989889058,0.025655919646653258,0.5755698793422526
55663,Nc1c(F)ccc(F)c1F,1.416418736652291,2.4570000171661377,1.7961132526397705,1.0405812805138468,0.3796945159874796,0.6608867645263672
55664,Nc1c(F)cccc1Br,0.7812383541610199,1.6160000562667847,0.4657513201236725,0.8347617021057647,0.31548703403734746,0.5192746680684173
55699,Nc1c[nH]c(F)nc1=O,7.15160908166584,7.574999809265137,7.1217498779296875,0.42339072759929675,0.029859203736152473,0.3935315238631443
55756,Nc1cc(F)ccn1,1.728342170390089,2.5420000553131104,1.5298537015914917,0.8136578849230214,0.19848846879859727,0.6151694161244241
55770,Nc1cc(F)ncc1Br,4.476393809113164,4.377999782562256,4.363370418548584,0.09839402655090801,0.11302339056457988,-0.014629364013671875
55856,Nc1ccc(OS(=O)(=O)C(F)(F)F)cc1,5.852959226061965,7.303999900817871,5.712477684020996,1.4510406747559061,0.14048154204096885,1.3105591327149373
55879,Nc1ccccc1F,1.7614244184142496,2.239000082015991,1.447898268699646,0.47757566360174164,0.3135261497146036,0.16404951388713807
55880,Nc1ccccc1S(=O)(=O)NCCO,5.769090222521509,4.864999771118164,3.6396210193634033,0.904090451403345,2.1294692031581057,-1.2253787517547607
55907,Nc1cnc(F)c(N)n1,3.4573468151898084,4.363999843597412,3.209336519241333,0.9066530284076038,0.24801029594847535,0.6586427324591284
55921,Nc1cnc(N)c(F)c1,2.5815256094772607,1.7879999876022339,2.276097059249878,0.7935256218750268,0.3054285502273828,0.48809707164764404
55937,Nc1cncc(O)c1F,3.498001977379336,3.5369999408721924,3.0155041217803955,0.038997963492856336,0.48249785559894054,-0.4434998921060842
55958,Nc1cocc(F)c1=O,4.504355162715081,5.355999946594238,4.411452293395996,0.8516447838791574,0.09290286931908476,0.7587419145600727
55959,Nc1cocc1NC=O,5.127737494974742,2.4140000343322754,5.161937713623047,2.7137374606424665,0.034200218648305025,2.6795372419941614
56013,Nc1nc(OC=O)co1,5.686687318258441,3.559000015258789,5.769723892211914,2.127687302999652,0.08303657395347308,2.044650729046179
56016,Nc1nc[nH]c(=O)c1F,4.534195050604229,5.302999973297119,4.506483554840088,0.7688049226928904,0.027711495764140892,0.7410934269287495
56048,Nc1ncccc1F,0.8412768731501679,0.8019999861717224,0.629096508026123,0.03927688697844545,0.2121803651240448,-0.17290347814559937
56091,Nc1oc(=O)ncc1F,3.8479146003787257,6.539000034332275,5.695880889892578,2.6910854339535497,1.8479662895138524,0.8431191444396973
56099,Nc1oncc(=O)c1F,4.921002827552457,5.791999816894531,4.718052387237549,0.8709969893420739,0.2029504403149085,0.6680465490271654
56114,O=C(Br)C(F)(F)C(F)(F)F,0.9490234879864834,0.26499998569488525,0.9902332425117492,0.6840235022915981,0.04120975452526576,0.6428137477663324
56121,O=C(Br)C=CF,3.837111923872582,2.6010000705718994,2.5865161418914795,1.2361118533006827,1.2505957819811027,-0.014483928680419922
56126,O=C(Br)NCBr,3.377185055269616,3.9800000190734863,2.686199903488159,0.6028149638038705,0.6909851517814567,-0.08817018797758625
56132,O=C(Br)[C@](F)(Br)C(F)(F)F,1.5677288545506447,0.7490000128746033,0.5234049558639526,0.8187288416760414,1.044323898686692,-0.22559505701065063
56147,O=C(C(Cl)Br)C(Cl)Br,2.6119477875558332,4.297999858856201,1.2832757234573364,1.686052071300368,1.3286720640984968,0.35738000720187113
56152,O=C(C(F)(Cl)Cl)C(Cl)(Cl)Cl,0.7775978724306508,0.5,1.0413966178894043,0.2775978724306508,0.2637987454587535,0.013799126971897335
56154,O=C(C(F)(F)Cl)C(F)(Cl)Cl,0.4207822954957873,0.9810000061988831,0.8346134424209595,0.5602177107030958,0.4138311469251722,0.14638656377792358
56159,O=C(C(F)(F)F)C(F)(F)F,0.3521125255865783,0.4259999990463257,0.2642535865306854,0.07388747345974739,0.08785893905589287,-0.013971465596145483
56202,O=C(CBr)NCC1CC1,2.4546137341060774,1.9249999523162842,2.2056467533111572,0.5296137817897932,0.2489669807949202,0.28064680099487305
56218,O=C(CCCN=C=S)c1cccnc1,2.868679767862978,7.045000076293945,2.698146343231201,4.1763203084309675,0.17053342463177668,4.005786883799191
56225,O=C(CCCl)NO,3.058844561790107,2.378999948501587,2.0578198432922363,0.6798446132885201,1.0010247184978707,-0.3211801052093506
56228,O=C(CCF)OC(=O)CCF,5.811154751807708,3.693000078201294,2.372417688369751,2.118154673606414,3.438737063437957,-1.320582389831543
56252,O=C(CCl)C(Cl)(Cl)Br,1.710676964740675,1.569000005722046,1.7694897651672363,0.1416769590186291,0.05881280042656134,0.08286415859206775
56258,O=C(CCl)CBr,0.8776216465457437,1.9190000295639038,1.7624307870864868,1.0413783830181602,0.8848091405407431,0.1565692424774171
56259,O=C(CCl)CCBr,4.209721413432196,2.6040000915527344,2.0361642837524414,1.6057213218794617,2.1735571296797547,-0.567835807800293
56263,O=C(CCl)C[N+](=O)[O-],4.430963717843424,1.9299999475479126,3.4968490600585938,2.5009637702955114,0.9341146577848303,1.5668491125106812
56264,O=C(CCl)N1CC1,2.1892742995726877,3.6070001125335693,3.15049147605896,1.4177258129608816,0.9612171764862723,0.4565086364746094
56266,O=C(CCl)N1CCCCC1,4.143597598170296,6.199999809265137,4.503470420837402,2.0564022110948406,0.3598728226671062,1.6965293884277344
56282,O=C(CCl)OC(=O)CCl,4.441681940607012,4.372000217437744,2.3618459701538086,0.06968172316926768,2.0798359704532032,-2.0101542472839355
56286,O=C(CCl)O[SiH3],3.2407865626602415,2.2709999084472656,1.645288348197937,0.9697866542129758,1.5954982144623044,-0.6257115602493286
56291,O=C(CCl)c1ccco1,3.922208808198048,3.5829999446868896,3.8988521099090576,0.3392088635111583,0.02335669828899034,0.31585216522216797
56320,O=C(CF)O[SiH3],0.6042089728252326,0.6100000143051147,2.57985258102417,0.005791041479882186,1.9756436081989373,-1.9698525667190552
56353,O=C(CO)C1CC1,4.4191446972199495,3.7690000534057617,3.509861469268799,0.6501446438141878,0.9092832279511507,-0.2591385841369629
56377,O=C(CO)CBr,2.0485128099042806,2.744999885559082,2.9940621852874756,0.6964870756548014,0.945549375383195,-0.24906229972839355
56379,O=C(CO)CC(O)CO,3.3929814504892666,1.7940000295639038,2.721553325653076,1.5989814209253628,0.6714281248361904,0.9275532960891724
56393,O=C(CO)CCl,1.9905488645627445,2.7219998836517334,1.4904170036315918,0.7314510190889889,0.5001318609311527,0.2313191581578362
56406,O=C(CO)N1CC1,4.182900859849071,4.806000232696533,3.328584909439087,0.6230993728474621,0.8543159504099842,-0.23121657756252212
56411,O=C(CO)N1CCNCC1,5.381734664105461,4.421999931335449,4.016499996185303,0.9597347327700119,1.3652346679201584,-0.4054999351501465
56412,O=C(CO)NC(=O)NC(=O)CO,5.158573239821118,4.688000202178955,2.3792436122894287,0.4705730376421631,2.7793296275316894,-2.3087565898895264
56420,O=C(CO)NCCO,5.121843018448805,5.281000137329102,4.285321235656738,0.15915711888029627,0.836521782792067,-0.6773646639117707
56424,O=C(CO)NF,3.750250251882711,5.571000099182129,2.3656184673309326,1.820749847299418,1.3846317845517784,0.43611806274763953
56437,O=C(CO)OCCCO,2.1906168936713617,3.250999927520752,3.7096550464630127,1.0603830338493903,1.519038152791651,-0.45865511894226074
56446,O=C(CO)c1cccs1,2.898345370158755,4.665999889373779,4.0576629638671875,1.7676545192150241,1.1593175937084323,0.6083369255065918
56463,O=C(CS(=O)(=O)O)c1ccccc1,6.498848912221676,3.565000057220459,4.728020668029785,2.9338488550012167,1.7708282441918906,1.1630206108093262
56472,O=C(CS)NS(=O)(=O)c1ccccc1,7.172243738316224,4.803999900817871,6.182791233062744,2.368243837498353,0.9894525052534799,1.378791332244873
56482,O=C(Cl)C(F)(Br)C(F)(F)F,1.2930152952228886,2.252000093460083,1.2368875741958618,0.9589847982371944,0.05612772102702679,0.9028570772101676
56483,O=C(Cl)C(F)(Cl)C(F)(F)F,1.3008468236064714,1.0809999704360962,0.7436631917953491,0.21984685317037522,0.5571836318111223,-0.33733677864074707
56499,O=C(Cl)C1=CCOCC1,3.004804149545734,3.049999952316284,3.012887716293335,0.04519580277055013,0.008083566747600912,0.03711223602294922
56523,O=C(Cl)CP(=O)(Cl)Cl,3.5706464633546084,2.5950000286102295,2.152559757232666,0.975646434744379,1.4180867061219424,-0.4424402713775635
56528,O=C(Cl)N1C=[P+]([O-])C1(Cl)Cl,2.182024411085205,2.4509999752044678,1.5832773447036743,0.2689755641192626,0.5987470663815309,-0.32977150226226826
56552,O=C(Cl)OC(Cl)C(Cl)(Cl)Cl,0.7939362775865966,0.5600000023841858,0.8216309547424316,0.23393627520241078,0.027694677155835068,0.2062415980465757
56553,O=C(Cl)OC1CC1,3.1224257746621658,3.7780001163482666,3.4033281803131104,0.6555743416861008,0.2809024056509446,0.37467193603515625
56559,O=C(Cl)OCC(Br)(Br)Br,1.4523182703850188,2.4119999408721924,1.206885576248169,0.9596816704871736,0.24543269413684987,0.7142489763503237
56584,O=C(Cl)SC1CC1,4.002889257811867,2.8499999046325684,3.5916271209716797,1.1528893531792983,0.411262136840187,0.7416272163391113
56586,O=C(Cl)SCCCl,3.401222999017127,3.490999937057495,2.6467056274414062,0.08977693804036813,0.7545173715757207,-0.6647404335353526
56629,O=C(F)C=P,2.707880685736345,3.5260000228881836,2.95737624168396,0.8181193371518387,0.24949555594761508,0.5686237812042236
56630,O=C(F)CBr,2.5524827119786986,3.2990000247955322,2.1449592113494873,0.7465173128168336,0.4075235006292113,0.33899381218762237
56645,O=C(F)Cl,1.2091835310770471,1.527999997138977,1.1649945974349976,0.3188164660619299,0.044188933642049566,0.27462753241988036
56650,O=C(F)N1OC(F)(F)C1(F)F,1.780615262397685,1.2589999437332153,1.071282982826233,0.5216153186644696,0.7093322795714521,-0.18771696090698242
56656,O=C(F)NCCCl,3.586143952884014,3.8480000495910645,4.373348712921143,0.26185609670705023,0.7872047600371284,-0.5253486633300781
56665,O=C(F)NSCCl,4.943938245944195,2.6630001068115234,2.9301719665527344,2.2809381391326715,2.0137662793914606,0.26717185974121094
56678,O=C(F)OCF,2.7115744097694385,3.2090001106262207,2.537254810333252,0.49742570085678217,0.17431959943618658,0.3231061014205956
56689,O=C(F)SBr,1.7768604965453625,2.8519999980926514,1.5856293439865112,1.0751395015472889,0.19123115255885126,0.8839083489884376
56692,O=C(F)[C@](F)(Br)C(F)(F)F,1.3535257472431337,0.847000002861023,1.1534403562545776,0.5065257443821107,0.20008539098855604,0.3064403533935547
56698,O=C(N(F)F)P(=O)(O)O,1.4249728839214033,4.744999885559082,2.64388656616211,3.320027001637679,1.2189136822407065,2.1011133193969727
56705,O=C(NCCCl)NC(=O)NCCCl,5.172838180344914,3.065999984741211,3.7674381732940674,2.106838195603703,1.4054000070508463,0.7014381885528564
56715,O=C(NCl)C1CC1,4.042910506398765,4.047999858856201,3.9181838035583496,0.005089352457436469,0.1247267028404151,-0.11963735038297862
56727,O=C(NO)NS,3.459488649632874,3.259000062942505,3.2580082416534424,0.20048858669036917,0.20148040797943167,-0.0009918212890625
56731,O=C(NO)OO,2.5136897432539382,1.5260000228881836,2.174245834350586,0.9876897203657546,0.3394439089033523,0.6482458114624023
56732,O=C(NO)OS,1.413241318771268,0.9470000267028809,0.9804505109786988,0.46624129206838716,0.4327908077925692,0.03345048427581798
56740,O=C(NS)ONS,2.677369034626661,1.9520000219345093,2.7245864868164062,0.7253690126921519,0.047217452189745046,0.6781515605024069
56743,O=C(O)/C=C/C(=O)/C=C/O,5.373737818995926,6.090000152587891,4.420996189117432,0.7162623335919642,0.9527416298784948,-0.23647929628653053
56744,O=C(O)/C=C\C(=O)/C=C/O,4.30218545632181,5.789000034332275,4.158193588256836,1.4868145780104651,0.14399186806497433,1.3428227099454908
56752,O=C(O)C(=O)C(=O)O,0.415499623655795,0.8529999852180481,1.3328558206558228,0.4375003615622531,0.9173561970000277,-0.4798558354377746
56753,O=C(O)C(=O)C(Br)Br,1.970759894002576,4.4029998779296875,1.2155368328094482,2.4322399839271114,0.7552230611931277,1.6770169227339837
56754,O=C(O)C(=O)C(Cl)(Cl)Cl,1.8717459425575056,2.569000005722046,1.22785484790802,0.6972540631645403,0.6438910946494856,0.05336296851505473
56785,O=C(O)C(F)(F)Cl,2.2373883221605686,3.2739999294281006,1.5661003589630127,1.036611607267532,0.6712879631975559,0.3653236440699761
56790,O=C(O)C(F)(F)S(=O)(=O)O,2.3871051230258353,4.784999847412109,3.285484790802002,2.397894724386274,0.8983796677761666,1.4995150566101074
56796,O=C(O)C(F)C(F)(F)F,1.7367305138961826,2.138000011444092,1.9227344989776611,0.4012694975479092,0.18600398508147853,0.21526551246643066
56846,O=C(O)C1CSCCN1,1.11699572472866,1.934999942779541,1.3296778202056885,0.8180042180508811,0.21268209547702854,0.6053221225738525
56871,O=C(O)CC1CCOCC1,1.153756920379447,2.509000062942505,1.251476526260376,1.3552431425630578,0.09771960588092887,1.257523536682129
56877,O=C(O)CCC(=O)OC(=O)CCC(=O)O,2.0973252321868285,6.665999889373779,2.01859974861145,4.568674657186951,0.07872548357537834,4.489949173611572
56890,O=C(O)CCNC(=O)C=S(=O)=O,7.490279804823651,5.297999858856201,5.203292369842529,2.1922799459674502,2.286987434981122,-0.09470748901367188
56893,O=C(O)CCS(=O)(=O)CCC(=O)O,5.848923692957188,4.14300012588501,3.378934383392334,1.705923567072178,2.4699893095648537,-0.7640657424926758
56894,O=C(O)CCS(=O)CCC(=O)O,2.384577762052019,4.584000110626221,1.716319918632507,2.1994223485742017,0.6682578434195119,1.5311645051546898
56895,O=C(O)CCSC1CC(=O)OC1=O,4.076457824742434,6.427000045776367,4.600059509277344,2.3505422210339333,0.5236016845349099,1.8269405364990234
56900,O=C(O)CN1CCOCC1,0.3945819172600055,0.902999997138977,0.4595944285392761,0.5084180798789715,0.0650125112792706,0.44340556859970087
56905,O=C(O)COC#P,1.3496776425920525,4.380000114440918,3.408658027648926,3.0303224718488657,2.0589803850568735,0.9713420867919922
56906,O=C(O)COC=S,2.467562547340397,2.61299991607666,1.8953166007995603,0.14543736873626312,0.5722459465408367,-0.4268085778045736
56917,O=C(O)CS(=O)CC(=O)O,3.1804686826556625,2.569000005722046,3.0653626918792725,0.6114686769336166,0.11510599077639005,0.49636268615722656
56930,O=C(O)N(S)NS,3.469187518952657,1.5299999713897705,0.3481692671775818,1.9391875475628866,3.1210182517750753,-1.1818307042121887
56934,O=C(O)N1C=CC1,2.6310995819428182,2.305999994277954,1.964115858078003,0.32509958766486413,0.6669837238648153,-0.34188413619995117
56944,O=C(O)N1CC=NS1,0.925890970588858,0.7269999980926514,4.053098201751709,0.19889097249620669,3.127207231162851,-2.9283162586666442
56968,O=C(O)NC(=O)c1ccccc1,5.166803480430792,5.8429999351501465,5.051615238189697,0.6761964547193546,0.11518824224109458,0.56100821247826
56977,O=C(O)NC(O)O,2.431293880955381,2.499000072479248,2.249464511871338,0.06770619152386725,0.1818293690840429,-0.11412317756017565
56979,O=C(O)NC1CC(=O)NC1=O,1.3844638727795262,2.1589999198913574,2.20505952835083,0.7745360471118312,0.8205956555713039,-0.046059608459472656
56987,O=C(O)NC=S,3.278997642452008,3.8940000534057617,4.014404296875,0.6150024109537537,0.735406654422992,-0.12040424346923828
57001,O=C(O)NCCCCl,1.3882892501340525,3.128999948501587,2.611860513687134,1.7407106983675344,1.2235712635530813,0.5171394348144531
57007,O=C(O)NCCOCCO,3.477003648518067,2.2929999828338623,1.658583402633667,1.1840036656842048,1.8184202458844,-0.6344165802001953
57019,O=C(O)NN(O)O,3.0835008163329953,2.0940001010894775,2.019268274307251,0.9895007152435178,1.0642325420257444,-0.07473182678222656
57029,O=C(O)NOO,1.895231160847175,2.750999927520752,3.1127026081085205,0.8557687666735769,1.2174714472613455,-0.36170268058776855
57030,O=C(O)NO[SiH3],2.0544370500540836,2.7100000381469727,2.3184080123901367,0.655562988092889,0.2639709623360531,0.39159202575683594
57031,O=C(O)NP,1.5464087175231382,2.86299991607666,2.546444892883301,1.316591198553522,1.0000361753601625,0.3165550231933594
57035,O=C(O)NSCl,3.193125412990484,3.197999954223633,2.5943477153778076,0.00487454123314901,0.5987776976126762,-0.5939031563795272
57041,O=C(O)N[N+](=O)[O-],4.257186741212548,5.196000099182129,4.605095386505127,0.9388133579695808,0.3479086452925788,0.590904712677002
57042,O=C(O)N[SiH3],2.1755618248295416,2.007999897003174,2.207529067993164,0.1675619278263678,0.03196724316362243,0.13559468466274538
57048,O=C(O)OC(=O)CC1C=CC(=O)O1,4.302716217860426,3.3429999351501465,3.2262983322143555,0.9597162827102794,1.0764178856460704,-0.11670160293579102
57062,O=C(O)OCBr,1.7425991048234122,4.013999938964844,1.5884251594543457,2.2714008341414313,0.15417394536906648,2.1172268887723646
57063,O=C(O)OCC(O)CO,2.9696143716266796,2.569999933242798,1.0266064405441284,0.3996144383838818,1.9430079310825512,-1.5433934926986694
57099,O=C(O)O[Si](=O)O,5.019431004409929,5.236999988555908,6.0938215255737305,0.21756898414597892,1.0743905211638012,-0.8568215370178223
57110,O=C(O)SC1CC1,3.34745267147266,0.5540000200271606,1.5531375408172607,2.793452651445499,1.794315130655399,0.9991375207901001
57114,O=C(O)[C@@H](F)Cl,2.8693522961560705,3.5139999389648438,0.9941048622131348,0.6446476428087733,1.8752474339429357,-1.2305997911341624
57135,O=C(O)c1ccnc(F)c1,3.574623342236789,2.4590001106262207,2.923603057861328,1.1156232316105683,0.6510202843754609,0.4646029472351074
57143,O=C(OCCCl)OC(=O)OCCCl,1.5230214186805324,0.3319999873638153,0.2962791919708252,1.1910214313167171,1.2267422267097072,-0.03572079539299011
57151,O=C(OCCl)OCCl,0.6520330314938706,1.2690000534057617,1.5265100002288818,0.6169670219118911,0.8744769687350112,-0.2575099468231201
57156,O=C(OCl)OCCl,1.6896878854449688,1.9240000247955322,0.7890753149986267,0.2343121393505634,0.9006125704463421,-0.6663004310957787
57168,O=C(OP(F)F)C(F)(F)F,1.6618321219504977,2.1549999713897705,1.318023443222046,0.49316784943927283,0.3438086787284518,0.14935917071082105
57181,O=C(O[SiH3])C(Cl)Cl,3.066692545177835,1.7999999523162842,2.3130149841308594,1.266692592861551,0.7536775610469757,0.5130150318145752
57182,O=C(O[SiH3])C(F)(F)F,3.1131603111097306,4.248000144958496,2.9174327850341797,1.1348398338487655,0.19572752607555088,0.9391123077732146
57190,O=C(P)NSF,3.7387500972791607,3.4040000438690186,3.97607684135437,0.3347500534101422,0.23732674407520937,0.09742330933493282
57195,O=C(S)C(F)F,1.4363353419300289,3.1389999389648438,1.5067236423492432,1.7026645970348149,0.07038830041921429,1.6322762966156006
57196,O=C(S)C1CC=NO1,2.4377072511543183,2.5769999027252197,2.1873886585235596,0.13929265157090143,0.25031859263075873,-0.1110259410598573
57205,O=C(S)N1C=CSN1,5.223529004741547,2.296999931335449,2.316230058670044,2.9265290734060976,2.907298946071503,0.019230127334594727
57210,O=C(S)NCCF,2.962718649559082,1.7100000381469727,2.5799946784973145,1.2527186114121092,0.38272397106176737,0.8699946403503418
57218,O=C(S)NP,3.11609904395505,0.7990000247955322,4.279541969299316,2.3170990191595178,1.1634429253442664,1.1536560938152514
57219,O=C(S)NS,2.414515315309293,0.9390000104904175,1.7940521240234375,1.4755153048188756,0.6204631912858556,0.85505211353302
57226,O=C(S)OCCO,2.1466530585171473,3.9570000171661377,3.317502737045288,1.8103469586489904,1.1708496785281408,0.6394972801208496
57237,O=C([SiH3])C(F)F,0.7213110027400085,1.5069999694824219,1.4868206977844238,0.7856889667424134,0.7655096950444154,0.020179271697998047
57248,O=C1C#CN1,3.526377302120927,2.7829999923706055,2.309032201766968,0.7433773097503216,1.2173451003539588,-0.47396779060363725
57311,O=C1C=C(CO)C(O)C1,3.8520253766541654,3.2720000743865967,4.959371566772461,0.5800253022675688,1.1073461901182955,-0.5273208878507267
57323,O=C1C=C(Cl)C(=C(Cl)Cl)O1,3.295239520046396,3.507999897003174,3.7186272144317623,0.21276037695677763,0.42338769438536605,-0.21062731742858842
57345,O=C1C=C(P)C(=O)O1,4.721661229881313,4.585999965667725,4.7995076179504395,0.1356612642135886,0.07784638806912625,0.057814876144462346
57351,O=C1C=C=C1,2.5307823713018847,1.5429999828338623,0.9045581221580504,0.9877823884680224,1.6262242491438341,-0.6384418606758118
57358,O=C1C=C=CCO1,4.126980452957972,4.336999893188477,3.8973565101623535,0.21001944023050445,0.2296239427956186,-0.019604502565114146
57363,O=C1C=CC(=C(Cl)Cl)O1,3.9438064443487857,3.816999912261963,4.834100246429443,0.1268065320868228,0.8902938020806577,-0.7634872699938349
57381,O=C1C=CC(=O)N1Br,2.354909885911822,4.214000225067139,2.4886045455932617,1.8590903391553169,0.1336946596814399,1.725395679473877
57385,O=C1C=CC(=O)N1Cl,2.816732830271753,2.4210000038146973,2.938532829284668,0.3957328264570559,0.12179999901291483,0.27393282744414105
57389,O=C1C=CC(=O)O1,4.338450466899324,4.0980000495910645,4.336805820465088,0.2404504173082591,0.0016446464342356748,0.23880577087402344
57408,O=C1C=CC(CO)NC1,3.9936145958343854,3.7300000190734863,3.2924723625183105,0.26361457676089906,0.7011422333160748,-0.4375276565551758
57411,O=C1C=CC(CS)O1,4.629783732426497,4.439000129699707,4.800135135650635,0.19078360272678996,0.17035140322413778,0.020432199502652182
57412,O=C1C=CC(Cl)C1,2.6288648416371374,2.815999984741211,2.4058823585510254,0.18713514310407353,0.22298248308611202,-0.035847339982038484
57487,O=C1C=CCC1Br,4.502972243616916,5.422999858856201,4.296164512634277,0.9200276152392854,0.20680773098263838,0.7132198842566471
57490,O=C1C=CCC1Cl,4.665383042883636,4.4720001220703125,4.747194290161133,0.1933829208133231,0.08181124727749722,0.11157167353582587
57521,O=C1C=CCCN1,4.7013759910983515,4.956999778747559,4.70232629776001,0.2556237876492071,0.0009503066616582956,0.25467348098754883
57522,O=C1C=CCCN=CO1,3.4069316171049664,3.6419999599456787,3.3517215251922607,0.23506834284071232,0.05521009191270565,0.17985825092800667
57536,O=C1C=CCN1O,4.019662164318074,3.953000068664551,4.256692886352539,0.06666209565352332,0.23703072203446496,-0.17036862638094163
57552,O=C1C=CCOC1,3.691166147221992,3.819000005722046,3.6209537982940674,0.12783385850005402,0.0702123489279245,0.057621509572129526
57562,O=C1C=CCON1,3.7692566601619246,3.9830000400543213,3.777575969696045,0.21374337989239667,0.0083193095341203,0.20542407035827637
57564,O=C1C=CCOOP1,2.8529035407552734,3.5439999103546143,3.779385805130005,0.6910963695993408,0.9264822643747315,-0.23538589477539062
57565,O=C1C=CCOPO1,5.330807656182267,5.008999824523926,4.813891887664795,0.32180783165834104,0.5169157685174719,-0.19510793685913086
57571,O=C1C=CCSN1,3.991421163273992,3.6989998817443848,4.230174541473389,0.2924212815296072,0.23875337819939668,0.05366790333021054
57594,O=C1C=CNC1O,4.342639278359635,5.209000110626221,3.697298288345337,0.8663608322665857,0.6453409900142981,0.22101984225228755
57595,O=C1C=CNC=CN1,5.231919150807054,5.498000144958496,5.1736159324646,0.2660809941514417,0.05830321834245478,0.20777777580898693
57614,O=C1C=CNCN1,5.959216513632516,6.236000061035156,5.537006378173828,0.27678354740264055,0.4222101354586876,-0.14542658805604702
57616,O=C1C=CNCN1S,5.938363532034177,5.410999774932861,5.787463665008545,0.5273637571013161,0.15089986702563252,0.3764638900756836
57620,O=C1C=CNNC1,4.892042052634065,5.385000228881836,5.305870532989502,0.49295817624777083,0.41382848035543685,0.07912969589233398
57622,O=C1C=CNNN1,4.515503381240143,4.579999923706055,4.540498733520508,0.06449654246591141,0.024995352280364536,0.039501190185546875
57625,O=C1C=CNSC1,4.8181036595529765,4.88700008392334,4.328563690185547,0.06889642437036336,0.4895399693674296,-0.42064354499706624
57632,O=C1C=COC1F,3.6502700023364025,3.9679999351501465,3.476310968399048,0.31772993281374395,0.17395903393735468,0.14377089887638927
57643,O=C1C=CONP1,2.248796582032184,4.276000022888184,2.0905604362487793,2.027203440856,0.1582361457834045,1.8689672950725953
57649,O=C1C=COPN1,2.6360651763861083,2.700000047683716,2.7335705757141113,0.06393487129760755,0.09750539932800306,-0.03357052803039551
57655,O=C1C=CP=C1,2.5260888918393545,2.8589999675750732,2.5776278972625732,0.33291107573571876,0.051539005423218764,0.2813720703125
57656,O=C1C=CP=CC1,2.149858039523731,2.5169999599456787,1.9479050636291504,0.3671419204219477,0.2019529758945806,0.1651889445273671
57657,O=C1C=CPC1,2.9370015466390855,2.9820001125335693,2.3070950508117676,0.04499856589448381,0.629906495827318,-0.5849079299328341
57658,O=C1C=CPC1=O,4.7291677517129465,4.822000026702881,4.58085823059082,0.0928322749899344,0.14830952112212614,-0.05547724613219174
57660,O=C1C=CS(=O)(=O)C=C1,1.6420064751034948,1.8680000305175781,1.9925743341445925,0.22599355541408328,0.35056785904109766,-0.12457430362701438
57664,O=C1C=CS1,2.9798221083750276,3.1410000324249268,2.8073880672454834,0.16117792404989917,0.1724340411295442,-0.011256117079645023
57676,O=C1C=CSNN1,3.545901059829654,3.0910000801086426,3.2595996856689453,0.4549009797210113,0.28630137416070855,0.16859960556030273
57687,O=C1C=NC(S)S1,2.679505178037412,1.9390000104904175,1.6145485639572144,0.7405051675469947,1.0649566140801978,-0.3244514465332031
57703,O=C1C=NCO1,2.792305642696619,3.1649999618530273,2.4803366661071777,0.3726943191564085,0.3119689765894411,0.06072534256696738
57716,O=C1C=NNCC1,4.418608343955628,4.824999809265137,4.245903968811035,0.4063914653095084,0.17270437514459314,0.2336870901649153
57721,O=C1C=NNSC1,3.3017520389940156,3.631999969482422,2.534158706665039,0.3302479304884063,0.7675933323289765,-0.43734540184057025
57723,O=C1C=NOC1,0.6670887588017916,1.0429999828338623,0.8620846271514893,0.37591122403207067,0.19499586834969762,0.18091535568237305
57731,O=C1C=NSC=CC1,2.91598143040909,2.943000078201294,3.0949833393096924,0.027018647792203865,0.1790019089006023,-0.15198326110839844
57751,O=C1CC(=O)C(Cl)=C1Cl,0.1443083913750292,0.26600000262260437,1.0943588018417358,0.12169161124757516,0.9500504104667067,-0.8283587992191315
57756,O=C1CC(=O)C1,0.0007738071544549,0.16500000655651093,0.0425433441996574,0.16422619940205602,0.0417695370452025,0.12245666235685351
57789,O=C1CC(=S)ON1,0.7423594933405079,1.7039999961853027,1.3789472579956057,0.9616405028447949,0.6365877646550978,0.32505273818969704
57792,O=C1CC(Br)=CS1,2.0313434699768695,1.1890000104904175,1.982595920562744,0.8423434594864521,0.048747549414125624,0.7935959100723264
57796,O=C1CC(Br)CN1,2.9144003410499892,5.127999782562256,3.266017436981201,2.2135994415122666,0.35161709593121193,1.8619823455810547
57798,O=C1CC(Br)N1,2.63927144133496,3.1019999980926514,2.3590264320373535,0.4627285567576913,0.28024500929760654,0.18248354746008477
57808,O=C1CC(C(=O)O)NC(=O)N1,4.736032009943015,4.791999816894531,4.328470230102539,0.05596780695151615,0.40756177984047604,-0.3515939728889599
57815,O=C1CC(CBr)C1,2.1761107475343935,2.950000047683716,3.1705920696258545,0.7738893001493223,0.994481322091461,-0.22059202194213867
57832,O=C1CC(CCl)N1,4.951682214071382,3.3359999656677246,2.6849069595336914,1.6156822484036573,2.2667752545376905,-0.6510930061340332
57944,O=C1CC(S(=O)(=O)O)C(=O)N1O,4.466738178276656,3.865999937057495,3.1059393882751465,0.6007382412191609,1.3607987900015095,-0.7600605487823486
57955,O=C1CC1,2.994653041493441,2.9670000076293945,2.762165784835815,0.027653033864046606,0.23248725665762615,-0.20483422279357955
57963,O=C1CC1F,2.9702937630928106,3.0850000381469727,2.757530689239502,0.11470627505416209,0.21276307385330862,-0.09805679879914653
57964,O=C1CC1NO,2.973385564558237,2.2829999923706055,3.456864595413208,0.6903855721876315,0.483479030854971,0.2069065413326605
57969,O=C1CC=C(Br)N1,2.4514212207383435,2.0439999103546143,2.0850398540496826,0.4074213103837292,0.36638136668866084,0.04103994369506836
57981,O=C1CC=C(Cl)S1,2.8104257386508404,3.5789999961853027,2.6204659938812256,0.7685742575344623,0.18995974476961486,0.5786145127648474
57982,O=C1CC=C(F)N1,2.0825718317053106,2.072000026702881,2.035191297531128,0.010571805002429713,0.04738053417418264,-0.03680872917175293
57986,O=C1CC=C(O)N1,4.227418754922555,4.5980000495910645,3.063114643096924,0.37058129466850964,1.164304111825631,-0.7937228171571213
58000,O=C1CC=CC(O)C1,3.380494474500415,2.0510001182556152,2.4414594173431396,1.3294943562447998,0.9390350571572754,0.3904592990875244
58052,O=C1CC=CN1,3.514829387930655,3.7039999961853027,3.3610928058624268,0.18917060825464782,0.15373658206822816,0.035434026186419665
58060,O=C1CC=CO1,4.041473008145609,4.355000019073486,3.8376965522766113,0.31352701092787694,0.20377645586899806,0.10975055505887887
58066,O=C1CC=COOP1,1.5784154943726136,1.9700000286102295,2.96223521232605,0.39158453423761586,1.3838197179534362,-0.9922351837158203
58076,O=C1CC=NCN1,2.146619111411296,2.9140000343322754,1.9572267532348633,0.7673809229209794,0.18939235817643274,0.5779885647445466
58081,O=C1CC=NN1S,2.8825030075629066,3.6670000553131104,3.147444486618042,0.7844970477502038,0.26494147905513543,0.5195555686950684
58088,O=C1CC=PO1,4.241273421888314,4.4019999504089355,4.0802903175354,0.16072652852062141,0.16098310435291374,-0.0002565758322923273
58091,O=C1CCC(=NO)C1O,2.4262888386872734,3.322999954223633,2.804879903793335,0.8967111155363594,0.37859106510606155,0.5181200504302979
58094,O=C1CCC(=NO)CO1,4.093652763540635,4.559999942779541,4.628850936889648,0.46634717923890623,0.5351981733490137,-0.06885099411010742
58127,O=C1CCC(CBr)N1,4.365920004039756,1.1720000505447388,1.6261204481124878,3.1939199534950173,2.7397995559272683,0.454120397567749
58131,O=C1CCC(CCO)O1,3.9434395435060674,6.138999938964844,4.0837883949279785,2.1955603954587763,0.1403488514219111,2.0552115440368652
58159,O=C1CCC(O)C1CO,5.335816798491174,1.600000023841858,4.881521701812744,3.735816774649316,0.4542950966784298,3.2815216779708862
58240,O=C1CCCC(O)CC1,3.2511070070460866,3.759000062942505,2.856919288635254,0.5078930558964183,0.39418771841083267,0.11370533748558564
58272,O=C1CCCCC1Br,4.673313145499592,3.9709999561309814,3.586221694946289,0.7023131893686108,1.0870914505533031,-0.3847782611846924
58313,O=C1CCCN1S,4.197362469485926,4.577000141143799,4.460703372955322,0.3796376716578731,0.26334090346939654,0.11629676818847656
58319,O=C1CCCNC1,2.9767562675311,2.9230000972747803,2.9704372882843018,0.053756170256319624,0.00631897924679814,0.047437191009521484
58323,O=C1CCCNCC1=O,5.178507136065391,3.8410000801086426,4.337261199951172,1.3375070559567481,0.8412459361142188,0.4962611198425293
58328,O=C1CCCOC1=O,6.348619374924787,6.394999980926514,6.334266662597656,0.04638060600172711,0.014352712327130313,0.0320278936745968
58346,O=C1CCN(Br)N1,2.6844472551019853,2.63700008392334,2.273803234100342,0.0474471711786455,0.41064402100164354,-0.36319684982299805
58350,O=C1CCN1,4.073878106359322,4.353000164031982,3.986594676971435,0.2791220576726605,0.0872834293878868,0.19183862828477372
58351,O=C1CCN1Br,4.05591729715864,4.63700008392334,4.034893989562988,0.5810827867646999,0.02102330759565163,0.5600594791690483
58356,O=C1CCN1Cl,4.206215461969007,4.113999843597412,4.352997779846191,0.0922156183715952,0.1467823178771841,-0.0545666995055889
58357,O=C1CCN1F,4.403344005025389,4.8979997634887695,4.468005657196045,0.49465575846338083,0.06466165217065623,0.4299941062927246
58372,O=C1CCN=CS1,1.9665804775085032,2.7909998893737793,1.973680853843689,0.8244194118652761,0.007100376335185787,0.8173190355300903
58378,O=C1CCNC(=O)CN1,3.7300225068417063,2.5339999198913574,2.404170513153076,1.196022586950349,1.3258519936886302,-0.12982940673828125
58384,O=C1CCNC(=S)N1,4.8674401799212195,5.164999961853027,5.187925338745117,0.2975597819318079,0.3204851588238977,-0.022925376892089844
58399,O=C1CCNNC1=O,5.629333251103381,6.0,6.197033882141113,0.3706667488966193,0.5677006310377326,-0.19703388214111328
58404,O=C1CCO1,4.4047709576274094,4.441999912261963,4.255369186401367,0.037228954634553446,0.14940177122604226,-0.11217281659148881
58429,O=C1CCOCC1Br,2.0819877682441175,5.173999786376953,2.209484815597534,3.0920120181328357,0.12749704735341671,2.964514970779419
58446,O=C1CCOC[C@H]1Cl,3.182135610153098,2.059000015258789,3.249725103378296,1.123135594894309,0.06758949322519792,1.055546101669111
58447,O=C1CCON1,3.022535621594315,3.0880000591278076,2.805654764175415,0.06546443753349251,0.21688085741890006,-0.15141641988540755
58455,O=C1CCOP(Cl)N1,2.239514442081275,1.7790000438690186,2.637882947921753,0.46051439821225637,0.398368505840478,0.062145892371778366
58457,O=C1CCOPO1,3.9376140649153153,3.5869998931884766,3.3889706134796143,0.35061417172683873,0.548643451435701,-0.1980292797088623
58460,O=C1CCPC1=O,4.745521545422851,5.020999908447266,4.489145278930664,0.27547836302441464,0.2563762664921869,0.01910209653222772
58462,O=C1CCS(=O)(=O)CC1,2.1074557846972595,2.371999979019165,1.8324729204177856,0.26454419432190557,0.2749828642794738,-0.010438669957568258
58482,O=C1CCSN1,3.178336927677192,2.7990000247955322,3.1090118885040283,0.37933690288165955,0.06932503917316346,0.3100118637084961
58487,O=C1CCSNN1,2.6946762619508924,2.4790000915527344,2.257733106613159,0.215676170398158,0.4369431553377332,-0.2212669849395752
58490,O=C1CCSSCO1,3.4785461473691544,3.0,2.4117772579193115,0.47854614736915435,1.0667688894498428,-0.5882227420806885
58497,O=C1CN(C#P)C1,0.7594017648171608,0.8429999947547913,0.9178838729858398,0.08359822993763044,0.15848210816867903,-0.07488387823104858
58515,O=C1CN1F,3.152353052368264,2.8989999294281006,2.929311990737915,0.25335312294016354,0.2230410616303491,0.030312061309814453
58526,O=C1CN=CN1,2.6314183617112556,2.7260000705718994,2.3645031452178955,0.09458170886064377,0.26691521649336014,-0.17233350763271638
58552,O=C1CNC(=O)C1,2.5909356756103787,2.890000104904175,2.4997847080230713,0.29906442929379606,0.09115096758730745,0.2079134617064886
58579,O=C1CNC1=O,4.94682903842852,5.281000137329102,4.59080171585083,0.3341710989005815,0.35602732257769,-0.02185622367710849
58596,O=C1CNCC(=O)NC1,3.323036716719352,2.4549999237060547,1.6273834705352783,0.8680367930132973,1.6956532461840736,-0.8276164531707764
58624,O=C1CNCCNC1,2.7907622542399184,2.806999921798706,2.636419773101806,0.01623766755878764,0.15434248113811222,-0.13810481357932458
58631,O=C1CNCN1O,2.576060635934511,2.48799991607666,2.4345011711120605,0.08806071985785069,0.1415594648224503,-0.05349874496459961
58632,O=C1CNCN1S,2.982445693751374,3.2760000228881836,2.896552085876465,0.2935543291368097,0.08589360787490907,0.2076607212619006
58636,O=C1CNCSO1,4.198110148046816,4.533999919891357,4.491271495819092,0.33588977184454105,0.2931613477722754,0.042728424072265625
58683,O=C1COC1,0.8313492411553719,1.0379999876022339,0.6775346398353577,0.206650746446862,0.15381460132001423,0.052836145126847756
58699,O=C1COC=NCC1O,1.9027013213732007,2.3399999141693115,1.947823166847229,0.43729859279611083,0.04512184547402831,0.3921767473220825
58716,O=C1COCC1(O)CO,2.809957073748058,1.4010000228881836,1.2103800773620603,1.4089570508598745,1.5995769963859978,-0.19061994552612327
58739,O=C1COCCCOC1,3.905200399542458,2.0299999713897705,3.7774746417999263,1.8752004281526875,0.1277257577425317,1.7474746704101558
58742,O=C1COCCN1Cl,4.115761704447369,3.9539999961853027,4.046833038330078,0.16176170826206615,0.06892866611729076,0.09283304214477539
58752,O=C1COCN1,3.1529015272736394,3.319999933242798,3.176025867462158,0.16709840596915848,0.023124340188518833,0.14397406578063965
58769,O=C1CON=P1,1.2722019392492885,1.434000015258789,1.7084133625030518,0.16179807600950058,0.4362114232537633,-0.2744133472442627
58788,O=C1COPN1,2.3392033903110727,2.2130000591278076,1.8957167863845823,0.1262033311832651,0.4434866039264904,-0.3172832727432253
58790,O=C1COSC(=O)C1,2.1345062586154664,3.0889999866485596,2.039141893386841,0.9544937280330932,0.09536436522862557,0.8591293628044676
58792,O=C1COSN1,1.652244253030448,1.7549999952316284,1.978446364402771,0.10275574220118044,0.326202111372323,-0.22344636917114258
58794,O=C1CO[SiH2]O1,3.053650223940012,3.374000072479248,3.1462249755859375,0.320349848539236,0.09257475164592543,0.22777509689331055
58797,O=C1CPCO1,3.5774889332988606,3.253999948501587,3.150014162063598,0.3234889847972737,0.42747477123526245,-0.10398578643798873
58811,O=C1CSC(=S)N1CCS(=O)(=O)O,6.786735740162883,4.704999923706055,4.359791278839111,2.0817358164568285,2.426944461323772,-0.34520864486694336
58812,O=C1CSC(C(=O)O)C1,0.1245581609518787,2.809999942779541,1.8114519119262695,2.685441781827662,1.6868937509743909,0.9985480308532713
58814,O=C1CSC(O)N1,3.4090246209836073,1.1050000190734863,2.4929888248443604,2.304024601910121,0.9160357961392469,1.387988805770874
58824,O=C1CSC=NCN1,2.6858280610696386,3.252000093460083,1.5808794498443604,0.5661720323904444,1.1049486112252782,-0.5387765788348338
58826,O=C1CSCC(=O)C1,2.3621309370841024,1.5410000085830688,2.1984260082244873,0.8211309285010335,0.16370492885961507,0.6574259996414185
58828,O=C1CSCC(=O)O1,4.507992703834338,3.063999891281128,3.8819777965545654,1.4439928125532102,0.6260149072797727,0.8179779052734375
58832,O=C1CSCCN1,3.929934328459096,4.794000148773193,4.059835910797119,0.8640658203140972,0.12990158233802296,0.7341642379760742
58847,O=C1CSNO1,3.7192834361263594,3.313999891281128,3.542515277862549,0.40528354484523144,0.17676815826381054,0.2285153865814209
58863,O=C1N(Cl)C=[P+]([O-])C1(Cl)Cl,3.535387739444521,4.041999816894531,3.1108462810516357,0.5066120774500105,0.42454145839288504,0.08207061905712543
58869,O=C1N=CC(CO)O1,5.997803106728688,4.421999931335449,3.990335702896118,1.575803175393239,2.00746740383257,-0.43166422843933105
58874,O=C1N=CCCN1,6.292776624096908,6.418000221252441,6.167026042938232,0.1252235971555331,0.12575058115867588,-0.0005269840031427719
58875,O=C1N=CCCO1,6.459686707009397,6.580999851226807,6.15278434753418,0.12131314421740935,0.3069023594752176,-0.18558921525780825
58880,O=C1N=CCON1,4.8089770500407525,5.119999885559082,4.771786212921143,0.31102283551832954,0.03719083711960991,0.27383199839871963
58885,O=C1N=CSCN1,5.096603665509635,4.651000022888184,4.649588584899902,0.44560364262145136,0.4470150806097326,-0.00141143798828125
58890,O=C1N=NCN1,5.452468713078855,5.921000003814697,5.268176078796387,0.4685312907358421,0.18429263428246845,0.28423865645337365
58895,O=C1N=NN=C1F,0.899784174014226,1.1790000200271606,1.849361538887024,0.2792158460129347,0.949577364872798,-0.6703615188598633
58900,O=C1NC(=O)C(=CCCCO)N1,2.118333527464377,3.296999931335449,3.960664749145508,1.1786664038710724,1.842331221681131,-0.6636648178100586
58911,O=C1NC(=O)C(CCCCO)N1,3.4345576048276145,4.664999961853027,1.9443440437316897,1.2304423570254128,1.4902135610959248,-0.259771204070512
58918,O=C1NC(=O)C(Cl)C(=O)N1,0.7799702607175392,0.6790000200271606,1.0054987668991089,0.10097024069037852,0.22552850618156972,-0.1245582654911912
58925,O=C1NC(=O)N1,0.0019848133721956,0.00800000037997961,0.0032089895103126,0.00601518700778401,0.001224176138117,0.00479101086966701
58942,O=C1NC(CO)CCO1,6.695670028758991,7.269000053405762,6.404495716094971,0.5733300246467703,0.2911743126640207,0.2821557119827496
58944,O=C1NC(CS)C(=O)O1,5.662117945194318,3.7960000038146973,5.032702445983887,1.8661179413796205,0.629415499210431,1.2367024421691895
58952,O=C1NC(O)SS1,2.4155202387913426,2.872999906539917,4.027070045471191,0.4574796677485744,1.6115498066798488,-1.1540701389312744
58955,O=C1NC1Br,2.9428690603940377,3.384999990463257,3.021923303604126,0.4421309300692191,0.07905424321008825,0.36307668685913086
58960,O=C1NC=C(CO)CN1,5.032452665280251,2.9830000400543213,4.496819972991943,2.0494526252259293,0.5356326922883072,1.513819932937622
58961,O=C1NC=C(CO)CO1,5.693456170944321,5.105000019073486,5.464084625244141,0.5884561518708349,0.2293715457001806,0.3590846061706543
59007,O=C1NC=NCN1,1.5594410547827522,1.7719999551773071,1.4693262577056885,0.21255890039455494,0.09011479707706371,0.12244410331749123
59041,O=C1NCC1=P,3.6401456237814336,3.4579999446868896,4.2714433670043945,0.18214567909454393,0.631297743222961,-0.449152064128417
59043,O=C1NCC1Br,4.464415294356277,5.64300012588501,4.163668155670166,1.1785848315287328,0.3007471386861109,0.8778376928426219
59049,O=C1NCC1CO,4.615923147084603,3.2829999923706055,4.294408798217773,1.3329231547139972,0.3215143488668293,1.011408805847168
59050,O=C1NCC1Cl,4.534580318487637,4.644999980926514,3.96451187133789,0.11041966243887646,0.570068447149747,-0.45964878471087056
59051,O=C1NCC1F,4.56994694675193,4.9730000495910645,4.3762688636779785,0.4030531028391344,0.1936780830739515,0.2093750197651829
59069,O=C1NCC=NN1,3.998490188414936,3.9609999656677246,4.0402092933654785,0.037490222747211366,0.04171910495054254,-0.004228882203331175
59080,O=C1NCCC1=S,5.721059277031992,6.539000034332275,5.963893890380859,0.817940757300283,0.24283461334886702,0.575106143951416
59082,O=C1NCCC1CCBr,5.783294542580138,7.394000053405762,5.54494571685791,1.6107055108256239,0.2383488257222277,1.3723566851033961
59092,O=C1NCCCC1Br,4.480057025598275,6.198999881744385,4.555879592895508,1.7189428561461098,0.0758225672972328,1.643120288848877
59095,O=C1NCCCCC1Br,5.59821229640738,4.420000076293945,4.822308540344238,1.1782122201134344,0.7759037560631414,0.40230846405029297
59101,O=C1NCCCN1,4.811091454342939,5.045000076293945,5.097074031829834,0.2339086219510067,0.2859825774868954,-0.05207395553588867
59108,O=C1NCCN1,4.537440421094738,4.927999973297119,4.827948570251465,0.39055955220238125,0.29050814915672696,0.1000514030456543
59133,O=C1NCN(CCO)CN1,4.629016587957975,4.460000038146973,3.319768190383911,0.16901654981100211,1.3092483975740636,-1.1402318477630615
59142,O=C1NCNO1,5.123772244457912,5.4720001220703125,5.526227951049805,0.34822787761240015,0.40245570659189234,-0.05422782897949219
59155,O=C1NN1,2.2404051040818187,2.3589999675750732,2.4819817543029785,0.11859486349325454,0.24157665022115982,-0.12298178672790527
59157,O=C1NN=CC(O)N1,2.2265853456601703,2.319999933242798,2.9193363189697266,0.09341458758262755,0.6927509733095563,-0.5993363857269287
59158,O=C1NN=CC1=S,2.3155804804481286,2.7339999675750732,2.246786832809448,0.41841948712694466,0.06879364763868079,0.34962583948826387
59164,O=C1NN=CCO1,4.014710813431922,4.267000198364258,4.17275333404541,0.252289384932336,0.15804252061348834,0.09424686431884766
59168,O=C1NN=CSN1,2.9593461649666137,2.372999906539917,2.2075798511505127,0.5863462584266967,0.751766313816101,-0.1654200553894043
59175,O=C1NNCCS1,4.931466267215343,5.497000217437744,5.396076679229736,0.5655339502224015,0.4646104120143937,0.10092353820800781
59176,O=C1NNCNN1,4.261728684098539,4.72599983215332,3.3502676486968994,0.464271148054781,0.9114610354016399,-0.44718988734685894
59180,O=C1NNNO1,3.570675693606802,3.999000072479248,4.629665374755859,0.42832437887244623,1.0589896811490576,-0.6306653022766113
59181,O=C1NNOO1,3.026084175871929,3.7209999561309814,4.463784217834473,0.6949157802590524,1.4377000419625436,-0.7427842617034912
59182,O=C1NNSN1,2.4085881057194736,2.3269999027252197,2.697498083114624,0.08158820299425384,0.28890997739515045,-0.2073217744008966
59184,O=C1NO1,2.4888982148111,2.4709999561309814,2.520991563796997,0.017898258680118406,0.03209334898589722,-0.014195090305778812
59187,O=C1NOCC1O,3.079952963750592,3.4519999027252197,1.922860622406006,0.3720469389746279,1.1570923413445857,-0.7850454023699578
59195,O=C1NOSS1,2.216554767403464,2.5230000019073486,2.138245105743408,0.30644523450388483,0.0783096616600556,0.22813557284382924
59197,O=C1NS(=O)(=O)NC1=O,1.6818868561441638,2.2109999656677246,2.1478121280670166,0.5291131095235608,0.4659252719228528,0.06318783760070801
59207,O=C1OC(=O)C(=O)OC1=O,4.446441380423494e-05,0.008999999612569809,0.0015206640819087,0.008955535198765574,0.001476199668104465,0.007479335530661109
59214,O=C1OC(=O)C(Cl)C1Cl,3.3383264852778542,3.0869998931884766,2.748961925506592,0.2513265920893777,0.5893645597712625,-0.33803796768188477
59219,O=C1OC(=O)P1,2.774128491573867,2.443000078201294,2.697443723678589,0.33112841337257315,0.07668476789527823,0.2544436454772949
59223,O=C1OC(Br)O1,2.828654565340254,2.996999979019165,2.462458848953247,0.1683454136789111,0.3661957163870069,-0.19785030270809578
59237,O=C1OC(O)C(Br)=C1Br,3.8867438556161127,2.4030001163482666,3.5682387351989746,1.483743739267846,0.3185051204171381,1.165238618850708
59247,O=C1OC1F,2.632011303523163,2.311000108718872,1.4865373373031616,0.32101119480429086,1.1454739662200013,-0.8244627714157104
59259,O=C1OC=CCO1,5.344542745817662,5.788000106811523,5.540975093841553,0.443457360993861,0.1964323480238903,0.2470250129699707
59260,O=C1OC=NC1=P,2.4664013049648608,1.3650000095367432,1.523274302482605,1.1014012954281176,0.9431270024822558,0.15827429294586182
59272,O=C1OCC(CBr)O1,3.8215408007868663,2.127000093460083,4.452786922454834,1.6945407073267833,0.6312461216679677,1.0632945856588156
59293,O=C1OCC(P)O1,4.691718176235092,6.166999816894531,4.7545061111450195,1.4752816406594391,0.0627879349099274,1.4124937057495117
59310,O=C1OCC1S,3.4776797015699463,3.359999895095825,4.0550217628479,0.11767980647412113,0.5773420612779541,-0.45966225480383294
59311,O=C1OCC=C1Br,5.124211225937755,5.839000225067139,5.181894302368164,0.7147889991293841,0.057683076430409486,0.6571059226989746
59320,O=C1OCC=CC1O,4.1641952567638345,4.181000232696533,4.542073726654053,0.016804975932698696,0.3778784698902182,-0.36107349395751953
59321,O=C1OCC=CCC1O,4.166009049213167,4.2870001792907715,3.773836135864258,0.12099113007760476,0.3921729133489089,-0.27118178327130416
59346,O=C1OCCC1NCl,4.400608794330496,3.7739999294281006,5.164151668548584,0.6266088649023951,0.7635428742180883,-0.13693400931569322
59348,O=C1OCCC1OO,4.230398241351671,4.24399995803833,4.201906204223633,0.013601716686658882,0.028492037128038383,-0.014890320441379501
59360,O=C1OCCCOCO1,3.789715649942601,4.244999885559082,4.681743621826172,0.45528423561648124,0.8920279718835711,-0.43674373626708984
59363,O=C1OCCN1Br,5.204997997107867,5.702000141143799,5.445925235748291,0.4970021440359318,0.24092723864042398,0.2560749053955078
59367,O=C1OCCN1CCl,5.362992004620867,5.173999786376953,5.48942232131958,0.18899221824391343,0.12643031669871352,0.06256190154519992
59385,O=C1OCCP1,4.878225494661167,5.118000030517578,5.051066875457764,0.2397745358564114,0.17284138079659694,0.06693315505981445
59392,O=C1OCO1,3.9719491103286546,4.130000114440918,3.9616425037384033,0.15805100411226336,0.010306606590251288,0.14774439752201207
59393,O=C1OCOC(=O)C1=O,4.161454648448094,4.625999927520752,5.1382927894592285,0.46454527907265764,0.9768381410111342,-0.5122928619384766
59414,O=C1ONSO1,3.7504144946950553,3.8329999446868896,3.74445366859436,0.08258544999183437,0.005960826100695371,0.076624623891139
59425,O=C1OSCCC1Cl,5.2121853173565,4.693999767303467,4.771633625030518,0.5181855500530332,0.44055169232598246,0.07763385772705078
59429,O=C1O[C@@H]([C@H](O)CO)C(O)=C1O,4.535123679231651,4.906000137329102,4.43727970123291,0.3708764580974506,0.09784397799874078,0.27303248009870984
59435,O=C1O[SiH2]1,4.2332817901821675,4.263000011444092,3.8121471405029297,0.02971822126192425,0.42113464967923786,-0.3914164284173136
59458,O=C1SCCN1O,3.855678064012064,4.164000034332275,4.399117469787598,0.3083219703202116,0.5434394057755338,-0.23511743545532227
59467,O=C=C([SiH3])C(F)(F)F,2.202073016452218,3.3429999351501465,2.0452795028686523,1.1409269186979283,0.15679351358356586,0.9841334051143624
59492,O=C=C1OCCS1,3.4757664543580553,3.9210000038146973,3.5147082805633545,0.44523354945664195,0.03894182620529918,0.4062917232513428
59493,O=C=C1O[Si](=O)O1,1.764280383229195,2.2039999961853027,1.0032778978347778,0.43971961295610784,0.7610024853944171,-0.3212828724383092
59518,O=C=NC(Br)(Br)P(=O)(Cl)Cl,2.4323691891051924,2.430999994277954,1.979154109954834,0.0013691948272382959,0.4532150791503584,-0.4518458843231201
59521,O=C=NC(F)(F)c1ccccc1,2.965561401401002,3.496000051498413,2.979661703109741,0.5304386500974112,0.014100301708739327,0.5163383483886719
59525,O=C=NC(F)F,1.5952418639213035,1.8229999542236328,1.1333777904510498,0.2277580903023293,0.4618640734702537,-0.23410598316792441
59533,O=C=NC1CCCN(C(=O)C(F)(F)F)C1,3.9334691941551663,7.607999801635742,3.9229986667633057,3.674530607480576,0.010470527391860607,3.6640600800887153
59552,O=C=NCCCOS(=O)O,3.4472736255165812,4.130000114440918,2.0788023471832275,0.6827264889243367,1.3684712783333537,-0.685744789409017
59559,O=C=NCOCCCl,2.628874347409187,3.071000099182129,3.1386947631835938,0.442125751772942,0.5098204157744068,-0.06769466400146484
59567,O=C=NNC=O,4.7032673244890235,5.577000141143799,4.621715068817139,0.8737328166547753,0.08155225567188484,0.7921805609828905
59569,O=C=NOP(=O)(O)N=C=O,3.710711268467571,4.599999904632568,2.182246685028076,0.8892886361649972,1.528464583439495,-0.6391759472744978
59576,O=C=NP(=O)(N=C=O)N=C=O,1.8226161604198836,1.7419999837875366,0.1960369646549224,0.08061617663234699,1.6265791957649611,-1.5459630191326141
59588,O=C=Nc1cc(C(F)(F)F)ccc1Cl,1.857181543495222,2.263000011444092,1.762109875679016,0.4058184679488699,0.09507166781620602,0.31074680013266387
59595,O=C=Nc1ccc(Br)cc1F,2.0694922211849063,1.9470000267028809,2.284534215927124,0.12249219448202542,0.21504199474221775,-0.09254980026019233
59596,O=C=Nc1ccc(C(=O)CCl)cc1,2.094659876160128,1.680999994277954,1.54751455783844,0.41365988188217395,0.5471453183216881,-0.13348543643951416
59600,O=C=Nc1ccc(F)c(C(F)(F)F)c1,2.764086692353938,3.9010000228881836,2.5121219158172607,1.1369133305342456,0.25196477653667726,0.8849485539975683
59608,O=C=Nc1ccc(OC(F)(F)F)cc1,0.6796381372150706,1.8170000314712524,1.1967977285385132,1.1373618942561818,0.5171595913234426,0.6202023029327393
59609,O=C=Nc1ccc(OC(F)F)cc1,1.1899117801130876,1.6299999952316284,1.0877541303634644,0.4400882151185408,0.10215764974962327,0.3379305653689175
59610,O=C=Nc1ccc(SC(F)(F)F)cc1,1.2527671291463482,1.8049999475479126,1.2663580179214478,0.5522328184015644,0.013590888775099508,0.5386419296264648
59616,O=C=Nc1ccccc1C(F)(F)F,4.320971838446162,5.138999938964844,4.4687700271606445,0.8180281005186814,0.14779818871448214,0.6702299118041992
59618,O=C=Nc1ccccc1OC(F)(F)F,4.008212219571025,4.877999782562256,4.036990165710449,0.8697875629912311,0.028777946139424415,0.8410096168518066
59624,O=CC#CC(=O)C=O,2.0584179811317864,2.069000005722046,0.5674984455108643,0.010582024590259476,1.4909195356209222,-1.4803375110306627
59725,O=CC(=O)C1CCCO1,2.324999754490258,2.678999900817871,1.4809085130691528,0.35400014632761323,0.844091241421105,-0.4900910950934918
59730,O=CC(=O)C1CN1C=O,2.9738086428913024,4.296999931335449,3.925363302230835,1.3231912884441468,0.9515546593395325,0.37163662910461426
59746,O=CC(=O)CC#CCO,1.4737687611555594,2.0950000286102295,0.5869337916374207,0.62123126745467,0.8868349695181388,-0.2656037020634687
59758,O=CC(=O)CCBr,2.1608329629943968,3.6559998989105225,1.1882004737854004,1.4951669359161257,0.9726324892089964,0.5225344467071293
59783,O=CC(=O)N1CC1,2.5011799250086377,3.3980000019073486,2.731034517288208,0.8968200768987109,0.22985459227957028,0.6669654846191406
59811,O=CC(=O)OCCCO,4.353289071028243,1.5729999542236328,2.071298122406006,2.78028911680461,2.281990948622237,0.49829816818237305
59855,O=CC(F)(F)C(F)(F)F,1.7023142186832405,2.00600004196167,0.9534290432929992,0.3036858232784294,0.7488851753902414,-0.44519935211181194
59877,O=CC(F)CF,0.8869076523628283,2.6070001125335693,1.8117122650146484,1.720092460170741,0.9248046126518201,0.7952878475189209
59932,O=CC1(Br)CO1,2.1636843483248653,4.5229997634887695,1.0923116207122805,2.359315415163904,1.0713727276125848,1.2879426875513194
59976,O=CC1(CO)CO1,3.452137858669805,2.184999942779541,2.8876514434814453,1.267137915890264,0.5644864151883597,0.7026515007019043
59977,O=CC1(CO)COC1,1.602874245926791,1.8960000276565552,1.0220094919204712,0.2931257817297641,0.5808647540063199,-0.28773897227655576
60032,O=CC1=CC(=O)CC1=O,2.6281078807092593,2.625,1.1353845596313477,0.0031078807092592697,1.4927233210779116,-1.4896154403686523
60058,O=CC1=CCCC1=O,6.580032221725527,5.085999965667725,5.3649091720581055,1.4940322560578023,1.2151230496674215,0.27890920639038086
60066,O=CC1=CCCOCC1,3.3016790053570877,1.9149999618530273,2.378265142440796,1.3866790435040603,0.9234138629162918,0.46326518058776855
60085,O=CC1=CCOCCC1,2.760556375984568,3.494999885559082,2.7172961235046387,0.7344435095745139,0.043260252479929484,0.6911832570945844
60106,O=CC1=COOC=C1,2.9767417419395463,3.1419999599456787,1.6603479385375977,0.16525821800613238,1.3163938034019487,-1.1511355853958163
60132,O=CC1C(=O)NC(=O)NC1=O,2.476388021431854,1.0240000486373901,2.295689344406128,1.452387972794464,0.18069867702572617,1.2716892957687378
60186,O=CC1CC(=O)C(O)C1,0.7186624038942931,3.4630000591278076,1.403562068939209,2.7443376552335144,0.6848996650449158,2.0594379901885986
60199,O=CC1CC(=O)NC1=O,2.070796481315331,2.4059998989105225,1.0879952907562256,0.3352034175951917,0.9828011905591052,-0.6475977729639135
60206,O=CC1CC(CCO)O1,1.7089597757979589,2.9170000553131104,2.1521730422973633,1.2080402795151515,0.4432132664994044,0.7648270130157471
60211,O=CC1CC(O)CCO1,4.400549303051887,3.005000114440918,2.5745980739593506,1.3955491886109694,1.8259512290925368,-0.4304020404815674
60214,O=CC1CC1=O,3.4769350083529997,3.5460000038146973,3.154829263687134,0.06906499546169753,0.32210574466586595,-0.2530407492041684
60257,O=CC1CCCOC1=O,4.2885151574844596,3.6989998817443848,3.598665237426758,0.5895152757400748,0.6898499200577017,-0.10033464431762695
60268,O=CC1CCNC1=O,4.33796279696218,3.7200000286102295,3.077441692352295,0.6179627683519504,1.260521104609885,-0.6425583362579346
60284,O=CC1CCOO1,2.389632211039398,2.371000051498413,2.771104574203491,0.01863215954098507,0.38147236316409305,-0.362840203623108
60308,O=CC1CNCC(=O)C1,0.8336818358824718,4.2129998207092285,1.0481045246124268,3.3793179848267565,0.21442268872995496,3.1648952960968018
60314,O=CC1COC(=O)CN1,2.8630053079721667,3.3550000190734863,1.7835854291915894,0.49199471110131965,1.0794198787805773,-0.5874251676792577
60315,O=CC1COC(=O)CO1,2.608625223176922,2.617000102996826,2.383760452270508,0.008374879819904368,0.224864770906414,-0.21648989108650962
60328,O=CC1COC=N1,1.8246793246042392,1.8300000429153442,1.8449394702911377,0.005320718311105033,0.02026014568689849,-0.014939427375793457
60379,O=CC1OC1C(=O)CO,3.110437802027785,2.562999963760376,2.766439199447632,0.5474378382674092,0.34399860258015336,0.20343923568725586
60388,O=CC1OC=NC1CO,2.3315349691086547,2.240999937057495,1.4427964687347412,0.09053503205115954,0.8887385003739134,-0.7982034683227539
60434,O=CC=C1CSC1,2.987394717151138,3.3440001010894775,2.334106922149658,0.3566053839383394,0.6532877950014799,-0.2966824110631405
60439,O=CC=CNC=O,6.081724854273633,1.8220000267028809,3.8567380905151367,4.259724827570752,2.224986763758496,2.034738063812256
60524,O=CCC1=CCOCC1,2.1480195881601505,2.9519999027252197,1.7771646976470947,0.8039803145650692,0.37085489051305576,0.4331254240520135
60597,O=CCC1NCC1=O,3.5350640352162603,3.805000066757202,2.8741297721862793,0.2699360315409418,0.660934263029981,-0.3909982314890392
60632,O=CCCC1(CO)CO1,2.4056533940586067,2.365000009536743,1.8319653272628784,0.04065338452186351,0.5736880667957283,-0.5330346822738647
60667,O=CCCCCCCF,4.098181599428263,3.5940001010894775,2.7085585594177246,0.5041814983387853,1.3896230400105383,-0.8854415416717529
60692,O=CCCOC(F)F,4.611139225545948,4.480000019073486,1.8323432207107544,0.13113920647246147,2.7787960048351934,-2.647656798362732
60713,O=CCN(O)C=O,1.772666049480254,1.496000051498413,1.3103868961334229,0.2766659979818409,0.4622791533468311,-0.18561315536499023
60716,O=CCN1CC(=O)C1,1.7564784785497054,1.843000054359436,0.8931604623794556,0.08652157580973063,0.8633180161702498,-0.7767964403605192
60719,O=CCN1CCC(=O)C1,3.825793767794698,0.20499999821186066,1.1974313259124756,3.6207937695828374,2.6283624418822225,0.9924313277006149
60728,O=CCN=C1COCO1,3.957400735964964,1.7000000476837158,4.239355564117432,2.257400688281248,0.28195482815246775,1.9754458601287803
60762,O=CCOC(=O)N1CC1,4.81862423514647,2.632999897003174,4.074717998504639,2.1856243381432963,0.7439062366418314,1.4417181015014648
60796,O=CCOCBr,2.308744638990744,3.4739999771118164,2.9914708137512207,1.1652553381210726,0.6827261747604769,0.4825291633605957
60797,O=CCOCC#CCO,3.9004158767744337,2.5929999351501465,3.3776333332061768,1.3074159416242872,0.5227825435682569,0.7846333980560303
60817,O=CCOCCCO,4.08231735235296,1.715000033378601,4.343752384185791,2.367317318974359,0.2614350318328311,2.1058822871415277
60826,O=CCO[SiH3],2.593186477813512,3.5,2.931739568710327,0.9068135221864879,0.33855309089681507,0.5682604312896729
60839,O=CCOc1cnc[nH]1,4.416089255615916,3.2149999141693115,3.117956161499023,1.2010893414466048,1.2981330941168934,-0.09704375267028853
60844,O=CCOc1conn1,2.853167879943773,3.8440001010894775,2.429692268371582,0.9908322211457046,0.42347561157219094,0.5673566095735136
60845,O=CCOc1nc[nH]n1,5.041954174800725,3.5250000953674316,4.614270210266113,1.516954079433293,0.4276839645346113,1.0892701148986816
60848,O=CCOc1ncno1,0.6620590895308752,1.4190000295639038,1.6461753845214844,0.7569409400330286,0.9841162949906092,-0.22717535495758057
60860,O=CCSCC=O,3.6086186392786903,3.303999900817871,2.132477283477783,0.3046187384608192,1.476141355800907,-1.171522617340088
60862,O=CCSc1cn[nH]n1,1.2840212570341478,3.4110000133514404,1.5713467597961426,2.1269787563172926,0.28732550276199476,1.8396532535552979
60875,O=CN(C=O)CCl,2.726939447138392,2.75,1.4876765012741089,0.02306055286160813,1.239262945864283,-1.2162023930026749
60880,O=CN(CBr)CBr,2.062555457864176,1.8960000276565552,1.5580419301986694,0.16655543020762087,0.5045135276655066,-0.33795809745788574
60888,O=CN(F)N(F)F,1.6157989969667463,2.8389999866485596,2.344576597213745,1.2232009896818132,0.7287776002469988,0.49442338943481445
60900,O=CN/C=C\S,4.371436444793508,2.509000062942505,3.7618443965911865,1.862436381851003,0.6095920482023214,1.2528443336486816
60909,O=CN1C=CC(=NO)C1,2.4361287511178,2.7890000343322754,2.276029586791992,0.35287128321447536,0.16009916432580784,0.19277211888866752
60933,O=CN1C=CCOC1=O,6.855873876224077,4.973999977111816,5.513034820556641,1.8818738991122608,1.3428390556674366,0.5390348434448242
60937,O=CN1C=CNC1,4.262469653458216,4.642000198364258,3.780015230178833,0.379530544906042,0.4824544232793828,-0.10292387837334083
60940,O=CN1C=COC=C1,3.1742336717076194,3.6019999980926514,1.8754138946533203,0.427766326385032,1.298819777054299,-0.8710534506692671
60941,O=CN1C=CON1,3.06131190616784,4.633999824523926,3.4052276611328125,1.5726879183560856,0.3439157549649723,1.2287721633911133
60992,O=CN1CC=CC=CC1,3.945167931361835,4.377999782562256,3.8470613956451416,0.432831851200421,0.09810653571669326,0.33472531548372775
60996,O=CN1CC=CO1,3.7195618536137234,4.375999927520752,4.8796706199646,0.6564380739070286,1.1601087663508762,-0.5036706924438477
60998,O=CN1CC=NC1,4.383215595024999,2.734999895095825,4.097382545471191,1.6482156999291737,0.2858330495538075,1.3623826503753662
61019,O=CN1CCCC1,4.688218894755956,4.99399995803833,4.732215881347656,0.30578106328237364,0.043996986591699816,0.26178407669067383
61040,O=CN1COC1,2.750341838618358,2.996000051498413,2.5564115047454834,0.24565821288005507,0.19393033387287462,0.051727879007180455
61054,O=CNC(=O)C#CCO,5.364726584996774,6.400000095367432,6.440640449523926,1.0352735103706578,1.075913864527152,-0.04064035415649414
61056,O=CNC(=O)C(=O)CO,2.364152915455451,3.700000047683716,2.4605870246887207,1.335847132228265,0.0964341092332699,1.2394130229949951
61066,O=CNC(=O)C1COC1,5.960841341552678,5.214000225067139,4.070001125335693,0.7468411164855393,1.8908402162169846,-1.1439990997314453
61067,O=CNC(=O)C=O,6.332237552652062,3.867000102996826,3.990063428878784,2.465237449655236,2.342174123773278,0.12306332588195801
61079,O=CNC(=O)COC=O,7.694911016343808,6.2769999504089355,2.6323721408843994,1.4179110659348728,5.062538875459409,-3.644627809524536
61093,O=CNC(=S)NO,5.157888454775896,2.9140000343322754,2.3141300678253174,2.2438884204436205,2.8437583869505785,-0.599869966506958
61105,O=CNC(CO)CCO,3.0189711892683286,4.690999984741211,1.445709228515625,1.6720287954728823,1.5732619607527036,0.09876683472017866
61122,O=CNC1=CC(O)CC1,2.7946602856759135,2.7219998836517334,1.8895201683044431,0.07266040202418012,0.9051401173714704,-0.8324797153472903
61154,O=CNC1C=CCOC1,4.758340671125874,5.2170000076293945,3.5159389972686768,0.4586593365035201,1.2424016738571977,-0.7837423373536776
61189,O=CNC1CCCC1=O,2.724426862779923,4.315999984741211,3.3023626804351807,1.591573121961288,0.5779358176552578,1.0136373043060303
61242,O=CNCC(C=O)CO,1.0845581415203212,2.384999990463257,2.766033887863159,1.3004418489429357,1.681475746342838,-0.38103389739990234
61276,O=CNCC1CC1CO,2.907968678239825,5.426000118255615,4.043887138366699,2.51803144001579,1.1359184601268741,1.382112979888916
61286,O=CNCC1CN1,2.71108089790966,3.921999931335449,2.9863386154174805,1.2109190334257893,0.2752577175078206,0.9356613159179688
61320,O=CNCCCCCO,3.9368740000041944,5.940000057220459,3.0526657104492188,2.0031260572162646,0.8842082895549757,1.118917767661289
61330,O=CNCCOC1CC1,4.141197497723639,3.4539999961853027,3.3518035411834717,0.6871975015383365,0.7893939565401675,-0.10219645500183105
61336,O=CNCNC=O,0.3019265903634631,0.06800000369548798,0.7609006762504578,0.2339265866679751,0.4589740858869947,-0.22504749921901956
61341,O=CNCPO,3.818438662972415,4.747000217437744,2.6087541580200195,0.928561554465329,1.2096845049523957,-0.2811229504870667
61385,O=CNN=S,3.857907338750883,4.314000129699707,4.155948162078857,0.45609279094882416,0.29804082332797455,0.1580519676208496
61393,O=CNNCl,3.390563366287921,2.859999895095825,4.519379615783691,0.5305634711920959,1.1288162494957703,-0.5982527783036744
61394,O=CNNN=C=S,3.541742197410342,3.4140000343322754,4.313702583312988,0.12774216307806663,0.7719603859026463,-0.6442182228245796
61400,O=CNNS(=O)O,2.9446605012925566,4.798999786376953,5.487209320068359,1.8543392850843965,2.5425488187758027,-0.6882095336914062
61405,O=CNOCC(F)Cl,3.065804457549465,3.7929999828338623,4.574090003967285,0.7271955252843973,1.5082855464178202,-0.7810900211334229
61409,O=CNOCCl,2.010258078526966,2.3269999027252197,2.5909652709960938,0.3167418241982536,0.5807071924691276,-0.263965368270874
61431,O=CN[N+](=O)[O-],4.486199304995193,4.97599983215332,4.964602470397949,0.4898005271581276,0.4784031654027565,0.011397361755371094
61448,O=CNc1ccc(Cl)cc1,3.95611689290929,4.140999794006348,1.0457230806350708,0.18488290109705785,2.910393812274219,-2.725510911177161
61490,O=CNc1nncs1,1.7058893708466485,2.430999994277954,1.2497270107269287,0.7251106234313056,0.4561623601197198,0.26894826331158583
61520,O=COC(C=O)C1CC1,5.6031866914291335,3.865000009536743,5.746801853179932,1.7381866818923903,0.14361516175079814,1.5945715201415922
61539,O=COC(O)N=O,1.9554147322969704,2.7219998836517334,1.517768621444702,0.766585151354763,0.43764611085226846,0.32893904050249456
61606,O=COC1CC1OC=O,6.808513683124874,2.625,5.263129711151123,4.183513683124874,1.5453839719737505,2.638129711151123
61627,O=COC1CCCO1,4.707483309271411,3.9779999256134033,4.652495861053467,0.7294833836580077,0.05498744821794421,0.6744959354400635
61653,O=COC1COCCO1,4.417383146457097,2.6760001182556152,3.635498046875,1.741383028201482,0.7818850995820972,0.9594979286193848
61698,O=COCC(=O)O,2.4024267940598945,3.0299999713897705,2.3961167335510254,0.627573177329876,0.006310060508869064,0.621263116821007
61702,O=COCC(CO)CO,3.8753732825887326,2.441999912261963,3.705321073532105,1.4333733703267697,0.17005220905662766,1.263321161270142
61714,O=COCC(O)CCO,5.039055448781329,3.3929998874664307,3.5652804374694824,1.6460555613148982,1.4737750113118464,0.17228055000305176
61748,O=COCC1CN1,5.038699786575336,2.634999990463257,4.329699993133545,2.403699796112079,0.7089997934417909,1.694700002670288
61773,O=COCCC(=O)C=O,1.1055334068307563,2.0,3.5683817863464355,0.8944665931692437,2.4628483795156795,-1.5683817863464358
61805,O=COCCSCl,0.9019618872856812,1.9470000267028809,3.055833101272583,1.0450381394171997,2.1538712139869016,-1.108833074569702
61810,O=COCOCO,1.3851340521313604,2.2060000896453857,2.505340099334717,0.8208660375140253,1.1202060472033564,-0.29934000968933105
61834,O=COCc1cnc[nH]1,6.657305675834986,2.6730000972747803,1.772576093673706,3.984305578560206,4.88472958216128,-0.9004240036010742
61838,O=COCc1cnoc1,3.59849244130272,3.8329999446868896,3.1708383560180664,0.2345075033841697,0.42765408528465354,-0.19314658190048384
61840,O=COCc1cocn1,3.028364094286592,3.2850000858306885,2.431152582168579,0.25663599154409633,0.597211512118013,-0.3405755205739167
61848,O=COCc1nnon1,3.897838560865437,3.4030001163482666,2.8012499809265137,0.4948384445171703,1.0965885799389232,-0.6017501354217529
61910,O=COc1conc1O,2.074885999887304,1.9429999589920044,1.7323806285858154,0.13188604089529976,0.3425053713014887,-0.21061933040618896
61928,O=COc1nnon1,1.446348492446603,2.367000102996826,0.3258430659770965,0.9206516105502232,1.1205054264695065,-0.1998538159192833
61931,O=COc1nonc1O,2.575580752659991,2.7720000743865967,1.4948104619979858,0.19641932172660548,1.0807702906620054,-0.8843509689353999
61943,O=CSC(F)(F)F,0.9420240408909986,2.671999931335449,1.9504210948944092,1.7299758904444507,1.0083970540034106,0.72157883644104
61947,O=CSCC(=O)O,1.9271075324582223,0.7889999747276306,1.392904281616211,1.1381075577305917,0.5342032508420114,0.6039043068885803
61962,O=Cc1c(O)cccc1F,4.955189811051154,2.812999963760376,2.441733121871948,2.142189847290778,2.5134566891792063,-0.3712668418884282
62000,O=Cc1cnc(F)nc1,2.2376331121158883,2.4210000038146973,0.8338398337364197,0.18336689169880893,1.4037932783794687,-1.2204263866806597
62017,O=NC(=O)F,0.7205460055121415,1.4589999914169312,0.7628849148750305,0.7384539859047896,0.04233890936288898,0.6961150765419006
62044,O=NC1SCSCS1,3.44521609187377,3.25,2.8526628017425537,0.1952160918737702,0.5925532901312165,-0.3973371982574463
62049,O=NCC(=O)NO,1.3881160601863431,1.9950000047683716,0.6102144718170166,0.6068839445820284,0.7779015883693265,-0.1710176437872981
62064,O=NN(CC(F)(F)F)CC(F)(F)F,4.0174446424162165,1.6749999523162842,1.8971129655838013,2.3424446900999323,2.120331676832415,0.2221130132675171
62072,O=NN1CCC(=O)NC1=O,3.092161521517208,3.1579999923706055,3.0523953437805176,0.06583847085339745,0.039766177736690445,0.026072293116707
62073,O=NN1CCC1=O,5.312488385923875,4.960999965667725,4.967929840087891,0.35148842025615057,0.34455854583598455,0.006929874420166016
62078,O=NN1CCCS1(=O)=O,7.587222743080661,8.41100025177002,5.980504989624023,0.8237775086893588,1.6067177534566373,-0.7829402447672784
62092,O=NNC(=O)[N+](=O)[O-],1.957854376756056,1.7059999704360962,1.7894744873046875,0.2518544063199597,0.1683798894513684,0.08347451686859131
62096,O=NNNC(=O)O,3.1665657145738,3.2869999408721924,2.3973357677459717,0.1204342262983924,0.7692299468278283,-0.6487957205294359
62115,O=P(=O)OCC(F)(F)F,3.067389083315011,4.339000225067139,3.2871737480163574,1.2716111417521279,0.2197846647013466,1.0518264770507812
62133,O=P(Cl)(Cl)C(F)(F)F,2.0936207577369728,2.490999937057495,0.3467474281787872,0.39737917932052236,1.7468733295581855,-1.3494941502376632
62134,O=P(Cl)(Cl)C(F)CCl,2.872485131188291,3.4579999446868896,3.2313015460968018,0.5855148134985986,0.3588164149085107,0.2266983985900879
62154,O=P(Cl)(Cl)OCCl,2.1300801393579465,2.380000114440918,3.029282331466675,0.24991997508297148,0.8992021921087283,-0.6492822170257568
62156,O=P(Cl)(Cl)SC(Cl)=CCl,2.01898111923452,1.1319999694824219,2.189988851547241,0.8869811497520983,0.17100773231272104,0.7159734174393773
62162,O=P(F)(Cl)CCCl,3.5048079268312566,4.59499979019165,3.4954018592834473,1.0901918633603938,0.009406067547809371,1.0807857958125844
62166,O=P(F)(F)C(F)(F)F,1.469436417882857,1.1729999780654907,1.2730833292007446,0.2964364398173662,0.19635308868211232,0.1000833511352539
62175,O=P(N=C=S)(N=C=S)N=C=S,1.701725501936141,1.8830000162124634,2.0795955657958984,0.18127451427632235,0.3778700638597574,-0.19659554958343506
62178,O=P(O)(Cl)C(Cl)(Cl)Cl,1.9688469492366585,2.3389999866485596,1.294951558113098,0.3701530374119011,0.6738953911235606,-0.3037423537116595
62184,O=P(O)(F)C(F)F,3.2791874427316885,1.0149999856948853,2.88193416595459,2.2641874570368032,0.39725327677709865,1.8669341802597046
62185,O=P(O)(F)CCl,1.7074992539932763,2.4779999256134033,1.3850709199905396,0.770500671620127,0.32242833400273674,0.4480723376173903
62192,O=P(O)(O)C(=S)S,1.3428334280765457,1.840999960899353,2.9409525394439697,0.4981665328228073,1.598119111367424,-1.0999525785446167
62207,O=P(O)(O)C=C(F)F,2.4227664542341936,4.310999870300293,1.6422605514526367,1.8882334160660994,0.7805059027815568,1.1077275132845426
62230,O=P(O)(O)OC(Cl)(Cl)Cl,2.9645090133583,3.993000030517578,2.891237258911133,1.0284910171592783,0.07327175444716705,0.9552192627121112
62237,O=P(O)(O)OCC(O)CF,0.9861018406810238,4.0269999504089355,0.8576244711875916,3.0408981097279115,0.12847736949343225,2.912420740234479
62254,O=P(O)(OF)OC(F)(F)F,2.71357012258403,4.302000045776367,2.126243829727173,1.5884299231923373,0.587326292856857,1.0011036303354803
62280,O=P1(O)OC=C(F)O1,2.2521724760896027,2.9189999103546143,3.569016218185425,0.6668274342650116,1.3168437420958221,-0.6500163078308105
62282,O=P1(O)OCC(CO)O1,2.9250879820439573,4.056000232696533,4.966680526733398,1.130912250652576,2.041592544689441,-0.9106802940368652
62287,O=P1(O)OCCCO1,5.762681254768561,5.539000034332275,4.847620010375977,0.22368122043628524,0.9150612443925841,-0.6913800239562988
62298,O=PC1CC(=O)O1,1.7234661556567572,3.76200008392334,2.6722567081451416,2.038533928266583,0.9487905524883844,1.0897433757781985
62304,O=PC=CF,2.944383234528782,1.621000051498413,2.515275716781616,1.3233831830303688,0.4291075177471657,0.8942756652832031
62314,O=PNSNC(=O)O,1.7509255012737948,4.61899995803833,3.12105393409729,2.8680744567645355,1.3701284328234953,1.4979460239410403
62321,O=POCC1CO1,1.9567442679825655,6.513999938964844,3.3181941509246826,4.557255670982278,1.361449882942117,3.195805788040161
62329,O=PSNC(=O)Cl,3.951160518985903,3.9709999561309814,2.8628594875335693,0.01983943714507852,1.0883010314523336,-1.068461594307255
62342,O=S(=O)(CCCCl)N1CCOCC1,2.3509296698829583,3.3289999961853027,2.844938039779663,0.9780703263023445,0.4940083698967048,0.48406195640563965
62360,O=S(=O)(CCl)NCCCl,2.050332491455233,2.2249999046325684,3.73250412940979,0.17466741317733536,1.682171637954557,-1.5075042247772217
62361,O=S(=O)(CCl)Nc1ccccn1,5.393961276226443,4.328000068664551,5.956220626831055,1.0659612075618918,0.5622593506046121,0.5037018569572798
62365,O=S(=O)(CF)OP,2.8178262839450436,3.2009999752044678,3.41074538230896,0.38317369125942413,0.5929190983639163,-0.2097454071044922
62367,O=S(=O)(CO)CSO,3.3125342991412223,3.753999948501587,3.3468997478485107,0.4414656493603646,0.034365448707288415,0.40710020065307617
62373,O=S(=O)(Cl)C(F)F,2.910951535046696,2.236999988555908,2.4069294929504395,0.6739515464907879,0.5040220420962567,0.16992950439453125
62380,O=S(=O)(F)C(F)(F)C(F)(F)F,1.5204086686190337,1.1710000038146973,1.563152313232422,0.3494086648043364,0.04274364461338842,0.306665020190948
62386,O=S(=O)(F)CCF,2.3019943357914405,2.3259999752044678,3.9539499282836914,0.024005639413027247,1.6519555924922509,-1.6279499530792236
62391,O=S(=O)(NCCO)c1ccc(Cl)cc1,5.426146909727221,2.0889999866485596,3.5214390754699707,3.3371469230786612,1.90470783425725,1.4324390888214111
62403,O=S(=O)(O)C1(F)CC1,4.539835900573162,3.2360000610351562,4.51624059677124,1.3038358395380056,0.023595303801921652,1.280240535736084
62417,O=S(=O)(O)CC(O)COC#CCO,2.551392308777852,5.144999980926514,1.8996115922927856,2.5936076721486616,0.6517807164850664,1.9418269556635952
62431,O=S(=O)(O)CCCSCC(S)CS,3.755945321198536,6.966000080108643,2.300334215164185,3.2100547589101067,1.4556111060343508,1.7544436528757559
62436,O=S(=O)(O)CCN1C=COCC1,2.9149621532767824,5.072000026702881,1.94374680519104,2.1570378734260984,0.9712153480857424,1.185822525340356
62437,O=S(=O)(O)CCN1CCOCC1,2.960567190472206,3.4019999504089355,4.239678859710693,0.44143275993672937,1.2791116692384872,-0.8376789093017578
62439,O=S(=O)(O)CCOCC(S)CS,2.882794030724595,4.076000213623047,2.7518293857574463,1.193206182898452,0.13096464496714866,1.0622415379313033
62455,O=S(=O)(O)OCCS,4.071493838561268,4.749000072479248,2.1452579498291016,0.6775062339179803,1.9262358887321662,-1.248729654814186
62456,O=S(=O)(O)OCF,2.2287300593156902,2.694999933242798,2.3176374435424805,0.4662698739271076,0.08890738422679023,0.3773624897003174
62457,O=S(=O)(O)OCO,4.075102273617244,3.808000087738037,2.443847894668579,0.26710218587920664,1.6312543789486647,-1.364152193069458
62459,O=S(=O)(O)ONCCO,3.70857937477836,1.4040000438690186,2.4937994480133057,2.3045793309093416,1.2147799267650545,1.089799404144287
62466,O=S(=O)(OC(CF)CF)c1ccccc1,5.773973552211182,5.684000015258789,5.338164806365967,0.0899735369523933,0.43580874584521556,-0.34583520889282227
62474,O=S(=O)(OCC(F)(F)F)C(F)(F)F,3.1603261038411112,3.066999912261963,2.4222214221954346,0.09332619157914834,0.7381046816456767,-0.6447784900665283
62479,O=S(=O)(OCCCl)c1ccc(F)cc1,3.365365889099613,3.9570000171661377,3.294727325439453,0.5916341280665245,0.07063856366016008,0.5209955644063644
62481,O=S(=O)(OCl)OCCl,2.4172244518630666,3.2809998989105225,2.5547842979431152,0.8637754470474559,0.13755984608004868,0.7262156009674072
62486,O=S(=O)(Oc1ccc(Cl)cc1)C(F)(F)F,1.9761172452111393,3.0299999713897705,2.712123394012451,1.0538827261786312,0.7360061488013119,0.31787657737731934
62488,O=S(=O)(Oc1cccc(F)c1)C(F)(F)F,3.802995475583069,3.194000005722046,2.526212692260742,0.6089954698610232,1.2767827833223269,-0.6677873134613037
62489,O=S(=O)(Oc1ccccc1)C(F)(F)F,3.868092276447476,4.710000038146973,4.038992404937744,0.8419077616994968,0.17090012849026825,0.6710076332092285
62501,O=S(=O)=CP(=O)(O)O,2.428401229561945,4.263000011444092,5.400523662567139,1.8345987818821468,2.9721224330051936,-1.1375236511230469
62502,O=S(=O)=NCF,2.4547838616156588,2.2909998893737793,1.6884757280349731,0.16378397224187946,0.7663081335806856,-0.6025241613388062
62513,O=S(CCCCCl)Cc1ccccn1,3.8299732774120807,3.609999895095825,3.608400344848633,0.21997338231625552,0.2215729325634479,-0.0015995502471923828
62518,O=S(CCCl)CCBr,4.816586616404564,6.38100004196167,1.4281797409057615,1.564413425557106,3.388406875498802,-1.823993449941696
62522,O=S(CCO)CCS(=O)CCO,2.369032491378261,3.493000030517578,2.9550724029541016,1.1239675391393171,0.5860399115758406,0.5379276275634766
62532,O=S(Cl)C(F)(F)F,1.8719693848184904,2.4210000038146973,0.9107230305671692,0.5490306189962069,0.9612463542513212,-0.41221573525511435
62533,O=S(Cl)C(F)F,2.7209412429364,1.9950000047683716,1.3947422504425049,0.7259412381680286,1.3261989924938953,-0.6002577543258667
62534,O=S(Cl)CC(F)(F)F,3.914754796698769,0.5720000267028809,1.777707815170288,3.342754769995888,2.137046981528481,1.2057077884674072
62540,O=S(N=P(Cl)(Cl)Cl)C(F)(F)F,2.940996375012478,4.895999908447266,4.457350254058838,1.9550035334347875,1.5163538790463598,0.43864965438842773
62544,O=S(O)C(F)CF,0.2578435108881933,2.2309999465942383,2.7151219844818115,1.973156435706045,2.457278473593618,-0.48412203788757324
62547,O=S(O)C1(F)CC1,1.0728346954435886,1.0420000553131104,2.3805465698242188,0.030834640130478208,1.3077118743806302,-1.276877234250152
62548,O=S(O)C1CC1F,4.263447564405701,4.205999851226807,2.650452136993408,0.05744771317889441,1.6129954274122928,-1.5555477142333984
62551,O=S(O)C1CS(=O)(=O)CC1O,3.749066374241125,5.449999809265137,2.480259895324707,1.7009334350240115,1.2688064789164182,0.43212695610759333
62559,O=S(O)N1CO1,2.032608634696788,2.309999942779541,2.078934669494629,0.2773913080827528,0.0463260347978407,0.2310652732849121
62571,O=S(O)OC1CS(=O)(=O)CC1O,4.153158649884462,3.568000078201294,2.330314874649048,0.5851585716831682,1.8228437752354143,-1.237685203552246
62579,O=S(O)OCCF,3.54582459845774,3.5759999752044678,2.4746105670928955,0.030175376746727878,1.0712140313648444,-1.0410386546181165
62595,O=S1(=O)C=C(Br)CO1,5.130955462440518,2.73799991607666,4.674880504608154,2.392955546363858,0.45607495783236374,1.9368805885314941
62605,O=S1(=O)C=CC1,5.222243633752014,5.2179999351501465,5.576030254364014,0.004243698601867685,0.3537866206119995,-0.3495429220101318
62608,O=S1(=O)C=CCC1,5.808612405822809,5.9629998207092285,5.745563507080078,0.15438741488641927,0.06304889874273112,0.09133851614368815
62613,O=S1(=O)C=COC1,4.315716273639293,4.449999809265137,4.104564666748047,0.13428353562584405,0.2111516068912458,-0.07686807126540174
62619,O=S1(=O)CC(Br)C1,3.4090971040062104,1.753000020980835,3.743018627166748,1.6560970830253754,0.3339215231605377,1.3221755598648377
62622,O=S1(=O)CC(C(F)(F)Cl)(C(F)(F)Cl)O1,3.6085320850449354,3.2790000438690186,4.049252510070801,0.32953204117591683,0.4407204250258654,-0.11118838384994856
62627,O=S1(=O)CC(Cl)C(Cl)C1,3.573999881459295,4.192999839782715,3.7970540523529057,0.6189999583234198,0.22305417089361068,0.3959457874298091
62637,O=S1(=O)CC1O,4.422923495248769,4.2220001220703125,1.9260536432266235,0.20092337317845654,2.4968698520221455,-2.295946478843689
62671,O=S1(=O)CCOC1,4.33734207291308,4.377999782562256,3.986094474792481,0.040657709649176255,0.3512475981205987,-0.31058988847142244
62673,O=S1(=O)CCOS(=O)(=O)O1,6.141073579949206,5.98799991607666,5.221027851104736,0.15307366387254628,0.9200457288444701,-0.7669720649719238
62677,O=S1(=O)CN1,4.357314108688967,4.026000022888184,3.9488275051116943,0.33131408580078325,0.4084866035772725,-0.07717251777648926
62679,O=S1(=O)CN=CO1,2.957862149136486,3.38100004196167,2.7384884357452393,0.4231378928251841,0.21937371339124656,0.20376417943393754
62681,O=S1(=O)CO1,3.9960778420178698,3.6540000438690186,3.2186782360076904,0.3420777981488512,0.7773996060101793,-0.4353218078613281
62687,O=S1(=O)CS(=O)(=O)OCCO1,2.934732402357376,3.6559998989105225,3.62821626663208,0.7212674965531463,0.6934838642747039,0.027783632278442383
62698,O=S1(=O)OC(C(Cl)(Cl)Cl)C1Br,3.5439046294543837,3.6440000534057617,3.3082587718963623,0.10009542395137805,0.23564585755802137,-0.13555043360664332
62702,O=S1(=O)OCCCCCO1,5.811169055562693,5.763000011444092,5.480144500732422,0.0481690441186009,0.3310245548302708,-0.2828555107116699
62719,O=S1C=CC(O)=C1,4.292105680961232,4.048999786376953,4.9954633712768555,0.24310589458427856,0.7033576903156238,-0.4602517957313452
62725,O=S1C=CCC=C1,5.35420801947808,4.900000095367432,5.105752944946289,0.4542079241106487,0.24845507453179128,0.20575284957885742
62736,O=S1C=COCC1,3.757655684854204,3.4600000381469727,3.897985219955444,0.29765564670723155,0.1403295351012397,0.15732611160599186
62737,O=S1C=CON=C1,2.842276795519513,2.311000108718872,2.3389835357666016,0.5312766868006409,0.5032932597529114,0.027983427047729492
62753,O=S1CC=CC(F)O1,3.7580009959374254,4.617000102996826,3.974868297576904,0.8589991070594007,0.21686730163947843,0.6421318054199223
62758,O=S1CCC1,4.330894372084059,3.9509999752044678,4.258117198944092,0.3798943968795916,0.07277717313996757,0.307117223739624
62760,O=S1CCCC1,4.560170282044109,4.313000202178955,4.168769836425781,0.24717007986515416,0.391400445618328,-0.14423036575317383
62767,O=S1CCCSC1,4.6544927978597315,4.8470001220703125,4.622972011566162,0.19250732421058103,0.03152078629356936,0.16098653791701167
62771,O=S1CCO1,4.201952915051882,3.9579999446868896,4.200982093811035,0.24395297036499208,0.0009708212408465755,0.2429821491241455
62779,O=S1CNOO1,4.536002535205636,5.771999835968018,2.868612051010132,1.2359973007623815,1.6673904841955043,-0.43139318343312283
62795,O=S1N=CN=CO1,2.058821580949156,2.444999933242798,1.65289306640625,0.38617835229364195,0.4059285145429059,-0.01975016224926396
62807,O=S1OCC(Cl)O1,2.09211170257326,2.865999937057495,2.8423566818237305,0.773888234484235,0.7502449792504704,0.02364325523376465
62808,O=S1OCC(F)O1,3.482845160296247,4.170000076293945,2.7656116485595703,0.6871549159976982,0.7172335117366768,-0.030078595738978642
62818,O=S1OS(=O)C1(F)F,0.9581920148721058,0.8840000033378601,0.053354874253273,0.0741920115342457,0.9048371406188328,-0.8306451290845871
62839,O=[11C](O)O,0.1082754032224748,0.27799999713897705,0.1526666730642318,0.16972459391650224,0.044391269841756995,0.12533332407474523
62843,O=[13C](O)O,0.108067685504144,0.27399998903274536,0.1515752673149109,0.16593230352860136,0.04350758181076689,0.12242472171783447
62857,O=[N+]([O-])C(F)Cl,2.523539595942825,2.8459999561309814,2.0499818325042725,0.3224603601881566,0.4735577634385524,-0.15109740325039578
62859,O=[N+]([O-])C(F)[N+](=O)[O-],2.781534563818646,2.865999937057495,2.7009758949279785,0.08446537323884895,0.08055866889066765,0.0039067043481813
62873,O=[N+]([O-])C1CCOO1,4.868656189826915,5.340000152587891,4.988648891448975,0.4713439627609759,0.11999270162205988,0.351351261138916
62880,O=[N+]([O-])C=C1NCCS1,7.552462974240112,9.15999984741211,7.121408939361572,1.6075368731719974,0.43105403487853966,1.1764828382934578
62899,O=[N+]([O-])N1CCCOC1,4.911694882775731,5.866000175476074,5.075988292694092,0.9543052927003428,0.1642934099183604,0.7900118827819824
62919,O=[PH]1C=CC=C1,4.738596561324596,4.507999897003174,4.6812520027160645,0.23059666432142212,0.05734455860853149,0.17325210571289062
62921,O=[PH]1OCCO1,5.183869282132881,5.9670000076293945,4.796228408813477,0.7831307254965134,0.38764087331940456,0.39548985217710886
62925,O=[S@@]1CCCSC1,4.476661443898615,1.9270000457763672,4.2206130027771,2.5496613981222476,0.25604844112151515,2.2936129570007324
62952,O=c1[nH]nc(C(F)(F)F)o1,2.580944922143649,2.947000026702881,2.1228649616241455,0.36605510455923174,0.4580799605195036,-0.09202485596027188
62953,O=c1[nH]nc(C(F)(F)F)s1,1.2725663806986598,2.2149999141693115,0.923058032989502,0.9424335334706517,0.34950834770915784,0.5929251857614939
63004,O=c1ccc(F)n[nH]1,2.039585295243179,1.5759999752044678,2.0180721282958984,0.4635853200387112,0.02151316694728056,0.44207215309143066
63006,O=c1ccc(O)c(F)[nH]1,3.5270579777973423,3.4000000953674316,3.7767975330352783,0.12705788242991067,0.249739555237936,-0.12268167280802533
63014,O=c1ccocc1F,4.78455203983038,5.419000148773193,5.009862899780273,0.6344481089428138,0.22531085994989386,0.4091372489929199
63017,O=c1cnc(F)c(O)o1,1.950700506057509,3.174999952316284,1.8085983991622925,1.224299446258775,0.14210210689521663,1.0821973393635584
63068,O=c1oc(C(F)(F)F)ns1,1.4227842866298377,1.3880000114440918,0.7702732086181641,0.034784275185745894,0.6525110780116736,-0.6177268028259277
63077,O=c1occ(F)cc1F,3.61987303171873,3.7170000076293945,3.3247199058532715,0.09712697591066455,0.2951531258654585,-0.19802614995479395
63093,O=c1onnc(F)c1F,2.1457543054828085,1.4199999570846558,1.9214502573013303,0.7257543483981528,0.2243040481814782,0.5014503002166746
63099,OC#[N+][S-],4.621378630430455,4.730999946594238,4.492268085479736,0.1096213161637829,0.12911054495071905,-0.019489228786936152
63124,OC(Cl)OCF,2.6462658097963545,2.0230000019073486,1.9228127002716064,0.6232658078890059,0.7234531095247481,-0.10018730163574219
63174,OC(O)(F)S,1.097949614754938,1.3630000352859497,0.3785064220428467,0.2650504205310118,0.7194431927120912,-0.45439277218107943
63177,OC(O)=C(F)F,0.5198472476093153,3.492000102996826,1.4248342514038086,2.972152855387511,0.9049870037944933,2.0671658515930176
63192,OC([C@@H](O)[C@@H](O)[C@@H](O)C=S)C(F)(F)F,2.3434533806987647,2.996000051498413,3.625129461288452,0.6525466707996483,1.2816760805896874,-0.6291294097900391
63246,OC1=CC=CCOO1,1.3078361219020496,1.2369999885559082,2.319258451461792,0.07083613334614136,1.0114223295597424,-0.9405861962136011
63252,OC1=CC=CSC1,1.6163014176919417,2.809000015258789,1.4640814065933228,1.1926985975668474,0.15222001109861893,1.0404785864682284
63290,OC1=CSCN1,1.2254994735407627,2.3980000019073486,1.511363506317139,1.172500528366586,0.2858640327763762,0.8866364955902097
63330,OC1CC(F)(F)C1,2.8701067097049044,1.7970000505447388,2.013040065765381,1.0731066591601657,0.8570666439395236,0.2160400152206421
63363,OC1CCNCC1(F)F,2.9074752120303846,2.8580000400543213,3.21023941040039,0.049475171976063326,0.30276419837000557,-0.25328902639394224
63417,OC1CS1,1.8051287735935289,2.7130000591278076,1.1949459314346311,0.9078712855342788,0.6101828421588977,0.29768844337538103
63443,OC1OC=CO1,1.3391046630550434,2.6410000324249268,0.7596858143806458,1.3018953693698834,0.5794188486743976,0.7224765206954857
63453,OC1OO1,1.3239284049597728,1.6660000085830688,2.05841326713562,0.34207160362329603,0.7344848621758473,-0.39241325855255127
63471,OC=C1NC=CS1,1.7640670413333868,2.181999921798706,3.097788572311402,0.4179328804653193,1.333721530978015,-0.9157886505126958
63476,OC=CCF,3.6419458930637,1.902999997138977,2.2209722995758057,1.738945895924723,1.4209735934878944,0.3179723024368286
63523,OCC(F)(F)CCl,3.161409448584649,2.3910000324249268,1.2328412532806396,0.7704094161597221,1.9285681953040092,-1.158158779144287
63525,OCC(F)(F)CO,2.889585840511996,0.6850000023841858,2.339522123336792,2.20458583812781,0.5500637171752039,1.6545221209526062
63549,OCC(O)C(F)(F)F,1.4974725020449735,1.7029999494552612,2.1833207607269287,0.20552744741028772,0.6858482586819552,-0.4803208112716675
63578,OCC1(C(F)(F)F)CC1,1.748788736096638,4.478000164031982,2.9225006103515625,2.7292114279353443,1.1737118742549244,1.55549955368042
63607,OCC1(O)COC1,3.4082910263319843,2.375999927520752,1.7801082134246826,1.0322910988112324,1.6281828129073017,-0.5958917140960693
63666,OCC1CC1C(F)(F)F,1.5863636240561336,1.8769999742507935,2.3387506008148193,0.29063635019465983,0.7523869767586857,-0.4617506265640259
63681,OCC1CCCOCC1,2.0058656202643443,2.7300000190734863,1.848569393157959,0.724134398809142,0.15729622710638536,0.5668381717027566
63720,OCC1CS1,1.8260256971242024,2.0859999656677246,1.8373665809631348,0.25997426854352224,0.011340883838932392,0.24863338470458984
63730,OCC1OC1Cl,2.199452385759911,2.500999927520752,2.1277315616607666,0.30154754176084086,0.07172082409914449,0.22982671766169638
63753,OCC1SC1S,2.485184794607416,0.765999972820282,2.32680606842041,1.7191848217871342,0.158378726187006,1.5608060956001282
63776,OCCC1(CO)CO1,1.5494210393249337,1.3079999685287476,0.9644879698753356,0.24142107079618613,0.5849330694495981,-0.343511998653412
63796,OCCC1CCOC1,1.4953543598784702,3.3350000381469727,2.1545650959014893,1.8396456782685024,0.659210736023019,1.1804349422454834
63827,OCCCC1=CCOC1,3.3405524118768533,3.3239998817443848,1.506569743156433,0.01655253013246849,1.8339826687204202,-1.8174301385879517
63846,OCCCCOC1CC1,0.4916550635484373,3.2049999237060547,1.4016096591949463,2.7133448601576173,0.9099545956465089,1.8033902645111084
63874,OCCOC(=S)S,4.347474403890018,2.874000072479248,2.3379857540130615,1.4734743314107703,2.009488649876957,-0.5360143184661865
63881,OCCOC1C=CCC1,2.6370561566341526,2.7160000801086426,2.36301589012146,0.07894392347448997,0.27404026651269264,-0.19509634303820267
63892,OCCOC1CCOC1,1.181867864811562,1.5230000019073486,1.3758625984191897,0.3411321370957867,0.19399473360762776,0.14713740348815896
63897,OCCOCC(O)CO,2.447502129665507,4.607999801635742,2.61290979385376,2.1604976719702353,0.16540766418825337,1.995090007781982
63946,OCN1C=CON1,2.4375090322610995,1.6319999694824219,1.1410661935806274,0.8055090627786776,1.296442838680472,-0.49093377590179443
63968,OCOOP(O)OCl,2.7260020394135713,1.4989999532699585,1.3862438201904297,1.2270020861436128,1.3397582192231416,-0.11275613307952881
63972,OCOc1cccs1,1.0557269707656969,1.3009999990463257,0.6539720296859741,0.2452730282806288,0.40175494107972276,-0.15648191279909396
63978,OCSC=S,3.5605579495334996,1.4520000219345093,3.6717324256896977,2.1085579275989903,0.11117447615619813,1.9973834514427922
63982,OCSCO,1.581727981239464,2.2799999713897705,2.8314433097839355,0.6982719901503065,1.2497153285444715,-0.551443338394165
63986,OCSc1ncc[nH]1,3.408971679454432,3.4639999866485596,1.8998652696609497,0.055028307194127546,1.5091064097934823,-1.4540781025993548
63994,OC[C@@H]1CS1,1.8433738322832676,2.0299999713897705,1.937831163406372,0.18662613910650294,0.0944573311231045,0.09216880798339844
63998,OC[C@H]1CCOC1,1.9798136445342045,0.8989999890327454,2.1732828617095947,1.0808136555014591,0.19346921717539023,0.8873444383260689
64003,OC[C@H]1O[C@@H](N=C=S)[C@H](O)[C@@H](O)[C@@H]1O,2.7383984831882477,3.007999897003174,2.92193865776062,0.2696014138149261,0.18354017457237237,0.08606123924255371
64012,OCc1cc(F)ncn1,3.8141683075336017,2.3949999809265137,2.4217655658721924,1.419168326607088,1.3924027416614093,0.02676558494567871
64020,OCc1cccc(F)c1,0.665427637623325,0.8320000171661377,1.3447519540786743,0.16657237954281268,0.6793243164553493,-0.5127519369125366
64041,OCc1sccc1F,2.8289937567999877,2.078000068664551,0.8151934146881104,0.7509936881354369,2.0138003421118773,-1.2628066539764404
64067,ON=C(F)F,1.152269488995018,2.2049999237060547,0.0457308031618595,1.0527304347110367,1.1065386858331585,-0.05380825112212184
64098,ON=C1OCCS1,3.1055819534141067,5.369999885559082,4.390305042266846,2.2644179321449753,1.284723088852739,0.9796948432922363
64109,ON=c1cc[nH]nc1F,4.124423432623266,4.447000026702881,4.113598823547363,0.3225765940796146,0.010824609075902991,0.3117519850037116
64115,ONC(F)=S,3.5172759796754716,2.990999937057495,3.1497654914855957,0.5262760426179764,0.36751048818987586,0.15876555442810059
64136,OOC(O)(F)F,3.5696808032866274,4.114999771118164,2.136112689971924,0.5453189678315367,1.4335681133147036,-0.8882491454831669
64163,OOOC(F)P,3.060419941844038,2.1519999504089355,3.313007116317749,0.9084199914351023,0.25258717447371115,0.6558328169613912
64191,OP(O)c1ccccc1,1.349297934348973,2.5299999713897705,0.3355489075183868,1.1807020370407975,1.0137490268305862,0.16695301021021125
64219,OS(O)(O)C(F)F,2.2548899280859835,2.5299999713897705,2.687197685241699,0.27511004330378697,0.4323077571557157,-0.1571977138519287
64229,OSCCC(F)(F)F,3.8400694741709502,2.3329999446868896,1.863108515739441,1.5070695294840606,1.9769609584315093,-0.46989142894744873
64236,O[C@@H]1CO1,1.5575381923426892,1.909999966621399,1.6717844009399414,0.3524617742787097,0.11424620859725221,0.23821556568145752
64244,O[SiH2]CF,0.8914243767648168,3.4149999618530273,2.1905364990234375,2.5235755850882104,1.2991121222586206,1.2244634628295898
64275,Oc1cc(F)ncn1,2.267400361619619,3.1110000610351562,2.5709755420684814,0.8435996994155373,0.30357518044886245,0.5400245189666748
64361,On1ccc(F)c1,2.98313832669469,3.5899999141693115,2.5634970664978027,0.6068615874746217,0.4196412601968871,0.18722032727773463
64362,On1ccc(F)n1,3.087352205186992,2.5889999866485596,2.8517262935638428,0.49835221853843237,0.23562591162314916,0.2627263069152832
64368,P=P#CC1CO1,2.176679536875938,2.490000009536743,1.355020523071289,0.3133204726608052,0.8216590138046489,-0.5083385411438437
64378,PN=PC1CO1,2.065562093378962,2.7780001163482666,1.2016927003860474,0.7124380229693048,0.8638693929929144,-0.15143137002360962
64387,S=C(S)COCC(=S)S,0.4862926626312499,3.4110000133514404,1.7503702640533447,2.9247073507201904,1.264077601422095,1.6606297492980955
64401,S=C1C=COCC1,3.40462646096155,3.8420000076293945,3.1906001567840576,0.43737354666784434,0.21402630417749258,0.22334724249035176
64437,S=C1CN=CO1,1.790299421082071,2.556999921798706,2.236628293991089,0.766700500716635,0.4463288729090178,0.3203716278076172
64446,S=C1COCCS1,3.997961947784762,4.895999908447266,4.2300944328308105,0.8980379606625037,0.23213248504604866,0.6659054756164551
64452,S=C1CONP1,1.5601901764233546,2.250999927520752,1.049397587776184,0.6908097510973974,0.5107925886471705,0.18001716245022692
64462,S=C1CSC=N1,3.705073753034243,3.7950000762939453,3.915099620819092,0.08992632325970229,0.21002586778484877,-0.12009954452514648
64482,S=C1NCNCO1,5.870311888465137,6.300000190734863,6.8944783210754395,0.4296883022697262,1.0241664326103024,-0.5944781303405762
64484,S=C1NCNO1,5.9847341094416,6.281000137329102,6.11344575881958,0.29626602788750134,0.12871164937797985,0.16755437850952148
64485,S=C1NCO1,5.057134640816453,6.041999816894531,5.154560089111328,0.9848651760780784,0.09742544829487532,0.8874397277832031
64490,S=C1NN(S)CS1,4.67800378872617,5.589000225067139,4.8406267166137695,0.9109964363409686,0.16262292788759947,0.7483735084533691
64491,S=C1NNC(S)S1,4.970571823691989,4.614999771118164,3.724032402038574,0.35557205257382485,1.2465394216534147,-0.8909673690795898
64493,S=C1NNCO1,4.778832843796171,5.8470001220703125,5.418213844299316,1.0681672782741414,0.6393810005031453,0.4287862777709961
64504,S=C1OCOCO1,5.213608760762645,6.002999782562256,4.6644816398620605,0.7893910217996112,0.5491271209005841,0.24026390089902705
64524,S=C=NCCCN1CCOCC1,4.917241549442875,3.3289999961853027,2.8730273246765137,1.5882415532575722,2.0442142247663613,-0.45597267150878906
64534,S=CCSCC=S,3.2015537707136072,3.2669999599456787,2.610445976257324,0.06544618923207146,0.591107794456283,-0.5256616052242116
64538,S=COCCS,1.2110333252366248,4.14300012588501,2.753908395767212,2.931966800648385,1.5428750705305871,1.3890917301177979
64593,SC1=CPOC=C1,1.158452468686593,1.1670000553131104,0.8566171526908875,0.008547586626517445,0.30183531599570546,-0.293287729369188
64621,SC1COCO1,1.3677380385752893,1.1069999933242798,1.0070433616638184,0.2607380452510095,0.36069467691147095,-0.09995663166046143
64628,SC1N=CNO1,3.112336831090358,4.4710001945495605,2.7564051151275635,1.3586633634592027,0.3559317159627944,1.0027316474964083
64632,SC1NC=CO1,2.538593605604761,2.303999900817871,2.498882532119751,0.23459370478689,0.03971107348501013,0.19488263130187988
64660,SCC1NO1,2.4779855735014817,1.6440000534057617,1.563311219215393,0.83398552009572,0.9146743542860887,-0.08068883419036865
64665,SCCN1CCOCC1,2.5261715389170756,3.0339999198913574,0.7468868494033813,0.5078283809742818,1.7792846895136942,-1.2714563085394124
64669,SCOCS,1.3673352291115697,1.3359999656677246,1.482690453529358,0.031335263443845074,0.11535522441778823,-0.08401996097394315
64677,SCSc1cn[nH]n1,1.5744441388594432,1.1119999885559082,1.2687779664993286,0.46244415030353503,0.3056661723601146,0.1567779779434204
64696,SOC[C@@H]1CO1,3.0339158975247695,1.7669999599456787,0.9576863646507264,1.2669159375790908,2.076229532874043,-0.8093135952949524
64706,SSCOCSS,1.2966536336093706,4.080999851226807,0.856590747833252,2.7843462176174363,0.44006288577611863,2.344283331841318
64709,[11CH3]SC(=N)N,2.037401930451552,0.3409999907016754,2.3381338119506836,1.6964019397498764,0.30073188149913177,1.3956700582507446
64711,[13CH2]=[13CH][13C]#N,4.007868347774733,3.7209999561309814,4.152554988861084,0.28686839164375133,0.1446866410863512,0.14218175055740012
64712,[13CH3]C(=O)OC([13CH3])=O,3.932522493106608,5.192999839782715,3.6464364528656006,1.2604773466761068,0.2860860402410075,0.9743913064350993
64717,[13CH3]S([13CH3])=O,4.330683683776634,4.109000205993652,4.297853469848633,0.2216834777829817,0.03283021392800123,0.18885326385498047
64731,[15N]#[13C]S,3.5666449625133776,3.1389999389648438,3.4772417545318604,0.42764502354853384,0.08940320798151724,0.3382418155670166
64742,[18F]CS,1.774125478875452,1.965000033378601,1.959733963012695,0.19087455450314916,0.18560848413724318,0.005266070365905984
64746,[1H]C([1H])([1H])C([1H])([1H])C#N,4.10292336644408,3.815999984741211,4.05571174621582,0.28692338170286913,0.047211620228259754,0.23971176147460938
64755,[2H]C(=O)N([2H])C([2H])([2H])[2H],4.052436894050377,4.353000164031982,4.113572120666504,0.30056326998160543,0.061135226616126914,0.23942804336547852
64759,[2H]C(=O)NN,2.5307041006932676,3.1600000858306885,5.04918909072876,0.6292959851374209,2.518484990035492,-1.8891890048980713
64768,[2H]C(C)C#N,4.102869052609132,3.819999933242798,4.057625770568848,0.2828691193663344,0.045243282040284605,0.2376258373260498
64798,[2H]C([2H])([2H])C(=O)C([2H])([2H])[2H],3.051339583379971,3.3510000705718994,3.0630733966827393,0.2996604871919284,0.011733813302768237,0.28792667388916016
64799,[2H]C([2H])([2H])C(=O)OC,1.882254201817416,2.2039999961853027,1.8798640966415403,0.32174579436788675,0.0023901051758756786,0.31935568919201107
64808,[2H]C([2H])([2H])OC(=O)Cl,2.915733350676595,3.181999921798706,2.8035616874694824,0.2662665711221113,0.11217166320711236,0.1540949079149989
64810,[2H]C([2H])([2H])OC([2H])([2H])[2H],1.406360967377339,1.5779999494552612,1.401766300201416,0.17163898207792228,0.00459466717592294,0.16704431490199934
64814,[2H]C([2H])([2H])Oc1cc(Cl)ccc1C,2.025278344914038,2.1010000705718994,2.206491708755493,0.0757217256578615,0.18121336384145525,-0.10549163818359375
64817,[2H]C([2H])([2H])Oc1ccc(Br)cn1,1.3395633930174753,3.4019999504089355,1.6736884117126465,2.06243655739146,0.3341250186951712,1.7283115386962888
64839,[2H]C1(CCl)CO1,2.793778221515375,3.065000057220459,2.3570590019226074,0.27122183570508396,0.4367192195927676,-0.16549738388768365
64850,[2H]C1C=COC1=S,4.189353296333247,4.988999843597412,4.3736748695373535,0.7996465472641647,0.18432157320410614,0.6153249740600586
64855,[2H]C1COP(=O)(Cl)O1,5.785079786988798,5.547999858856201,6.1606950759887695,0.23707992813259704,0.3756152889999713,-0.13853536086737428
64857,[2H]C1ON=PC1([2H])[2H],3.7776548967662023,3.433000087738037,3.894270658493042,0.34465480902816514,0.11661576172683974,0.2280390473013254
64865,[2H]CC(C)=O,3.051320473719717,3.38100004196167,3.0765445232391357,0.3296795682419531,0.025224049519418923,0.3044555187225342
64872,[2H]CCOC=O,2.0291773080072675,2.38700008392334,2.04154896736145,0.35782277591607237,0.012371659354182718,0.34545111656188965
64879,[2H]CS(C)=O,4.330658638039022,4.125,4.275069236755371,0.20565863803902218,0.055589401283651085,0.1500692367553711
64895,[2H]NC(=O)OC,2.43945179050874,2.8540000915527344,2.5560073852539062,0.41454830104399454,0.11655559474516641,0.2979927062988281
64921,[2H]SC#N,3.5666382812833732,3.1070001125335693,3.4717471599578857,0.4596381687498039,0.09489112132548749,0.3647470474243164
64925,[2H][Si]([2H])(OC)OC,1.8174519211908655,1.812999963760376,1.2857067584991455,0.004451957430489539,0.53174516269172,-0.5272932052612305
64935,[3H]C(=S)OC,2.2916266409464376,2.871999979019165,2.764223098754883,0.5803733380727274,0.47259645780844517,0.10777688026428223
64938,[3H]C(C)F,2.077914079739976,2.365000009536743,2.0270845890045166,0.28708592979676695,0.050829490735459615,0.23625643906130733
64945,[3H]C1CCO1,2.1119216721665155,2.121000051498413,1.9937254190444944,0.00907837933189759,0.11819625312202109,-0.1091178737901235
64949,[3H]C=CC(C)=O,3.3419067422899342,3.634999990463257,3.047762632369995,0.2930932481733226,0.2941441099199391,-0.0010508617466165049
64960,[3H]CO[Si](C)(C)OC[3H],1.6923463855130267,1.6059999465942383,0.8532129526138306,0.08634643891878846,0.8391334328991962,-0.7527869939804077
64963,[3H]CSC,1.637505144297995,2.4570000171661377,1.760426640510559,0.8194948728681426,0.12292149621256399,0.6965733766555786
64967,[3H]N=CC(=O)OC,2.819038555626808,3.0,1.7681618928909302,0.18096144437319195,1.0508766627358779,-0.8699152183626859
64978,[3H]OSCCF,1.659610939604453,1.7589999437332153,1.1483534574508667,0.09938900412876239,0.5112574821535862,-0.41186847802482385
64983,[3H]P([3H])COC,1.3055114798168537,0.8410000205039978,1.9048445224761963,0.46451145931285587,0.5993330426593426,-0.13482158334648675
64984,[3H]PC(N)=O,3.785824191801229,3.7079999446868896,3.536057233810425,0.07782424711433933,0.24976695799080417,-0.17194271087646484
64986,[3H]S(=O)CC#N,5.1974121837986536,4.789000034332275,3.743452310562134,0.40841214946637816,1.4539598732365198,-1.0455477237701416
65008,[C-]#[N+]CCC(=O)OC,4.288167279498668,2.2820000648498535,5.280840873718262,2.0061672146488148,0.9926735942195934,1.0134936204292213
65011,[C-]#[N+]CCCOC(C)C,3.2344226237090523,2.5409998893737793,3.5742528438568115,0.693422734335273,0.3398302201477592,0.3535925141875138
65014,[C-]#[N+]CCN1CCOCC1,3.811533434440662,3.7909998893737793,2.227619886398315,0.020533545066882652,1.583913548042347,-1.5633800029754643
65023,[C-]#[N+]CS(C)(=O)=O,3.441749490437161,3.4210000038146973,3.449921131134033,0.020749486622463564,0.008171640696872373,0.012577845925591191
65025,[C-]#[N+]N=CSC,6.369178739229968,2.7309999465942383,4.902289867401123,3.6381787926357294,1.4668888718288446,2.1712899208068848
65033,[C-]1=[O+]CCN1,4.707317170795817,4.019999980926514,4.69704532623291,0.6873171898693036,0.010271844562907084,0.6770453453063965
65057,[N-]=[N+]=NC(=O)F,1.824933240891904,1.7890000343322754,1.4924297332763672,0.035933206559628506,0.3325035076155367,-0.2965703010559082
65059,[N-]=[N+]=NC(=O)N[SiH3],3.5514864632584224,3.9809999465942383,2.423832416534424,0.42951348333581585,1.1276540467239986,-0.6981405633881828
65062,[N-]=[N+]=NC(F)(F)F,0.8891336002645843,1.1490000486373901,0.9505100846290588,0.2598664483728058,0.061376484364474515,0.1984899640083313
65075,[N-]=[N+]=NCO[SiH3],1.3450411837032383,2.2960000038146973,1.9339803457260132,0.9509588201114589,0.5889391620227749,0.3620196580886841
65083,[O-][N+]#CCF,3.3234686536306226,3.443000078201294,3.7941935062408447,0.11953142457067134,0.4707248526102221,-0.3511934280395508
65084,[O-][N+]#CCl,3.224171158626096,3.5980000495910645,3.340834617614746,0.3738288909649685,0.11666345898865016,0.25716543197631836
65102,[O-][P+]1=CC=COO1,7.275809913549652,4.327000141143799,4.557430744171143,2.948809772405853,2.718379169378509,0.23043060302734375
65105,[O-][PH+](O)C(F)(F)F,4.150033124900126,3.3519999980926514,1.64784836769104,0.798033126807475,2.5021847572090863,-1.7041516304016113
65108,[SiH2]=C1CO1,1.6570644807296024,2.822999954223633,1.600934624671936,1.1659354734940304,0.056129856057666405,1.109805617436364
65113,[SiH3]C1OO1,2.629574731695568,3.256999969482422,2.466172218322754,0.6274252377868539,0.16340251337281408,0.4640227244140398
65116,[SiH3]OC(Cl)Br,2.833761068098541,4.045000076293945,2.455613374710083,1.2112390081954043,0.378147693388458,0.8330913148069463
65121,[SiH3]OCc1ccco1,0.4896706608966217,1.4520000219345093,0.849524974822998,0.9623293610378876,0.35985431392637635,0.6024750471115112
65125,[SiH3][SiH2]C1=CCCCO1,2.149326176060715,1.4620000123977661,1.7957124710083008,0.6873261636629491,0.3536137050524144,0.33371245861053467
