domain_index,D,fusion_score,true_rank,predicted_rank
0,2.0613320526617955,0.2219371074597363,3111.0,3189.0
3,3.663559479647896,0.5412332719697937,1555.0,1850.0
21,2.749952287498566,0.4697446195834858,2446.0,2168.0
23,1.3562628946998407,0.0828727626942889,3618.0,3749.0
40,0.955042679176114,0.1236568397639345,3827.0,3600.0
42,1.5514473943247706,0.1591882881058421,3497.0,3463.0
46,0.9390838491891504,0.0641388414600779,3837.0,3802.0
54,2.2523282873137767,0.1932166600953495,2902.0,3308.0
71,1.4231307746147273,0.2082030857706954,3577.0,3248.0
91,0.7283073685677272,0.0500121060272451,3902.0,3853.0
111,2.1849516728279186,0.1524613583325514,2969.0,3484.0
122,1.0368947643742217,0.1759404758833079,3798.0,3386.0
123,2.7555920182297684,0.240095437802478,2443.0,3102.0
128,1.3713378124298032,0.1875211490889549,3602.0,3337.0
131,2.192466846334219,0.4717030667847547,2960.0,2161.0
134,2.0989944972889987,0.4083452674004709,3063.0,2402.0
147,3.5918129315513307,0.3229028685869022,1632.0,2746.0
149,2.764727291113738,0.2500936962138272,2432.0,3058.0
152,1.3072683960348432,0.203357250452123,3652.0,3268.0
155,2.604470148786796,0.3189040462344378,2586.0,2765.0
156,2.7338869439997,0.2970070078947977,2463.0,2853.0
158,2.522670114817592,0.1939992326672622,2643.0,3302.0
175,2.269212377811426,0.2893434842472065,2881.0,2889.0
176,2.883983459869682,0.429035047274363,2311.0,2327.0
178,3.680051118031249,0.6132487047144344,1530.0,1521.0
202,3.983984504870082,0.6931648644274575,1244.0,1184.0
216,3.816029036614196,0.6786705695093289,1405.0,1243.0
228,2.9708358727744555,0.5766698042674316,2231.0,1692.0
235,3.327977374800323,0.5754346483643471,1888.0,1697.0
249,2.071731879549048,0.2548348239714505,3095.0,3041.0
251,4.008960863501754,0.7059835794038227,1214.0,1136.0
283,4.278533432707063,0.8290405292244237,978.0,592.0
294,2.4322811092826493,0.3494128213892314,2733.0,2629.0
375,3.889954116251849,0.7343670703152854,1348.0,1000.0
376,3.889913513069274,0.7346629397570421,1350.0,996.0
379,1.540982609020364,0.0776616772384823,3503.0,3766.0
414,3.1636090564372994,0.5293725677993466,2022.0,1902.0
430,4.968218731428469,0.6025899181098631,503.0,1578.0
445,3.8923467910406377,0.5336408413575263,1343.0,1881.0
452,4.963888546341249,0.6549748083588411,504.0,1359.0
476,1.767388269445887,0.1432113369517139,3344.0,3518.0
487,2.2458804114159023,0.3530233664135536,2909.0,2617.0
493,1.7438670026808314,0.1699808578962127,3361.0,3405.0
514,2.9248128713335726,0.6985293872062746,2277.0,1164.0
538,2.968477186296131,0.4864698599925188,2236.0,2090.0
558,2.4757275050290253,0.2148310979191647,2685.0,3216.0
571,5.410167138312812,0.7116169735401067,323.0,1110.0
658,2.038767079838707,0.2013076068510681,3134.0,3277.0
659,3.3062700293143195,0.3908559425298993,1909.0,2465.0
679,3.301195113912591,0.7226827050494071,1916.0,1050.0
681,2.7071615327685277,0.3552794334903014,2491.0,2603.0
742,4.546247868502592,0.6166848246029919,747.0,1508.0
745,4.02606133040497,0.5053398817103507,1195.0,2003.0
746,1.4068415290310776,0.3839388199014569,3586.0,2494.0
747,1.7654007852396711,0.4343420107335488,3346.0,2305.0
753,5.893743401517861,0.6542095860740078,198.0,1361.0
762,6.116221743014342,0.8737854744802345,141.0,426.0
783,4.059562542684679,0.7863164164989334,1162.0,757.0
794,4.346910599364441,0.6576638128369958,919.0,1346.0
798,3.4090444483539613,0.6077094420121094,1815.0,1558.0
840,3.538622275531906,0.5798574926948442,1692.0,1680.0
860,3.4427272429844606,0.7066996570109656,1777.0,1132.0
863,2.3678785424858337,0.4861321462918183,2802.0,2093.0
872,3.348381886451556,0.6438215289230667,1869.0,1400.0
878,3.092899717969087,0.5215396326397235,2093.0,1940.0
892,1.8192590623158544,0.0814088235044422,3308.0,3751.0
899,0.6705482079511959,0.1347104685906206,3911.0,3553.0
902,2.112161076005031,0.1841991301741691,3045.0,3356.0
909,0.5329473307720045,0.1267817465309435,3940.0,3585.0
913,1.3380482797272526,0.2042958121820272,3637.0,3261.0
916,2.8081021446026733,0.5029558790754622,2390.0,2016.0
947,2.193613341707203,0.3623220171476307,2957.0,2573.0
949,3.1998607159636436,0.4951813020149057,1987.0,2051.0
965,3.6444625866913585,0.6304225083980083,1577.0,1456.0
999,4.147115265860808,0.7814929247549989,1085.0,782.0
1003,1.5257544030162942,0.0503193089391352,3511.0,3850.0
1020,4.483979152885899,0.6217714729796273,803.0,1490.0
1044,3.0793055159789704,0.6027098759755558,2113.0,1577.0
1069,3.961257086154425,0.8160931458337631,1259.0,640.0
1093,3.891538122982058,0.7420399906363881,1344.0,962.0
1094,3.712002318331968,0.7283214484442954,1500.0,1027.0
1118,3.31342873329668,0.7460938273045359,1900.0,944.0
1120,3.5674568743630672,0.7199733825455823,1661.0,1068.0
1161,4.439539469451334,0.6639593626030276,834.0,1316.0
1162,2.898137823662443,0.5707378066059369,2303.0,1719.0
1171,1.4293300159142963,0.0515410415140536,3571.0,3844.0
1208,1.1585069848348484,0.0255530141621934,3739.0,3936.0
1244,1.9057379410877024,0.2236599251931788,3242.0,3176.0
1260,1.3759284607447697,0.3027124191515573,3601.0,2827.0
1311,2.1091369925441183,0.282616172665574,3051.0,2926.0
1326,3.5482722953045185,0.6271115135052487,1681.0,1469.0
1360,2.3676002071282554,0.2996561201823296,2803.0,2841.0
1388,2.355190590267937,0.3254581180511796,2817.0,2734.0
1396,1.2700957842337417,0.1180319115073425,3673.0,3618.0
1397,3.94524883290285,0.6479210102708561,1275.0,1379.0
1475,2.9456479208381965,0.6263927858040651,2254.0,1475.0
1494,3.7092084369737575,0.5102696768761994,1503.0,1984.0
1496,3.932149073479265,0.6084976473488407,1299.0,1553.0
1500,2.201589100597866,0.0701646721321892,2952.0,3789.0
1519,4.109590499337687,0.6854225630720195,1112.0,1216.0
1536,3.4742216947773232,0.6096823150913968,1755.0,1548.0
1541,3.5405635343935447,0.5504020938350559,1691.0,1801.0
1578,1.4558931012113736,0.0524540998149461,3549.0,3842.0
1587,2.967549589114083,0.4298289426124653,2238.0,2319.0
1610,2.9567488417232113,0.3509871998831171,2250.0,2624.0
1612,5.201295004784949,0.722889308110696,403.0,1048.0
1631,2.5418071253934564,0.3421214740974312,2627.0,2670.0
1691,1.8975675067837432,0.0933307210885235,3249.0,3707.0
1744,0.9332779270767934,0.0293621444132925,3841.0,3925.0
1758,2.2934903026089373,0.3116171261292369,2868.0,2800.0
1797,2.7532133071901,0.4962338531156496,2444.0,2042.0
1817,1.319824939742199,0.1244989742532445,3646.0,3593.0
1882,3.3265694466500775,0.5939411501222194,1889.0,1618.0
1925,3.6381327703890953,0.6730380950056787,1584.0,1271.0
1983,3.8915168552349497,0.7320026426382218,1345.0,1010.0
2025,3.616903045101389,0.7143926211709771,1603.0,1097.0
2044,3.724876786713376,0.8388546692099276,1488.0,539.0
2105,4.020821987200803,0.5567048616205218,1199.0,1775.0
2109,3.74459652538354,0.5844471297820282,1471.0,1659.0
2123,4.011881410901276,0.5789004904127751,1210.0,1684.0
2132,2.776097951915855,0.6322200024679062,2419.0,1446.0
2146,3.8526056584977297,0.3704483679971501,1378.0,2537.0
2231,2.2589422265957992,0.1801056406555352,2894.0,3373.0
2232,3.846198608311855,0.5915030302410615,1385.0,1629.0
2249,6.109420192151688,0.9475980321089708,142.0,176.0
2260,5.448649119703582,0.7114790974648909,314.0,1111.0
2278,4.553520381743616,0.8683953504787305,742.0,445.0
2283,4.367604171789597,0.9006487989393616,904.0,320.0
2360,2.191001314352493,0.3218985869780706,2962.0,2750.0
2371,4.288484280691898,0.6612967402192855,974.0,1327.0
2432,1.3648483419403754,0.0808817377492741,3609.0,3752.0
2444,3.922448620156887,0.6721554627339836,1308.0,1275.0
2456,2.404956355440404,0.2651510222961849,2766.0,2998.0
2575,2.0936362667173043,0.1711683041963765,3069.0,3402.0
2599,2.5821214127072296,0.111341176315544,2605.0,3641.0
2662,3.435817453011029,0.6470786123283183,1790.0,1381.0
2785,3.120819240679602,0.7782200319793743,2062.0,802.0
2788,3.060673703499236,0.5118882637516353,2131.0,1977.0
2849,4.29285948143508,0.7252254963520637,970.0,1040.0
2854,3.167856915576966,0.5462888643638983,2016.0,1827.0
2863,2.7475296832136067,0.3627994751903838,2448.0,2571.0
2923,1.692862837855371,0.1683906470336637,3403.0,3416.0
2932,3.619229914630533,0.4556194401233037,1599.0,2220.0
2952,1.081547464883005,0.0198421068225466,3772.0,3955.0
2953,1.954956457364168,0.1481595535320373,3206.0,3498.0
2976,7.60943905947381,0.9963809826552272,17.0,7.0
2985,6.698970253061231,0.9850449863726958,61.0,41.0
2993,5.440910529238522,0.9496018115989312,315.0,170.0
3103,2.1791044417096805,0.231499217690008,2974.0,3139.0
3140,2.4330602966639603,0.2231277377922308,2730.0,3179.0
3142,3.1016765178982872,0.5048990962284873,2084.0,2008.0
3146,2.844391019459639,0.3973953370395234,2356.0,2436.0
3363,4.669904491628242,0.7877377439760589,676.0,750.0
3371,1.2015354862935832,0.0594176165803242,3718.0,3814.0
3372,4.098262399464989,0.873544525986243,1128.0,427.0
3390,2.062924305685883,0.2964501191412426,3106.0,2858.0
3421,3.7254587726609,0.6711231847564596,1487.0,1282.0
3516,3.903259154060072,0.6892236029180419,1333.0,1206.0
3554,4.171485223354061,0.7290035961433754,1063.0,1024.0
3568,2.3283973406881513,0.2017677132570784,2841.0,3276.0
3611,4.385031445892017,0.8382970564564673,888.0,542.0
3616,4.4305103326411555,0.8819567568921155,842.0,392.0
3642,4.511253216575447,0.8199481463721696,777.0,625.0
3655,3.181576966136382,0.5390904101835299,2000.0,1858.0
3721,3.8416309507843143,0.741454831578561,1386.0,966.0
3757,1.3209760021608044,0.095400316269022,3645.0,3694.0
3820,4.328984836024019,0.8747904581420843,939.0,419.0
3920,4.40862442891286,0.8924194844641913,861.0,344.0
3931,3.26846133859947,0.4368628007120551,1941.0,2297.0
3945,2.5298998813363296,0.2928325306705985,2637.0,2872.0
3950,3.788360205387987,0.6370240101768888,1423.0,1423.0
4023,3.1112122369916264,0.7308697784754676,2071.0,1017.0
4024,3.619859670033505,0.6723023564157009,1598.0,1274.0
4029,5.22943475008688,0.8245789437791831,377.0,610.0
4056,3.3226932596705168,0.5177060871807045,1894.0,1956.0
4100,2.596131307203192,0.2137389119791616,2591.0,3223.0
4112,2.466743732947678,0.2612999864543025,2694.0,3015.0
4206,0.356986420332577,0.1444110704242897,3970.0,3513.0
4211,5.385004013421203,0.7978240155941485,333.0,709.0
4293,2.279497528909467,0.1873320364240769,2877.0,3338.0
4364,2.6171174226958627,0.3244779779630044,2567.0,2738.0
4375,3.710036370671552,0.6954482102820221,1502.0,1174.0
4376,3.664690381779058,0.6272086212333545,1554.0,1468.0
4398,1.6179149948449074,0.0652111500790425,3451.0,3800.0
4415,1.619598622357381,0.1054601023647481,3449.0,3658.0
4421,2.5639360981266233,0.2377926696638866,2618.0,3113.0
4430,1.8630239903720431,0.301964913353126,3271.0,2831.0
4443,2.092143316277575,0.1632209938097857,3071.0,3445.0
4466,4.228583734489057,0.7747159026225164,1009.0,822.0
4477,4.099666366088916,0.6746606218860745,1126.0,1263.0
4478,3.668404679622049,0.6256536867291835,1547.0,1481.0
4479,3.353864440421724,0.576162036042936,1862.0,1694.0
4484,1.9150184654696865,0.21378248267232,3239.0,3222.0
4485,1.7925587044532687,0.2538849518766996,3323.0,3044.0
4497,3.5909778807352555,0.5900329782953773,1634.0,1639.0
4565,3.610678551188616,0.6860347115858406,1610.0,1214.0
4585,3.685222781672852,0.635959257124898,1528.0,1432.0
4586,2.99977404516438,0.3413602560362825,2196.0,2673.0
4595,4.370302134332643,0.7437351159799062,902.0,955.0
4599,3.625435126177029,0.6085368820156576,1592.0,1552.0
4616,1.363041453363134,0.2522197371301786,3612.0,3049.0
4638,1.0720538966066429,0.0416152516533749,3778.0,3885.0
4641,4.392829169168219,0.5881316969244158,882.0,1644.0
4658,0.4709282042156618,0.1773114654303973,3953.0,3383.0
4682,1.7179909024374966,0.1439114873156164,3384.0,3514.0
4700,4.957508522790444,0.735871708094858,509.0,993.0
4706,3.376824849439077,0.5625826132017562,1848.0,1755.0
4716,2.1721532672766455,0.1914043403569446,2981.0,3318.0
4791,1.3133196051291678,0.1370278575497149,3649.0,3544.0
4811,1.6655558037913227,0.0534418261044899,3418.0,3838.0
4827,1.7651626852760542,0.1092402799287791,3347.0,3643.0
4861,2.065232830655485,0.1348365883234659,3102.0,3552.0
4945,4.459707119905409,0.8558469972761498,822.0,494.0
5027,1.2229304212984764,0.2020040708505911,3702.0,3274.0
5056,2.585077851565992,0.3464467762445073,2601.0,2644.0
5073,1.8634074027471583,0.1044547260156766,3270.0,3665.0
5078,2.2636361273862295,0.5227999323626342,2888.0,1934.0
5121,1.1524699635080005,0.1299003861998602,3748.0,3573.0
5136,1.5201483945777672,0.0726975948368111,3516.0,3779.0
5168,3.519783909779936,0.6765660856745018,1710.0,1253.0
5177,1.6797281601219678,0.193615415790094,3411.0,3306.0
5199,1.6405668895550862,0.0966646718211209,3434.0,3692.0
5231,3.7913638859743974,0.6846979873214285,1421.0,1220.0
5247,3.518028660611196,0.3600309539815617,1712.0,2579.0
5287,2.6781263976780583,0.1813282337119507,2511.0,3369.0
5293,1.9587218453263309,0.1943941677434419,3200.0,3297.0
5323,5.8980137531349,0.7077996583382415,196.0,1129.0
5336,2.401836936576868,0.1326600759933745,2769.0,3560.0
5362,1.4102192877687016,0.4235223595270636,3582.0,2348.0
5391,3.000722740244084,0.3392459246130265,2194.0,2682.0
5401,4.396129023857638,0.5090906387644268,878.0,1992.0
5404,2.0200373501724727,0.1683050348751828,3147.0,3417.0
5420,3.386224420736028,0.5113671199326005,1842.0,1979.0
5425,2.1028321466376703,0.4446349243893651,3059.0,2264.0
5434,2.386833139264391,0.5481120949406975,2785.0,1817.0
5452,3.528095467380993,0.5478917437162553,1703.0,1819.0
5476,5.530338965508287,0.8158167772183769,289.0,642.0
5483,4.791800667016292,0.8850963496874924,597.0,375.0
5523,2.5387247264263393,0.6178194314296261,2628.0,1502.0
5524,2.3946100119301525,0.152345147311016,2774.0,3486.0
5537,2.6738435423524023,0.4731233769785789,2516.0,2153.0
5538,3.160182113597228,0.3830111464108993,2027.0,2499.0
5630,1.5694589367025296,0.087620003420878,3477.0,3727.0
5639,2.2569222315424207,0.2313540506574806,2899.0,3141.0
5665,2.493251205147997,0.5063570989090462,2671.0,1999.0
5681,3.4110628653026613,0.5094515864100464,1810.0,1989.0
5683,0.8332144026386418,0.2862717263365782,3873.0,2910.0
5729,2.6982708493736287,0.4927443331416505,2497.0,2061.0
5736,3.923318036714664,0.7569267671582365,1307.0,900.0
5738,2.7403888262004066,0.4088729226305304,2455.0,2401.0
5740,2.7564789610150315,0.6366736282805873,2442.0,1428.0
5745,3.669074461863727,0.3447672624549792,1544.0,2658.0
5749,3.305904221844155,0.5573557419842418,1910.0,1772.0
5750,4.2287245024537246,0.642987486687361,1008.0,1405.0
5752,1.2723964150215608,0.0674588024125992,3671.0,3797.0
5757,2.958252994928563,0.3441329402483227,2248.0,2662.0
5775,2.0621918664097896,0.2250973464982613,3109.0,3171.0
5785,3.549264999745392,0.6124600214265503,1678.0,1530.0
5789,3.4505591262707203,0.6329619087065429,1769.0,1440.0
5814,2.687033459075208,0.5683725138434252,2504.0,1733.0
5828,3.90637019932642,0.7409816057957008,1327.0,969.0
5878,1.643173993927768,0.3599348256588692,3432.0,2580.0
5880,1.8960454714342332,0.14102190348548,3250.0,3530.0
5887,1.4853386687999397,0.079231342940177,3532.0,3761.0
5913,2.2594634306188515,0.1737098428120657,2893.0,3390.0
5914,2.011957055470015,0.0995663963635127,3153.0,3685.0
5923,4.333728242996219,0.849273163070529,933.0,513.0
5947,0.0001684244839298,0.0596150998504185,3997.0,3812.0
5956,3.1412394716545124,0.5145895937246828,2043.0,1966.0
5957,3.889929118957006,0.7345741308179419,1349.0,998.0
5966,0.7844506645878909,0.0248593310785479,3885.0,3939.0
5980,6.459767761455442,0.9901393108977852,92.0,24.0
6055,1.4252771951591574,0.0781552686321744,3573.0,3764.0
6079,3.889909272089593,0.7313351032510519,1351.0,1015.0
6085,2.040592731876755,0.1595173947415524,3130.0,3460.0
6086,1.4714579781127268,0.1670120900139175,3541.0,3423.0
6093,2.6395750811482244,0.3199619320671515,2531.0,2760.0
6116,4.115617138623247,0.9622877254078152,1109.0,121.0
6121,4.978805041426134,0.627619309044599,497.0,1465.0
6183,1.971345698525607,0.2116886236555618,3186.0,3232.0
6200,3.95023243608238,0.4732753485757953,1272.0,2152.0
6202,2.164625566080095,0.2357655512822938,2987.0,3122.0
6223,2.8010378771099433,0.2172455263589421,2393.0,3205.0
6226,1.9007620820347888,0.1366850019085614,3246.0,3546.0
6229,1.0347512124525209,0.0585748177503901,3800.0,3817.0
6240,1.3257924007003166,0.053848640823549,3642.0,3837.0
6258,1.977965808881768,0.1850726794209086,3183.0,3351.0
6262,1.0056570298149308,0.0425477875745073,3809.0,3880.0
6280,1.4517275265766618,0.0953457679580498,3553.0,3695.0
6319,2.265630090173808,0.1388125920470169,2885.0,3539.0
6327,4.604713575882245,0.738405376766897,709.0,978.0
6342,1.612987209422491,0.2787844178991552,3455.0,2945.0
6345,2.327469800956992,0.2938386382792602,2842.0,2868.0
6355,2.4268091044471967,0.2954426888871503,2742.0,2863.0
6368,2.4224694537177234,0.2262856662150811,2750.0,3167.0
6369,3.783469280388049,0.7264088631391863,1427.0,1035.0
6385,1.1176292760618594,0.0474052479061223,3760.0,3867.0
6391,1.6047300080112337,0.0548622702953414,3457.0,3830.0
6401,2.4547384541154735,0.1459224129208199,2706.0,3508.0
6402,0.763948958090002,0.0513574697869764,3890.0,3846.0
6409,1.3431475370057548,0.076733662813714,3629.0,3771.0
6425,2.9803535338165923,0.5689052547273201,2217.0,1728.0
6433,1.846575927868869,0.0585098952179407,3288.0,3819.0
6454,1.3076312823583278,0.0940995638315839,3651.0,3700.0
6466,1.1928857467417482,0.2521299626916022,3723.0,3050.0
6468,1.4859630118043752,0.0851525335537964,3531.0,3743.0
6479,1.1440325477173594,0.0326022490378893,3753.0,3914.0
6481,0.8914730293177834,0.0297822694630236,3855.0,3924.0
6486,0.8132939575657961,0.0397296099232346,3879.0,3891.0
6507,2.049276973606537,0.2918630149395709,3121.0,2880.0
6510,3.418480568591862,0.28887700452964,1806.0,2894.0
6529,3.129095831201548,0.4140158519135756,2053.0,2384.0
6533,2.6211777501052604,0.4338588624829476,2559.0,2307.0
6539,1.9702464525734389,0.1410664578357037,3189.0,3529.0
6546,2.915542715102275,0.363361298141153,2282.0,2570.0
6548,2.016955742612506,0.1688427402515773,3150.0,3413.0
6554,1.6164270103082532,0.1009717911872645,3452.0,3681.0
6559,1.991065111868339,0.2699627516007311,3168.0,2976.0
6571,0.8537847205003127,0.1868275750434698,3868.0,3343.0
6611,3.102601602020903,0.4867749903259725,2083.0,2088.0
6618,4.01488478663786,0.7551702115295837,1205.0,912.0
6620,3.553112913899388,0.568845994294364,1673.0,1729.0
6625,1.8624969780545593,0.2322169892458447,3274.0,3136.0
6627,2.312004328591066,0.2278490051352405,2858.0,3159.0
6628,3.0450672474520633,0.3512489436600067,2145.0,2622.0
6632,2.429212537487979,0.3572524887471667,2737.0,2594.0
6643,2.447269308109359,0.3305427381230791,2716.0,2718.0
6657,2.2101411134555633,0.1939836675255619,2940.0,3303.0
6660,2.9089601341698175,0.4156535763863701,2292.0,2376.0
6665,3.4052617277185737,0.5929978854240132,1824.0,1623.0
6671,1.5671648862519616,0.1053802717665923,3481.0,3659.0
6675,2.7869040028396466,0.2391938424161034,2409.0,3108.0
6678,1.448548727088632,0.1527739413760414,3558.0,3483.0
6682,2.9784321250009813,0.4293416621703214,2221.0,2323.0
6694,2.2372625494014753,0.370679099824466,2920.0,2535.0
6707,2.871628843936604,0.4771192689134053,2325.0,2135.0
6712,2.447958309643376,0.2979075864735998,2714.0,2849.0
6735,3.3121854835159534,0.5333229256107019,1902.0,1884.0
6739,1.835791880328489,0.1916121104606885,3297.0,3317.0
6740,1.712407685545433,0.2460523166226085,3386.0,3078.0
6748,2.4450685348753636,0.3382376881992632,2719.0,2686.0
6752,3.0610513704333986,0.5028368145678581,2129.0,2018.0
6753,3.1448156726050587,0.5394544279795246,2041.0,1857.0
6757,2.16989213492345,0.2540698962471092,2984.0,3043.0
6764,1.441984101433489,0.1038499340734378,3562.0,3670.0
6786,1.2318828670337307,0.3445643264146923,3696.0,2660.0
6798,3.617842737127849,0.7822735863867833,1601.0,775.0
6806,3.48904219380756,0.6998566976609981,1739.0,1161.0
6812,4.078282368598779,0.7739488298056276,1143.0,827.0
6818,1.253741078574248,0.2395017344823332,3685.0,3106.0
6853,5.021436381685159,0.689754849505235,476.0,1202.0
6857,2.430084038058482,0.5845220748051294,2736.0,1658.0
6868,5.300306183666908,0.9562107661010912,366.0,138.0
6872,1.8412537043576815,0.2141418764768548,3294.0,3219.0
6877,5.096391516247666,0.9069912788139116,446.0,301.0
6886,2.171063630807407,0.31427063725813,2982.0,2787.0
6903,5.214294266882166,0.7851884256400898,387.0,762.0
6904,5.065112909881495,0.9340190504957604,459.0,221.0
6910,3.846774157485173,0.7525619739197884,1384.0,919.0
6925,2.8152529094420102,0.5733502114650494,2382.0,1707.0
6937,0.4550779320211269,0.0307462955226351,3957.0,3921.0
6939,1.7708753322836102,0.2993929777380037,3342.0,2842.0
6941,4.494726064621623,0.5317795330439816,792.0,1892.0
6952,2.115564532483801,0.2603082841831727,3037.0,3019.0
6956,2.337519105422468,0.3413025089795837,2831.0,2674.0
6971,3.668958085452267,0.4828004778930126,1545.0,2110.0
6979,2.7377988434157476,0.4509548079518275,2458.0,2237.0
7024,2.328881544733942,0.3269915950273686,2840.0,2727.0
7074,2.638145457499753,0.087347131754868,2533.0,3730.0
7107,0.6000542443062868,0.2868342210723151,3931.0,2904.0
7157,2.4459463777302455,0.1660133883254466,2718.0,3428.0
7160,1.467469221414854,0.0479466129149487,3545.0,3862.0
7161,2.164635074195646,0.158849913287354,2986.0,3467.0
7164,2.8336300828493672,0.6706391351627182,2368.0,1283.0
7170,2.104019249486506,0.2641479189725592,3057.0,3003.0
7185,2.615842836749988,0.068137229853911,2568.0,3795.0
7186,3.3998031987015356,0.6126840922343635,1834.0,1526.0
7187,2.8124302668590726,0.0881698721479195,2386.0,3726.0
7195,4.583319676601233,0.7712421812946133,723.0,838.0
7249,3.952050768664318,0.7580706815891505,1269.0,895.0
7250,5.526792770673598,0.8815351926388709,292.0,394.0
7269,2.382930967089008,0.2408380806591679,2790.0,3100.0
7285,4.125020526272934,0.781664392707742,1102.0,779.0
7312,3.687219261642497,0.5671939519541276,1527.0,1742.0
7320,4.107747406755961,0.8437292898526799,1115.0,525.0
7332,2.8555643122076924,0.4579114114341708,2343.0,2216.0
7334,2.792325510042088,0.3315418904089285,2400.0,2717.0
7378,3.547081263062186,0.5543314950830553,1684.0,1789.0
7388,2.27700528481239,0.1774922765158562,2878.0,3382.0
7406,2.7757409574295937,0.262152717412586,2420.0,3013.0
7413,3.3535150878787694,0.5312106606001813,1864.0,1897.0
7422,3.4408717823801,0.5353222731060427,1784.0,1870.0
7455,1.9706809782611237,0.2187583195745288,3188.0,3200.0
7501,1.1476534307870712,0.1771221421390669,3752.0,3384.0
7511,1.3526226817566278,0.1502832277073295,3622.0,3488.0
7521,2.388601888898235,0.4866875915578423,2782.0,2089.0
7546,4.121171732376462,0.4419202810039372,1106.0,2276.0
7555,3.1439275373353235,0.513573454198082,2042.0,1970.0
7563,2.736446440850014,0.4720130870654536,2459.0,2159.0
7569,2.6333808092784987,0.4521122277610688,2540.0,2233.0
7575,1.8582434871377085,0.4666206515495847,3278.0,2177.0
7578,3.7450975483051177,0.7199175468846766,1470.0,1069.0
7581,3.718955278195714,0.7112395059576022,1498.0,1113.0
7599,5.142847850974986,0.9278928922062344,425.0,242.0
7602,3.3056245313917656,0.4853693451109182,1911.0,2096.0
7606,3.619134259301383,0.8470498051794931,1600.0,517.0
7612,2.3486270525028297,0.4843443176974613,2824.0,2102.0
7631,3.776709876350023,0.6654004729182919,1435.0,1307.0
7650,2.066543927437103,0.3772835932458805,3099.0,2517.0
7664,2.875136639144949,0.4852742187561399,2319.0,2097.0
7688,2.7594580347078894,0.5411928252594127,2438.0,1851.0
7689,2.0397745787796193,0.3086745064047445,3131.0,2812.0
7708,2.351673266433365,0.2364919650534768,2820.0,3119.0
7712,3.6914439802299537,0.4076780957626332,1523.0,2406.0
7747,4.1906669800792935,0.8243167517662638,1047.0,611.0
7754,1.2068108490707776,0.0108312861045991,3714.0,3979.0
7801,0.4014450892368569,0.0226018813621204,3963.0,3947.0
7802,4.491839101569376,0.8692529304429981,794.0,442.0
7819,5.613936683564269,0.986576780100306,269.0,38.0
7820,2.893929360308245,0.4430735910824125,2306.0,2273.0
7821,6.120790190294606,0.970694031521067,139.0,91.0
7833,0.9414115792769316,0.2944141119208013,3836.0,2867.0
7839,3.580513926702595,0.5964735444555124,1645.0,1609.0
7849,5.201201771096136,0.9130334841360136,404.0,287.0
7851,3.3339512718125306,0.4778629659760951,1882.0,2130.0
7865,3.6672293469908217,0.536575835331893,1549.0,1866.0
7866,1.1578710885661805,0.0400029830786192,3743.0,3889.0
7867,0.942226135137113,0.0462834771953499,3834.0,3871.0
7868,1.6216735282238448,0.1138542518697253,3447.0,3631.0
7898,3.078900431265975,0.2914577476367553,2114.0,2881.0
7915,0.5929754294665239,0.0064467892489611,3934.0,3988.0
7925,1.705256841798771,0.6619788783252248,3396.0,1324.0
7937,4.801367367072393,0.7049861511293702,591.0,1142.0
7944,3.005751717193703,0.358439029835251,2190.0,2588.0
7946,3.7486733319218377,0.7043455947272399,1465.0,1143.0
7948,0.9234845821030794,0.1814520330194491,3844.0,3368.0
7997,1.8821975600827132,0.3666608254809061,3258.0,2554.0
8014,3.156666560294876,0.7721585095035235,2030.0,832.0
8018,3.2911200067868323,0.7377131471988332,1924.0,983.0
8036,4.40695235647741,0.8251652517938063,864.0,606.0
8047,3.480550912488962,0.5382138064823734,1742.0,1860.0
8054,5.897245758011897,0.951440516831499,197.0,161.0
8071,2.707955899606964,0.2537713649982082,2489.0,3045.0
8074,3.964999632391818,0.6272498680197334,1256.0,1467.0
8075,2.0114189314741555,0.335503738262458,3154.0,2698.0
8077,3.932450976472192,0.5975176368261033,1298.0,1606.0
8091,2.4245481827088935,0.3872537945553234,2746.0,2481.0
8092,2.723531855661079,0.2968135180431271,2474.0,2856.0
8107,2.460926843720495,0.3366531599502337,2703.0,2694.0
8121,1.6311142076766367,0.1821208706717044,3442.0,3364.0
8124,2.9057067046181757,0.2061204907709145,2296.0,3254.0
8131,2.1595791066671546,0.5233812250769473,2994.0,1931.0
8132,1.2491504081511549,0.1425362217964339,3689.0,3522.0
8156,4.844852469193709,0.7738328137393716,569.0,828.0
8167,2.385491179113618,0.3979370734756486,2787.0,2434.0
8190,2.8424545884550194,0.4425246925468358,2360.0,2274.0
8191,2.162233499542885,0.0644755709898646,2990.0,3801.0
8192,1.8626603846426624,0.2036843508683326,3273.0,3266.0
8202,2.9884954470336775,0.5238824499862558,2209.0,1927.0
8218,1.1180201489458357,0.0347138903602808,3759.0,3903.0
8219,0.949943036533648,0.0385989505306547,3828.0,3894.0
8227,2.84292969802826,0.6442507110606691,2359.0,1397.0
8228,4.633241930870448,0.7664474219012136,694.0,869.0
8230,2.601984451805313,0.4209183139991852,2588.0,2359.0
8253,6.63669343140805,0.8556549366808226,67.0,496.0
8267,5.212060960732865,0.951436632101844,392.0,162.0
8284,1.4577940629520088,0.1052554495721919,3548.0,3660.0
8285,3.722711692217299,0.7057566719756291,1493.0,1139.0
8304,2.1033940807136946,0.2944405548456313,3058.0,2866.0
8308,3.084464851860937,0.3054755025004537,2105.0,2817.0
8332,4.007854542886591,0.7740278519232265,1220.0,826.0
8333,4.007882976641679,0.7742393121134326,1218.0,825.0
8348,4.408149848427256,0.8293559003241529,863.0,591.0
8356,4.735294720595241,0.6310940161084421,638.0,1451.0
8358,1.1865473520321572,0.0267094593207023,3729.0,3933.0
8368,1.3458163187803809,0.0873456262504127,3627.0,3731.0
8373,4.272989115712838,0.627993171778849,983.0,1464.0
8383,2.3964998650436997,0.5179418872521488,2773.0,1955.0
8384,2.1134566439193723,0.5804302077687189,3041.0,1678.0
8385,0.967395813406366,0.3037477675835345,3822.0,2821.0
8386,1.7904029989779264,0.1831874320590074,3325.0,3362.0
8395,2.037847760320215,0.4917503303884109,3135.0,2066.0
8401,3.364271630189772,0.6132344513295931,1857.0,1522.0
8403,2.192677565728598,0.1899181511984836,2959.0,3324.0
8411,1.7884404143401385,0.3773126540034869,3329.0,2516.0
8419,1.1286004187599827,0.2925117009261567,3756.0,2875.0
8427,4.103428246040763,0.534144179206121,1120.0,1876.0
8437,4.457770668319365,0.6562801384413428,824.0,1355.0
8446,0.8097016149552141,0.1616643819484385,3880.0,3452.0
8447,2.427254727477513,0.2705488663953992,2741.0,2972.0
8457,3.6304024408447217,0.720061049789455,1590.0,1067.0
8458,1.7220526878522069,0.0417876274118305,3381.0,3882.0
8464,4.007978141290639,0.7836887817937174,1217.0,765.0
8471,2.673104675223316,0.0869581263384813,2517.0,3734.0
8496,5.3500853199766425,0.9524737232228389,349.0,154.0
8515,6.037790428829846,0.978055087712124,159.0,62.0
8548,6.079849850146392,0.5370025902993953,148.0,1865.0
8581,2.3632908913898536,0.3250148031464129,2806.0,2735.0
8660,3.8722857931889103,0.6945834093918611,1363.0,1178.0
8661,1.30640388865269,0.1084007816449871,3654.0,3649.0
8670,4.809135569555432,0.9040569573814228,587.0,314.0
8687,6.28861212831898,0.9165899722977568,118.0,274.0
8730,4.410084062416051,0.8120305397731177,858.0,648.0
8732,4.467557196266539,0.7837855225475017,815.0,764.0
8766,4.512320725441287,0.7504352368216798,776.0,926.0
8818,4.097479085374619,0.816915549958805,1130.0,638.0
8864,4.077816269246677,0.7063081090760284,1144.0,1135.0
8872,4.531456212249062,0.8412595093101138,764.0,532.0
8879,4.165415042104517,0.5752735871782368,1068.0,1698.0
8926,2.51885276277191,0.4165825731134129,2648.0,2369.0
9023,2.493854133863465,0.1696778019943883,2669.0,3407.0
9040,3.5142985695092417,0.3017362265010833,1722.0,2834.0
9083,1.997213156006928,0.1243465920792354,3167.0,3597.0
9095,4.222526028734754,0.8109136339141265,1015.0,654.0
9120,4.95599329330851,0.8788619228476539,510.0,402.0
9128,4.002577674375061,0.6594655142892366,1225.0,1335.0
9143,2.676359397514168,0.2857103399524779,2514.0,2912.0
9150,4.908269502290613,0.725809098968316,538.0,1036.0
9203,3.7776528958061233,0.6206969936627988,1433.0,1494.0
9204,4.227515066608056,0.8181646892936836,1010.0,633.0
9219,3.860143244007941,0.7367953946394654,1370.0,988.0
9234,4.449290987444918,0.8338528179776625,828.0,569.0
9237,6.482619825684022,0.9633864567941872,83.0,116.0
9248,3.0122722672359217,0.4454852450041353,2182.0,2262.0
9251,2.5466550150381195,0.2817605025186439,2625.0,2931.0
9253,3.8814946012958207,0.7107323035439681,1356.0,1115.0
9258,1.1114536583702803,0.0778828607128851,3762.0,3765.0
9259,2.4661634242117394,0.5279811008014819,2696.0,1912.0
9275,1.0596263965821318,0.038883579875671,3784.0,3892.0
9284,0.6536975484659536,0.1298015965582813,3917.0,3574.0
9303,2.0721228568117924,0.2138318107159375,3094.0,3221.0
9305,3.862678486952415,0.6582930356901961,1368.0,1342.0
9306,3.547377805803179,0.5639025787702391,1682.0,1751.0
9307,1.7546158688932558,0.1176960306524844,3356.0,3620.0
9312,2.0388829689458348,0.3914517608239199,3133.0,2461.0
9319,1.850200140208144,0.170602980228809,3285.0,3404.0
9336,1.7241654444138572,0.1543162774045312,3378.0,3476.0
9342,1.932285476556061,0.2393021801441457,3224.0,3107.0
9374,4.537886679388157,0.569075935706773,753.0,1726.0
9377,4.793467022609367,0.6867405610041264,596.0,1211.0
9378,3.0174891392164556,0.3095247693501479,2177.0,2810.0
9381,5.169970815032295,0.4781612102714614,415.0,2129.0
9391,1.7344783714629006,0.2468489597841194,3372.0,3073.0
9402,6.603500006537955,0.61079797539519,70.0,1541.0
9415,4.483145730854089,0.9068332067101929,804.0,302.0
9417,4.827596935346915,0.5320409724260797,576.0,1890.0
9425,1.795775186683065,0.4704869995769062,3320.0,2166.0
9451,7.448202242088695,0.952793370226898,27.0,150.0
9465,4.480397070869761,0.6812314644397677,806.0,1234.0
9521,2.9793882069520348,0.4081966463329611,2220.0,2404.0
9533,1.4087023412458246,0.228615646059292,3583.0,3157.0
9541,4.180035748658979,0.483330978550444,1058.0,2106.0
9554,3.705318240358893,0.5729071438929629,1507.0,1710.0
9568,7.487146140146877,0.9934447577342218,22.0,17.0
9579,4.471920408805655,0.7881615568101907,814.0,747.0
9590,4.084083936157572,0.713829032664106,1137.0,1099.0
9603,2.110782587424548,0.0957223266443556,3048.0,3693.0
9618,3.3454221054063646,0.5485979730090461,1873.0,1812.0
9633,1.9248202215883832,0.0934643661296931,3233.0,3706.0
9656,4.013696146368584,0.5118280160722188,1208.0,1978.0
9713,2.8619255366141156,0.4472139085164988,2335.0,2256.0
9740,2.025151414594522,0.3836562424879967,3146.0,2496.0
9741,1.6391678909332783,0.2327138608819506,3435.0,3135.0
9796,1.3628514701215866,0.05438681118419,3613.0,3833.0
9801,1.74275232354718,0.0940297392736112,3362.0,3701.0
9808,2.700046257574487,0.2681958206915066,2496.0,2981.0
9811,3.381254972076225,0.6307111123459768,1844.0,1454.0
9817,0.0826084420452395,0.0177861725463087,3990.0,3962.0
9818,1.3258591065530174,0.070721111117112,3641.0,3787.0
9820,1.7322087958962538,0.1484425343486184,3373.0,3495.0
9826,1.0553019704874496,0.1384787404658305,3791.0,3540.0
9836,3.226467971212456,0.2877865070515304,1969.0,2897.0
9839,1.6594169033615134,0.39250468013851,3426.0,2456.0
9847,1.9672353718109237,0.7750312241874076,3194.0,818.0
9879,4.306751231504808,0.4162037056815556,959.0,2373.0
9908,0.0003875018233683,0.0011779877361626,3996.0,3999.0
9912,2.6783454224288654,0.2583362375215497,2510.0,3023.0
9922,2.8791502842646315,0.2465978965261638,2316.0,3074.0
9941,2.7225067189997243,0.4054422373789071,2476.0,2415.0
9948,1.7900590305968618,0.2808702834121211,3327.0,2936.0
9978,2.8687947435378485,0.462035232547563,2328.0,2197.0
9985,4.322592863235081,0.3511478956473187,949.0,2623.0
9987,2.3265209221739935,0.3959479386221455,2843.0,2443.0
9996,2.4140065890659037,0.4226413777564155,2759.0,2355.0
9999,1.5856393807466806,0.5027291254667823,3468.0,2019.0
10027,2.7237405106482337,0.2832441567856389,2473.0,2924.0
10029,1.3841372290216982,0.2699716875600446,3599.0,2975.0
10038,1.9285732514073872,0.2373082400160482,3227.0,3116.0
10040,1.4055619808838131,0.1361293387084392,3588.0,3549.0
10117,2.4359672739888887,0.3691665153721086,2728.0,2544.0
10119,1.1883590354914555,0.1928917185277778,3728.0,3311.0
10138,3.1054035940049136,0.336275717237819,2079.0,2695.0
10160,3.024926399807468,0.4898986726285807,2165.0,2070.0
10219,5.84894077041356,0.8057035066381761,208.0,670.0
10286,6.856025204607095,0.8719157185971377,50.0,433.0
10287,4.832362694531866,0.7510941164077023,573.0,925.0
10292,3.4352832461448584,0.6866302997634406,1791.0,1212.0
10329,3.941249722592624,0.3806793875763133,1283.0,2504.0
10332,4.996030706336893,0.669585100657671,488.0,1289.0
10335,2.759917129224525,0.4372324871429101,2437.0,2296.0
10336,6.400095420261014,0.7480895493963692,101.0,934.0
10491,2.258172967090238,0.3395740482634847,2895.0,2679.0
10521,1.4819865874482023,0.1599343665772747,3535.0,3459.0
10523,2.190031387987778,0.3102559438398801,2964.0,2806.0
10553,4.055582578760453,0.3891543616262353,1164.0,2473.0
10556,3.632873780357738,0.216374531136697,1588.0,3213.0
10584,1.5672788373520656,0.3593450824124221,3480.0,2584.0
10600,3.0828637728439916,0.6259005635863677,2108.0,1477.0
10602,3.45756776465674,0.3575373476088108,1763.0,2592.0
10604,3.2320406362192435,0.6915056094949963,1962.0,1191.0
10612,2.7176326629081324,0.40722903288878,2483.0,2408.0
10627,2.7577764632508734,0.477540127546008,2439.0,2132.0
10630,1.483412442381144,0.3452634906403407,3534.0,2653.0
10639,4.134929795073816,0.6757704245175744,1094.0,1258.0
10643,1.814060593906188,0.6398962698081111,3311.0,1417.0
10661,6.032828934671655,0.933953295178335,161.0,223.0
10665,2.0863056755852076,0.644246782948616,3079.0,1398.0
10677,2.3620114488614057,0.6933826538545734,2809.0,1182.0
10715,1.581442182894107,0.2837899371177627,3471.0,2922.0
10721,4.465924567665838,0.8411076340855265,818.0,533.0
10729,2.6459623596477586,0.3740344390074203,2529.0,2524.0
10844,2.009487460533659,0.4462344595390521,3157.0,2259.0
10865,3.817562959691392,0.7689373700266362,1404.0,854.0
10877,3.0751793816106514,0.885508806135964,2116.0,373.0
10888,1.194633515988064,0.5345178567323223,3721.0,1874.0
10896,2.8486751328281352,0.4417868006776188,2353.0,2277.0
10965,1.1638716205789812,0.42318286852787,3737.0,2354.0
10966,1.6194508354902262,0.4548918582309062,3450.0,2221.0
10973,5.84160192133411,0.6586056583446971,211.0,1339.0
10984,2.2191903985529504,0.4246202520364345,2938.0,2342.0
10994,5.941266269208686,0.6832752206834094,184.0,1228.0
11000,2.742123099039008,0.2937471426574413,2453.0,2869.0
11047,3.829591236376992,0.7090385957016325,1394.0,1123.0
11053,3.9973001863639976,0.6910431266522179,1230.0,1195.0
11065,4.370646013956589,0.7178508139336879,901.0,1076.0
11066,6.4822441458373365,0.9454409779288088,84.0,186.0
11073,2.9097143814167077,0.6234873052702494,2291.0,1486.0
11076,4.108177957251535,0.4705027846222925,1114.0,2165.0
11078,1.876341381743006,0.2279405039640971,3261.0,3158.0
11079,2.315628703021241,0.3595186648047829,2854.0,2582.0
11088,3.9437491904616744,0.3637626488659486,1278.0,2567.0
11115,2.226661987182372,0.5766427451245393,2932.0,1693.0
11123,3.910497281698263,0.7025196113508956,1319.0,1151.0
11159,5.514787205369978,0.8702416770388943,295.0,439.0
11162,3.651766584289912,0.6257471582312729,1569.0,1479.0
11180,4.882522489978718,0.6782819592898728,552.0,1246.0
11200,2.7693064367687383,0.6373423984082978,2428.0,1422.0
11211,3.399598185512311,0.7452056788528423,1835.0,947.0
11221,3.7321136355885938,0.6224936404129092,1480.0,1489.0
11225,5.269903445265676,0.9443465478413006,369.0,190.0
11241,4.602155233041198,0.9368215700275372,713.0,212.0
11245,6.784216032974583,0.98657491523314,57.0,39.0
11256,4.080063043872112,0.7897435251416898,1140.0,739.0
11265,3.4041307744595,0.7424015147409468,1827.0,961.0
11266,3.659678177489706,0.6721451730440575,1561.0,1276.0
11268,3.093505173683049,0.349673606533983,2092.0,2628.0
11270,6.337483485215755,0.9886815549330484,115.0,30.0
11273,2.210068407140154,0.3217110106957755,2941.0,2751.0
11274,3.5791888548876583,0.6002156120590121,1648.0,1595.0
11283,2.6193275599158854,0.7082085960728387,2564.0,1127.0
11285,0.9141448280088406,0.2043700360339317,3848.0,3260.0
11309,3.815706195848165,0.6401313530212314,1406.0,1415.0
11336,6.837307033436692,0.8732083685324517,52.0,429.0
11349,1.2628486547987685,0.2638330730376942,3676.0,3007.0
11353,3.8121725378184586,0.6916033454727706,1411.0,1190.0
11356,3.1654683426506973,0.6074327902206822,2019.0,1559.0
11379,3.9889254465665016,0.6341025956668007,1239.0,1437.0
11381,3.765983469351799,0.7206095331562361,1446.0,1063.0
11393,4.6608135796414265,0.317191616653903,682.0,2774.0
11398,2.5858782251542496,0.5955222349746588,2600.0,1612.0
11406,3.444619662970881,0.5513139238717668,1776.0,1798.0
11408,4.169779365113987,0.461133183202472,1064.0,2203.0
11409,4.113372052889387,0.7870776662971539,1110.0,752.0
11415,5.819057714159927,0.7743362588761818,214.0,824.0
11416,4.777730343118058,0.9331650519821524,610.0,226.0
11421,4.582481998555149,0.4832504618187234,725.0,2107.0
11422,3.5684643894212225,0.212663438703286,1659.0,3230.0
11447,4.495043473718359,0.8646513398392703,791.0,464.0
11462,4.3773856870916115,0.744609423372631,896.0,950.0
11486,5.60866791165078,0.9470393749422964,273.0,177.0
11491,1.57639538282385,0.4738196374815199,3473.0,2149.0
11498,4.713830903978869,0.4745219548579471,652.0,2146.0
11502,3.942840838503415,0.7688565557928151,1280.0,855.0
11510,3.0094985857954684,0.5528870325285875,2186.0,1794.0
11513,1.8597394636601847,0.4887586027075693,3276.0,2077.0
11514,3.2196991473799006,0.4047665838505658,1976.0,2418.0
11517,2.746330922658999,0.5810522322264842,2450.0,1674.0
11530,2.4636800704719795,0.3135248995129216,2699.0,2790.0
11550,1.3538659458880282,0.1910811900093721,3620.0,3319.0
11560,4.6460528224019955,0.4755777189420014,689.0,2142.0
11573,2.0847921564631835,0.1650196797726299,3081.0,3434.0
11574,7.481311713589907,0.9731226985859976,23.0,86.0
11665,1.5278018141914624,0.1864107339265545,3510.0,3345.0
11698,3.994774000500197,0.3368326706499659,1233.0,2691.0
11710,4.193152722702827,0.4658529381216642,1043.0,2180.0
11712,1.784132283845067,0.2225571952109339,3331.0,3182.0
11730,4.352453932692621,0.6750644328662982,912.0,1262.0
11734,4.278214349964004,0.7318449946044732,979.0,1011.0
11738,3.786190161402974,0.6236757142283106,1425.0,1485.0
11755,2.108011372757654,0.3983360775228665,3053.0,2433.0
11777,3.1062031817465616,0.6459119669586368,2077.0,1390.0
11794,3.762648552816443,0.498725902632769,1448.0,2035.0
11810,1.511485220983723,0.3594954546948159,3521.0,2583.0
11823,2.873888194374048,0.7503868274580299,2321.0,927.0
11834,3.901588422660202,0.7625326014303087,1336.0,882.0
11887,2.45372063160542,0.3125456339089303,2708.0,2796.0
11894,4.49231762465786,0.8617992815067359,793.0,474.0
11927,1.8306825534693971,0.3535553212469806,3299.0,2614.0
12009,4.211995293664907,0.6670847246233049,1023.0,1299.0
12010,3.402379452710213,0.4406746794917527,1830.0,2283.0
12037,0.7421569258806574,0.2026143006289358,3899.0,3271.0
12052,2.1011263812375915,0.1331099965122032,3061.0,3557.0
12060,3.657055868771845,0.6629912293052046,1563.0,1320.0
12080,4.029064578845757,0.3963490745600966,1189.0,2441.0
12083,0.8997113820699092,0.2094288147253736,3851.0,3244.0
12091,2.0445761471584283,0.257310442372082,3127.0,3027.0
12092,2.1111640672707295,0.3162185807277997,3047.0,2778.0
12115,2.716321266606679,0.5585954247346249,2484.0,1771.0
12116,1.5598996125881155,0.1361806017865883,3491.0,3548.0
12132,2.229465804984488,0.3763639528657427,2925.0,2519.0
12144,5.135308842375472,0.7836570926873778,428.0,766.0
12166,1.1945117228595856,0.2902776337846776,3722.0,2885.0
12179,2.303995869099529,0.549545647644661,2864.0,1805.0
12184,3.6601760852623793,0.6021953598534648,1559.0,1579.0
12197,0.1085355534961459,0.4019043396773616,3987.0,2426.0
12206,4.315962405514702,0.8363977654256494,951.0,554.0
12221,3.641623111054121,0.4321854233596659,1579.0,2312.0
12245,4.798926035948215,0.8195504651612224,593.0,629.0
12277,4.027880850160262,0.8026897156414226,1190.0,683.0
12285,3.606218138617989,0.7683597304828753,1616.0,859.0
12320,2.9544144213029067,0.7444106909709722,2251.0,951.0
12401,2.3645150716459504,0.3676776439321415,2804.0,2550.0
12430,2.475536056991744,0.8160400043922049,2686.0,641.0
12472,3.252336377257631,0.4384012036254939,1949.0,2293.0
12483,3.64945381780081,0.5624220130667414,1573.0,1756.0
12490,2.1541464491391618,0.5784956168125432,3000.0,1685.0
12491,2.7987141770635717,0.5872418344540732,2395.0,1648.0
12531,2.0871158348382015,0.5569246724619025,3076.0,1774.0
12558,5.765921388213508,0.9404692186527218,234.0,206.0
12589,3.548923392363768,0.643449769649516,1680.0,1402.0
12603,2.6961911282823734,0.3606432156819348,2499.0,2578.0
12642,3.929133948515974,0.700474881883951,1303.0,1160.0
12673,3.703197754118044,0.6120264592126551,1512.0,1533.0
12682,0.8577602512419267,0.4154711746092482,3866.0,2378.0
12695,3.05729495709232,0.6698559683158836,2135.0,1287.0
12708,3.963879566956728,0.7567045547371065,1257.0,902.0
12760,3.0453734749054098,0.4890491002059887,2143.0,2075.0
12784,3.776923350768042,0.4387914322573443,1434.0,2291.0
12791,4.125386267795278,0.7568901579047123,1101.0,901.0
12795,2.637164847267465,0.3129601695725214,2535.0,2793.0
12797,4.7605722422564725,0.7166256008160581,622.0,1082.0
12804,3.639939932014112,0.6169748600078018,1581.0,1503.0
12807,3.904092551408531,0.7012465412393943,1331.0,1156.0
12810,3.769491706282961,0.660426461671151,1444.0,1330.0
12811,3.870535122277438,0.7711882450737235,1364.0,839.0
12812,4.390573507628713,0.7800843276158022,884.0,792.0
12824,2.2287260667683286,0.1644900532744904,2929.0,3436.0
12833,5.063173526899225,0.9283814867057384,460.0,241.0
12835,2.5684971853020335,0.4496884767160089,2616.0,2245.0
12836,3.474959024239318,0.5922299421199375,1753.0,1627.0
12838,3.657449961999615,0.7109892407969125,1562.0,1114.0
12839,3.880041735474109,0.5969016562607153,1358.0,1608.0
12842,4.734149953265144,0.9410630711467156,641.0,205.0
12849,3.654374457352602,0.5880002591793858,1564.0,1645.0
12879,3.9071927390982264,0.7164853432384477,1324.0,1083.0
12885,4.883907388648713,0.9146872920426794,551.0,282.0
12888,7.056647340724251,0.9733004164677816,42.0,85.0
12921,1.6008525372496616,0.3126636971510885,3461.0,2795.0
12946,2.3502540992654666,0.3440107548392368,2823.0,2663.0
12952,2.584172727291197,0.3419850583178364,2602.0,2672.0
12968,2.0751265439076123,0.3431942174079333,3092.0,2667.0
12970,4.400176563761836,0.6478068953185765,874.0,1380.0
12988,5.065323646063898,0.9657487809772354,458.0,109.0
12991,3.580362636772562,0.6719775946394702,1647.0,1277.0
13018,3.2272345695640436,0.7928360686169341,1968.0,726.0
13067,1.7556336601853555,0.0853501795512758,3355.0,3742.0
13108,3.69523164072822,0.8209225116697629,1522.0,621.0
13132,4.899714574485871,0.90946151732411,544.0,296.0
13134,3.0513515000784612,0.4729997555408469,2139.0,2154.0
13221,3.1241691969362253,0.5672964997797407,2058.0,1739.0
13229,2.2292749437824892,0.6604989051863246,2926.0,1329.0
13237,5.941622124042042,0.9891684994653704,182.0,28.0
13241,2.5981451193737626,0.4392668027821887,2589.0,2287.0
13277,2.4678516823812133,0.4104029549234925,2691.0,2397.0
13297,3.6154186308005127,0.566403173379691,1606.0,1745.0
13298,1.9325974700375184,0.0969489236261825,3223.0,3691.0
13302,4.406364938521034,0.840224286168989,866.0,536.0
13333,3.1605414591866205,0.7921375358436643,2025.0,732.0
13336,3.4782123043022892,0.626637073096724,1746.0,1473.0
13388,2.0259601834587513,0.1680433377171077,3144.0,3418.0
13434,4.772944804368343,0.9233127442297138,612.0,253.0
13547,2.205811479028259,0.2580744607604045,2945.0,3025.0
13621,4.0128898729632825,0.7705992375392032,1209.0,843.0
13624,2.7620532524165617,0.5939731886063833,2434.0,1617.0
13676,6.084288346870229,0.9725934572777616,146.0,87.0
13743,2.400469530831694,0.2636175181977023,2771.0,3009.0
13749,3.442667683549111,0.286294916729974,1778.0,2909.0
13757,6.405107142063279,0.8323124098940727,99.0,582.0
13760,4.519057618432856,0.8674047182156219,770.0,449.0
13775,4.027787193024382,0.6430682883671073,1191.0,1404.0
13783,2.1163652342913424,0.1482632045590803,3036.0,3497.0
13787,3.4489484952870173,0.5513332187011227,1770.0,1797.0
13788,2.0628256446757884,0.3699439790292317,3107.0,2541.0
13830,3.673483762798156,0.8382313156663583,1540.0,543.0
13838,4.524376024719182,0.8328355123159541,767.0,579.0
13844,1.855988163779082,0.376070049420956,3282.0,2520.0
13859,3.019503828162066,0.4238554383920542,2173.0,2346.0
13901,3.5422037125678045,0.6127296218471021,1689.0,1525.0
13909,2.462348026514518,0.4297375808533605,2702.0,2320.0
13918,2.46259272409713,0.3017432558566273,2701.0,2833.0
13951,2.571786527110542,0.2198785366606928,2614.0,3195.0
13967,1.1580811764889465,0.0179229170411778,3742.0,3961.0
13969,1.9420102820691163,0.5869985129633943,3215.0,1649.0
13980,1.294890044864905,0.0250671999376978,3662.0,3938.0
14019,1.547281290384621,0.2971300663987578,3501.0,2852.0
14074,3.15524242947244,0.3394884291595994,2031.0,2680.0
14081,3.5138873842852463,0.5493353831419472,1723.0,1808.0
14087,4.984244097969786,0.7673780695900545,496.0,866.0
14125,3.1778123025907177,0.4182761531154417,2004.0,2365.0
14133,4.335985166264156,0.7960336567674078,931.0,716.0
14137,4.9603710919549515,0.8023204469308022,506.0,686.0
14142,4.060041131708983,0.7883739919327417,1160.0,746.0
14151,1.754417522999577,0.5345105289036486,3357.0,1875.0
14167,5.68583592500368,0.9674241108270144,254.0,101.0
14184,3.340727273899605,0.2647622931638286,1877.0,3001.0
14193,3.3010645438990744,0.5189795785234863,1917.0,1950.0
14261,1.594402688755573,0.2636271445908749,3463.0,3008.0
14285,4.309903048689662,0.5927260863829036,957.0,1625.0
14287,3.346086850988471,0.6527356094073393,1872.0,1366.0
14303,4.291093102182567,0.7564765065359159,972.0,905.0
14331,2.999894424840848,0.4290804281499695,2195.0,2326.0
14336,2.5902236107983327,0.5319037891882762,2595.0,1891.0
14337,3.599633720811238,0.5346820075237009,1622.0,1873.0
14349,1.3140598556450098,0.3421127260375946,3648.0,2671.0
14389,4.126686798657327,0.6528656683370679,1100.0,1365.0
14398,4.573710591814366,0.6893944438804624,730.0,1205.0
14399,5.224901126867409,0.8213151712809865,380.0,619.0
14466,6.189556093452794,0.7541378967491799,129.0,916.0
14503,4.566077737963959,0.6578771175194574,735.0,1344.0
14507,2.5859396971696027,0.6579218881068054,2599.0,1343.0
14551,3.016547802156238,0.7867394499812637,2178.0,755.0
14564,1.9870520200440855,0.3238801999698548,3173.0,2741.0
14566,1.0069694277021115,0.2059946445138315,3808.0,3255.0
14590,2.9794112167660303,0.4942239518731131,2219.0,2055.0
14611,2.1344494167462846,0.5447403560747645,3019.0,1832.0
14649,2.6204737770144,0.4079105293864733,2562.0,2405.0
14659,1.1887652826969823,0.1854650626599813,3727.0,3349.0
14666,3.594572243215306,0.8566574136467464,1629.0,492.0
14747,1.6763834608601542,0.2481188731022273,3412.0,3068.0
14749,2.728559664044324,0.6598235586304567,2467.0,1333.0
14751,1.7987024253982191,0.1593080380742403,3317.0,3462.0
14757,3.6682786803825063,0.661496215036526,1548.0,1326.0
14766,4.987085643097051,0.5283140005616656,492.0,1910.0
14775,3.197138443300596,0.386554361835,1989.0,2486.0
14786,3.441990921569817,0.2039727069995182,1780.0,3264.0
14798,2.4276587713103663,0.2192732435872339,2740.0,3197.0
14805,2.5705846769401823,0.6168793860847563,2615.0,1505.0
14810,3.1051626989470593,0.7381251941540292,2080.0,979.0
14856,2.0011934175017947,0.3030553735560519,3164.0,2825.0
14872,3.0068063562333927,0.4761616700530332,2189.0,2141.0
14887,2.544068971876203,0.3942013806862906,2626.0,2448.0
14898,2.394206943430249,0.1901165687368281,2775.0,3323.0
14918,2.335904857375808,0.2227131438224151,2833.0,3181.0
14939,2.265375622168966,0.2111535627642867,2887.0,3237.0
14985,5.180880820363551,0.8595712401884318,409.0,481.0
15019,3.772399824642256,0.6637144805287396,1441.0,1317.0
15052,1.7954127306638354,0.2902925518597688,3321.0,2884.0
15053,5.929121942874231,0.8816272131156246,187.0,393.0
15067,3.933532468165753,0.7210575220595222,1295.0,1060.0
15071,0.926901687189054,0.5125082235495892,3842.0,1973.0
15094,3.601026001920209,0.5645643116434585,1621.0,1749.0
15123,2.849720793677181,0.4362688765417035,2350.0,2300.0
15131,1.9598012776190987,0.3907024983196185,3199.0,2466.0
15137,3.09815369869302,0.2555464436895641,2085.0,3037.0
15146,1.5548515588954803,0.3230329851397984,3495.0,2745.0
15147,3.489193185827694,0.5049080677403726,1738.0,2007.0
15159,4.991132474688556,0.5867876947733419,491.0,1651.0
15213,4.201976765919157,0.8504032498337135,1033.0,510.0
15268,5.806496736242678,0.6717834299978178,221.0,1278.0
15283,5.000337773511313,0.8728227744415007,487.0,430.0
15297,2.7851988115762443,0.4957037247029811,2410.0,2047.0
15313,2.440615756764269,0.5141478422114429,2721.0,1968.0
15347,3.425355478606034,0.5159600294114763,1798.0,1962.0
15349,2.05433552295682,0.285351089866253,3117.0,2914.0
15355,1.171824856578258,0.1058830572620756,3735.0,3656.0
15357,3.881212637515593,0.4015608832428891,1357.0,2427.0
15364,4.590048082456928,0.6028240866369605,720.0,1576.0
15373,4.741991535678736,0.7829915575537447,632.0,771.0
15374,2.125083864851142,0.3345601513572963,3026.0,2701.0
15379,2.009566199507266,0.3459740652857028,3156.0,2647.0
15382,1.8817703909033705,0.4037680278443699,3259.0,2421.0
15409,3.602039100868983,0.8664366741987828,1619.0,455.0
15416,2.632794589445475,0.5111619503215679,2541.0,1981.0
15424,2.7461763617642965,0.3732897610550073,2451.0,2527.0
15450,4.244366399530837,0.6232564764557843,996.0,1488.0
15453,2.493002956032564,0.1593859084357108,2673.0,3461.0
15463,4.621743554707831,0.5730537729421412,699.0,1709.0
15465,1.816390214757601,0.501506672710933,3310.0,2024.0
15511,4.502348766840722,0.5539018003618796,784.0,1790.0
15562,2.8440018880448736,0.214161295926415,2357.0,3218.0
15578,5.019416394375086,0.529480499533588,479.0,1901.0
15588,2.3601182061882597,0.4875045752902243,2813.0,2081.0
15592,5.009494430212926,0.8767574596868188,482.0,410.0
15687,2.8524223409641234,0.6777342869766202,2347.0,1249.0
15691,4.730766671344554,0.6529372479256544,642.0,1364.0
15694,5.087735489211509,0.951982997758579,450.0,158.0
15709,1.788623809827945,0.2391603866442844,3328.0,3109.0
15784,4.666621559325936,0.5274017879857462,678.0,1915.0
15785,5.102150361104259,0.610468896955833,442.0,1544.0
15810,4.777975831878286,0.6366106853035125,609.0,1429.0
15819,2.2612149419500587,0.2785822337318359,2891.0,2946.0
15833,2.6181017101254898,0.756587721810315,2566.0,903.0
15869,4.736307156353477,0.454842714377995,636.0,2223.0
15878,0.5177357946793152,0.0792478564531417,3942.0,3760.0
15943,2.087957971950523,0.7659331347085934,3075.0,871.0
15947,1.157535067090447,0.141385872831199,3744.0,3526.0
15997,3.9839682348890064,0.8589520355761531,1245.0,482.0
16028,4.130632671140883,0.801470186368821,1096.0,693.0
16029,4.297428987821222,0.5884463864858349,967.0,1643.0
16036,3.2530571466550766,0.5587563658964144,1948.0,1769.0
16037,2.2842965196451295,0.3450521205863705,2875.0,2657.0
16063,4.852904255760795,0.4058315069639764,564.0,2411.0
16068,2.266875624262364,0.3462044751528368,2883.0,2646.0
16070,2.6155531418404308,0.3939793406193811,2571.0,2449.0
16111,3.455876277469517,0.7555145689990432,1765.0,910.0
16129,4.522033727311341,0.6658185663464369,769.0,1305.0
16148,3.1647656564320674,0.7921307469371043,2021.0,733.0
16157,1.9497968653862476,0.7314763905078873,3211.0,1014.0
16190,5.425087627239567,0.8903158451205717,321.0,349.0
16195,5.208812748394207,0.8682491238246537,397.0,446.0
16222,5.228934256545993,0.8653558311504099,378.0,459.0
16226,2.995888630435415,0.5055852927859013,2200.0,2002.0
16241,5.841810419441867,0.9559681414673692,210.0,139.0
16252,2.3593953651476727,0.6703189850556457,2814.0,1284.0
16310,2.9686404097657917,0.3340072388352356,2235.0,2706.0
16324,6.547596450135341,0.9252919846616142,77.0,249.0
16340,2.065677969359152,0.3961637177081595,3100.0,2442.0
16345,4.877546066409725,0.9701943930439324,554.0,94.0
16362,1.5184738001161115,0.3538755991715099,3518.0,2612.0
16370,3.7712787935731953,0.3099368501245819,1443.0,2809.0
16406,5.199144189453849,0.8784896080174983,405.0,404.0
16416,1.767313464199219,0.1321896520702014,3345.0,3566.0
16419,4.83477380626012,0.6741740867750163,572.0,1267.0
16426,3.3685698536088804,0.7907711054022077,1851.0,737.0
16450,0.9766711442399812,0.0493003192346129,3819.0,3856.0
16486,4.799392376591204,0.8016388572154273,592.0,692.0
16490,3.447120434659842,0.8415143518173344,1772.0,531.0
16494,4.81836495796515,0.6972584519464069,582.0,1167.0
16568,3.0822357099956763,0.4516590809756602,2109.0,2235.0
16576,5.8633905892943625,0.8740565853354247,204.0,422.0
16775,5.721444579603464,0.9737230719504456,244.0,84.0
16825,4.495268606721028,0.8652291895918666,789.0,460.0
16839,3.742667777236297,0.6880284580747205,1472.0,1208.0
16848,4.144375645343209,0.8362377071918499,1087.0,555.0
16851,3.917288256438669,0.7321040424311245,1313.0,1008.0
16870,1.361226172479028,0.3344584620643835,3615.0,2704.0
16898,6.472421191832525,0.975649647504592,86.0,75.0
16927,5.922661534893195,0.9433990138198662,189.0,195.0
16952,5.629369281558396,0.8664771649793521,266.0,453.0
16984,3.9211164765994697,0.6726100876421022,1310.0,1272.0
16996,4.888168829014145,0.9139429459908992,548.0,284.0
17010,5.3302253082300615,0.8768147075118724,361.0,409.0
17017,3.70199646527346,0.6678822004379807,1513.0,1296.0
17071,3.0100130058704733,0.2241613176799306,2185.0,3175.0
17074,1.089921362443259,0.0571100183667074,3768.0,3823.0
17111,3.045126612346701,0.4471006563712036,2144.0,2257.0
17117,2.5771563914260605,0.1020792145080011,2610.0,3676.0
17120,3.088542214793064,0.5211125048320854,2099.0,1943.0
17125,1.5373163799893226,0.2460381390736752,3505.0,3079.0
17151,4.992983934813818,0.7005316237760195,489.0,1159.0
17225,2.6137250375253713,0.2810001590116951,2573.0,2935.0
17263,1.8657938985640243,0.3620460269628169,3269.0,2574.0
17325,2.6225030713229263,0.3565270317890504,2556.0,2596.0
17349,4.293414498885193,0.5680364701155027,968.0,1735.0
17367,2.480805591204336,0.359644638802392,2681.0,2581.0
17370,2.632036983644128,0.5240343970439232,2542.0,1926.0
17371,2.224544152308743,0.4117575179727756,2934.0,2393.0
17413,2.770931083171759,0.5202636800233081,2426.0,1946.0
17425,2.378476476463218,0.7284791198798781,2794.0,1025.0
17445,4.506108013964386,0.7655768616643126,781.0,873.0
17446,4.591949617002406,0.644874261091215,718.0,1394.0
17489,5.597488119530838,0.8718633810341382,278.0,434.0
17508,4.446759117855706,0.7565782873352153,830.0,904.0
17551,1.100629440707357,0.1959419798667554,3765.0,3294.0
17582,5.686293486476401,0.7129519280457275,253.0,1105.0
17614,2.860109062095116,0.4234284948642633,2338.0,2350.0
17632,4.430951397921828,0.9253164720799556,841.0,248.0
17643,4.911618612291789,0.7585623188456142,537.0,893.0
17658,2.0880358942231303,0.2677513076596861,3074.0,2985.0
17672,3.748213030153227,0.6824925911409435,1466.0,1230.0
17699,0.8851540725638899,0.1642623628376751,3860.0,3437.0
17731,4.069254350911403,0.8333144611474983,1154.0,575.0
17735,2.8047917559353985,0.2990200055072735,2391.0,2843.0
17756,4.168389126847814,0.7760403256249779,1065.0,813.0
17766,3.5157227078023237,0.5263374400797888,1719.0,1919.0
17802,4.144155657859058,0.5751953591026673,1088.0,1699.0
17831,3.17874585636931,0.4991536062645894,2002.0,2031.0
17887,4.310768493540138,0.4347880313578643,956.0,2304.0
17898,3.948250400975585,0.8348339613939175,1273.0,563.0
17924,4.347737750779816,0.875126517105608,917.0,418.0
17930,3.9093989182679953,0.4784166750386447,1321.0,2127.0
17964,2.7807032211860707,0.3331251784070986,2415.0,2710.0
17967,1.2345048060328632,0.1182982436611339,3694.0,3617.0
17990,3.746185442494843,0.3455515919639824,1469.0,2651.0
17992,3.356836339411595,0.3723414031441223,1860.0,2529.0
18024,3.270252947061955,0.7713742502981802,1940.0,837.0
18038,2.286039165920466,0.209411484324534,2874.0,3245.0
18049,3.061141634586358,0.4253415466503041,2128.0,2338.0
18053,1.9604697878492987,0.085691421812927,3197.0,3740.0
18152,4.195506566582217,0.8206600770335725,1040.0,622.0
18162,4.912291857380894,0.9750703443595096,535.0,77.0
18174,4.91578446900752,0.4366366128080201,534.0,2298.0
18176,4.690919331453929,0.737908236349615,664.0,981.0
18180,4.366483335872312,0.8863789647340685,905.0,371.0
18210,1.3608208555373222,0.1010836507477318,3616.0,3679.0
18216,3.97115548820028,0.811885602945699,1255.0,650.0
18267,3.28528096116309,0.3378380841627392,1927.0,2688.0
18302,7.804371266500383,0.9931356624083244,10.0,18.0
18311,1.9418008580552035,0.1129541342915911,3216.0,3635.0
18318,4.534061744394402,0.8108727851427587,763.0,655.0
18331,6.470633274035152,0.9896122170616964,88.0,26.0
18337,4.5167627828167225,0.879367892320499,771.0,400.0
18343,3.571331888681827,0.713234908810902,1655.0,1103.0
18350,4.584592106389649,0.8756828874071071,722.0,415.0
18361,4.4185016349625155,0.8083654313831723,850.0,662.0
18362,4.262295945468927,0.8374626675688486,986.0,548.0
18378,2.2207050365100387,0.2276878532595032,2936.0,3161.0
18389,3.625306116815592,0.5483236445367669,1593.0,1814.0
18390,3.9796131842417646,0.8046087289399776,1250.0,676.0
18410,4.540707768858282,0.99460952460098,751.0,15.0
18440,3.751582391483529,0.8163388328935588,1459.0,639.0
18462,3.8265731429246057,0.6931960818271428,1396.0,1183.0
18490,4.872456039766411,0.9228439332844404,557.0,255.0
18503,3.4407146953611467,0.568793327878192,1787.0,1730.0
18539,3.973590879923072,0.7105675340749602,1251.0,1118.0
18548,2.0435669219692536,0.4787195121630051,3128.0,2125.0
18561,4.785934032318314,0.7891759846568118,601.0,742.0
18584,2.9843474450358554,0.4765264900307225,2212.0,2140.0
18592,4.350401557407889,0.852978713016567,916.0,501.0
18603,3.0951802675217968,0.4971121975089264,2089.0,2040.0
18640,4.4434724833875,0.891524576976709,831.0,347.0
18665,1.2148102958802722,0.0500236686761801,3708.0,3852.0
18668,3.320289422817446,0.5208541556902756,1897.0,1944.0
18677,3.1875067654814906,0.5106500006997463,1997.0,1983.0
18690,3.121232968362097,0.472154972202146,2061.0,2158.0
18746,5.115038868427154,0.8820320710888447,439.0,391.0
18749,2.0460646160026683,0.2766818571145518,3126.0,2956.0
18794,1.225998311931086,0.0909230043419214,3699.0,3714.0
18804,5.394801217286992,0.9538018259234065,328.0,144.0
18878,5.505535504102038,0.96462531982245,300.0,112.0
18879,5.402001411019699,0.9562864507135652,325.0,136.0
18916,4.153701101255219,0.8372243423530091,1078.0,550.0
18919,3.598995461250479,0.6746504272555098,1623.0,1264.0
18931,3.5361434495759645,0.564216388832258,1694.0,1750.0
18949,1.8992607846798069,0.1860941252760995,3248.0,3347.0
18960,1.739502028708865,0.1556016383309071,3366.0,3474.0
18967,5.12768928289828,0.9201687554152628,431.0,263.0
18973,6.107835664799901,0.988343389510963,143.0,33.0
18981,4.958226694812725,0.8886320574671371,508.0,355.0
18984,5.235011678612642,0.9295729456653882,374.0,237.0
19015,2.5667403356201706,0.3507756562311533,2617.0,2626.0
19058,2.202597027791794,0.1233744128336017,2950.0,3603.0
19083,2.098025239427421,0.4875841076577287,3065.0,2080.0
19114,1.3515778333630213,0.0683150700304782,3623.0,3793.0
19124,1.1910562389996362,0.0332655347154827,3724.0,3912.0
19127,2.09603535152483,0.131703181379907,3067.0,3568.0
19142,3.1160051941171667,0.5340410845848104,2066.0,1877.0
19148,2.6235461659683144,0.4188342423015728,2555.0,2363.0
19151,1.484537836116745,0.0507058307274988,3533.0,3849.0
19155,2.597975961668286,0.448210032888855,2590.0,2251.0
19156,2.2401289362826433,0.3030396932390818,2914.0,2826.0
19158,1.5735776749640034,0.2222760399047589,3476.0,3185.0
19165,1.7368392165807405,0.1274331452328934,3370.0,3584.0
19185,2.7888088793061536,0.4649501999042357,2407.0,2185.0
19203,1.3381310931056765,0.3017634076536223,3635.0,2832.0
19205,3.2942424835696227,0.5285862431239725,1922.0,1909.0
19228,2.6444945964275046,0.2649816736987255,2530.0,3000.0
19285,3.591733119059024,0.7360506883155132,1633.0,992.0
19304,3.6061456674202232,0.3905180816896394,1617.0,2468.0
19311,4.0364358747209215,0.6158528879987841,1182.0,1514.0
19324,3.6376067276736785,0.317229806565361,1585.0,2773.0
19341,4.928953982458631,0.6600417756083601,526.0,1332.0
19367,3.4514054124111637,0.5474213057955933,1768.0,1822.0
19373,4.089473639201222,0.7729237814219334,1134.0,829.0
19382,4.830722234453795,0.9112331192892488,574.0,290.0
19411,4.515872318577341,0.8318704658819036,772.0,583.0
19451,4.029452785867724,0.6319590977850107,1188.0,1448.0
19455,4.590990908339456,0.7429247499954423,719.0,959.0
19468,6.386428072338065,0.7519418985479077,105.0,922.0
19488,4.893223699970875,0.9100047829813598,545.0,293.0
19559,5.155368657847801,0.8379554583707087,423.0,544.0
19573,4.327498957384871,0.5710332862371605,943.0,1717.0
19616,5.329556253077168,0.691101284240845,362.0,1193.0
19677,3.953223092361571,0.7185328488883136,1267.0,1072.0
19704,1.6242597411459143,0.0875949586920302,3445.0,3728.0
19724,4.015895322901747,0.7475039430859753,1204.0,939.0
19829,4.175866309934439,0.8260732320084321,1061.0,600.0
19839,4.5631335636662,0.8618772492608985,736.0,472.0
19901,4.560332238207696,0.8229504112665267,738.0,614.0
19956,4.382558454183516,0.8613989817742564,892.0,478.0
19978,5.536940704931396,0.9501508810821796,286.0,167.0
20028,5.125041074857035,0.928959684093545,432.0,238.0
20040,2.877413128946049,0.3114673429438006,2317.0,2801.0
20053,0.7700323390818176,0.0222705642253241,3889.0,3949.0
20121,3.301719239314719,0.5187554607373398,1914.0,1951.0
20134,5.7312420072045995,0.7714092217293924,241.0,836.0
20158,4.6582270526524825,0.8864165251315868,683.0,370.0
20170,2.6582595815677905,0.3646988806022432,2524.0,2564.0
20214,3.9294489680220495,0.8117731887997358,1302.0,651.0
20293,3.444658688847726,0.5376928084379133,1775.0,1862.0
20322,2.799122519053781,0.5051668148533668,2394.0,2006.0
20325,3.5964370325642827,0.5978812684314748,1627.0,1604.0
20337,3.5877061717635823,0.7218296368233461,1637.0,1054.0
20366,3.911728612264579,0.4114238498030216,1318.0,2394.0
20392,4.426300625187909,0.8722679197761272,846.0,432.0
20402,3.0181029034251203,0.2673560874816623,2176.0,2988.0
20403,2.2581087536216065,0.4394161128385457,2896.0,2286.0
20536,3.0159072619495855,0.4237838533489222,2179.0,2347.0
20585,3.9055556565721856,0.6332453497313733,1329.0,1439.0
20629,3.605896937470819,0.6633101438736356,1618.0,1318.0
20630,2.624994462664505,0.7869825529455226,2553.0,753.0
20638,3.388986049819766,0.5849569514086275,1841.0,1657.0
20694,4.1477691109934245,0.7753276228700692,1083.0,814.0
20700,5.950786452568986,0.981295443351506,181.0,49.0
20746,1.4376592123543268,0.0939803382719622,3565.0,3702.0
20824,3.6903131327060663,0.8042146179948377,1525.0,677.0
20848,3.2581943092365635,0.4953373911599322,1945.0,2050.0
20863,3.3189665798533814,0.5029275998514516,1899.0,2017.0
20941,3.032170202461865,0.4663289274305822,2156.0,2178.0
21010,4.3441395728466325,0.7833351418254841,922.0,769.0
21074,6.01943100704733,0.9758615697235814,166.0,73.0
21101,4.101989704952757,0.8099735660999952,1123.0,660.0
21141,3.1294807130364557,0.4868614773065349,2052.0,2087.0
21160,3.04105611725921,0.4118442978202634,2151.0,2392.0
21178,1.5504178285111798,0.1214885089370922,3499.0,3611.0
21191,2.972880759282334,0.4990428765988645,2229.0,2033.0
21198,6.2875618954965775,0.9831079839210768,119.0,46.0
21203,5.600746740709268,0.9705823165480278,275.0,92.0
21214,4.408948802227878,0.8349584635462195,859.0,562.0
21230,5.379548232037585,0.9605727789223776,335.0,125.0
21313,2.3199025832620275,0.6653252615377843,2851.0,1309.0
21361,3.815400500880742,0.5868236460496281,1407.0,1650.0
21386,2.2521399672245312,0.2681823669338604,2904.0,2982.0
21388,4.315093201087479,0.851760461998637,953.0,504.0
21415,4.314112290569193,0.8253724873527223,954.0,605.0
21433,4.101177628630662,0.8137272158357294,1124.0,646.0
21501,6.502117639913492,0.8502415302101323,81.0,511.0
21544,5.517484805827386,0.9749699895145894,294.0,80.0
21576,3.344755218231855,0.5518035359656993,1874.0,1795.0
21586,1.855079410326585,0.0825089500933575,3283.0,3750.0
21618,4.393573119225483,0.7247497668731694,881.0,1042.0
21637,3.740485782940792,0.570128504938745,1474.0,1720.0
21688,3.8517846478075746,0.6321235723022729,1380.0,1447.0
21762,2.860988376413121,0.3607507820029756,2336.0,2577.0
21805,2.204889723259898,0.1927035145041687,2947.0,3312.0
21821,2.9359008786321095,0.407304535548452,2269.0,2407.0
21826,4.1623974305301195,0.8890825098560877,1072.0,353.0
21845,4.986617420467372,0.8845910749870305,494.0,380.0
21855,5.377116534099726,0.9566428920761116,336.0,134.0
21859,3.7234426384696286,0.6926847601947574,1491.0,1186.0
21927,2.906379816890327,0.495477690350512,2295.0,2049.0
21982,6.4660762361226665,0.989908734024518,91.0,25.0
22051,5.168159960566711,0.9463287288727842,416.0,182.0
22064,2.714149113908507,0.8958839271295265,2485.0,336.0
22099,3.248243662178323,0.782109606303099,1952.0,777.0
22170,6.055203864784169,0.9623772016828838,153.0,120.0
22174,3.8225771142931344,0.608336336526514,1399.0,1555.0
22195,2.949811137041612,0.6826849789781164,2253.0,1229.0
22265,4.193138729926275,0.5709911457243448,1044.0,1718.0
22337,4.450263479277791,0.7976068465813326,827.0,711.0
22344,4.008106860086815,0.833454433646754,1216.0,573.0
22367,2.732835606607589,0.4252083217103809,2464.0,2339.0
22437,1.9977671431120976,0.1540367571800616,3166.0,3478.0
22452,4.681704592080704,0.4987273320482641,670.0,2034.0
22475,2.7780057826394717,0.3888518350713568,2417.0,2474.0
22511,4.3686892877681105,0.794990164147513,903.0,722.0
22525,3.20535425496648,0.3945171175272497,1983.0,2447.0
22530,3.122032560040034,0.2783051422257528,2060.0,2948.0
22563,2.125774750292851,0.1983057197629273,3025.0,3290.0
22577,2.061793590536545,0.1491069607960402,3110.0,3492.0
22580,2.646464440060713,0.2738869811507718,2527.0,2963.0
22609,1.9890194099619605,0.300652739288599,3172.0,2838.0
22651,5.8603116200978835,0.9516934413448126,205.0,160.0
22656,2.4517853480396767,0.321421769910476,2710.0,2755.0
22798,3.857487577259127,0.3182481165494178,1374.0,2768.0
22812,1.2293892164224962,0.0871199911058829,3697.0,3733.0
22982,2.158536227142513,0.2094816529986597,2996.0,3243.0
22997,3.4346967932100667,0.6768636014473902,1792.0,1251.0
23012,2.4972909768011067,0.332425167746213,2666.0,2715.0
23017,6.1427440747048045,0.7545692711739598,134.0,914.0
23025,2.33962086450631,0.2777143653861276,2828.0,2950.0
23048,0.3791354329758515,0.0269683805973036,3967.0,3931.0
23049,1.9794228012164137,0.1365754369275874,3180.0,3547.0
23068,4.541350272226314,0.4654724471568338,750.0,2182.0
23079,2.72263969228506,0.4459897455143307,2475.0,2260.0
23103,2.7058642921043052,0.3539984739599559,2492.0,2610.0
23114,3.145047473907267,0.5287891750067502,2040.0,1908.0
23116,2.977250182952172,0.3953244040424852,2222.0,2446.0
23117,3.942547326263704,0.3355678015805511,1281.0,2697.0
23122,4.37999861275311,0.8046606785762238,893.0,675.0
23127,5.024044735254757,0.8773191882392459,473.0,407.0
23138,1.2994929838242206,0.2205072419002237,3659.0,3192.0
23140,2.1197385727354976,0.1935428312792218,3031.0,3307.0
23142,2.141868269012235,0.1599788533903561,3013.0,3458.0
23145,5.42863379174718,0.8876543173652324,319.0,359.0
23154,3.66045996854682,0.6151522340562582,1557.0,1517.0
23162,1.1266896174844114,0.1470531816275689,3757.0,3504.0
23170,4.678889211662641,0.9002814231027632,672.0,322.0
23194,7.286862609170835,0.992723288579772,33.0,21.0
23213,1.18597477741793,0.0317346684940345,3730.0,3918.0
23222,4.28131803918861,0.7688216687472201,976.0,856.0
23228,4.760683779599154,0.8387639979687448,621.0,540.0
23287,3.7765567785033,0.5437458026974489,1436.0,1840.0
23297,4.3111213821993495,0.7552558729452061,955.0,911.0
23327,1.0137660969332312,0.4146163920109856,3805.0,2382.0
23329,4.2437643423916525,0.7265050524569581,997.0,1034.0
23368,3.3300719078127186,0.6360326359428135,1887.0,1431.0
23369,3.8615247386320033,0.6824911987768518,1369.0,1231.0
23385,1.9279738614843216,0.5315805865056388,3229.0,1895.0
23393,1.4328226671719562,0.2299494452262879,3569.0,3148.0
23403,2.7604568206811693,0.2874209789061203,2436.0,2900.0
23405,3.093834695179519,0.3462437596540078,2091.0,2645.0
23407,1.333595749292135,0.0800802696366452,3638.0,3756.0
23410,1.5603857501462943,0.3124209659374652,3489.0,2797.0
23468,1.46876693978141,0.2020008813163777,3544.0,3275.0
23628,2.8386720861176657,0.3390971262502221,2365.0,2684.0
23639,1.51356457720429,0.2478319827516623,3519.0,3069.0
23659,4.456864195336806,0.8426689935422834,825.0,528.0
23660,4.350409842120194,0.4726297273665586,915.0,2156.0
23691,3.402385992779154,0.2223011307125507,1829.0,3184.0
23696,2.3775894929527652,0.6771620095699544,2795.0,1250.0
23714,4.233209585749131,0.8003406716381148,1006.0,698.0
23723,6.357489939614582,0.936163517857172,110.0,213.0
23727,3.5979343108382835,0.6020877268866645,1626.0,1582.0
23733,6.284061488418087,0.9873687478741152,120.0,35.0
23740,6.005073476111633,0.9795574689262234,168.0,57.0
23756,4.009902895293519,0.7563681318388543,1212.0,907.0
23759,5.0764799383556,0.9235100900836404,454.0,252.0
23760,3.3209216988812376,0.5422299895244489,1895.0,1848.0
23763,4.46048333803823,0.8050133290087487,821.0,673.0
23796,4.010611503162741,0.7476620988527285,1211.0,935.0
23813,2.894568893240231,0.2796136325962327,2304.0,2941.0
23817,2.990631475981954,0.4935180369957193,2205.0,2059.0
23829,3.013726162715559,0.4420869856132505,2181.0,2275.0
23830,4.484612155210393,0.2096212535150564,801.0,3242.0
23852,2.186935867678876,0.5336135298616604,2968.0,1882.0
23854,4.276078359183116,0.294612861995476,981.0,2865.0
23858,3.7749488846360206,0.7072644573427685,1438.0,1130.0
23861,4.067243135832912,0.6323206671622829,1155.0,1445.0
23866,5.698281758881377,0.9666074770816628,250.0,106.0
23867,4.735134699932003,0.9460164597277908,640.0,183.0
23899,0.9440191894676544,0.2582985175733533,3832.0,3024.0
23936,5.120186269772502,0.7412680278664008,437.0,967.0
23947,3.042501096374965,0.6912413938546661,2147.0,1192.0
23970,4.121235108141009,0.7168600432852469,1105.0,1081.0
23986,4.5292524442334,0.6480285810446327,765.0,1378.0
23998,4.332395744450935,0.877965040585903,934.0,406.0
24017,4.041762131062757,0.7878780125587643,1176.0,749.0
24023,4.214499140449524,0.7114488881407394,1021.0,1112.0
24029,4.458144467799751,0.817192700676848,823.0,637.0
24035,3.5143900523571916,0.4924967289336269,1721.0,2062.0
24042,2.9632532193878203,0.6586149050540397,2242.0,1338.0
24050,4.2590596691016565,0.7884170124848138,988.0,745.0
24056,3.858274426107567,0.6520246788810904,1372.0,1367.0
24061,5.955726089578575,0.8174413299845431,178.0,635.0
24136,5.178981303524819,0.8745620430717258,410.0,421.0
24173,1.7177433740827313,0.2527930232603101,3385.0,3047.0
24174,5.989819354611329,0.9482030884762882,172.0,174.0
24195,3.993525353014399,0.6783571199830953,1235.0,1245.0
24213,4.025818143211821,0.7356741176504216,1196.0,994.0
24249,5.67874593394435,0.9625656277258656,257.0,119.0
24254,3.8584208681581704,0.7806778733981423,1371.0,784.0
24267,3.5199916543139325,0.5489773284024858,1709.0,1809.0
24268,1.56553338048045,0.1327086210076075,3484.0,3559.0
24291,2.9919584406741966,0.3799298401918448,2204.0,2507.0
24294,3.738761715207954,0.6368963809224293,1475.0,1425.0
24295,4.021258386261444,0.7415896899445102,1197.0,963.0
24310,4.36266571591557,0.8227043994926835,907.0,615.0
24314,4.327816078051235,0.7765211462956891,941.0,811.0
24326,2.6262302410002585,0.4309437063569126,2551.0,2317.0
24331,3.712825067138421,0.6441142941835574,1499.0,1399.0
24333,3.697286154572078,0.6247493797859937,1517.0,1484.0
24344,2.1283794420445896,0.1727169493300454,3024.0,3393.0
24346,3.6168415702260086,0.6783819525770509,1604.0,1244.0
24349,5.40450403818503,0.7160381080054805,324.0,1088.0
24350,3.1527174689345383,0.6763304957630134,2033.0,1256.0
24366,4.53649472568747,0.8702105342562627,755.0,440.0
24418,6.043624226358722,0.8419013102409647,156.0,530.0
24442,4.327764206577935,0.7821980788581508,942.0,776.0
24459,4.448484566935294,0.7293555994422178,829.0,1021.0
24500,1.2228124987177784,0.015883584023135,3703.0,3967.0
24515,3.4413163345926314,0.5494771380433858,1783.0,1806.0
24539,3.494535512747733,0.6304132841043222,1735.0,1457.0
24600,3.688979186767768,0.7439412600769845,1526.0,953.0
24608,2.5117558838286516,0.317471159526146,2656.0,2771.0
24615,2.7718859259459805,0.283843078660542,2425.0,2921.0
24624,3.677779626678052,0.7345118072783121,1535.0,999.0
24650,5.007272127239601,0.946576693037241,483.0,179.0
24651,2.6790019685163724,0.4832375951342383,2508.0,2108.0
24661,2.620691656477854,0.3345571811042618,2561.0,2702.0
24663,2.3719435405180644,0.4046345484061888,2798.0,2419.0
24668,4.061120103240996,0.7191527727991112,1159.0,1071.0
24685,4.84199522629282,0.3844576895787502,570.0,2491.0
24689,2.2456954927011368,0.2513861052057958,2911.0,3054.0
24695,2.931105368483383,0.2872276941843304,2273.0,2902.0
24705,2.828596774302932,0.6518691383132205,2374.0,1368.0
24708,3.0638301856156493,0.1738163976553733,2123.0,3389.0
24751,3.673247821126521,0.7303915702410972,1541.0,1019.0
24763,1.6046866693955475,0.2518777077090549,3458.0,3052.0
24843,2.1948839961991697,0.4459479302766258,2955.0,2261.0
24855,1.6364732003314455,0.3729210930783313,3437.0,2528.0
24866,2.9739848267771363,0.62030897550364,2226.0,1495.0
24961,3.0200908228598884,0.632371482180258,2171.0,1443.0
24978,3.203384580223681,0.6762354008493183,1984.0,1257.0
25009,2.981852627112034,0.3023363785179858,2215.0,2829.0
25036,3.2333323691596223,0.1994082792919504,1961.0,3284.0
25113,1.6872155943761908,0.1439084019076891,3406.0,3515.0
25120,2.87179450415826,0.4585830958997129,2324.0,2211.0
25139,2.85904166865761,0.4150830938239742,2339.0,2379.0
25146,1.8491706658278904,0.1469061528517997,3286.0,3505.0
25169,2.0646549871731525,0.1426412571810449,3104.0,3520.0
25200,5.729174362390745,0.9607108494747904,243.0,123.0
25355,4.199650695375168,0.7492144553715325,1036.0,930.0
25452,4.396942704163254,0.8525745613752613,876.0,502.0
25476,5.766026857151227,0.8632038169138199,233.0,469.0
25498,3.677935362916416,0.6577507357815777,1534.0,1345.0
25522,1.857535489697595,0.187718430177668,3280.0,3334.0
25534,1.0482355741376452,0.0441573978258109,3793.0,3876.0
25544,2.953611829393896,0.5009585512273228,2252.0,2026.0
25565,3.1167686290773378,0.3654289953017566,2063.0,2562.0
25571,3.510711750532479,0.5860630784307644,1725.0,1654.0
25606,2.997947297808,0.5290491120713611,2198.0,1905.0
25630,4.214575671990207,0.8571577979500398,1020.0,490.0
25719,2.3608428922706897,0.2827800995707222,2812.0,2925.0
25756,3.356390764753574,0.5233909038435081,1861.0,1930.0
25815,0.7335465686687449,0.038612053113342,3901.0,3893.0
25894,3.992645595696493,0.5680038971165293,1236.0,1736.0
26025,4.619393264391948,0.8936545656401889,702.0,341.0
26026,6.044592181956217,0.9740087833165392,155.0,83.0
26031,4.30665936940068,0.7824960517041333,960.0,772.0
26053,1.6945595884288776,0.116663676345564,3401.0,3623.0
26069,3.0274077178333756,0.4611443331268685,2160.0,2202.0
26074,4.109153872159059,0.7751553725657204,1113.0,815.0
26139,4.383517561813487,0.8684782312509821,890.0,443.0
26166,1.1345498779633554,0.0503191256369402,3755.0,3851.0
26177,1.2741947978405506,0.0540632529343091,3667.0,3835.0
26232,1.2022560451832485,0.0215131334394614,3716.0,3952.0
26259,2.384049922410683,0.2896402813931706,2789.0,2887.0
26369,4.787963159513787,0.8639266493501929,600.0,466.0
26433,4.300005679078985,0.6189879049586544,966.0,1498.0
26489,1.8462417807748568,0.1675430172124101,3290.0,3419.0
26563,2.5249914077821836,0.547659935216959,2640.0,1821.0
26580,1.9784448424230832,0.3239739773801196,3182.0,2740.0
26619,4.535191775264589,0.8922586075371914,758.0,346.0
26645,1.927952110732265,0.5771328468282493,3230.0,1690.0
26655,4.757483723254972,0.9140139282705576,624.0,283.0
26707,2.005535906406137,0.1614927837206665,3160.0,3453.0
26731,1.7804912121629366,0.1823514745403768,3333.0,3363.0
26743,1.8336132046275675,0.1480316874082824,3298.0,3499.0
26836,4.2081848207494,0.8531538423330218,1026.0,500.0
26837,2.049348513438311,0.1814836434959346,3120.0,3367.0
26867,4.4886491702714455,0.8871497518719016,797.0,365.0
26878,4.751013251897463,0.84566713391523,626.0,520.0
26909,1.804447218792839,0.3111826661826976,3316.0,2802.0
26913,2.7434676352682303,0.4149994815827474,2452.0,2380.0
26936,2.388997307554663,0.7342312768241173,2781.0,1002.0
26937,3.9369862110040073,0.3875283638946335,1289.0,2480.0
26959,4.181448891458233,0.7784916749558237,1057.0,800.0
26965,3.0254434366247023,0.6335123193618722,2163.0,1438.0
26977,3.57144869453594,0.6367585616045973,1654.0,1427.0
26986,2.676271121759812,0.771544526329171,2515.0,835.0
27020,4.779664476795885,0.8113796099212511,607.0,653.0
27057,4.344041283377013,0.8251090039710012,923.0,608.0
27062,3.615004579991522,0.5950504397405149,1607.0,1613.0
27068,3.695762561805106,0.4302187829798762,1520.0,2318.0
27106,1.5400546720020851,0.2164502394787268,3504.0,3212.0
27107,2.784405697941936,0.4740239628268149,2411.0,2148.0
27141,4.618100662841682,0.7052588984443366,703.0,1140.0
27149,3.6959808983183056,0.695758824511723,1519.0,1173.0
27203,4.953361062078301,0.643634039186036,514.0,1401.0
27204,5.929619574591743,0.981209061799831,186.0,50.0
27277,2.1133358706563863,0.1217850313673741,3042.0,3610.0
27280,3.2216851437071377,0.4920988835805955,1975.0,2064.0
27310,3.2293527532794943,0.6492801008830438,1964.0,1374.0
27334,3.556139929573283,0.3915474386372436,1671.0,2460.0
27409,4.604651833893649,0.8832137533684261,710.0,387.0
27419,2.0460864807855033,0.163438800817154,3125.0,3444.0
27428,2.0568923932528618,0.1898292469095783,3115.0,3325.0
27432,5.353742835771913,0.95282250532886,345.0,149.0
27478,3.532331653463842,0.618395828254368,1700.0,1500.0
27506,1.3660953346366822,0.0627057682283076,3607.0,3803.0
27538,5.803108097791725,0.9562318280245524,222.0,137.0
27551,2.7834818114850526,0.4357127866139318,2412.0,2301.0
27563,1.8587776057367775,0.1403782127267238,3277.0,3534.0
27590,3.666678275019146,0.5796365786130089,1551.0,1681.0
27599,5.03857851446319,0.7983871700847364,466.0,707.0
27677,4.0545109023138854,0.3282669281427285,1165.0,2725.0
27687,2.517031467083202,0.4863302257162388,2650.0,2092.0
27714,5.298730306423445,0.850639160109061,367.0,509.0
27720,2.4167897050526244,0.2474215742858979,2755.0,3070.0
27722,0.6595747732866234,0.0239457782517908,3915.0,3941.0
27735,3.5290198531606225,0.5337414642011911,1702.0,1880.0
27804,3.596056896017229,0.6550048064306304,1628.0,1358.0
27806,4.953763909277744,0.68990826679244,513.0,1201.0
27807,2.471810688565654,0.2980952561347499,2689.0,2848.0
27812,3.957339148426959,0.7276638642371009,1264.0,1032.0
27826,5.20771016991476,0.7806125449850745,398.0,785.0
27827,1.5009698453136553,0.6546519162522966,3527.0,1360.0
27830,2.441730376964583,0.1714887785558703,2720.0,3400.0
27834,3.747045541623293,0.6487778671390492,1468.0,1376.0
27882,4.5094469251252125,0.9111050188886316,778.0,291.0
27887,5.33790258331982,0.9031558581489773,355.0,315.0
27889,6.037950944388041,0.8216444205280571,158.0,618.0
27893,3.704716415910015,0.8672846168977257,1509.0,450.0
27894,3.601335576341613,0.7475063237652164,1620.0,938.0
27896,4.009690561935732,0.7213919656148575,1213.0,1058.0
27901,4.376566879938908,0.5099043023571666,898.0,1987.0
27908,8.539469696703732,0.992164721098632,4.0,23.0
27910,4.0459526849839325,0.789732076853862,1170.0,740.0
27934,3.942446772246418,0.7150423251527418,1282.0,1093.0
27942,2.271142387128968,0.382945114662678,2880.0,2500.0
27945,0.8063144456549365,0.3867316956661398,3881.0,2484.0
27946,1.4334708669918894,0.4216252950421907,3568.0,2358.0
27952,6.444494205252268,0.9558470715855716,95.0,140.0
27985,4.071825779286556,0.7365092129343124,1150.0,989.0
28002,2.228781947909071,0.2093552394028949,2927.0,3246.0
28015,1.999011321816954,0.2846626643180635,3165.0,2917.0
28035,0.5996642343196751,0.0089731983951738,3932.0,3982.0
28044,3.7330005469332144,0.5689209234710568,1479.0,1727.0
28046,2.4033540131833955,0.5082980467282113,2767.0,1994.0
28055,3.760906028877256,0.6112433298597476,1451.0,1538.0
28113,5.391319060838439,0.7702375937833528,332.0,845.0
28115,4.352238877844273,0.6165709729012294,913.0,1509.0
28121,0.3568435854319952,0.0156742870757406,3971.0,3968.0
28123,0.5351206435572423,0.0081496108581313,3939.0,3984.0
28159,2.289341872825788,0.3733010638597452,2872.0,2526.0
28188,3.261394597771369,0.5864134091750649,1943.0,1653.0
28194,1.0777769956652057,0.0200987225476222,3774.0,3954.0
28222,2.2229927736540307,0.2890643508425767,2935.0,2892.0
28241,4.042141414104801,0.7173237814343383,1174.0,1079.0
28244,3.081067383904717,0.4389911113862211,2111.0,2290.0
28249,1.9281100488153156,0.1603390656594909,3228.0,3456.0
28272,3.47736848696075,0.6481821599381947,1749.0,1377.0
28277,4.3848753635569775,0.8358295853354086,889.0,557.0
28289,3.775270018932387,0.7861513342453226,1437.0,758.0
28292,3.380226386422691,0.3617572420829705,1846.0,2576.0
28324,1.706931149996065,0.3068892706828456,3393.0,2815.0
28329,4.106238499461757,0.9061134352951278,1118.0,305.0
28333,4.576822417700646,0.8872075021776982,728.0,364.0
28341,4.789963166118781,0.8444200972853866,599.0,524.0
28351,4.630616940185159,0.8000148500835706,695.0,702.0
28353,3.234103446194935,0.1781376488792748,1960.0,3377.0
28355,0.9729597004753536,0.2297883558089443,3820.0,3149.0
28371,3.707267224481849,0.8379230508033191,1506.0,545.0
28377,5.509431497525482,0.6045648828091739,297.0,1572.0
28383,4.092456041764302,0.2890670639832942,1132.0,2891.0
28391,4.0715312682206655,0.6128227650984146,1151.0,1524.0
28399,4.742227593051394,0.7453654850804872,631.0,946.0
28412,3.402320788860456,0.636576158172406,1831.0,1430.0
28416,3.237305176761257,0.6064051358944109,1957.0,1562.0
28426,3.894190612209607,0.6694497054714473,1340.0,1290.0
28451,3.092074704902223,0.2798426401877402,2096.0,2940.0
28468,2.0630386699264314,0.4288130194087624,3105.0,2328.0
28472,6.032406759869493,0.8181144870802111,163.0,634.0
28475,1.671914556010203,0.5440436166124835,3415.0,1837.0
28479,4.152281771717995,0.800326752768646,1081.0,699.0
28498,3.758736468593762,0.760603852998478,1452.0,885.0
28500,2.6336792211082476,0.8107884949173245,2539.0,656.0
28516,3.4740066871944815,0.7315927071260058,1756.0,1012.0
28535,5.951386612016161,0.6677832688972626,180.0,1297.0
28549,2.3627767015852297,0.1721770327182455,2807.0,3398.0
28566,0.6434717796560988,0.0539873872296778,3920.0,3836.0
28575,4.104779223585705,0.7588588552010458,1119.0,891.0
28576,3.4115491664831175,0.5609741298365529,1809.0,1760.0
28624,3.019614351241527,0.5505379305338977,2172.0,1800.0
28646,2.9700428333655675,0.4414599120610828,2233.0,2278.0
28706,3.995436377562057,0.7363979090829583,1232.0,990.0
28722,3.773965462315643,0.6926609719495095,1439.0,1187.0
28748,5.349755036060178,0.3857902784950065,350.0,2489.0
28798,2.4954870272700775,0.2458260688208624,2667.0,3080.0
28799,1.4241717026583904,0.0921449965990591,3576.0,3710.0
28833,6.480555816991409,0.9051030486901,85.0,310.0
28896,3.909562202810181,0.8648298687429361,1320.0,462.0
28898,3.8512007614118713,0.7019062561692881,1381.0,1152.0
28909,1.4515368537957063,0.1234536833171057,3554.0,3602.0
28919,0.5153346658027708,0.0127341089665756,3943.0,3973.0
28945,3.436971949400704,0.5936650531842679,1789.0,1619.0
28978,3.876378424630089,0.947641037921344,1360.0,175.0
28982,6.037032369569291,0.9188828610607144,160.0,269.0
28986,6.7633219082228235,0.995679391252874,58.0,10.0
29005,7.676273701573344,0.7432800714179555,16.0,957.0
29010,2.989532193270291,0.5481141695180658,2208.0,1816.0
29014,3.632010499484486,0.7290319520464035,1589.0,1023.0
29023,4.82916388926569,0.7815821114467124,575.0,781.0
29024,4.857484705756962,0.884249480565894,563.0,382.0
29031,3.564240177163549,0.6852353775429132,1666.0,1218.0
29089,2.772402917601204,0.7675630430900227,2424.0,863.0
29101,6.736914354623495,0.90531921235467,59.0,309.0
29109,3.4082978645613475,0.5735711061010633,1819.0,1705.0
29111,1.289520510633892,0.0562007533793076,3664.0,3827.0
29112,2.6896710133929007,0.3388704851089061,2502.0,2685.0
29115,3.812052949256355,0.8274189665070899,1412.0,596.0
29217,1.5551770553164772,0.1775649733868976,3494.0,3381.0
29223,3.149397377250567,0.4241262805697247,2036.0,2345.0
29303,6.273699593857849,0.7361075541877,122.0,991.0
29305,2.4653789609486836,0.3178891193890547,2698.0,2769.0
29316,5.955049795070132,0.5558454249700386,179.0,1779.0
29324,5.783239522060481,0.7380916606571901,228.0,980.0
29335,2.965395191463272,0.8546962093517512,2240.0,498.0
29351,5.202526510819683,0.6498015763204585,402.0,1373.0
29356,2.2202416974389516,0.605149458033928,2937.0,1569.0
29360,2.485469605973391,0.5436147483556316,2679.0,1842.0
29378,2.98515346001468,0.3535340692276154,2211.0,2615.0
29400,5.531984895721055,0.940211759329684,288.0,208.0
29402,6.591128760634211,0.989389207542028,72.0,27.0
29409,3.580473793056138,0.3151920342191997,1646.0,2784.0
29428,4.472556713063667,0.6012002833762689,813.0,1591.0
29430,2.2653869634526163,0.5994556547593419,2886.0,1596.0
29433,2.8335113152411404,0.7517069635504928,2369.0,923.0
29435,2.6895584502429575,0.2893636951098198,2503.0,2888.0
29454,2.1825728868054135,0.3206531338175501,2971.0,2757.0
29457,3.276275857309331,0.3070073822932032,1935.0,2814.0
29458,2.11350425998106,0.7117517886742171,3040.0,1108.0
29464,3.169558457498437,0.3297363956028799,2013.0,2721.0
29465,2.2086379489725454,0.3126841706244449,2942.0,2794.0
29478,4.6659677735991965,0.6270695238106825,680.0,1470.0
29481,2.623741230339158,0.1695000573147419,2554.0,3408.0
29488,0.9203244265944526,0.0667671136894131,3846.0,3798.0
29489,3.417424281037317,0.2997768648352594,1807.0,2840.0
29503,3.980240082409113,0.8297405823967419,1248.0,589.0
29504,2.1613824534019175,0.3843216240127506,2991.0,2492.0
29505,2.8722046450012386,0.606095779367545,2323.0,1564.0
29547,2.4494402428229067,0.1816237585516955,2713.0,3366.0
29575,1.262459599633598,0.0513271770445976,3679.0,3847.0
29579,3.5112057851974705,0.5480300737870822,1724.0,1818.0
29603,3.3690420527490565,0.3340798105796227,1850.0,2705.0
29626,1.9899466480898305,0.3456789050992578,3170.0,2649.0
29628,1.9868242182653295,0.2986552044077533,3174.0,2846.0
29646,4.123632899251069,0.5308918343741221,1104.0,1899.0
29651,3.668878801834292,0.7975162280279924,1546.0,712.0
29657,2.1830197504981,0.3518571631938856,2970.0,2620.0
29663,2.3087528236229486,0.598984830393402,2861.0,1598.0
29683,3.5168124118937216,0.3110717023109375,1717.0,2805.0
29685,2.812617020370757,0.3839268977079301,2385.0,2495.0
29705,3.752003635586144,0.7433710000580043,1458.0,956.0
29724,1.232783961457149,0.0515062108109008,3695.0,3845.0
29750,3.17553529705516,0.4316714599976012,2008.0,2314.0
29769,5.678359907254568,0.971974863736504,258.0,89.0
29771,4.713867622141498,0.671366571135738,651.0,1279.0
29797,1.065381696454637,0.0345439326830923,3780.0,3904.0
29837,3.4554380890766363,0.5976134320527178,1766.0,1605.0
29891,4.128430905811728,0.8684133115638492,1098.0,444.0
29896,1.720641289225719,0.1588947864712271,3383.0,3465.0
29903,0.6936238291325931,0.032736152404601,3908.0,3913.0
29935,2.939655100033244,0.5199909378669678,2264.0,1947.0
30019,2.8744996279183335,0.4234302784255157,2320.0,2349.0
30084,2.968195554723754,0.5377866224602035,2237.0,1861.0
30104,1.2283086987011114,0.0158931407372975,3698.0,3966.0
30110,3.939496718631899,0.7209412808399958,1286.0,1061.0
30147,3.2404748389474913,0.2689531478699886,1956.0,2979.0
30156,1.2348010207982845,0.0377777293158923,3693.0,3898.0
30171,1.063423911068479,0.0528401806312448,3781.0,3840.0
30199,4.330425819481743,0.8102012540217729,938.0,658.0
30206,2.730374821771319,0.4961512230067226,2466.0,2043.0
30237,3.5682392969295673,0.3814782809924653,1660.0,2502.0
30270,3.284458902910991,0.4247875805662054,1928.0,2341.0
30277,3.104633439345474,0.641817598832952,2081.0,1410.0
30278,3.7922372968060034,0.6004267985119005,1420.0,1594.0
30283,5.091981669077442,0.8507350550350904,448.0,508.0
30286,4.408236877643248,0.6953727921977959,862.0,1175.0
30306,3.194119452144213,0.5317033107869966,1992.0,1894.0
30307,2.0772079948868636,0.2728558346212022,3090.0,2967.0
30314,2.157122152857192,0.0894957571816578,2997.0,3721.0
30322,1.0783924370812352,0.2344878410731944,3773.0,3131.0
30339,1.0380152103867812,0.0568662234712583,3797.0,3824.0
30343,5.186373077481302,0.8487993722043458,407.0,514.0
30355,2.3900806276754856,0.4580857109049909,2778.0,2214.0
30365,3.4407317434767273,0.6653205950584007,1786.0,1310.0
30379,3.5227214530136384,0.91275148996519,1708.0,288.0
30380,3.249400508767228,0.582577013229427,1951.0,1665.0
30381,2.997235520674564,0.6214591325815431,2199.0,1492.0
30388,3.1380089214339466,0.7455941271325872,2046.0,945.0
30389,3.847715235393079,0.5374221118759086,1383.0,1864.0
30398,2.851011535777201,0.6057270650050113,2348.0,1565.0
30400,4.0041658125932,0.6896595463251245,1222.0,1204.0
30404,3.820234922811288,0.6615519638280158,1402.0,1325.0
30405,4.038426020506293,0.5654709107770457,1180.0,1747.0
30414,2.735266784938084,0.4863409165441207,2460.0,2091.0
30415,4.1735912632385155,0.5015924476592305,1062.0,2022.0
30423,3.409634138611287,0.5436542326516591,1813.0,1841.0
30426,1.4247308286580538,0.0204280220105383,3575.0,3953.0
30429,3.6176306871599127,0.5607320572566774,1602.0,1761.0
30430,2.30432222118291,0.0345243430201954,2863.0,3905.0
30433,1.151478307563785,0.0417280527783888,3750.0,3883.0
30434,0.8456306886523499,0.0188390252349215,3869.0,3958.0
30438,3.558503133131889,0.6787813098325373,1669.0,1240.0
30439,6.394023703575191,0.8254398568006923,104.0,604.0
30497,2.618411992794367,0.0908224533599709,2565.0,3715.0
30498,6.357249806047763,0.9787838183279602,111.0,60.0
30509,5.101111016104138,0.767334804358982,443.0,867.0
30550,5.086899094055154,0.8895297040983978,451.0,351.0
30604,3.0238600354622,0.4070915521398832,2168.0,2409.0
30613,3.1975242985856984,0.5092435830996449,1988.0,1991.0
30665,4.8058519676316305,0.9237983321375078,589.0,251.0
30675,1.3630501739587857,0.0550934981882973,3611.0,3829.0
30676,4.308408615023801,0.7999126213265042,958.0,703.0
30678,2.734608064166151,0.3262400089871851,2462.0,2731.0
30679,3.660446541439092,0.8642755672632627,1558.0,465.0
30683,4.726451536185374,0.8968912110853142,644.0,331.0
30684,6.355632481796995,0.7012695727675329,112.0,1155.0
30694,2.519605118856943,0.3966194106378103,2647.0,2439.0
30701,6.791387221630675,0.9531675373767844,55.0,148.0
30741,3.685027917938048,0.5825461523267266,1529.0,1666.0
30743,3.738454087601827,0.6091314508931708,1477.0,1550.0
30752,6.39792560873648,0.9307257547115544,102.0,234.0
30758,3.70779220559174,0.7686776072563752,1505.0,858.0
30759,6.02557783422639,0.6512750760895365,164.0,1370.0
30768,3.478631684730048,0.7223717705182916,1744.0,1052.0
30790,3.1754281701667555,0.3296388549255638,2009.0,2722.0
30794,2.428704410580389,0.3162767130956927,2738.0,2777.0
30822,3.607405815998796,0.866884231805053,1615.0,452.0
30823,5.634101148021326,0.6458728077288975,265.0,1391.0
30835,2.370449062307359,0.3584902995423655,2800.0,2587.0
30863,3.5809661396147594,0.7483172986795221,1644.0,933.0
30875,4.04197648023815,0.7164844039610055,1175.0,1084.0
30884,4.324660059987188,0.7007125926380886,947.0,1158.0
30914,0.9818419805427934,0.4507953831900796,3816.0,2239.0
30932,4.601997218798196,0.8649419859790516,714.0,461.0
30933,2.2531604511294083,0.163637877328085,2901.0,3442.0
30936,3.51957522652775,0.5988861687872156,1711.0,1601.0
30940,4.043484340666679,0.8107651295565752,1171.0,657.0
30942,2.035804997493454,0.1807396265587995,3138.0,3371.0
30946,2.1173234592394428,0.1409861168158272,3034.0,3533.0
30951,1.9814155223027352,0.2253126716736938,3178.0,3170.0
30953,1.665744765694135,0.1639782015222713,3417.0,3440.0
30975,4.582968495452398,0.8868250770315604,724.0,367.0
30997,2.078984787723245,0.269476627322862,3088.0,2977.0
31004,3.4469789579446983,0.706418564649268,1773.0,1134.0
31038,1.6830211182168822,0.0605626262560167,3408.0,3808.0
31059,0.1144112419960108,0.0094862497283039,3985.0,3981.0
31077,3.645010915716496,0.6697420941448862,1575.0,1288.0
31083,0.4753018128024973,0.0398230200216555,3952.0,3890.0
31099,7.172428183108624,0.9962945720910727,36.0,8.0
31140,4.920371895996309,0.9005742074325547,531.0,321.0
31146,1.9785971357045593,0.238268196391163,3181.0,3112.0
31173,4.630318376678356,0.7988369929503393,696.0,705.0
31185,6.4060242414195745,0.7865213793937013,98.0,756.0
31209,3.0744442793550406,0.4594388196729453,2118.0,2207.0
31231,2.615715678521338,0.315531544735852,2569.0,2782.0
31242,4.868813907723675,0.8351958533927712,558.0,560.0
31244,5.941555523792072,0.9711149708920004,183.0,90.0
31245,2.783215409696349,0.4028228875535449,2413.0,2423.0
31277,3.2554272865914826,0.632858859136284,1947.0,1441.0
31285,3.462324168511166,0.6967607269806757,1760.0,1170.0
31330,5.342716144857728,0.7927313487942207,352.0,727.0
31343,2.493459231241685,0.6020333148888367,2670.0,1583.0
31353,2.7347214723774544,0.441220462394929,2461.0,2280.0
31355,4.339088693768731,0.8372420013548199,925.0,549.0
31363,4.020982883683703,0.6323465814300054,1198.0,1444.0
31368,2.827665082083863,0.602945087861372,2375.0,1575.0
31385,3.6799020099804296,0.8374690743071084,1531.0,547.0
31388,3.8966769294422017,0.747125320243816,1339.0,940.0
31390,5.928713178418361,0.9424517316385836,188.0,201.0
31397,3.6543576148272807,0.752425759412589,1565.0,920.0
31405,1.967506553411672,0.260984143154852,3193.0,3016.0
31413,4.795307288796611,0.7954382260179517,595.0,719.0
31452,4.222618638755398,0.6082878178874935,1014.0,1556.0
31491,3.129739116527912,0.4548813793266396,2051.0,2222.0
31509,4.88994853917308,0.5586218463192759,547.0,1770.0
31522,1.3700449536769188,0.4278047441986059,3603.0,2333.0
31543,3.1487503930546072,0.5972128077868712,2037.0,1607.0
31563,3.7720167745404503,0.3797260057407333,1442.0,2508.0
31565,2.138705985983706,0.2823535790461722,3015.0,2927.0
31586,4.464594668031219,0.8081931898671686,819.0,663.0
31596,5.292384144513206,0.8061475593303551,368.0,669.0
31615,7.015366098862031,0.9426478606544308,43.0,199.0
31618,4.874547044568652,0.8833387738249305,555.0,386.0
31622,5.565632238056286,0.895885394899137,283.0,335.0
31629,3.901986896282685,0.7107222322601615,1335.0,1116.0
31639,3.390043388492504,0.7172353426490837,1840.0,1080.0
31648,0.9848761334794336,0.4593386913224376,3815.0,2208.0
31651,3.4299046980906245,0.7042641481019595,1796.0,1144.0
31657,4.346243571789199,0.7031288377940996,920.0,1148.0
31670,1.601130676403247,0.214294043606382,3460.0,3217.0
31683,4.550645305293156,0.8646513658294812,743.0,463.0
31711,1.0706742669864624,0.1359120334427954,3779.0,3551.0
31718,3.337306065497692,0.4870090655342409,1881.0,2085.0
31729,1.552923829165495,0.0594631168143852,3496.0,3813.0
31767,3.666381554651372,0.6116640989194495,1552.0,1536.0
31884,3.7240311411321847,0.6909498389698896,1490.0,1197.0
31888,2.79457403623237,0.3447037667651851,2397.0,2659.0
31936,1.1511761682368975,0.2512123512805337,3751.0,3056.0
31946,4.396616634882807,0.837719686820426,877.0,546.0
31975,4.615335246927065,0.6318131233642663,705.0,1449.0
31982,3.5634474804510137,0.7763922308700963,1667.0,812.0
32009,4.374833192354074,0.6871490206640157,899.0,1209.0
32063,5.010691253979404,0.7373300355583277,481.0,986.0
32131,4.498195974525869,0.8846506054485539,786.0,379.0
32167,5.254530279347484,0.7782980023220611,372.0,801.0
32169,2.431459936985892,0.7409974316144552,2734.0,968.0
32204,4.885671896255481,0.9425979229439836,549.0,200.0
32215,4.189305030471702,0.8272517478404795,1051.0,597.0
32223,4.885081760219452,0.8629472455753548,550.0,470.0
32230,7.301568634258723,0.9972372522879072,32.0,4.0
32246,4.05147086296262,0.7390635095122716,1167.0,976.0
32270,5.823266412972772,0.9801978823971136,212.0,53.0
32271,7.478630485886706,0.9964784377189172,24.0,6.0
32274,3.3675989904587302,0.6016932762290903,1853.0,1585.0
32283,1.620896917658014,0.1675358204873773,3448.0,3420.0
32291,1.951520784046786,0.1659630740203794,3208.0,3429.0
32304,2.2076336720605783,0.4396961751408916,2944.0,2285.0
32308,2.4634602973695054,0.3451729314957815,2700.0,2655.0
32316,0.8592628750805463,0.0948245428266234,3865.0,3697.0
32326,1.0202780497468595,0.284979204084659,3803.0,2916.0
32339,1.70959178285428,0.4053694841399567,3390.0,2416.0
32357,3.979937842160034,0.6534063455255013,1249.0,1362.0
32360,6.385659300841482,0.8722957863178235,106.0,431.0
32373,4.933953218415205,0.7765812697857839,523.0,809.0
32387,3.3191867874299916,0.6448893925855781,1898.0,1393.0
32418,5.627266000974189,0.6711952097543551,268.0,1281.0
32468,1.169679315115167,0.4053680552836177,3736.0,2417.0
32470,3.16620003793527,0.464945062700578,2018.0,2186.0
32472,3.987737283969953,0.7158018332335188,1241.0,1090.0
32480,0.8541140858474238,0.2590679345009335,3867.0,3020.0
32481,4.719596294392335,0.7041547180589689,649.0,1145.0
32485,4.44322633548774,0.6259461088070217,832.0,1476.0
32515,3.4101173529958935,0.5784235013752916,1811.0,1686.0
32526,4.9383355846205195,0.6934714327094711,521.0,1180.0
32636,1.5632637731528405,0.2864910466195348,3487.0,2908.0
32662,3.442473871484064,0.5661921672825682,1779.0,1746.0
32715,6.096303862964737,0.8512587976695072,145.0,507.0
32752,1.4531369026674832,0.1039165647358566,3551.0,3668.0
32845,3.349921605101434,0.3261030391200803,1867.0,2732.0
32853,0.1737068351079712,0.211105175701697,3981.0,3238.0
32855,3.2179342751930076,0.2438408896927317,1977.0,3090.0
32864,1.6956461560630531,0.1836236795198243,3400.0,3358.0
32870,2.7895855806162655,0.5052147059359684,2405.0,2004.0
32874,5.33047995772109,0.4941861453330523,360.0,2056.0
32875,5.333760911934576,0.5213782277215913,357.0,1941.0
32902,1.1987612978485604,0.163442391917653,3720.0,3443.0
32913,5.736184059219145,0.667024407107943,240.0,1300.0
32915,4.9174606940098915,0.397474744977089,532.0,2435.0
32924,0.8300452392699538,0.0864811407233776,3876.0,3735.0
32954,3.039571547304703,0.2627683589718411,2152.0,3010.0
33053,3.060714238848044,0.5121141466994914,2130.0,1976.0
33077,2.8213631817032763,0.3711308234351631,2378.0,2533.0
33090,3.810363370280863,0.5000525786317395,1415.0,2028.0
33099,2.2279961162313544,0.3669237450552397,2931.0,2553.0
33172,4.393632081440845,0.6144576439080462,880.0,1519.0
33187,3.439950594063868,0.6050241305782798,1788.0,1570.0
33223,4.184519101612592,0.723008138758707,1054.0,1047.0
33224,2.67209842682636,0.7281652567637091,2519.0,1028.0
33229,3.9020473541145857,0.7527132242120935,1334.0,918.0
33234,5.361743207829775,0.7185057099576434,342.0,1073.0
33240,2.918579802740211,0.356480738772647,2279.0,2597.0
33261,2.7387888040681956,0.4782313800137185,2456.0,2128.0
33264,2.5213523898200876,0.5683690268849422,2644.0,1734.0
33268,3.5942807168607005,0.5153708879850072,1630.0,1964.0
33278,1.3963472980984852,0.1091973581370489,3593.0,3644.0
33291,5.485816859084752,0.7551625298598001,306.0,913.0
33297,4.5737389805572946,0.5160398520761578,729.0,1961.0
33304,2.8412045037278126,0.3375900314320453,2363.0,2689.0
33306,2.849539558057634,0.4413373576489747,2351.0,2279.0
33310,0.3902803973342812,0.0117770253977647,3966.0,3974.0
33315,4.571963663962389,0.7983734597845049,732.0,708.0
33316,1.0919411588599324,0.3020108114292271,3767.0,2830.0
33323,2.1343671550535226,0.6802270237573971,3020.0,1237.0
33328,4.6370259992398974,0.6842103791745004,692.0,1224.0
33359,3.350902425314928,0.6132971719164115,1866.0,1520.0
33422,4.683368690706221,0.4697270414375385,669.0,2169.0
33424,5.780028207506057,0.471640472987197,229.0,2162.0
33437,5.210605190590383,0.6007677709467859,394.0,1593.0
33463,3.1919371020145055,0.4982736284300894,1995.0,2037.0
33467,3.830014706698664,0.4615212778259727,1392.0,2200.0
33469,5.350110699492436,0.9534870700632014,348.0,146.0
33481,4.433694161033559,0.550082258345299,838.0,1802.0
33487,3.024328319324398,0.6017400818082798,2167.0,1584.0
33502,4.086662916056096,0.4671048591583199,1136.0,2176.0
33517,4.863021778095924,0.5741795258620204,562.0,1703.0
33519,2.7480756375240256,0.5817377034601418,2447.0,1670.0
33553,4.190656541922085,0.8989701912481345,1048.0,326.0
33556,4.72324640885492,0.8634902942011773,645.0,468.0
33559,5.229956322326854,0.8563998431546758,376.0,493.0
33566,4.721384489917113,0.3520758571215098,648.0,2619.0
33571,2.6294781277820984,0.6447029268905028,2547.0,1396.0
33576,3.592565127131669,0.6121708688313745,1631.0,1532.0
33607,3.9338344419201143,0.5272012704315664,1293.0,1916.0
33631,2.5175244036247526,0.3705779485870807,2649.0,2536.0
33654,3.042333037007146,0.444245966523285,2149.0,2266.0
33669,3.026274542587746,0.6031208606836269,2161.0,1574.0
33678,5.4920529337131665,0.8885375027001927,304.0,356.0
33688,3.822238731716785,0.5665716528262466,1400.0,1744.0
33731,4.157497961708468,0.7697776444089728,1076.0,849.0
33738,3.6518107872019625,0.6653525355462818,1568.0,1308.0
33831,4.935966231797937,0.7176589112459261,522.0,1077.0
33839,4.905569877538427,0.8009890539599858,540.0,697.0
33878,4.683712839019544,0.8444784187834551,668.0,523.0
33910,1.940521906791986,0.3861262803602858,3217.0,2487.0
33939,5.528477449941871,0.9583683146830694,290.0,128.0
34090,1.8110143718710223,0.5687614754842105,3313.0,1731.0
34094,4.130570861641196,0.5602927378807274,1097.0,1763.0
34118,4.106680883434421,0.6571430378299329,1117.0,1350.0
34132,2.105986102216605,0.2555926748704659,3055.0,3036.0
34141,8.03551081181271,0.5712965329059461,8.0,1716.0
34148,6.13953099591815,0.8010973999526276,138.0,696.0
34150,8.26847963334952,0.980623965908996,5.0,51.0
34155,3.1630538246079687,0.5173628770568339,2023.0,1957.0
34157,4.558774457131073,0.5613048676038144,740.0,1759.0
34158,4.947998076517671,0.731077546174528,517.0,1016.0
34169,1.4070908128535011,0.3757023184835933,3585.0,2521.0
34172,3.5102970843753045,0.6100850570129557,1726.0,1547.0
34195,6.3603146413249005,0.9783562058843144,109.0,61.0
34197,3.7425143105190473,0.7961401504568762,1473.0,715.0
34199,5.611221386871057,0.9525162702983936,270.0,152.0
34200,4.719424748763573,0.950915494194244,650.0,164.0
34234,5.977062341993667,0.9773471965696532,174.0,68.0
34246,4.43906887944938,0.8639178044393473,835.0,467.0
34260,4.548253612367241,0.7642214101777672,746.0,876.0
34278,4.224038910856493,0.6639672636731275,1013.0,1315.0
34311,2.9044412548109357,0.5496318524740552,2297.0,1804.0
34323,4.970048419545073,0.9455035034368072,502.0,185.0
34339,2.1947588827558495,0.3219166380739682,2956.0,2749.0
34345,1.9836960811201505,0.4729602170375938,3176.0,2155.0
34347,3.4658201809827585,0.2960031488327545,1759.0,2861.0
34368,6.116329866054354,0.8870092195757766,140.0,366.0
34374,1.591406422236311,0.1338782265201321,3464.0,3556.0
34380,2.7893346883490477,0.6021701031274336,2406.0,1580.0
34386,4.031362762729638,0.5916020641746009,1187.0,1628.0
34444,5.771904658037348,0.9681257677771667,231.0,99.0
34474,3.1398951149675467,0.2622444507258365,2045.0,3012.0
34513,2.746964861352293,0.267862275075086,2449.0,2984.0
34515,1.966441039709775,0.6754121256774148,3196.0,1261.0
34528,2.659280119761141,0.2264928485475755,2523.0,3166.0
34535,2.809099779422637,0.7778873469118546,2389.0,803.0
34561,3.67800205368141,0.2584593887181421,1533.0,3022.0
34562,1.88510359019621,0.1556345547361541,3254.0,3473.0
34582,2.572078213747753,0.665057763969221,2613.0,1311.0
34587,2.6063178724530536,0.3216965180666871,2585.0,2752.0
34588,2.6516827919447055,0.3442200414679589,2526.0,2661.0
34589,3.173021458231642,0.254726600955637,2012.0,3042.0
34593,3.3720319157675984,0.3129604867900684,1849.0,2792.0
34611,2.940312520889753,0.2305801124285456,2263.0,3145.0
34640,2.589259691826748,0.282088235808221,2596.0,2929.0
34661,2.154903038217738,0.2355298788079668,2999.0,3126.0
34666,1.847894172204015,0.1497900902206989,3287.0,3489.0
34681,3.891432530922875,0.8217108965612019,1346.0,617.0
34699,2.7017178071484738,0.2395942339655415,2494.0,3105.0
34722,3.903736393579581,0.5851776957174075,1332.0,1656.0
34763,3.228246743307663,0.2253230660540803,1967.0,3169.0
34785,2.6554612100878527,0.2961374878422277,2525.0,2860.0
34787,4.208312601066535,0.5099974591415821,1025.0,1986.0
34790,2.836498197153039,0.2170949898362454,2366.0,3206.0
34801,3.237088852094105,0.3680424126256759,1958.0,2548.0
34807,6.612029834424908,0.8738160854512327,69.0,425.0
34814,3.150618660509701,0.6378907895227374,2035.0,1421.0
34823,3.222461336203984,0.3425175696891013,1971.0,2668.0
34870,3.5818438054463777,0.5726307420206593,1643.0,1711.0
34881,4.386253750768294,0.7050553174869925,887.0,1141.0
34910,1.7122014253186288,0.2808001995525577,3387.0,2937.0
34916,1.7387932768894032,0.1195483786957269,3368.0,3615.0
34924,0.7026984129873566,0.2196254642785277,3907.0,3196.0
34931,5.8875692921865,0.6950406748659977,199.0,1176.0
34945,3.7299574143083474,0.6281774612888309,1482.0,1463.0
34953,4.765305111440704,0.9227538212468592,616.0,256.0
34957,2.297551026436819,0.1610322601687325,2867.0,3455.0
34970,4.132580772179389,0.6646190055142329,1095.0,1313.0
34974,3.3205011850958583,0.2551817660478441,1896.0,3039.0
34977,1.5066381796224335,0.1630213555777919,3525.0,3446.0
34982,2.4998483833230334,0.2713083638264223,2664.0,2968.0
34993,2.530545786519155,0.2292652944292993,2635.0,3152.0
35004,2.1127502434428793,0.3669815463018978,3044.0,2552.0
35012,5.210669197599886,0.8852372708952494,393.0,374.0
35027,4.477780955585993,0.4825807184810657,808.0,2112.0
35041,4.152859777783453,0.5734129183212503,1080.0,1706.0
35058,3.2310233368097174,0.474538656502019,1963.0,2145.0
35062,2.981066468609406,0.3918707888230209,2216.0,2459.0
35079,2.509205168812749,0.6254407567736617,2660.0,1482.0
35083,2.5084591042092264,0.3953782874672386,2661.0,2445.0
35086,2.865446819080722,0.1150848324581569,2333.0,3627.0
35091,2.676701922789252,0.237218742154553,2513.0,3117.0
35133,1.9395381500461495,0.2139373278625824,3218.0,3220.0
35140,3.5472126374766613,0.1520541329360764,1683.0,3487.0
35165,1.2172565000097195,0.130482746496645,3706.0,3570.0
35183,2.251659884987222,0.3263084909878369,2905.0,2730.0
35192,1.508079009160289,0.4653819480936114,3524.0,2183.0
35197,4.695935840287818,0.7137712736808188,661.0,1100.0
35215,0.9382996039633142,0.2075980001166565,3838.0,3253.0
35216,1.9698430394595672,0.1277567502256348,3191.0,3582.0
35222,1.7707133970483206,0.2649942322531244,3343.0,2999.0
35227,4.234342631611599,0.5478002672743385,1004.0,1820.0
35251,2.016239322273476,0.1410141787912504,3151.0,3532.0
35263,6.365026997081425,0.7085642361391167,108.0,1124.0
35268,3.913723776126578,0.5452004043848937,1317.0,1831.0
35276,5.028417115021994,0.4695751444731428,471.0,2171.0
35282,3.094717451603895,0.473556245020734,2090.0,2151.0
35283,3.0344190593132723,0.3931726491527186,2154.0,2453.0
35285,2.5637213854097594,0.410862367749389,2619.0,2396.0
35320,4.4061878143479785,0.6723687750060059,867.0,1273.0
35326,2.770260884215071,0.6979700761669122,2427.0,1166.0
35380,2.435385212921582,0.2731519370039456,2729.0,2965.0
35407,2.134318014126994,0.2566674400059278,3021.0,3031.0
35424,3.646228413715937,0.4130544396587673,1574.0,2388.0
35447,3.083709763853771,0.4704851519356599,2106.0,2167.0
35450,4.578464516438155,0.7918088709929054,727.0,734.0
35456,1.7861288590920363,0.1154228064909174,3330.0,3626.0
35468,2.029284764928737,0.5441693268949688,3141.0,1834.0
35477,1.4729017349965274,0.4190151405722295,3539.0,2362.0
35495,3.348668577741875,0.8249612779459872,1868.0,609.0
35512,4.215884402424855,0.4503893454826735,1017.0,2241.0
35520,4.903844460081935,0.4841179709558868,543.0,2104.0
35528,3.3336169247592267,0.5987495621846565,1884.0,1602.0
35538,4.01704457351599,0.6793248276968133,1202.0,1238.0
35549,6.955237412573818,0.8142743508633183,45.0,644.0
35557,5.512130772907052,0.9497301382052052,296.0,169.0
35574,1.1737764653019327,0.0684325676985636,3734.0,3792.0
35601,4.08896330092338,0.5167473361898899,1135.0,1960.0
35604,4.473527921290627,0.6461337258140643,811.0,1388.0
35635,1.6225451699293374,0.1116765705172593,3446.0,3640.0
35706,2.9228338054930476,0.7770123974186836,2278.0,807.0
35715,4.338618091967981,0.4286373785230256,926.0,2330.0
35735,2.694173574826767,0.2711357720898804,2501.0,2969.0
35737,2.18948443456424,0.6084401814000321,2965.0,1554.0
35758,4.245430745178136,0.521720409284908,995.0,1938.0
35779,3.2725812117009294,0.3635340746311745,1939.0,2569.0
35803,3.5526720248434898,0.1847527039610167,1674.0,3354.0
35819,3.924036578464544,0.6424937520011618,1305.0,1408.0
35822,1.907425903401963,0.3991545927362398,3241.0,2432.0
35837,2.4947795142824796,0.4595775401032236,2668.0,2206.0
35885,1.4657484411866153,0.1343860616864146,3546.0,3554.0
35893,5.2031928945102415,0.9132313425431552,401.0,286.0
35899,3.6199504727657454,0.6803755387495316,1596.0,1235.0
35905,2.3561549795750665,0.1472176450538641,2816.0,3502.0
35919,3.2136828573058915,0.297001440735971,1979.0,2854.0
35920,2.3174719250588955,0.2519329899567216,2853.0,3051.0
35965,3.3646488639284917,0.3215106240458102,1856.0,2754.0
35988,2.25744671737169,0.3302662051202221,2898.0,2720.0
36024,2.8999854126323936,0.2846394574767867,2300.0,2918.0
36025,2.4223795307136013,0.1694231992901085,2751.0,3409.0
36036,2.845643748766454,0.3380056917272855,2355.0,2687.0
36037,4.751538834819137,0.7378950231885784,625.0,982.0
36044,2.4931200543202827,0.2922782599182101,2672.0,2877.0
36058,2.1416653513057224,0.1280862108566621,3014.0,3579.0
36063,1.882261931937822,0.1697412016021964,3256.0,3406.0
36116,2.876272685700675,0.5068986785081145,2318.0,1997.0
36128,0.8946085071164599,0.0706626041592586,3853.0,3788.0
36202,1.1580946604383404,0.0298160267575194,3741.0,3923.0
36240,1.2725002119970523,0.0334138106190499,3670.0,3911.0
36251,1.2353984010207415,0.0311461020663904,3692.0,3920.0
36309,3.125844449002185,0.2398430678938804,2056.0,3103.0
36315,4.206972258859061,0.4621370613193261,1029.0,2196.0
36395,2.4522594335501577,0.2918637886995554,2709.0,2879.0
36398,3.106692148289512,0.3484336377163873,2076.0,2636.0
36403,2.611450925669414,0.3257958338704692,2578.0,2733.0
36408,4.874541677284567,0.9436465885939802,556.0,193.0
36425,0.7577245465445464,0.0444823418443311,3894.0,3875.0
36455,0.6354198240097858,0.1795679749868424,3922.0,3375.0
36462,3.719702007734369,0.5556473123541568,1495.0,1781.0
36467,2.9934188347602717,0.5930236041664035,2203.0,1622.0
36469,2.0466370120112556,0.2653521839515626,3124.0,2997.0
36530,1.1416480639634143,0.0256818479686105,3754.0,3935.0
36555,5.418429165832881,0.8868228498931021,322.0,369.0
36568,1.225697535064754,0.0192320123779808,3700.0,3956.0
36603,3.7037658822492032,0.2957895163159287,1511.0,2862.0
36618,3.2956865510428712,0.2225086304560058,1920.0,3183.0
36654,3.749478826134364,0.7398539387794344,1462.0,973.0
36663,4.76171727906646,0.8804543254938733,619.0,398.0
36681,0.6346494988346953,0.0490467884940746,3923.0,3861.0
36704,1.2017527199251636,0.0228268419286728,3717.0,3945.0
36715,1.4028445228417987,0.0337307715126839,3589.0,3909.0
36751,5.654359474808324,0.9522623170928312,262.0,157.0
36774,5.498670890976379,0.9437243903035558,301.0,192.0
36825,1.2194281753453269,0.0229814591603095,3704.0,3944.0
36856,3.761277044442935,0.5553963031464237,1449.0,1785.0
36890,1.2737767736328036,0.0191254044118226,3668.0,3957.0
36899,0.9353836962628532,0.0953123047950243,3840.0,3696.0
36909,3.575270026304954,0.3665044476406449,1650.0,2556.0
36922,2.1923163639639753,0.3245622841319274,2961.0,2737.0
36929,2.928847119427971,0.3024987766760843,2275.0,2828.0
36945,3.3676401947789807,0.4204590992483343,1852.0,2360.0
36990,1.6612629477386984,0.0576874483977162,3422.0,3822.0
37001,1.6751415786322592,0.2113112621819288,3413.0,3234.0
37002,0.9634621962620114,0.0234673355390594,3824.0,3943.0
37038,4.361302935017483,0.4155972839887119,909.0,2377.0
37083,3.0076825047726587,0.5812270511379364,2188.0,1672.0
37159,6.06847350928935,0.9648091725105956,151.0,111.0
37176,4.062153314503376,0.6302956068691077,1158.0,1458.0
37199,4.722567591021929,0.8971865577899752,646.0,330.0
37213,3.085605512746139,0.4618150849567217,2104.0,2199.0
37232,6.1762506131896115,0.983339812869574,130.0,45.0
37250,3.7730020719127624,0.7320394050654516,1440.0,1009.0
37268,2.041318756157306,0.1873192634515046,3129.0,3339.0
37280,1.608867962846202,0.0491563372260089,3456.0,3859.0
37290,5.910075982635457,0.946332821156218,191.0,181.0
37321,4.167155891091165,0.6265366870297433,1066.0,1474.0
37324,2.9310512824766257,0.3221030242049555,2274.0,2748.0
37341,3.7874019258328904,0.6668577223228217,1424.0,1301.0
37365,1.5096297132847365,0.208044852939464,3523.0,3249.0
37370,4.303765181112278,0.7967918035777657,962.0,713.0
37401,5.908927710427935,0.9435238079725866,192.0,194.0
37403,5.5992639436325184,0.9535325664514496,276.0,145.0
37456,3.09140704340589,0.2436230961967207,2097.0,3091.0
37537,1.062578108573623,0.1833821552685037,3782.0,3361.0
37565,2.7318694363214058,0.2674759149130331,2465.0,2987.0
37566,2.2917029551323393,0.3456943015866797,2870.0,2648.0
37569,2.52053401815025,0.2030219117519138,2646.0,3270.0
37570,5.863795977328591,0.8081275854893045,203.0,664.0
37594,5.498218093576362,0.7215656753671795,302.0,1057.0
37608,2.1051031363347237,0.304698877967637,3056.0,2819.0
37648,2.3618413480943556,0.3146688483591506,2810.0,2785.0
37683,3.894067278959038,0.4316928337862689,1341.0,2313.0
37684,4.612118525789987,0.5180337963811286,706.0,1954.0
37690,4.138867722971267,0.512231773173695,1092.0,1975.0
37709,5.3601214223689455,0.6792453662801472,343.0,1239.0
37726,5.03403042906144,0.7912036170401384,468.0,735.0
37727,3.981603689969516,0.7793219635594333,1247.0,795.0
37768,4.201729080291921,0.7926522550428777,1035.0,728.0
37792,1.0278268074916668,0.0755270589038641,3801.0,3774.0
37814,0.7538318442597021,0.0556074299441267,3896.0,3828.0
37815,4.109642612733198,0.5015788876362184,1111.0,2023.0
37857,2.200706908990718,0.3554857411295188,2953.0,2602.0
37860,1.0602591854145262,0.0342367070813685,3783.0,3908.0
37878,4.142875271333634,0.653139851927311,1090.0,1363.0
37882,2.479977164386981,0.1322462647388416,2682.0,3565.0
37895,2.850750641963536,0.7483671456525799,2349.0,932.0
37907,2.5875268648855347,0.5357420762690157,2598.0,1868.0
37958,3.609553532191008,0.8101183608964997,1612.0,659.0
37993,4.573536295698675,0.768003636711083,731.0,860.0
38013,2.8670011292666344,0.4217972120858129,2330.0,2357.0
38062,4.485604007910929,0.6145535348130832,800.0,1518.0
38095,2.7935555766094553,0.1280973969460327,2399.0,3578.0
38109,4.196483631317854,0.7908823818101117,1039.0,736.0
38139,4.605642045818488,0.5051938755412136,708.0,2005.0
38162,3.0285210972582526,0.6037869258389341,2158.0,1573.0
38242,3.3382982232857548,0.2221556308560811,1880.0,3186.0
38311,4.991236212301114,0.8151756638301662,490.0,643.0
38314,2.0762892193930234,0.1588810689259313,3091.0,3466.0
38338,1.0737002255329655,0.0259034570650073,3775.0,3934.0
38339,3.0011618387834234,0.5308189786650772,2193.0,1900.0
38387,2.9899311344883612,0.2192416535042101,2207.0,3198.0
38398,3.10899924282544,0.4103946864156688,2073.0,2398.0
38429,1.8387315644712232,0.2452599936983391,3295.0,3082.0
38439,1.7303803205423434,0.1689427385339812,3374.0,3411.0
38445,3.2032778789430307,0.3720431697268408,1985.0,2532.0
38455,1.459637624704619,0.1452799010931505,3547.0,3510.0
38463,4.2148669400224374,0.7255978597917574,1018.0,1037.0
38489,1.5654722839162138,0.1732340950138207,3485.0,3391.0
38537,2.288799062492245,0.2573039066029183,2873.0,3028.0
38565,1.259523197732565,0.0183153233804372,3681.0,3960.0
38583,3.782834414955561,0.7632416238985802,1429.0,880.0
38620,3.0246895851932827,0.5453072215284039,2166.0,1830.0
38633,3.286854145460159,0.1712528616977364,1926.0,3401.0
38651,1.0194864295515822,0.1945757583526647,3804.0,3296.0
38672,2.432721644382395,0.2021452373293412,2731.0,3273.0
38765,5.1053770330522585,0.8732192112594637,441.0,428.0
38781,1.010085415334535,0.0987155903914442,3807.0,3687.0
38794,3.8329069033939263,0.8618690445330258,1391.0,473.0
38800,2.5112679937115434,0.370174174581381,2657.0,2539.0
38805,4.194977349439748,0.7833798705135309,1041.0,768.0
38810,2.5081819777164376,0.2921480297431825,2662.0,2878.0
38857,5.4329374308283755,0.9643639849819516,318.0,114.0
38861,5.003806105013534,0.8847233510526691,484.0,378.0
38864,3.824360812900232,0.4163070729529098,1398.0,2371.0
38873,2.1145685248490893,0.2788253981931137,3038.0,2944.0
38923,2.245755866030537,0.0526234688341393,2910.0,3841.0
38930,3.527624840219723,0.5357371212469837,1704.0,1869.0
38939,2.3336310631386343,0.1641475511174626,2835.0,3439.0
38948,1.6749786210973945,0.1601770770237106,3414.0,3457.0
38966,2.1171828501158827,0.2760702963390317,3035.0,2958.0
38988,3.590745168127743,0.6684369660173674,1635.0,1294.0
38992,2.9147425684096433,0.2367161866424272,2284.0,3118.0
39002,1.4311028571196645,0.0497891986403925,3570.0,3855.0
39035,3.615941170652222,0.5554168992279472,1605.0,1784.0
39039,2.082021715439443,0.319323128838283,3084.0,2763.0
39054,1.8581467419193824,0.1078976230853709,3279.0,3651.0
39068,1.7929966176994594,0.0909886314264441,3322.0,3713.0
39071,2.9940729314284793,0.3539093381724766,2202.0,2611.0
39107,2.6720467474178053,0.2422956583807236,2520.0,3095.0
39142,0.9945789759650996,0.1042494938493344,3810.0,3666.0
39157,0.8897340739613819,0.0907425992445045,3857.0,3717.0
39177,1.524392301169463,0.1059251948963268,3512.0,3655.0
39216,4.746672362435624,0.4795204027509616,629.0,2121.0
39242,3.635311368000584,0.780558943332968,1586.0,786.0
39243,4.191481886485465,0.8358272208359997,1046.0,558.0
39245,2.280587675349178,0.3871372925419172,2876.0,2482.0
39253,2.027579188058225,0.2005114965451385,3143.0,3280.0
39254,2.1607981218606382,0.5538517136467602,2993.0,1791.0
39267,2.791517959990467,0.8328499973190892,2402.0,578.0
39287,4.119350600773698,0.6056760700102216,1107.0,1566.0
39298,1.6283104223725475,0.5687131517809999,3443.0,1732.0
39300,3.3900725031768837,0.6118229317944771,1839.0,1535.0
39311,4.293208967363847,0.4872847854414431,969.0,2083.0
39321,3.42214858659121,0.5107825069400732,1803.0,1982.0
39322,3.1762309979397716,0.3452306256748365,2006.0,2654.0
39326,2.3213030627327313,0.4243505122563652,2849.0,2344.0
39327,2.8130812342611593,0.6862076049124812,2384.0,1213.0
39338,1.2693881570205934,0.3493782169280248,3674.0,2631.0
39351,0.8955706183984609,0.7674580277335443,3852.0,865.0
39368,3.516821718368238,0.349281229577487,1716.0,2632.0
39369,2.0650111617864826,0.4596532725861171,3103.0,2205.0
39374,3.1068088969741874,0.3290392279601913,2075.0,2723.0
39379,2.5516499815412956,0.2342457807440192,2623.0,3133.0
39392,5.105857236065718,0.6353739705070525,440.0,1434.0
39408,4.548643902123865,0.529305741987758,745.0,1903.0
39410,3.909109821494052,0.7212355751101021,1322.0,1059.0
39416,6.024388869795722,0.6764498233754599,165.0,1254.0
39417,3.324208255827483,0.6046731703375421,1890.0,1571.0
39425,2.7763428486052915,0.6582932066801972,2418.0,1341.0
39435,1.666246881522783,0.2559816889271004,3416.0,3034.0
39437,1.2842157154041391,0.4498137375324467,3665.0,2244.0
39451,2.0374355970645404,0.1833875953530375,3136.0,3360.0
39468,2.5957297657658236,0.2561252669071407,2592.0,3033.0
39475,1.5193625707336638,0.0225206860837924,3517.0,3948.0
39476,3.323719960008791,0.723466955272656,1891.0,1046.0
39478,0.4162986076507544,0.0322910687959916,3960.0,3915.0
39479,1.7449552760056848,0.0358007029464233,3360.0,3901.0
39481,2.474412115078108,0.2421423195222857,2688.0,3096.0
39484,1.7977308991777643,0.1732152958170424,3318.0,3392.0
39488,0.9439152825594762,0.0235867455054309,3833.0,3942.0
39498,2.612686539899594,0.226530218473875,2575.0,3165.0
39500,2.8405867815689883,0.26600484619445,2364.0,2996.0
39511,3.4190566328583794,0.5623909738397584,1805.0,1757.0
39519,2.2612663379868794,0.3061659566793251,2889.0,2816.0
39526,2.1566039107757784,0.0187662273389172,2998.0,3959.0
39614,1.2627904603864843,0.0995499072080654,3677.0,3686.0
39624,2.6257234723508582,0.2912847140770144,2552.0,2882.0
39632,2.766060873166335,0.3237645695367206,2431.0,2742.0
39686,4.527023727726359,0.5719549245922795,766.0,1714.0
39733,4.07757553059375,0.6202506637654404,1145.0,1496.0
39747,3.085954407408548,0.4767477667013602,2103.0,2137.0
39754,1.5055045265802982,0.1117287398829161,3526.0,3639.0
39786,2.228360126256593,0.316602786407923,2930.0,2776.0
39803,5.708830018392947,0.9382065218545976,248.0,210.0
39825,5.225407107301732,0.95249468411089,379.0,153.0
39829,5.608741128564739,0.9582998143079065,272.0,130.0
39832,6.616157732602075,0.915648924326488,68.0,277.0
39842,1.0449464191231528,0.0492874824787795,3795.0,3857.0
39852,4.206242875810795,0.885011681076689,1030.0,376.0
39855,4.4843642802227315,0.8706619862205673,802.0,438.0
39857,5.901954117318091,0.8032346055393544,195.0,680.0
39860,4.945451092327782,0.5676985695933096,519.0,1737.0
39878,4.15803070404175,0.5473445652736272,1075.0,1823.0
39886,1.9527693461278124,0.2563431635648103,3207.0,3032.0
39891,3.1953459296577007,0.5557505476393512,1990.0,1780.0
39892,0.2159387494092359,0.0663821064799886,3979.0,3799.0
39898,3.9205185681312993,0.6164165094819911,1311.0,1511.0
39904,4.766701399731644,0.8614213153351911,613.0,477.0
39905,3.72966970791677,0.6449352049689083,1483.0,1392.0
39908,5.6364452649845145,0.9339553138109208,264.0,222.0
39910,1.9564785982818695,0.1394969943805394,3204.0,3535.0
39918,6.555440128053358,0.6466618681451031,76.0,1386.0
39923,7.111017644051871,0.9780420893548076,41.0,63.0
39941,2.175120209020062,0.5240525263641493,2979.0,1925.0
39950,1.448919756131941,0.0803537910765746,3557.0,3754.0
39951,3.989293924692438,0.6400274289001695,1238.0,1416.0
39953,5.507378509406971,0.8063775574795612,299.0,668.0
39960,1.9361219997372816,0.1891331825718681,3220.0,3327.0
39962,2.416014400466818,0.4854335319975901,2756.0,2095.0
39968,4.327421884791524,0.8830342543181193,944.0,389.0
39977,3.9406362571036753,0.8318262177679271,1284.0,584.0
40007,2.2054097659411513,0.2642585850447434,2946.0,3002.0
40089,2.314968348752075,0.3394152668170128,2856.0,2681.0
40095,2.5098803736815127,0.153911466123832,2659.0,3479.0
40103,5.097480306153069,0.9161267656092966,444.0,276.0
40109,1.9025922320209492,0.1450045776618778,3244.5,3511.5
40109,1.9025922320209492,0.1450045776618778,3244.5,3511.5
40137,1.875572537102808,0.1582935010208819,3262.0,3469.0
40169,6.03250115123971,0.9450973422218384,162.0,187.0
40170,4.273365978765916,0.6160689486438355,982.0,1512.0
40178,4.84929207809763,0.8017748992497122,566.0,690.0
40190,1.7559765825411666,0.2357461686619661,3354.0,3123.0
40194,3.479224619769209,0.767498434027343,1743.0,864.0
40201,5.789874072353972,0.9643990341081335,225.0,113.0
40250,2.3728285480379663,0.2292213457087871,2797.0,3153.0
40256,2.7217402229304577,0.3911024575878413,2477.0,2464.0
40261,3.158673578673091,0.6397479817277456,2029.0,1418.0
40301,6.272500247432141,0.9980250958976288,123.0,2.0
40315,3.598916301197389,0.6408505242967477,1624.0,1412.0
40319,1.6454215278857005,0.1655153646522076,3431.0,3430.0
40331,1.7414643957960705,0.170800709267466,3365.0,3403.0
40453,1.8860847311495792,0.2104947000614736,3252.0,3240.0
40472,1.369607658467529,0.104595129195755,3604.0,3664.0
40476,0.4560024296935999,0.0562660464100862,3956.0,3825.0
40489,4.338618043090459,0.4570101809154491,927.0,2218.0
40518,5.9192694600042115,0.9777829676073944,190.0,65.0
40544,2.1226399570061543,0.5820423386400548,3030.0,1668.0
40552,3.531667994125984,0.5350178123384747,1701.0,1872.0
40567,3.920291874244008,0.5317495624195543,1312.0,1893.0
40616,4.22051578680678,0.4993754761649025,1016.0,2030.0
40627,3.474605499320547,0.476894475945497,1754.0,2136.0
40635,3.724543849130659,0.5253625788780887,1489.0,1921.0
40643,3.811492648717221,0.7039225502969545,1414.0,1146.0
40647,3.9152446185284258,0.6930879194864148,1315.0,1185.0
40650,3.1824959355485025,0.3848836222300864,1998.0,2490.0
40669,3.086163922847454,0.8574001143660486,2102.0,488.0
40672,2.3354192314290856,0.4939788271860797,2834.0,2058.0
40678,4.4125959028262125,0.400751298899025,857.0,2428.0
40684,4.378186007013783,0.510152750236764,895.0,1985.0
40695,2.9029952650257433,0.5750211632344613,2299.0,1700.0
40698,4.512734450719762,0.4644667070791579,775.0,2187.0
40699,2.8562517383720634,0.3642905692126668,2342.0,2566.0
40700,3.6516674529401287,0.5839330522875419,1570.0,1660.0
40715,3.307209962688033,0.720686865669889,1907.0,1062.0
40716,4.387719125617758,0.8079679602874192,886.0,665.0
40734,2.976131722208318,0.7794427598649585,2225.0,794.0
40741,4.426720046182039,0.8946003028632077,845.0,339.0
40745,4.176666518542633,0.739580347552522,1060.0,975.0
40748,3.725961631830362,0.8368272297477668,1485.0,551.0
40752,5.552549427747398,0.9089708443955686,285.0,298.0
40795,7.352555292790347,0.739688088122588,30.0,974.0
40799,6.338337720472603,0.4390154119282936,114.0,2289.0
40803,6.581834044319611,0.7018537004134681,74.0,1153.0
40804,5.115545373853578,0.8767278309298395,438.0,411.0
40807,5.351292802329091,0.708404465923947,346.0,1126.0
40812,3.783065113827346,0.7891969470450242,1428.0,741.0
40821,5.478484723620327,0.7693539251150756,308.0,851.0
40826,3.679662365297197,0.683380596831746,1532.0,1227.0
40837,4.067062791333137,0.8258359092267886,1156.0,602.0
40840,3.6218593082497175,0.580851269092514,1595.0,1675.0
40842,4.923593321070005,0.9626522729669814,527.0,118.0
40896,3.2054701854172367,0.6123774877008656,1982.0,1531.0
40901,3.9314721018935543,0.7788838201347839,1300.0,796.0
40902,7.721907340042018,0.8875090561574626,14.0,362.0
40914,4.748400595337134,0.5826253812176374,628.0,1663.0
40921,4.207905391361153,0.8875419205552948,1027.0,360.0
40941,4.845878009905084,0.8790619588697175,567.0,401.0
40985,6.197577267188019,0.6559955555268152,128.0,1356.0
40995,4.864522291766852,0.6909570712679157,561.0,1196.0
41008,4.765382692066802,0.771063744266705,615.0,841.0
41025,4.240211027391676,0.5494059784000058,1000.0,1807.0
41029,5.730202867310601,0.7064881524565616,242.0,1133.0
41032,5.023432209126213,0.8275351798793176,474.0,594.0
41042,3.4931821741622966,0.6215286588712723,1736.0,1491.0
41051,5.209881389349367,0.5041952779821002,396.0,2010.0
41062,4.735215121964397,0.818324073132021,639.0,632.0
41066,4.0427140159463075,0.8311764609948322,1173.0,585.0
41069,4.328605758905219,0.8604692346771394,940.0,479.0
41072,9.071611838528538,0.9566283225750744,3.0,135.0
41074,4.324170559110418,0.7103755436730886,948.0,1119.0
41078,6.523815806471195,0.9835244164010906,78.0,44.0
41081,3.3424828530440633,0.8849631730907128,1875.0,377.0
41083,5.961272626979228,0.9947363253374628,175.0,14.0
41110,5.587074962436051,0.974998054777493,280.0,79.0
41123,4.9069124671823525,0.9574831102506406,539.0,132.0
41127,2.8142002092649188,0.9184231525728946,2383.0,273.0
41130,0.503570641424701,0.1276041161771205,3945.0,3583.0
41149,2.175413679750845,0.3033408558769345,2978.0,2823.0
41156,1.473170351579982,0.3323374141896358,3538.0,2716.0
41170,2.583650167182007,0.8117707572188088,2603.0,652.0
41177,4.185535359376691,0.3141528041368822,1053.0,2788.0
41188,2.841295516348519,0.4083005760684705,2362.0,2403.0
41241,1.7241343873460837,0.2104080803753317,3379.0,3241.0
41245,3.0485633054377645,0.1391316947468483,2142.0,3537.0
41248,4.0325023352805776,0.7346022471253418,1186.0,997.0
41258,1.9329181864827825,0.380673569234172,3222.0,2505.0
41273,5.123926617336947,0.8857017745068219,434.0,372.0
41290,2.7200151095030307,0.7097183920427952,2480.0,1122.0
41294,3.665871367963228,0.5337534933228174,1553.0,1879.0
41296,1.2561048867182851,0.2132370561633022,3684.0,3226.0
41299,2.1870977705683616,0.4751112677999584,2967.0,2143.0
41300,7.132320506413413,0.7216424107584785,40.0,1055.0
41312,1.8448882648795673,0.1436490259991112,3291.0,3516.0
41328,4.24633085624457,0.3699474249493501,994.0,2540.0
41334,2.0983206275576425,0.2483834096838458,3064.0,3067.0
41340,3.5718417822872692,0.4543841777019652,1653.0,2225.0
41358,2.515677059572491,0.2471480422723402,2651.0,3072.0
41367,1.3573502685515857,0.187636904323169,3617.0,3336.0
41374,1.9342191031184663,0.2447894149818815,3221.0,3084.0
41416,2.29260480750556,0.2353499057300049,2869.0,3127.0
41421,3.5516869167900276,0.2834686767445388,1675.0,2923.0
41435,1.828798162753201,0.0843539123340134,3301.0,3746.0
41438,2.460167104037083,0.0853759168129838,2704.0,3741.0
41439,2.3369645717965803,0.0863923481187601,2832.0,3737.0
41444,2.4673788446144793,0.4687883821430495,2693.0,2173.0
41445,3.2286348744021383,0.4163049691242129,1966.0,2372.0
41449,1.218314676956807,0.2665979516971215,3705.0,2989.0
41452,6.066607894930007,0.9607682498945844,152.0,122.0
41460,1.705816518412561,0.4472469024730445,3395.0,2255.0
41467,4.524226179195794,0.6070247975098887,768.0,1561.0
41484,1.8628940205299604,0.2397025447031449,3272.0,3104.0
41492,3.0603246440919616,0.1724954849519817,2133.0,3394.0
41497,2.3922188765318837,0.2246177548185576,2777.0,3174.0
41513,3.2623146812229633,0.2373997660727709,1942.0,3115.0
41520,3.408690955261593,0.4405205046165259,1818.0,2284.0
41543,1.779476265535867,0.2230333065503565,3334.0,3180.0
41547,1.9471611367770305,0.1492880589244623,3213.0,3491.0
41554,0.6549441130767979,0.1655138755091147,3916.0,3431.0
41564,1.7583975891937471,0.2234063043716617,3352.0,3178.0
41570,4.703075650250901,0.8403863792928709,659.0,535.0
41572,1.5675764264581389,0.0864620884408705,3479.0,3736.0
41575,2.4017386023157674,0.2842589792312963,2770.0,2920.0
41581,2.070740589435252,0.2135797667821289,3097.0,3224.0
41589,3.869024130716889,0.354521154047388,1365.0,2609.0
41597,4.657307396748844,0.5237857623650124,684.0,1928.0
41599,4.597536438060288,0.6987850365240975,716.0,1163.0
41604,2.894172604742478,0.7648255918491043,2305.0,875.0
41612,3.9516020674822823,0.7116356766194971,1270.0,1109.0
41623,3.695268085607158,0.200104491164954,1521.0,3281.0
41640,1.4270166349920916,0.0793500512365074,3572.0,3759.0
41656,2.4079687438798616,0.1691560292244018,2763.0,3410.0
41698,3.0515647182672923,0.4635608641596086,2138.0,2190.0
41699,3.7577874294690616,0.1235492026163912,1454.0,3601.0
41703,2.4857960829836907,0.414878168043524,2678.0,2381.0
41705,1.3385516482513555,0.0578957916035696,3634.0,3821.0
41717,1.727510391878163,0.2114566070898851,3376.0,3233.0
41761,1.1206087715144184,0.1172821536820015,3758.0,3621.0
41774,2.3936176862310132,0.1277762315738034,2776.0,3581.0
41826,3.933583894371635,0.7278969997832927,1294.0,1030.0
41836,7.147338777092822,0.460469076424537,39.0,2204.0
41842,3.176979662546006,0.1486473223282262,2005.0,3494.0
41874,4.489928756350446,0.8537012447279066,796.0,499.0
41897,3.4096569801920613,0.278470721535029,1812.0,2947.0
41907,0.4982349989253982,0.1422192431773456,3947.0,3523.0
41908,2.408087064639201,0.2747312184149394,2762.0,2961.0
41937,2.235328750177207,0.2500097029171533,2921.0,3059.0
41959,1.15529682697929,0.3971008224944369,3746.0,2437.0
41964,4.2130787892681765,0.6730575448500355,1022.0,1270.0
41973,4.063204417213499,0.6803687246712915,1157.0,1236.0
41979,0.6766070941452004,0.1135304392827799,3910.0,3633.0
41991,2.3511509846766674,0.1755641772432613,2821.0,3387.0
41992,1.528952799488423,0.1991372161428215,3509.0,3287.0
41998,2.938067742898078,0.4438142615967297,2266.0,2269.0
42002,1.305716506792888,0.0722794837499544,3655.0,3781.0
42003,4.326493869092621,0.6501871573378221,946.0,1372.0
42015,5.649151766186614,0.4874712118985481,263.0,2082.0
42022,3.8562476278470466,0.1904091717192267,1376.0,3322.0
42024,4.17809449613049,0.5989676701726846,1059.0,1599.0
42026,2.635797000988757,0.2890029248207308,2538.0,2893.0
42027,2.773045267805613,0.3484537655628257,2423.0,2635.0
42030,3.126295312080546,0.7161643913768652,2055.0,1087.0
42031,3.061252370060029,0.450227581259031,2127.0,2242.0
42035,0.0004716756642614,0.0081390274140023,3994.0,3985.0
42051,6.438114212005537,0.9841179549629634,96.0,43.0
42068,7.737777407242763,0.9986008581998752,13.0,1.0
42088,2.3856143070860276,0.7854639718921232,2786.0,760.0
42121,1.8666224714325164,0.3468794792992853,3268.0,2641.0
42139,1.190944444704921,0.0709498469793039,3725.0,3786.0
42151,1.0576579961429593,0.1179746381708561,3786.0,3619.0
42200,4.543259390399493,0.6314264651082483,748.0,1450.0
42202,1.0565569527486842,0.0465010176484628,3788.0,3870.0
42255,5.001523739195874,0.926986497190688,486.0,244.0
42271,2.4516306174217433,0.5260451561991852,2711.0,1920.0
42313,2.311197675921169,0.2665696585564402,2859.0,2990.0
42318,5.072854871559436,0.9287992473269956,455.0,239.0
42322,3.146027278707486,0.471730220173931,2039.0,2160.0
42323,5.015472228191855,0.8885351874926055,480.0,357.0
42351,4.541884050362294,0.8755353972232989,749.0,416.0
42375,3.429235339089429,0.4915720114080618,1797.0,2068.0
42397,7.753725238747029,0.9275007491570728,12.0,243.0
42411,4.035502833298907,0.90441125530361,1183.0,312.0
42433,1.9173111140984465,0.1918097700589773,3236.5,3315.5
42433,1.9173111140984465,0.1918097700589773,3236.5,3315.5
42444,2.3231367836403685,0.2525392792129772,2847.0,3048.0
42453,5.907627058149646,0.9677026269677562,194.0,100.0
42472,3.653584354213239,0.8875247895372116,1566.0,361.0
42490,6.502985734942173,0.982327428106123,80.0,47.0
42498,4.501597196967723,0.8334168135507696,785.0,574.0
42543,4.040735122155834,0.8760099891961345,1178.0,413.0
42548,3.3087539921571287,0.8836996632370175,1906.0,384.0
42588,6.142114355872077,0.905755149038775,135.0,306.0
42613,5.702746856894001,0.9741772137911828,249.0,81.0
42630,4.234419203571939,0.8346997346231868,1003.0,565.0
42636,4.3950361985099144,0.8429634397938788,879.0,527.0
42690,1.209286509791465,0.1229805061760444,3711.0,3604.0
42695,0.3671110292910204,0.0746316829671331,3969.0,3776.0
42704,4.335523942417615,0.9027980228978733,932.0,316.0
42748,5.330794403540705,0.9630044330316554,359.0,117.0
42750,2.138066015946619,0.2857093881586394,3016.0,2913.0
42773,4.930646799342632,0.9401983914262654,525.0,209.0
42785,2.7406444492650355,0.2220166551254524,2454.0,3187.0
42800,4.345483842098681,0.7824241717843792,921.0,773.0
42827,4.621266303375275,0.8770650541050352,701.0,408.0
42842,2.613788462588841,0.3453855302242554,2572.0,2652.0
42859,4.074487971558114,0.7926411652293379,1148.0,729.0
42863,4.033299749455686,0.7315867076412113,1185.0,1013.0
42932,1.5821170042911763,0.1218452274151815,3469.0,3609.0
42960,3.6395083348732222,0.6425411169008014,1582.0,1407.0
43036,4.972021367370063,0.9186554193291268,500.0,270.0
43041,3.0925379769819483,0.5127369111966422,2094.0,1972.0
43051,1.055304662020953,0.0590514109075143,3790.0,3815.0
43077,3.0028217709110443,0.2512864887969472,2192.0,3055.0
43144,1.703426630451474,0.06814305388675,3397.0,3794.0
43147,0.0001548891935211,0.0030232578211349,3998.0,3991.0
43152,2.7678562401833378,0.374440912378317,2430.0,2523.0
43200,2.310301660290433,0.1997000506307193,2860.0,3282.0
43202,3.276744261521709,0.5334555310601805,1934.0,1883.0
43219,3.1929363132274053,0.3345327926456756,1994.0,2703.0
43222,3.0965449236955007,0.3176452701645692,2086.0,2770.0
43225,2.6216525801492723,0.1487506362240433,2558.0,3493.0
43236,4.378250542034552,0.5900415425109133,894.0,1638.0
43237,3.2737319727666914,0.4765425974782131,1937.0,2139.0
43239,2.3578315528767235,0.4156795216815924,2815.0,2375.0
43250,2.150311000707269,0.1030626238609314,3003.0,3674.0
43278,1.7375855776275155,0.0848468289700442,3369.0,3745.0
43289,0.962304729322326,0.0774299389143076,3825.0,3769.0
43312,1.4386686428050692,0.1471244704155625,3564.0,3503.0
43317,1.6651031765141382,0.2873231010894174,3419.0,2901.0
43327,2.60711519114966,0.1051626621273054,2584.0,3661.0
43328,3.4243525651421316,0.1243658225018397,1800.0,3596.0
43331,1.7749476873309835,0.3964815055058166,3338.0,2440.0
43339,2.5523559695090308,0.2968236913349585,2622.0,2855.0
43346,3.406865077088865,0.2446408431161408,1823.0,3087.0
43364,1.9154658602485988,0.1359830921699691,3238.0,3550.0
43370,3.0092048126469297,0.1819137138286851,2187.0,3365.0
43371,0.7162055927544384,0.0727516949683817,3906.0,3778.0
43416,2.578414298117344,0.0831396870358947,2609.0,3747.0
43417,2.4387181501109114,0.3335375090307937,2723.0,2708.0
43419,3.3334745193956232,0.5034960057771829,1885.0,2012.0
43425,2.018103688623015,0.3549425056523395,3149.0,2605.0
43450,3.274052007211288,0.4810012918192463,1936.0,2115.0
43456,2.40640769170203,0.2876741928865673,2764.0,2899.0
43457,1.0392875275314903,0.0226852217002397,3796.0,3946.0
43459,1.2624232858361284,0.1392189838994492,3680.0,3536.0
43460,2.371785523642944,0.1778778793385872,2799.0,3380.0
43488,4.40883881398137,0.8759637546036254,860.0,414.0
43581,7.519647887239723,0.997105157097771,20.0,5.0
43587,5.033474028198429,0.9184973130890726,469.0,271.0
43595,5.0427958047925205,0.9323475209819332,462.0,229.0
43608,4.0790172411995025,0.8079661169339462,1141.0,666.0
43612,3.6743787705166273,0.5960562108596161,1539.0,1611.0
43657,2.2078761852268656,0.2489637960972031,2943.0,3064.0
43685,3.782832157323764,0.6843651798223551,1430.0,1223.0
43696,1.3408926948487965,0.1419048430559336,3631.0,3525.0
43750,3.517979001752107,0.589756709088896,1713.0,1640.0
43755,4.406849405450464,0.7603580103115719,865.0,887.0
43757,0.607281574635286,0.0379589092140879,3929.0,3897.0
43773,0.7561939711384799,0.1039008539864429,3895.0,3669.0
43777,2.446607643772202,0.1125659713535365,2717.0,3638.0
43794,0.9905301400360704,0.1127641805706506,3812.0,3636.0
43797,2.0845352895832883,0.2663614209392845,3082.0,2992.0
43801,0.5404764068459551,0.0103131910057402,3938.0,3980.0
43807,0.4363826569577857,0.011279048743536,3958.0,3977.0
43813,0.8310779911212024,0.0267155199487469,3875.0,3932.0
43826,0.5554167603345618,0.0027926094159987,3937.0,3994.0
43851,1.7216856934328115,0.1779437562739252,3382.0,3379.0
43857,2.51023892660532,0.1931138870680913,2658.0,3309.0
43868,0.7612497184962401,0.0215627051658314,3891.0,3951.0
43895,0.3782956705755697,0.0141255111775845,3968.0,3972.0
43897,0.9447174579004752,0.0155432905581312,3831.0,3970.0
43899,1.7415742820401363,0.0282628795506105,3364.0,3928.0
43900,0.6431767020278951,0.0156165159134558,3921.0,3969.0
43909,1.2584907810154504,0.2036527378925207,3682.0,3267.0
43925,0.579477432111943,0.0287493233768071,3935.0,3927.0
43927,0.0001408781659636,0.0014756128482554,3999.0,3998.0
43935,2.91151710252684,0.2709448595519397,2288.0,2970.0
43936,1.3321382395149293,0.1077864446444127,3639.0,3652.0
43944,0.978142913118564,0.0370309990870043,3818.0,3899.0
43957,0.9638676756844384,0.049188314822795,3823.0,3858.0
43958,0.9484700943472852,0.0733182987700494,3830.0,3777.0
43959,1.447883951258615,0.0475858022511845,3559.0,3866.0
43985,1.1784016502025838,0.07158611853143,3732.0,3785.0
44024,1.5508370695718716,0.0929868882619237,3498.0,3708.0
44031,4.1886471302013275,0.4767197168236534,1052.0,2138.0
44035,1.5328261646594072,0.1342754008377142,3507.0,3555.0
44052,0.7870715731914569,0.1930488038451679,3884.0,3310.0
44058,2.4380557755731993,0.2604399154908516,2724.0,3018.0
44059,1.7610353916985526,0.142764472631307,3351.0,3519.0
44078,1.9505465854737027,0.2447225951541645,3210.0,3086.0
44084,2.899567318618804,0.3538056034839107,2301.0,2613.0
44090,0.4027037768758562,0.007959267899199,3962.0,3986.0
44105,0.2394260177390615,0.0385754834679178,3978.0,3895.0
44106,1.2005892121280373,0.3263925235855955,3719.0,2729.0
44109,2.9036648047811537,0.3664216810321105,2298.0,2557.0
44124,0.9814398584740534,0.0169745341117651,3817.0,3963.0
44133,1.4417590590754876,0.0975513583454189,3563.0,3690.0
44139,3.205596910345746,0.3287220396325355,1981.0,2724.0
44140,2.2028093256146764,0.1661220496011777,2949.0,3427.0
44141,2.515257528084419,0.2932557095026094,2652.0,2871.0
44142,1.8707849135516936,0.192142295183524,3267.0,3313.0
44158,3.0139949357482823,0.4773758748188023,2180.0,2134.0
44160,4.922841842798166,0.9306555985728135,529.0,235.0
44177,0.8241996438365727,0.0718896568988197,3878.0,3783.0
44179,1.9600251413210843,0.2260068669943394,3198.0,3168.0
44187,3.556707028379505,0.5767996972574556,1670.0,1691.0
44195,3.211930709330276,0.4890696761038147,1980.0,2074.0
44205,3.13739739994236,0.4487584885475102,2048.0,2249.0
44232,0.7600089002656716,0.008376027964862,3892.0,3983.0
44235,1.8430800362590367,0.0754822990220756,3293.0,3775.0
44237,0.9684907986642884,0.0016942820849253,3821.0,3997.0
44246,1.325584529515509,0.1033391188762409,3643.0,3673.0
44253,0.5010755868828064,0.0113585309857784,3946.0,3976.0
44259,2.257853028316321,0.3110793800779677,2897.0,2804.0
44270,1.302782601138907,0.1542637920042084,3657.0,3477.0
44285,1.05674737387533,0.0113622857143964,3787.0,3975.0
44289,0.245898105005839,0.0046716711704794,3977.0,3990.0
44298,1.1031421030379165,0.0460048816346649,3764.0,3872.0
44312,1.2108528933769722,0.1263496388413018,3710.0,3587.0
44315,2.169943184932028,0.0417881305716521,2983.0,3881.0
44317,1.5326019378323803,0.0609770332183871,3508.0,3807.0
44322,1.155326130765607,0.0344611618013733,3745.0,3906.0
44329,1.366079963527239,0.04767682841285,3608.0,3865.0
44331,1.807836707038439,0.0805418450217078,3314.0,3753.0
44337,2.603442802074661,0.108970585731307,2587.0,3647.0
44344,2.4754398833883893,0.0298819872744454,2687.0,3922.0
44347,1.9838669467605985,0.3564186503060592,3175.0,2598.0
44363,1.566471122753889,0.16648978946987,3482.0,3426.0
44370,0.295766412514309,0.129720386291534,3975.0,3575.0
44373,0.1924102502915167,0.4619444527898335,3980.0,2198.0
44379,1.5631411996429012,0.4991416831604941,3488.0,2032.0
44384,3.9590167213980703,0.3919302593553538,1261.0,2458.0
44385,2.6155840967846347,0.0756739940000702,2570.0,3773.0
44410,2.049925363615359,0.1943211736824659,3119.0,3299.0
44416,1.262698032586738,0.0698587906530085,3678.0,3791.0
44419,1.533355611551281,0.1040123389266463,3506.0,3667.0
44429,2.830947467603251,0.0986199023710108,2371.0,3688.0
44445,1.9306813086774364,0.092348047309531,3225.0,3709.0
44468,3.9714875831430994,0.5290919238623769,1254.0,1904.0
44475,0.39999610254529,0.220476219183765,3964.0,3193.0
44480,1.8463979898763352,0.1882272054209496,3289.0,3330.0
44486,2.100033601847687,0.1968909855718794,3062.0,3291.0
44519,1.1744158756932188,0.0774499239258246,3733.0,3768.0
44546,1.6844762115538037,0.3439794426372042,3407.0,2664.0
44574,2.142587005261032,0.1532992581479731,3012.0,3482.0
44589,1.7917746853953085,0.1020208787266585,3324.0,3677.0
44614,1.6333894727563654,0.0756992179965417,3439.0,3772.0
44623,1.251457570892342,0.1165733393856917,3688.0,3624.0
44628,2.0801039248912137,0.0892376910923127,3086.0,3722.0
44629,0.8623874676313016,0.0582386473336043,3864.0,3820.0
44637,3.159241287225205,0.3481701166306619,2028.0,2637.0
44681,0.8283545454831492,0.049792343207477,3877.0,3854.0
44692,1.3381073795783556,0.099706418368876,3636.0,3683.0
44703,3.042459157091545,0.4438827741615412,2148.0,2268.0
44719,1.2520892807769035,0.1080901616920692,3687.0,3650.0
44735,1.524269013937765,0.2404760510776668,3513.0,3101.0
44737,1.0117321030419686,0.0942841715528308,3806.0,3699.0
44744,3.7825460271815623,0.6210869563915113,1431.0,1493.0
44747,2.114221765659272,0.1937784686315808,3039.0,3305.0
44751,2.0590333336003037,0.1909772497192984,3112.0,3320.0
44785,2.0031404884991315,0.1243858587894107,3161.0,3595.0
44801,2.3432885937703474,0.3935904778443311,2826.0,2450.0
44813,1.825357174295942,0.3154268287801144,3303.0,2783.0
44835,1.354629774704116,0.0516818878665777,3619.0,3843.0
44842,3.2290142460040157,0.4000272091491696,1965.0,2430.0
44844,1.6355448663767893,0.1324506063279213,3438.0,3563.0
44881,0.5655384083519233,0.0873163467633953,3936.0,3732.0
44892,2.4908627767287568,0.1100273047263942,2675.0,3642.0
44894,1.0583487758559205,0.0945111579368555,3785.0,3698.0
44896,1.2414836601181842,0.0252504197132306,3691.0,3937.0
44902,0.9381417798101804,0.0721718670212955,3839.0,3782.0
44909,1.9760198889661784,0.1869709395240819,3185.0,3342.0
44911,2.251474943164508,0.2464701420357072,2906.0,3075.0
44913,1.449832756226203,0.0361099313377359,3556.0,3900.0
44935,2.780161781559834,0.1779482608364712,2416.0,3378.0
44952,2.354779976738712,0.1724481535950559,2819.0,3395.0
44954,2.7190150547966634,0.1029752782949648,2481.0,3675.0
45004,2.1625466816336942,0.1862397551107537,2989.0,3346.0
45016,1.958190839544119,0.1367403745267909,3201.0,3545.0
45027,0.994068464777058,0.2557919194566208,3811.0,3035.0
45032,2.1931631827572895,0.2055007355029339,2958.0,3257.0
45039,0.4705904572308096,0.2377593005410423,3954.0,3114.0
45040,2.3295135015916446,0.3799983800727908,2839.0,2506.0
45047,2.9624898816905723,0.1795838371985646,2245.0,3374.0
45056,3.1472111452959557,0.1849139408571302,2038.0,3352.0
45073,2.9339669064627785,0.1538685151465306,2271.0,3480.0
45077,3.1375926343278655,0.0623201542402233,2047.0,3805.0
45085,3.025148536521382,0.0936253751715085,2164.0,3705.0
45088,2.913078558138225,0.4122651960893954,2287.0,2391.0
45112,2.659829916150296,0.1794717459475902,2522.0,3376.0
45125,1.046743066681751,0.1087521869183854,3794.0,3648.0
45127,3.0121505972552605,0.1991604574162847,2183.0,3286.0
45160,1.778078726374673,0.14962606011722,3335.0,3490.0
45170,2.2612314142635723,0.1150090053773574,2890.0,3628.0
45178,3.31065549087955,0.0311712979976325,1904.0,3919.0
45192,3.0884883851003297,0.2431382506437638,2100.0,3092.0
45194,2.1238808594026772,0.2024878625111726,3028.0,3272.0
45195,1.0349350154789754,0.2451175587698153,3799.0,3083.0
45197,2.2400671963850636,0.3473710228899898,2915.0,2640.0
45203,1.4728505590105794,0.079679223041508,3540.0,3757.0
45207,2.858397088959479,0.1244861534626055,2340.0,3594.0
45208,2.490679815203284,0.2364008659200458,2676.0,3120.0
45209,1.0842228451198048,0.1877188542500224,3771.0,3333.0
45210,1.775157213573785,0.1587878607685751,3337.0,3468.0
45217,2.5360493497972305,0.2441534751932357,2632.0,3088.0
45218,2.3616698794448494,0.2927752252342388,2811.0,2873.0
45219,3.1158600923816597,0.3173453566105985,2067.0,2772.0
45225,0.5075735161410775,0.3590608084460126,3944.0,2585.0
45234,3.2992530625844996,0.200812219722919,1918.0,3279.0
45235,2.153022042957728,0.2313687099080929,3001.0,3140.0
45241,1.4506729578002304,0.1325564040895528,3555.0,3561.0
45277,2.2041253438326587,0.1670640580908637,2948.0,3422.0
45312,0.6180888038119884,0.0109226948534203,3926.0,3978.0
45319,0.6138800684190479,0.4055381233525386,3928.0,2414.0
45321,3.659724861107744,0.6369684933545554,1560.0,1424.0
45325,0.7357205565273779,0.0216326828601649,3900.0,3950.0
45343,3.500058755583055,0.1939276968309507,1732.0,3304.0
45345,2.3898128692533063,0.1646195238123546,2779.0,3435.0
45354,3.958166671606788,0.4478419890600441,1262.0,2253.0
45375,1.4014416850471558,0.0165367143629833,3590.0,3965.0
45379,1.946035280625215,0.045549137430674,3214.0,3873.0
45386,2.6728191925155316,0.2986623056810583,2518.0,2845.0
45392,2.4225730738550713,0.2771481758896928,2748.0,2952.0
45393,2.159068290653345,0.2307757365882083,2995.0,3144.0
45402,2.4247212458445584,0.2732150935911054,2745.0,2964.0
45404,2.331707175606204,0.196416509636101,2836.0,3293.0
45407,1.870985496608142,0.0983979201896703,3266.0,3689.0
45409,2.086635840150845,0.2318141558742585,3077.0,3138.0
45439,1.647719723403439,0.1070998585425441,3430.0,3654.0
45452,2.169418755023284,0.2288670368799542,2985.0,3156.0
45456,1.7389173708387924,0.1237779823796133,3367.0,3598.0
45484,2.4169030933699487,0.2161340091796709,2754.0,3214.0
45488,1.830025825158103,0.1984912344057565,3300.0,3289.0
45492,1.2070250725867635,0.0336634320180734,3713.0,3910.0
45493,0.892575274225709,0.12962839660328,3854.0,3576.0
45525,3.566475210479774,0.6406462789225925,1665.0,1413.0
45528,2.1511557547048508,0.2214120025302815,3002.0,3191.0
45534,1.9366415918199475,0.2462779576411543,3219.0,3077.0
45535,2.243877900177328,0.1894636919369705,2912.0,3326.0
45538,2.1722740320741503,0.2044409968888735,2980.0,3259.0
45543,2.5142219749343533,0.3329193635584395,2653.0,2713.0
45546,1.5899112515101272,0.1261563890310233,3465.0,3589.0
45572,0.6280121507276717,0.0403185152561145,3924.0,3888.0
45582,0.4774288483240219,0.0144000664388078,3951.0,3971.0
45597,1.256842024661761,0.0490754684982578,3683.0,3860.0
45608,1.204777074440371,0.0562113626865912,3715.0,3826.0
45626,2.8434643630815746,0.3467857605109363,2358.0,2642.0
45627,1.5739167157435623,0.1157115942039545,3475.0,3625.0
45641,1.8855619933483585,0.2513991336607841,3253.0,3053.0
45652,2.696279371622648,0.3783389548948923,2498.0,2513.0
45671,0.6140642025123075,0.0241014059831095,3927.0,3940.0
45676,3.5880567240892853,0.5534391348510337,1636.0,1792.0
45686,0.6205923740040903,0.0600385982108195,3925.0,3810.0
45689,2.3804624205975964,0.2703980909742502,2793.0,2973.0
45696,4.078889062185668,0.8347572817778887,1142.0,564.0
45698,3.1689819467164693,0.8923629503204968,2015.0,345.0
45706,3.83685040353684,0.7252558022382218,1390.0,1038.0
45714,5.393884827067062,0.93508472776887,331.0,220.0
45725,4.0263323744171355,0.728452474804629,1194.0,1026.0
45747,1.2169532780101369,0.0902782925111813,3707.0,3718.0
45769,2.866527380279536,0.5461594331454415,2331.0,1828.0
45773,4.4917703348107185,0.945629037036959,795.0,184.0
45854,5.175541857183072,0.9659193222062356,412.0,107.0
45860,3.3116767063097963,0.7279188992579428,1903.0,1029.0
45867,4.548881063431632,0.7476191789151192,744.0,936.0
45912,1.3929121544362912,0.2805990683118563,3594.0,2939.0
45920,5.036074739302167,0.7520141537403234,467.0,921.0
45923,1.655308550912955,0.4741525690325852,3428.0,2147.0
45924,4.669535647714368,0.6468399439817498,677.0,1384.0
46089,5.528243543595758,0.5328777866242771,291.0,1886.0
46114,1.3148211178398503,0.1048339813340005,3647.0,3663.0
46132,4.0266151843986435,0.5322955924930973,1193.0,1888.0
46134,3.5858640793412255,0.7726111885063957,1641.0,830.0
46211,4.146845920855415,0.5876195706760357,1086.0,1646.0
46215,4.070596179323762,0.4294623302863469,1153.0,2321.0
46226,0.0003970020972324,0.0071651354659938,3995.0,3987.0
46236,6.018605577473287,0.9329730087061474,167.0,228.0
46251,4.703472793912845,0.8331795761373055,657.0,576.0
46265,4.495383342179811,0.7447454383448735,788.0,949.0
46297,0.9896450850747543,0.55600219399166,3813.0,1777.0
46319,2.086446852797155,0.5034093671205904,3078.0,2013.0
46353,2.1107108217574626,0.4916225029549026,3049.0,2067.0
46398,3.191887769819449,0.4589419013914034,1996.0,2209.0
46420,2.7573791677936743,0.3585283868107094,2440.0,2586.0
46421,3.2990677642848705,0.67877097405873,1919.0,1241.0
46424,4.8261671132466555,0.733315472138445,578.0,1003.0
46441,2.537265143354515,0.522818226175179,2631.0,1933.0
46444,2.940557105550539,0.2340232852801856,2262.0,3134.0
46452,2.5302966837152647,0.3338819791533648,2636.0,2707.0
46490,4.694461647725947,0.650351273673351,662.0,1371.0
46504,6.720997916898343,0.9583294205554268,60.0,129.0
46506,3.3306467289955446,0.4821266453041462,1886.0,2113.0
46514,5.568733430893256,0.4849998243143486,282.0,2100.0
46523,5.158707836145538,0.818652027307609,419.0,631.0
46559,6.244736941729142,0.7677543731442888,127.0,862.0
46568,4.9870479636144305,0.7569525862684321,493.0,899.0
46610,6.665059361525061,0.7244705610814153,65.0,1043.0
46630,4.050491350762009,0.625125364074582,1168.0,1483.0
46634,3.651138344328923,0.71740134703309,1571.0,1078.0
46664,2.101929461386682,0.4142784127325344,3060.0,2383.0
46675,4.904828838909297,0.6102837502792207,541.0,1546.0
46686,2.7051148616048835,0.4286037444006818,2493.0,2331.0
46695,4.258815709379441,0.7710175505494907,989.0,842.0
46767,2.7757085692860155,0.694340410008416,2421.0,1179.0
46830,5.496349179223879,0.8030838946367276,303.0,681.0
46861,5.15856797798956,0.9093387065473388,421.0,297.0
46863,4.472818519312251,0.6845697420036747,812.0,1221.0
46910,5.798341894865418,0.8241794389455216,224.0,612.0
46918,4.205113761664665,0.8019407967205081,1032.0,689.0
46931,5.317870839555594,0.9658987639218524,363.0,108.0
46951,5.908259734155652,0.9670519394105876,193.0,103.0
46972,3.9851816122173744,0.9351513421769488,1242.0,219.0
46974,0.8777064115350435,0.0890954527248091,3862.0,3724.0
47035,1.6646646236670497,0.4070661841940483,3420.0,2410.0
47079,3.11611442452507,0.6167126839498452,2064.0,1507.0
47138,4.154356764580984,0.6818725460166312,1077.0,1232.0
47173,3.5169556420025097,0.5722388699374481,1715.0,1713.0
47176,1.6597298310143838,0.0701559594679906,3424.0,3790.0
47198,3.174592488154403,0.8275229748688027,2010.0,595.0
47206,5.654360891199284,0.8811047417604614,261.0,397.0
47254,5.39464870546355,0.7494989500019583,329.0,928.0
47271,4.306314984093657,0.8065677085039422,961.0,667.0
47295,3.652327318835095,0.6884133784704403,1567.0,1207.0
47303,2.854122928339489,0.5225051934245006,2344.0,1936.0
47336,2.144538534377504,0.2485471172270669,3011.0,3066.0
47337,2.963057602155397,0.5387255933632651,2243.0,1859.0
47342,1.9831711348154035,0.5589097441453623,3177.0,1767.0
47360,3.9732484237596495,0.6564735031820559,1252.0,1354.0
47370,2.8479341834084644,0.4167964722181458,2354.0,2368.0
47377,3.4950921686211416,0.8330683654017335,1734.0,577.0
47413,1.6314228366564494,0.1559840065228823,3441.0,3472.0
47417,3.722206811906452,0.7788406436431798,1494.0,797.0
47438,3.1651767308562913,0.5780499533252113,2020.0,1687.0
47491,4.431583512660945,0.9056044395271104,839.0,308.0
47505,2.8581291056737386,0.7835329423442334,2341.0,767.0
47536,3.0902429904968796,0.7802873533039041,2098.0,790.0
47541,1.821033543798774,0.1329569199317701,3307.0,3558.0
47545,3.549121248978527,0.6153144977823678,1679.0,1516.0
47546,3.5035053541660437,0.6414500786700089,1731.0,1411.0
47589,2.9412854380024616,0.5203232911474929,2260.0,1945.0
47601,5.2127883491794815,0.9543239771094696,390.0,143.0
47602,4.362280645160162,0.8910384591133904,908.0,348.0
47611,3.9170197881158137,0.7015870693890889,1314.0,1154.0
47621,3.7930691877093343,0.5397788877187032,1419.0,1855.0
47638,3.9379872377154768,0.6566826390641511,1287.0,1353.0
47681,3.3065244240993987,0.4362880289053588,1908.0,2299.0
47682,4.558253629235866,0.8307163072061758,741.0,586.0
47728,6.3945873487608065,0.9403030361722906,103.0,207.0
47752,3.1366502507050757,0.5444550720626815,2049.0,1833.0
47756,3.6122369529501888,0.8669756598833751,1608.0,451.0
47762,3.796339196049383,0.5440448699442778,1418.0,1836.0
47769,2.3251828946492825,0.6103647595309667,2845.0,1545.0
47837,2.613327695515811,0.468195249849766,2574.0,2174.0
47869,1.5109371554530169,0.4409659732292646,3522.0,2282.0
47891,2.9389681579003715,0.7153161103374147,2265.0,1091.0
47911,4.5710002795166425,0.8337030576522975,733.0,571.0
47918,4.350567064565268,0.775155273206426,914.0,816.0
48041,5.084120499711147,0.9135729358957524,452.0,285.0
48054,5.022915412911332,0.8551855349753654,475.0,497.0
48064,4.959051661781776,0.9314769463069144,507.0,231.0
48079,5.083483117834911,0.8967512108461346,453.0,334.0
48093,2.910946540495708,0.6984050494447924,2290.0,1165.0
48094,3.952643125465832,0.9581729935210266,1268.0,131.0
48114,3.132038969800232,0.4805047377304052,2050.0,2117.0
48142,5.869779910157313,0.9638397712080664,202.0,115.0
48159,5.0950381699542815,0.9492520162300891,447.0,171.0
48205,5.517958504425467,0.9599419542510744,293.0,126.0
48240,3.700369425344306,0.3996904442468351,1514.0,2431.0
48268,4.819511977680594,0.8588165741901106,580.0,483.0
48275,3.69619920171144,0.8927561851241886,1518.0,343.0
48281,3.5868537394737334,0.7816258739814121,1639.0,780.0
48378,3.8153840897671416,0.5552030232942397,1408.0,1786.0
48405,3.670915123725466,0.8662598272447682,1542.0,456.0
48446,3.294154077724693,0.4244978195395261,1923.0,2343.0
48484,2.61100226592637,0.7493686278854514,2579.0,929.0
48492,3.584791003311742,0.6745371840569729,1642.0,1266.0
48505,3.24303306934785,0.8902782085901965,1953.0,350.0
48511,6.076115700349922,0.9354041504705086,150.0,217.0
48523,3.0111022702910737,0.8017147506648352,2184.0,691.0
48526,4.037647175777323,0.6780288511342372,1181.0,1247.0
48529,2.523031476901789,0.4650172794111281,2642.0,2184.0
48535,4.827498898341447,0.6288063798861023,577.0,1460.0
48536,3.2408466461254193,0.370761508807515,1954.0,2534.0
48573,7.273973101120847,0.498138217118338,35.0,2039.0
48614,0.1097036235879026,0.286691980471137,3986.0,2907.0
48615,2.6375355944922827,0.5546696625911858,2534.0,1787.0
48640,2.230283734985202,0.7330192646486717,2924.0,1005.0
48641,3.075537145537506,0.7164795451692612,2115.0,1085.0
48655,3.1947485453433275,0.3883364394023164,1991.0,2476.0
48679,6.931552507471314,0.8787138647357772,46.0,403.0
48718,3.440759524398755,0.6996551949301455,1785.0,1162.0
48754,4.495067984868803,0.8840668665893507,790.0,383.0
48759,4.427757366731373,0.8011994375731875,843.0,695.0
48777,2.4989001924762944,0.7875075478346589,2665.0,751.0
48892,3.486887095639163,0.4870034525827109,1740.0,2086.0
48893,3.5275190948642106,0.5779131428766322,1705.0,1688.0
48935,4.708584522650832,0.8021161127522316,653.0,688.0
48983,3.111920452683061,0.5906045177011715,2070.0,1633.0
48999,4.159952387951214,0.6948831594000857,1074.0,1177.0
49043,4.640628354913596,0.684093474217033,691.0,1226.0
49048,3.644941242674979,0.5505945840083528,1576.0,1799.0
49055,4.4138232016889285,0.6105806336757611,856.0,1543.0
49085,4.013740082364898,0.480040480844761,1207.0,2119.0
49096,4.973270607034921,0.8519937378332936,499.0,503.0
49123,7.348327668151743,0.9096421303234556,31.0,295.0
49153,4.23846042401378,0.8400131122512504,1001.0,538.0
49157,4.433811217170058,0.8455693030732426,837.0,521.0
49215,4.8132698455898195,0.8831799530845608,585.0,388.0
49217,3.40413212100925,0.6282632112171153,1826.0,1461.0
49219,6.042388696533756,0.9370823671000444,157.0,211.0
49223,3.544743157608208,0.7720294786682309,1687.0,833.0
49234,5.8179088300701425,0.8715545914366007,215.0,436.0
49247,4.194808002758365,0.8357849165882257,1042.0,559.0
49273,4.654809278304567,0.8515054738915568,685.0,505.0
49298,2.1132416006630943,0.2821630228747624,3043.0,2928.0
49301,2.860168164994185,0.6266721469825268,2337.0,1472.0
49302,3.893043353103741,0.75396129145473,1342.0,917.0
49316,4.38879086003355,0.7658797346248503,885.0,872.0
49325,5.813929198177655,0.5374311447964585,217.0,1863.0
49329,2.8045916360283862,0.6309123270858101,2392.0,1452.0
49332,2.662556506794357,0.5183530890773445,2521.0,1952.0
49334,5.433219759573562,0.5564794935013804,317.0,1776.0
49338,5.536259388511991,0.586503242590825,287.0,1652.0
49340,3.363362779358697,0.4777488432003447,1858.0,2131.0
49344,3.534993394854251,0.685490312944116,1697.0,1215.0
49348,5.45977678225486,0.9311260614066628,309.0,233.0
49361,5.350782455994567,0.685330060815607,347.0,1217.0
49395,3.8892066478574705,0.7450899575970629,1352.0,948.0
49412,2.3219927935880182,0.6745824139149306,2848.0,1265.0
49413,3.031972853799848,0.4508205179141219,2157.0,2238.0
49449,4.6038365554021246,0.8365482957416426,711.0,553.0
49463,3.221916094814816,0.5218823565710211,1974.0,1937.0
49476,6.824437353357035,0.974160047357114,53.0,82.0
49493,6.4664666966827955,0.6595664610195697,90.0,1334.0
49504,3.260400426899944,0.3557089810426704,1944.0,2600.0
49517,3.287386220760206,0.5776503056353761,1925.0,1689.0
49522,3.6382871941338952,0.551373690806189,1583.0,1796.0
49524,4.083685311397681,0.572269473421461,1138.0,1712.0
49530,2.4261225709360663,0.7238664994048262,2744.0,1044.0
49588,5.341576330611279,0.594520351753811,353.0,1614.0
49593,2.3121794246594076,0.580290822909544,2857.0,1679.0
49607,5.136863388636052,0.4442456831765277,427.0,2267.0
49619,3.624214624569821,0.7329574298031889,1594.0,1006.0
49650,2.886101160630062,0.5559076622833359,2310.0,1778.0
49662,2.259953737440998,0.425725992823844,2892.0,2336.0
49687,3.963737181310843,0.7131519497839316,1258.0,1104.0
49711,3.761241476680501,0.4881273798578486,1450.0,2078.0
49739,3.074491139534363,0.5825937256429541,2117.0,1664.0
49748,3.2220828137985933,0.6924650442223714,1972.0,1188.0
49751,3.5539474491734975,0.307105474020147,1672.0,2813.0
49758,4.417757977200095,0.6621937030234509,851.0,1323.0
49782,1.9112042585948248,0.3903945077561269,3240.0,2469.0
49786,5.1409222032932655,0.6368877614304017,426.0,1426.0
49787,3.214987464088647,0.5441645040897525,1978.0,1835.0
49788,0.3137850315044035,0.3355912977691312,3973.0,2696.0
49800,3.477854074641472,0.4537589680953092,1747.0,2228.0
49803,3.4251763229936967,0.6460429855761793,1799.0,1389.0
49805,3.939596514731669,0.6463820824251911,1285.0,1387.0
49806,3.726775288648253,0.677878355415762,1484.0,1248.0
49828,4.403747388008147,0.7057776012366102,869.0,1138.0
49829,5.1724288663980245,0.6470345226542709,414.0,1382.0
49837,2.942855507904503,0.6110160359316964,2259.0,1539.0
49853,4.016666041219237,0.7580016760802537,1203.0,896.0
49854,4.8365002227618685,0.8814096018545038,571.0,395.0
49873,3.346799416323835,0.5994005950717648,1871.0,1597.0
49874,3.3533653428103167,0.3858394904454168,1865.0,2488.0
49909,1.8844502241528904,0.3392304762315952,3255.0,2683.0
49962,2.8918979361511057,0.3768893168243369,2308.0,2518.0
49983,2.1234195006187617,0.6115788566991279,3029.0,1537.0
50023,5.853451760534989,0.9284088322042696,206.0,240.0
50027,3.0684221224694475,0.4944889625635085,2119.0,2054.0
50028,2.007133082858713,0.345116308710885,3158.0,2656.0
50036,3.095349866837292,0.8464589964751859,2088.0,519.0
50057,5.879978278050471,0.9147327496987336,200.0,281.0
50058,5.026498104027422,0.9162210836427916,472.0,275.0
50063,5.213343649231299,0.969773642139983,389.0,95.0
50069,6.522032097727319,0.9849802664709336,79.0,42.0
50081,4.0913424322301815,0.8346822796080845,1133.0,566.0
50089,5.507760178143141,0.9803253040687606,298.0,52.0
50114,4.214612529338502,0.7748209621768087,1019.0,819.0
50132,1.660556827113923,0.0936764194452951,3423.0,3703.0
50134,5.661258816206804,0.8204226914906132,260.0,624.0
50139,8.112878472919803,0.9957076253470822,7.0,9.0
50151,4.845178771230965,0.9149096402713516,568.0,280.0
50152,6.148238116898556,0.9704080330664666,133.0,93.0
50166,5.682839814216764,0.8745991725629227,256.0,420.0
50167,6.6652563384066585,0.969619015207732,64.0,96.0
50170,10.410826700624726,0.9773993987655024,1.0,67.0
50175,6.27834212868854,0.9690138301417616,121.0,98.0
50192,4.059857673410342,0.8515049409841386,1161.0,506.0
50204,4.781034860788485,0.9056242398424073,606.0,307.0
50216,6.079751843327813,0.9433365084353836,149.0,196.0
50217,5.221277081653619,0.8368239263892756,384.0,552.0
50224,3.0222352858955293,0.6701747715335502,2170.0,1285.0
50226,3.5334759627873575,0.8944690973260201,1699.0,340.0
50230,4.9855495558985465,0.720336268091925,495.0,1066.0
50243,3.4231450489616355,0.7123420595305832,1801.0,1106.0
50260,6.053038142515823,0.8935195486066319,154.0,342.0
50266,7.433724382927638,0.9952304589570996,28.0,12.0
50292,4.250968698725222,0.7515306990262169,993.0,924.0
50305,4.596611279131442,0.91075430030348,717.0,292.0
50311,2.0885750342830347,0.2947527121548209,3073.0,2864.0
50318,4.796355365693749,0.7490211588420904,594.0,931.0
50327,5.5647326979039,0.7252537874219425,284.0,1039.0
50329,5.81612588238578,0.7204332003702321,216.0,1064.0
50331,5.365213998727948,0.489737241690385,338.0,2071.0
50336,1.727105870473296,0.2497884000031063,3377.0,3060.0
50344,4.5995793666067,0.5805032326397249,715.0,1677.0
50347,3.551096619232017,0.5820642084456956,1677.0,1667.0
50382,2.2345242953780455,0.2112416982337905,2922.0,3235.0
50383,2.8487081703854416,0.3779853284623097,2352.0,2514.0
50391,4.2812916535604035,0.9426944006191122,977.0,198.0
50392,3.927548707535093,0.7955224170490619,1304.0,717.0
50400,5.574148432126288,0.646816654956249,281.0,1385.0
50401,2.4100891853633906,0.7218938313871064,2760.0,1053.0
50402,2.8932799406743945,0.7151070151348942,2307.0,1092.0
50403,4.949023492392534,0.865448658139246,516.0,458.0
50406,4.401654348877264,0.7765548147011739,871.0,810.0
50414,3.677107297841541,0.6309059460750219,1536.0,1453.0
50415,1.4743032939914846,0.5032831086672513,3536.0,2014.0
50449,6.457227237538643,0.7620765907480267,94.0,883.0
50482,3.828967266919463,0.8136335710760491,1395.0,647.0
50484,3.754695636931835,0.5818129728555821,1457.0,1669.0
50489,1.6269687515295383,0.6655486097825211,3444.0,1306.0
50504,4.189400282787062,0.8251280537659524,1049.0,607.0
50513,3.034748154836066,0.3556394001679809,2153.0,2601.0
50527,3.723109473260359,0.4793130906914012,1492.0,2122.0
50532,4.4530269974200145,0.721615687041562,826.0,1056.0
50535,2.9905765057517906,0.6698875656809224,2206.0,1286.0
50545,2.7679928568109826,0.5076049732770163,2429.0,1996.0
50558,3.890901885446468,0.2309509605058187,1347.0,3143.0
50562,3.675950015720004,0.5045184443256905,1537.0,2009.0
50570,3.70031279377024,0.684527885126037,1515.0,1222.0
50574,4.182624000071643,0.5453273553682599,1056.0,1829.0
50577,4.243386811183603,0.6642161994766766,998.0,1314.0
50581,0.1209096000070149,0.016691936868493,3984.0,3964.0
50590,3.625737351245721,0.6153641990706686,1591.0,1515.0
50591,3.401516605510788,0.5673190465568201,1832.0,1738.0
50596,3.7480801457524704,0.7103719810736118,1467.0,1120.0
50620,2.302545454644741,0.3808592265187304,2865.0,2503.0
50624,4.602307383397862,0.8998496399734883,712.0,325.0
50692,3.5335595887018454,0.589256138194659,1698.0,1641.0
50723,6.254865711964773,0.9888056103905194,125.0,29.0
50753,5.21043812003892,0.9415495058067358,395.0,204.0
50773,6.407812154667356,0.7824107200412524,97.0,774.0
50776,3.0415827593759426,0.3935676792318902,2150.0,2451.0
50777,5.303195321382516,0.9331304164603216,365.0,227.0
50815,5.763507029987726,0.9655669203165328,235.0,110.0
50836,3.856866993777512,0.834597665100712,1375.0,567.0
50850,3.277792897838525,0.5669631359979171,1933.0,1743.0
50864,4.666149434224881,0.7698392887961919,679.0,848.0
50868,4.955214607848327,0.9230643277148396,511.0,254.0
50899,2.7908841255559493,0.4131994020616352,2403.0,2387.0
50976,2.9450562871198662,0.5289836653009409,2255.0,1906.0
50981,4.224583192766687,0.7149255970026048,1012.0,1094.0
51034,6.140381991965295,0.9799105594159172,137.0,55.0
51048,5.218796564120835,0.9762354824815316,386.0,72.0
51066,6.258280908912983,0.975661584006416,124.0,74.0
51071,4.562539301452932,0.8582730613431844,737.0,484.0
51109,7.45343563798975,0.9779678885325976,26.0,64.0
51121,7.405008439753459,0.9978753095364904,29.0,3.0
51147,5.165847708497594,0.9446221990515996,418.0,189.0
51186,6.965568976410157,0.9939780145072288,44.0,16.0
51188,4.764523944631827,0.8740481853881376,617.0,423.0
51196,1.2681377559146936,0.0510974488995177,3675.0,3848.0
51221,4.804170587136297,0.5887649597070808,590.0,1642.0
51250,4.005894794879931,0.7557134626755616,1221.0,909.0
51279,4.302971125554805,0.7600020080679669,963.0,888.0
51283,3.2818408263207064,0.5943893741878643,1929.0,1615.0
51285,3.5164407206959387,0.5928716490300363,1718.0,1624.0
51286,3.666812480753777,0.8001226353442015,1550.0,700.0
51292,3.566617310045341,0.5902059113369432,1664.0,1636.0
51308,4.434318212625032,0.5213216217760481,836.0,1942.0
51317,3.412111454024776,0.2343632238152769,1808.0,3132.0
51334,2.396583492068579,0.5276546679769897,2772.0,1913.0
51358,3.503768110033646,0.3898591437906387,1730.0,2470.0
51360,1.085982516729486,0.1482664609760035,3769.0,3496.0
51368,5.436522166757636,0.4791941436325824,316.0,2124.0
51423,4.486014550031791,0.7787133436968969,799.0,798.0
51434,2.9134066167361734,0.1848711837918437,2286.0,3353.0
51438,2.1323541542352964,0.3325237963886155,3022.0,2714.0
51440,2.3764442585908254,0.3911794818522548,2796.0,2463.0
51460,4.585983714699724,0.7277321422966696,721.0,1031.0
51462,1.9248448151639872,0.9792920696171148,3232.0,59.0
51464,4.164442260651559,0.5414561192863135,1069.0,1849.0
51491,5.40025601234724,0.7029694847600086,326.0,1149.0
51500,4.775727312985788,0.6426339457616919,611.0,1406.0
51538,5.587289214984508,0.972360493236359,279.0,88.0
51541,6.597270042987611,0.779810411547094,71.0,793.0
51558,1.2988367808733527,0.0875276836956492,3660.0,3729.0
51593,1.4085472915129946,0.2878817234337136,3584.0,2896.0
51618,5.800463930101598,0.8596331236468283,223.0,480.0
51626,1.9220827402351377,0.2172815842621502,3235.0,3204.0
51676,3.798576528661404,0.4002166933527415,1417.0,2429.0
51714,1.3267941936776677,0.277089767273368,3640.0,2953.0
51724,3.1759049507315225,0.4981899537014691,2007.0,2038.0
51735,3.7257532899514274,0.6010219566308781,1486.0,1592.0
51783,3.841262873649344,0.3412399633594076,1387.0,2675.0
51820,5.71335737771201,0.8338106699435542,247.0,570.0
51825,2.3823993513292296,0.4267176359606249,2791.0,2334.0
51913,4.763147287869333,0.5795985482427665,618.0,1682.0
51956,4.785389756243821,0.5740259508847055,602.0,1704.0
51977,0.917240986243982,0.0726968113801572,3847.0,3780.0
51987,4.680934596397289,0.8025397405495946,671.0,684.0
52028,1.5652154292249232,0.3330061684090391,3486.0,2711.0
52047,1.7108294838228637,0.1625533777426341,3388.0,3447.0
52182,6.402482844230111,0.8812975853304453,100.0,396.0
52189,4.6523826153523835,0.8486681649937982,688.0,516.0
52190,5.4589716524381195,0.79491528705862,310.0,723.0
52193,4.392119523247938,0.7081203401627693,883.0,1128.0
52207,4.851149689631216,0.6969820060631239,565.0,1169.0
52230,1.9700192659305364,0.221964912625261,3190.0,3188.0
52240,1.797547847397375,0.2813138722739584,3319.0,2934.0
52253,0.9221382472418168,0.2818992855912478,3845.0,2930.0
52262,2.787880131313825,0.2293081993073918,2408.0,3151.0
52277,3.0962815823746066,0.4489757363759044,2087.0,2247.0
52339,4.42692002538955,0.8012575051468236,844.0,694.0
52340,4.482888306187482,0.7976615016223861,805.0,710.0
52342,4.026893020717269,0.6961582070725771,1192.0,1172.0
52371,6.903966242141734,0.6570747340764731,48.0,1351.0
52374,3.353537671192788,0.6712003116687839,1863.0,1280.0
52383,3.1277986563277156,0.4293668681032312,2054.0,2322.0
52390,2.1249649945511533,0.5171638388515621,3027.0,1958.0
52439,1.470875059363785,0.3093045148817923,3542.0,2811.0
52473,3.0444938561269765,0.3118075916276935,2146.0,2799.0
52535,1.3977736741061295,0.2111874557604172,3591.0,3236.0
52634,3.8139298363547742,0.6080856068083449,1410.0,1557.0
52648,2.0799501720696725,0.1669919676221248,3087.0,3424.0
52658,3.610673590924953,0.6179628159468615,1611.0,1501.0
52686,2.8247190036416643,0.6347426574532287,2376.0,1436.0
52708,4.040590610990226,0.3565816812972843,1179.0,2595.0
52711,2.422299490492791,0.2008562252214868,2752.0,3278.0
52728,3.1041441278091217,0.5484369310686991,2082.0,1813.0
52734,3.4922936615828513,0.5487763357630057,1737.0,1811.0
52743,2.97272435861903,0.542379239627726,2230.0,1847.0
52788,3.2786005227228388,0.10916848992358,1932.0,3645.0
52797,4.642953453923526,0.5859623742620517,690.0,1655.0
52803,3.587307200973037,0.3783677258407607,1638.0,2512.0
52819,1.5884723487448418,0.0614608197486464,3466.0,3806.0
52825,3.3830785863457953,0.4946778400589242,1843.0,2053.0
52838,1.0722855002812828,0.1133138977618471,3777.0,3634.0
52842,4.76152047655416,0.7952876458677809,620.0,720.0
52850,2.003075663599115,0.3579040924989127,3162.0,2590.0
52880,3.8819521447198206,0.7932579937655041,1355.0,725.0
52884,3.056686138675839,0.5182370526957651,2136.0,1953.0
52885,1.873038668035886,0.3052298009378944,3263.0,2818.0
52892,0.4586681693107088,0.0586645521622539,3955.0,3816.0
52928,1.4541499274079712,0.3773925247680626,3550.0,2515.0
52943,0.5956799741196188,0.1459620510853316,3933.0,3507.0
52968,5.454132639423746,0.957275049367978,312.0,133.0
53013,2.7567882590314756,0.4622541117154112,2441.0,2195.0
53024,3.873899379818915,0.7544764193567196,1362.0,915.0
53112,1.7739378517701336,0.1236838495934563,3340.0,3599.0
53130,5.269271411152721,0.9513388721990326,370.0,163.0
53136,3.3603992246929213,0.5275038731619909,1859.0,1914.0
53142,1.3647740428951656,0.1466943721829056,3610.0,3506.0
53161,2.0026928328688713,0.266155462477595,3163.0,2993.0
53196,0.0026382093324426,0.2852160584072843,3991.0,2915.0
53208,3.983176143783711,0.4984259029000405,1246.0,2036.0
53214,5.822271626446563,0.7804204457787676,213.0,788.0
53221,3.907527982276477,0.7414738646030754,1323.0,965.0
53248,0.7440456589218439,0.3367597543582222,3897.0,2693.0
53252,0.8791219851008002,0.3575288959285784,3861.0,2593.0
53271,1.346475106174828,0.6630970728002988,3626.0,1319.0
53282,2.0857482290550133,0.5616642675505935,3080.0,1758.0
53285,2.422570367257069,0.5428474007419928,2749.0,1845.0
53303,1.4220367792633704,0.5499407510109654,3579.0,1803.0
53307,2.3377805587508456,0.5626299703839561,2830.0,1754.0
53320,1.989421190536486,0.5691256765138664,3171.0,1725.0
53333,1.9241591980881632,0.5599326223681378,3234.0,1764.0
53347,3.124445473015805,0.5756102356077228,2057.0,1696.0
53409,3.936384216097083,0.6491471785632374,1291.0,1375.0
53416,2.234086712605548,0.4041466347872329,2923.0,2420.0
53435,5.0700808964031445,0.5241322659004704,457.0,1924.0
53444,3.9457063689467584,0.5654707047241682,1274.0,1748.0
53472,3.733887676303884,0.6900295893392647,1478.0,1199.0
53520,6.9114500342388325,0.7084867478887344,47.0,1125.0
53526,3.906949701661399,0.2772843711784976,1326.0,2951.0
53534,7.802077496082762,0.9149258707774146,11.0,279.0
53537,4.903925306005737,0.503131750664799,542.0,2015.0
53538,1.6316836311858225,0.3205730123920265,3440.0,2758.0
53559,5.221218510012276,0.6910806707992556,385.0,1194.0
53586,3.984758937437665,0.5320552042867106,1243.0,1889.0
53589,4.327069832189928,0.3877475990378842,945.0,2479.0
53595,3.2567140214575647,0.470878919224991,1946.0,2163.0
53614,5.340303812370798,0.605343365567803,354.0,1568.0
53626,3.391768373504279,0.6233046258967634,1837.0,1487.0
53628,4.961905279422626,0.5963900196946009,505.0,1610.0
53630,4.741601389174495,0.4545216973417932,633.0,2224.0
53635,4.235806098413829,0.6095854221188504,1002.0,1549.0
53690,3.923681678862262,0.6841781536070547,1306.0,1225.0
53693,4.277441892102686,0.8260144722591607,980.0,601.0
53699,3.458775784132746,0.3787659113629654,1762.0,2510.0
53715,4.923474171509488,0.63584310673374,528.0,1433.0
53717,2.538400665479333,0.5440082388659362,2630.0,1838.0
53733,2.382112405828988,0.6628318012172157,2792.0,1321.0
53754,3.862793414440019,0.6813662477430873,1367.0,1233.0
53761,2.325927118854044,0.3531651847343945,2844.0,2616.0
53762,2.1091938697381427,0.569704512653102,3050.0,1723.0
53793,4.782403159540874,0.6269873994040627,605.0,1471.0
53795,2.720470875448621,0.5215980927296026,2479.0,1939.0
53800,2.3300857166211304,0.7427975377145493,2838.0,960.0
53803,3.272699295214806,0.7438201583314227,1938.0,954.0
53806,2.512160716868661,0.5793510094770233,2655.0,1683.0
53808,2.180047009850166,0.6900609430478348,2973.0,1198.0
53849,4.135796482752296,0.8024555353295103,1093.0,685.0
53861,2.866240526423655,0.5226041484094164,2332.0,1935.0
53865,3.5099362672185364,0.5989022149075783,1727.0,1600.0
53877,2.470600418978096,0.5092527117696449,2690.0,1990.0
53882,3.3088446436933854,0.5901678800752307,1905.0,1637.0
53908,3.1404362543844373,0.8486682072491284,2044.0,515.0
53911,3.934182718676961,0.780846262219977,1292.0,783.0
53912,3.6695557778399217,0.7611258329783759,1543.0,884.0
53917,5.258624249521172,0.9215204191322894,371.0,257.0
53919,5.0029402933902,0.8680428471574453,485.0,447.0
53928,7.814464778467139,0.9750640901212516,9.0,78.0
53936,4.825954586828089,0.8349778489973455,579.0,561.0
53937,6.163421011387235,0.9152417034738188,132.0,278.0
53939,8.184163950703281,0.9486680034758296,6.0,172.0
53943,6.469850006887186,0.9886273858566256,89.0,31.0
53955,6.471158289576512,0.995470659836011,87.0,11.0
53957,1.3760414896255069,0.2743899837942565,3600.0,2962.0
54014,2.5793435289016533,0.6125393162594903,2608.0,1529.0
54020,2.520536351222116,0.656949936783626,2645.0,1352.0
54023,4.496786247451986,0.6015738682519599,787.0,1587.0
54024,3.959990061971616,0.618942393698614,1260.0,1499.0
54025,4.191882137370008,0.4961230852498704,1045.0,2044.0
54027,4.784413150071411,0.7898329797639392,604.0,738.0
54028,2.4918025435745093,0.6021415401252566,2674.0,1581.0
54029,5.755818683257641,0.9795114867649596,237.0,58.0
54030,5.481947646453625,0.9771943799972383,307.0,69.0
54035,4.099340687357535,0.4449984880000923,1127.0,2263.0
54041,5.736361440387055,0.9546071475062832,239.0,141.0
54047,3.5378185037829777,0.6764037429642646,1693.0,1255.0
54052,5.206355366548141,0.9927106291558244,399.0,22.0
54059,5.362176743558821,0.7891506906790489,341.0,743.0
54062,3.877419345938642,0.7954753403427737,1359.0,718.0
54073,5.993523973977054,0.7661237032592341,170.0,870.0
54082,5.751565959625154,0.9927834723117356,238.0,20.0
54100,3.0811401183785967,0.3930014716077794,2110.0,2454.0
54122,4.162936260992544,0.696260934155809,1071.0,1171.0
54136,4.255652952273912,0.5289308547079326,992.0,1907.0
54152,4.147737615011174,0.540791534921488,1084.0,1853.0
54155,3.907164084262456,0.244010926492987,1325.0,3089.0
54176,3.0626375480192425,0.4163851293685261,2125.0,2370.0
54184,3.333845526746794,0.3517707567130371,1883.0,2621.0
54188,5.253353044348755,0.8558201162954552,373.0,495.0
54194,2.273550563562663,0.3435725447911554,2879.0,2666.0
54202,2.5878670092959055,0.3397702808456332,2597.0,2678.0
54204,3.697509424261173,0.5313135166447638,1516.0,1896.0
54235,3.441816057468454,0.4737163047636917,1781.0,2150.0
54238,3.764840327902959,0.5807733600546412,1447.0,1676.0
54248,2.620856723328031,0.7867750833845971,2560.0,754.0
54249,4.633532634094806,0.47060449568438,693.0,2164.0
54254,5.072697018774476,0.6868252761341703,456.0,1210.0
54261,4.048298102513304,0.5554411351269423,1169.0,1783.0
54268,3.7043348552062225,0.61677312552945,1510.0,1506.0
54305,4.736640742190909,0.7470550830103642,635.0,942.0
54308,4.766116835495377,0.8021498079463958,614.0,687.0
54326,0.8399414299284665,0.1413586401731315,3871.0,3527.0
54373,2.3429042306771644,0.2350411355243231,2827.0,3128.0
54386,5.456869063518074,0.7405229265424165,311.0,971.0
54399,1.0518189474408737,0.4183560479934096,3792.0,2364.0
54443,1.3614556947156164,0.7409811112226578,3614.0,970.0
54448,4.687412892656436,0.3926094033123137,667.0,2455.0
54453,6.586238777898958,0.2345857455263723,73.0,3130.0
54482,5.3973481702077315,0.611940422961037,327.0,1534.0
54492,4.5080426401327145,0.7598242625071457,779.0,890.0
54518,1.9479566826104515,0.143399025909958,3212.0,3517.0
54530,4.4665548021896395,0.9485407522513394,817.0,173.0
54536,2.1084580855797443,0.6626558560099705,3052.0,1322.0
54554,3.988197412041952,0.776655561951446,1240.0,808.0
54564,2.46556197260914,0.675724124143463,2697.0,1259.0
54571,5.7204953619873855,0.7249638109383224,246.0,1041.0
54593,3.430133694019122,0.3637244987972895,1795.0,2568.0
54626,5.153106918946542,0.8986529017171929,424.0,327.0
54656,4.53604298694765,0.777848905958757,756.0,805.0
54658,5.489949356024905,0.9466135265854916,305.0,178.0
54661,1.9286045340817648,0.1190252921551763,3226.0,3616.0
54669,2.718356318333921,0.4543691112359167,2482.0,2226.0
54675,2.701658197616531,0.3408937761924914,2495.0,2676.0
54713,1.811180682980608,0.216936500078404,3312.0,3210.0
54730,4.0022500622680335,0.7369796457275126,1226.0,987.0
54750,1.1614372455822963,0.0406299230656873,3738.0,3886.0
54835,2.388430813813269,0.1143718209688344,2783.0,3630.0
54841,4.258267730392548,0.5112715594058619,990.0,1980.0
54845,2.879566753843258,0.5588558009470435,2315.0,1768.0
54896,5.224010370113868,0.9447804216032764,381.0,188.0
54903,2.5569416293392657,0.5626789275959552,2620.0,1752.0
54907,2.6075255186974258,0.3009732316706385,2582.0,2836.0
54917,3.9060487393975794,0.4290870156059443,1328.0,2325.0
54919,2.1347122956489697,0.1265477828016068,3017.0,3586.0
54925,1.511943290644387,0.2410174466608893,3520.0,3098.0
54935,3.062763311982441,0.5924187344116989,2124.0,1626.0
54945,2.0131826529817607,0.495875875701212,3152.0,2046.0
54982,4.417628274848267,0.3680990775609064,852.0,2547.0
54985,3.509926838336927,0.441179804755802,1728.0,2281.0
54986,2.9994833470183497,0.5671997269988693,2197.0,1741.0
54996,4.790822116578182,0.9526623334038417,598.0,151.0
54998,3.221953512837751,0.423357509083819,1973.0,2351.0
55017,1.879013734967415,0.1571854300073396,3260.0,3471.0
55019,3.884569929773897,0.349030825679993,1354.0,2633.0
55041,4.100390408064034,0.6661520956449568,1125.0,1303.0
55048,4.035194737590683,0.4091398474737967,1184.0,2400.0
55061,4.000881903607958,0.8432225329187502,1227.0,526.0
55065,3.4072108729000603,0.7950719409182072,1821.0,721.0
55096,5.087947981611673,0.710690986231598,449.0,1117.0
55101,3.6109023950885137,0.3226108145347601,1609.0,2747.0
55107,3.749013591398482,0.4835492009588766,1464.0,2105.0
55108,3.3651142826060343,0.3550527318686265,1855.0,2604.0
55110,4.687539638804474,0.7802309452686208,666.0,791.0
55113,2.6105217537372742,0.7298778291538603,2580.0,1020.0
55117,6.689150710385831,0.9335361214866772,63.0,224.0
55124,6.171731042705391,0.896882578335384,131.0,332.0
55136,2.6785433319555567,0.3197294006251204,2509.0,2762.0
55138,2.724217632059198,0.6684064776900951,2472.0,1295.0
55141,1.307034302653642,0.1309706011710811,3653.0,3569.0
55151,4.53428103573849,0.4133105989129857,761.0,2386.0
55156,3.47373221681456,0.5718734616786887,1757.0,1715.0
55158,1.4351966491626196,0.3831528176254103,3567.0,2498.0
55168,2.8328969333874796,0.1869924305761143,2370.0,3341.0
55171,3.019222667462725,0.2447672379556006,2174.0,3085.0
55184,1.4430680684096675,0.0427851291688195,3561.0,3879.0
55194,3.674831406968275,0.4513906943848023,1538.0,2236.0
55203,2.6198616489219044,0.3754208075187258,2563.0,2522.0
55205,2.612440479967543,0.4539685998358785,2576.0,2227.0
55214,3.953839002186317,0.4094780877800831,1266.0,2399.0
55215,4.207845741457135,0.5247237023872744,1028.0,1923.0
55216,6.251360868925539,0.5399914144614018,126.0,1854.0
55218,1.3967009619880568,0.1942192883515338,3592.0,3300.0
55219,2.238133664947177,0.4178828315681757,2917.0,2366.0
55223,3.1072777284045427,0.5337902207574197,2074.0,1878.0
55229,4.578739349877689,0.9191287803496162,726.0,268.0
55231,2.119705639034187,0.55896105271829,3032.0,1766.0
55243,5.684658807968023,0.8658402028661287,255.0,457.0
55255,4.416443788693859,0.8820641101152186,854.0,390.0
55260,1.6812730181854,0.279568106191348,3410.0,2942.0
55261,6.106374669043284,0.9205258480576266,144.0,260.0
55264,2.318832813631281,0.1317481445162133,2852.0,3567.0
55270,2.582476166294103,0.164199375938309,2604.0,3438.0
55296,2.622103885544882,0.2160251868515471,2557.0,3215.0
55297,1.4956253564619062,0.1051619321870739,3529.0,3662.0
55298,2.7254023082283783,0.332983001465049,2470.0,2712.0
55315,0.6489788121935899,0.1371477117239816,3919.0,3542.0
55322,1.6935356836295874,0.4934631688064207,3402.0,2060.0
55334,6.896443908706203,0.8360519919394376,49.0,556.0
55348,0.7917927194820924,0.2133426444515702,3883.0,3225.0
55353,1.243753293741269,0.4872484400002467,3690.0,2084.0
55361,1.0269890169369644,0.2107468086389293,3802.0,3239.0
55368,2.8244983014401424,0.4878170236058129,2377.0,2079.0
55376,7.464075465032285,0.5906835670605153,25.0,1632.0
55378,4.977459322655325,0.883574897597524,498.0,385.0
55389,1.8608254755106215,0.4959869804301267,3275.0,2045.0
55391,4.106755962302518,0.249361335409286,1116.0,3061.0
55400,1.5661352758359022,0.0907950364621014,3483.0,3716.0
55411,2.265711140830836,0.3722954227571484,2884.0,2530.0
55432,2.320662638135047,0.1410751887907879,2850.0,3528.0
55444,2.932589571864084,0.4955330650397662,2272.0,2048.0
55452,4.6537971851237785,0.7743997705135758,687.0,823.0
55459,3.303590406813623,0.2887296156494533,1912.0,2895.0
55461,1.8362566131871632,0.1943284743131062,3296.0,3298.0
55463,2.9373361403067184,0.5832947280370564,2267.0,1662.0
55466,3.169408964664187,0.6274438229447443,2014.0,1466.0
55478,4.003566281552092,0.3867826447159596,1223.0,2483.0
55480,5.020625471218776,0.950913002798288,477.0,165.0
55486,2.0480302008814184,0.2813698595935881,3123.0,2933.0
55491,1.9003659934522317,0.1419585836234763,3247.0,3524.0
55493,4.5145718898055796,0.7627519766508781,774.0,881.0
55504,4.3771138503058715,0.6608936797762875,897.0,1328.0
55509,4.74935207201233,0.5912432100662823,627.0,1630.0
55511,10.345365033354907,0.8766620065739008,2.0,412.0
55512,4.674876745829935,0.7236014549182972,674.0,1045.0
55513,3.4024576409868117,0.7925126531867606,1828.0,730.0
55521,4.70493081677497,0.5097486938436581,656.0,1988.0
55530,4.39811723394929,0.7747340962538373,875.0,821.0
55560,5.993296250057489,0.9047679840696812,171.0,311.0
55567,5.609008261985588,0.8223964862407932,271.0,616.0
55572,3.420390116610825,0.68993186603722,1804.0,1200.0
55575,2.8829602099503804,0.2076194468687535,2312.0,3252.0
55583,2.1478901754519084,0.1993986198894217,3007.0,3285.0
55592,3.6635383920138,0.6290625024784573,1556.0,1459.0
55593,3.4223338494288384,0.607097137171217,1802.0,1560.0
55599,3.430782134113101,0.5811931769299697,1794.0,1673.0
55623,2.607178054700795,0.2356791273372182,2583.0,3124.0
55626,2.2504236371243853,0.0679171564360488,2907.0,3796.0
55631,3.634151802835055,0.7880419581635862,1587.0,748.0
55640,1.8502257522588643,0.1840076324553251,3284.0,3357.0
55663,1.416418736652291,0.1877317409654255,3580.0,3332.0
55664,0.7812383541610199,0.0321318796201703,3886.0,3916.0
55699,7.15160908166584,0.9929885543563924,38.0,19.0
55756,1.728342170390089,0.1523872709143917,3375.0,3485.0
55770,4.476393809113164,0.7203565295228684,810.0,1065.0
55856,5.852959226061965,0.9523652913038088,207.0,155.0
55879,1.7614244184142496,0.1197903969075496,3350.0,3614.0
55880,5.769090222521509,0.8306440373536345,232.0,587.0
55907,3.4573468151898084,0.5156755499588652,1764.0,1963.0
55921,2.5815256094772607,0.2638566904869213,2606.0,3006.0
55937,3.498001977379336,0.3833285792296042,1733.0,2497.0
55958,4.504355162715081,0.8715516958111842,782.0,437.0
55959,5.127737494974742,0.7387601760685693,430.0,977.0
56013,5.686687318258441,0.9201966544193008,252.0,262.0
56016,4.534195050604229,0.909935672583621,762.0,294.0
56048,0.8412768731501679,0.0416462118359591,3870.0,3884.0
56091,3.8479146003787257,0.9672450090081346,1382.0,102.0
56099,4.921002827552457,0.912305659177238,530.0,289.0
56114,0.9490234879864834,0.0453359475856109,3829.0,3874.0
56121,3.837111923872582,0.3436597076007898,1389.0,2665.0
56126,3.377185055269616,0.4612265312848855,1847.0,2201.0
56132,1.5677288545506447,0.027382613031866,3478.0,3930.0
56147,2.6119477875558332,0.1246798905445663,2577.0,3592.0
56152,0.7775978724306508,0.0473458785164806,3888.0,3868.0
56154,0.4207822954957873,0.0321034753031769,3959.0,3917.0
56159,0.3521125255865783,0.0056554081273569,3972.0,3989.0
56202,2.4546137341060774,0.3656240551409091,2707.0,2561.0
56218,2.868679767862978,0.6737430141625673,2329.0,1268.0
56225,3.058844561790107,0.3924484983644187,2134.0,2457.0
56228,5.811154751807708,0.5006145333580034,219.0,2027.0
56252,1.710676964740675,0.2577049618445108,3389.0,3026.0
56258,0.8776216465457437,0.1891122410726377,3863.0,3328.0
56259,4.209721413432196,0.2976585438178445,1024.0,2850.0
56263,4.430963717843424,0.6105941962151309,840.0,1542.0
56264,2.1892742995726877,0.5427784517198995,2966.0,1846.0
56266,4.143597598170296,0.897932217017656,1089.0,329.0
56282,4.441681940607012,0.4852427618511757,833.0,2098.0
56286,3.2407865626602415,0.2358266590861032,1955.0,3121.0
56291,3.922208808198048,0.6787558967700735,1309.0,1242.0
56320,0.6042089728252326,0.2640337027580923,3930.0,3004.0
56353,4.4191446972199495,0.5247315853067442,848.0,1922.0
56377,2.0485128099042806,0.3698404712385728,3122.0,2542.0
56379,3.3929814504892666,0.4437267843336296,1836.0,2270.0
56393,1.9905488645627445,0.2277231192089037,3169.0,3160.0
56406,4.182900859849071,0.6677410205444755,1055.0,1298.0
56411,5.381734664105461,0.7351072213645193,334.0,995.0
56412,5.158573239821118,0.6165262787101929,420.0,1510.0
56420,5.121843018448805,0.7027838788908614,436.0,1150.0
56424,3.750250251882711,0.6168864001118314,1461.0,1504.0
56437,2.1906168936713617,0.5016869056616602,2963.0,2021.0
56446,2.898345370158755,0.7632630150329349,2302.0,879.0
56463,6.498848912221676,0.9202866073847256,82.0,261.0
56472,7.172243738316224,0.9352023984124528,37.0,218.0
56482,1.2930152952228886,0.0881966303746997,3663.0,3725.0
56483,1.3008468236064714,0.0356763199171833,3658.0,3902.0
56499,3.004804149545734,0.4689995321595167,2191.0,2172.0
56523,3.5706464633546084,0.354777179564623,1657.0,2606.0
56528,2.182024411085205,0.2427177239910996,2972.0,3094.0
56552,0.7939362775865966,0.0289105310840843,3882.0,3926.0
56553,3.1224257746621658,0.5395801380785679,2059.0,1856.0
56559,1.4523182703850188,0.1014254363986141,3552.0,3678.0
56584,4.002889257811867,0.5760955826705807,1224.0,1695.0
56586,3.401222999017127,0.3686808850479476,1833.0,2545.0
56629,2.707880685736345,0.4489155667664263,2490.0,2248.0
56630,2.5524827119786986,0.2767303106888621,2621.0,2955.0
56645,1.2091835310770471,0.0599795698262424,3712.0,3811.0
56650,1.780615262397685,0.0716101497646199,3332.0,3784.0
56656,3.586143952884014,0.8048784973618511,1640.0,674.0
56665,4.943938245944195,0.4897204467494861,520.0,2072.0
56678,2.7115744097694385,0.3402000676228475,2487.0,2677.0
56689,1.7768604965453625,0.1478446473863573,3336.0,3500.0
56692,1.3535257472431337,0.0623239294061882,3621.0,3804.0
56698,1.4249728839214033,0.4379539293156682,3574.0,2294.0
56705,5.172838180344914,0.7583929146179523,413.0,894.0
56715,4.042910506398765,0.746243118555777,1172.0,943.0
56727,3.459488649632874,0.5482257444532328,1761.0,1815.0
56731,2.5136897432539382,0.2548617927595601,2654.0,3040.0
56732,1.413241318771268,0.0830499024056746,3581.0,3748.0
56740,2.677369034626661,0.3129883627679747,2512.0,2791.0
56743,5.373737818995926,0.8575492527883113,337.0,487.0
56744,4.30218545632181,0.7475126183897006,965.0,937.0
56752,0.415499623655795,0.1035161487376435,3961.0,3672.0
56753,1.970759894002576,0.1876624250921699,3187.0,3335.0
56754,1.8717459425575056,0.1323752664195081,3265.0,3564.0
56785,2.2373883221605686,0.1687553756511334,2919.0,3414.0
56790,2.3871051230258353,0.4785220264158865,2784.0,2126.0
56796,1.7367305138961826,0.213070838040752,3371.0,3228.0
56846,1.11699572472866,0.1591785197610182,3761.0,3464.0
56871,1.153756920379447,0.1715060124731076,3747.0,3399.0
56877,2.0973252321868285,0.5170120817236562,3066.0,1959.0
56890,7.490279804823651,0.6583166218539871,21.0,1340.0
56893,5.848923692957188,0.7691267567772446,209.0,853.0
56894,2.384577762052019,0.4624957556375032,2788.0,2192.0
56895,4.076457824742434,0.9184363610934748,1146.0,272.0
56900,0.3945819172600055,0.1722576874856658,3965.0,3396.0
56905,1.3496776425920525,0.4914440184931932,3624.0,2069.0
56906,2.467562547340397,0.2974616820657724,2692.0,2851.0
56917,3.1804686826556625,0.5672328618080663,2001.0,1740.0
56930,3.469187518952657,0.0995906745184392,1758.0,3684.0
56934,2.6310995819428182,0.2767704578314269,2545.0,2954.0
56944,0.925890970588858,0.5138554639404915,3843.0,1969.0
56968,5.166803480430792,0.9424396706111998,417.0,202.0
56977,2.431293880955381,0.3205285461064499,2735.0,2759.0
56979,1.3844638727795262,0.2311010803126353,3598.0,3142.0
56987,3.278997642452008,0.6380608156204443,1931.0,1420.0
57001,1.3882892501340525,0.4287959822384326,3595.0,2329.0
57007,3.477003648518067,0.2730139587473714,1750.0,2966.0
57019,3.0835008163329953,0.3157698005451768,2107.0,2781.0
57029,1.895231160847175,0.4357097898563328,3251.0,2302.0
57030,2.0544370500540836,0.2491556957813788,3116.0,3063.0
57031,1.5464087175231382,0.3146614903758565,3502.0,2786.0
57035,3.193125412990484,0.3865681576656723,1993.0,2485.0
57041,4.257186741212548,0.8326819703140376,991.0,580.0
57042,2.1755618248295416,0.2321989566365917,2977.0,3137.0
57048,4.302716217860426,0.6257468370856026,964.0,1480.0
57062,1.7425991048234122,0.1767423031605309,3363.0,3385.0
57063,2.9696143716266796,0.1299209212715775,2234.0,3572.0
57099,5.019431004409929,0.9082314860858488,478.0,300.0
57110,3.34745267147266,0.1170978291264299,1870.0,3622.0
57114,2.8693522961560705,0.0863358971037372,2327.0,3738.0
57135,3.574623342236789,0.36518119038168,1651.0,2563.0
57143,1.5230214186805324,0.2078786944464731,3514.0,3250.0
57151,0.6520330314938706,0.0861234433980392,3918.0,3739.0
57156,1.6896878854449688,0.07845716370397,3405.0,3762.0
57168,1.6618321219504977,0.1054820393651516,3421.0,3657.0
57181,3.066692545177835,0.2926173523174424,2121.0,2874.0
57182,3.1131603111097306,0.4856124332679849,2068.0,2094.0
57190,3.7387500972791607,0.6305445890767176,1476.0,1455.0
57195,1.4363353419300289,0.20599452041693,3566.0,3256.0
57196,2.4377072511543183,0.3644266747531063,2725.0,2565.0
57205,5.223529004741547,0.4260152777948681,382.0,2335.0
57210,2.962718649559082,0.3332104184403085,2244.0,2709.0
57218,3.11609904395505,0.4564555575311845,2065.0,2219.0
57219,2.414515315309293,0.1722279464619723,2758.0,3397.0
57226,2.1466530585171473,0.4372850644780826,3008.0,2295.0
57237,0.7213110027400085,0.1880428180648024,3903.0,3331.0
57248,3.526377302120927,0.3190291680280823,1707.0,2764.0
57311,3.8520253766541654,0.7373596954425364,1379.0,985.0
57323,3.295239520046396,0.559534615035348,1921.0,1765.0
57345,4.721661229881313,0.866449200942722,647.0,454.0
57351,2.5307823713018847,0.0783988597437136,2633.0,3763.0
57358,4.126980452957972,0.7710850576619926,1099.0,840.0
57363,3.9438064443487857,0.7704614812375445,1277.0,844.0
57381,2.354909885911822,0.4534931622292572,2818.0,2229.0
57385,2.816732830271753,0.4530675327831955,2381.0,2231.0
57389,4.338450466899324,0.8027306772144557,928.0,682.0
57408,3.9936145958343854,0.5544880811617481,1234.0,1788.0
57411,4.629783732426497,0.8888713476632544,697.0,354.0
57412,2.6288648416371374,0.3509502399507267,2549.0,2625.0
57487,4.502972243616916,0.8197220169011561,783.0,627.0
57490,4.665383042883636,0.8740309124451091,681.0,424.0
57521,4.7013759910983515,0.8998893465000473,660.0,324.0
57522,3.4069316171049664,0.5699872910184438,1822.0,1722.0
57536,4.019662164318074,0.7859512785399098,1200.0,759.0
57552,3.691166147221992,0.6397104503020679,1524.0,1419.0
57562,3.7692566601619246,0.7148573880415641,1445.0,1095.0
57564,2.8529035407552734,0.6016395558360833,2346.0,1586.0
57565,5.330807656182267,0.9068094795942432,358.0,303.0
57571,3.991421163273992,0.7325408899036536,1237.0,1007.0
57594,4.342639278359635,0.7332127091333653,924.0,1004.0
57595,5.231919150807054,0.9311860313425592,375.0,232.0
57614,5.959216513632516,0.9667177378334312,177.0,105.0
57616,5.938363532034177,0.9589401011341148,185.0,127.0
57620,4.892042052634065,0.9419077641008156,546.0,203.0
57622,4.515503381240143,0.8676086129722484,773.0,448.0
57625,4.8181036595529765,0.861436302146791,583.0,476.0
57632,3.6502700023364025,0.6126024962324963,1572.0,1528.0
57643,2.248796582032184,0.3787048190067563,2908.0,2511.0
57649,2.6360651763861083,0.3933139519092959,2537.0,2452.0
57655,2.5260888918393545,0.3620048534605641,2639.0,2575.0
57656,2.149858039523731,0.2790456231688103,3004.0,2943.0
57657,2.9370015466390855,0.3676418564116266,2268.0,2551.0
57658,4.7291677517129465,0.9022378975670646,643.0,317.0
57660,1.6420064751034948,0.1617734872785045,3433.0,3451.0
57664,2.9798221083750276,0.4583137923424326,2218.0,2213.0
57676,3.545901059829654,0.4843337528984399,1685.0,2103.0
57687,2.679505178037412,0.2031864123564041,2507.0,3269.0
57703,2.792305642696619,0.4220317407097618,2401.0,2356.0
57716,4.418608343955628,0.8231719596218887,849.0,613.0
57721,3.3017520389940156,0.4322149055601674,1913.0,2311.0
57723,0.6670887588017916,0.0344423902478453,3912.0,3907.0
57731,2.91598143040909,0.4964206091170053,2280.0,2041.0
57751,0.1443083913750292,0.0440313411631285,3982.0,3877.0
57756,0.0007738071544549,0.0011579086215514,3993.0,4000.0
57789,0.7423594933405079,0.0915319826139703,3898.0,3712.0
57792,2.0313434699768695,0.2234448272993672,3140.0,3177.0
57796,2.9144003410499892,0.6448125445095407,2285.0,1395.0
57798,2.63927144133496,0.3703470927211792,2532.0,2538.0
57808,4.736032009943015,0.6972172815077532,637.0,1168.0
57815,2.1761107475343935,0.4436507412639544,2976.0,2271.0
57832,4.951682214071382,0.5467614099928509,515.0,1825.0
57944,4.466738178276656,0.5488649359491531,816.0,1810.0
57955,2.994653041493441,0.4386214277663727,2201.0,2292.0
57963,2.9702937630928106,0.405711798886075,2232.0,2413.0
57964,2.973385564558237,0.4629703998591136,2228.0,2191.0
57969,2.4514212207383435,0.2077816846535569,2712.0,3251.0
57981,2.8104257386508404,0.4349860328873525,2387.0,2303.0
57982,2.0825718317053106,0.2189316661083427,3083.0,3199.0
57986,4.227418754922555,0.5875153470201211,1011.0,1647.0
58000,3.380494474500415,0.423291919914025,1845.0,2352.0
58052,3.514829387930655,0.6086769556047458,1720.0,1551.0
58060,4.041473008145609,0.7679890420611064,1177.0,861.0
58066,1.5784154943726136,0.3303656517196272,3472.0,2719.0
58076,2.146619111411296,0.2758997814000706,3009.0,2959.0
58081,2.8825030075629066,0.5310810880612349,2314.0,1898.0
58088,4.241273421888314,0.8294887609927497,999.0,590.0
58091,2.4262888386872734,0.3842171798061964,2743.0,2493.0
58094,4.093652763540635,0.7725370225891666,1131.0,831.0
58127,4.365920004039756,0.28677591545498,906.0,2906.0
58131,3.9434395435060674,0.8299275467666685,1279.0,588.0
58159,5.335816798491174,0.6015111668938549,356.0,1588.0
58240,3.2511070070460866,0.5410125694805138,1950.0,1852.0
58272,4.673313145499592,0.6896901446702927,675.0,1203.0
58313,4.197362469485926,0.7992617661129638,1038.0,704.0
58319,2.9767562675311,0.4587842052114147,2223.0,2210.0
58323,5.178507136065391,0.8617934437127586,411.0,475.0
58328,6.348619374924787,0.9868770930816008,113.0,36.0
58346,2.6844472551019853,0.3232416881659125,2506.0,2744.0
58350,4.073878106359322,0.7575830949909981,1149.0,898.0
58351,4.05591729715864,0.7699710614402403,1163.0,846.0
58356,4.206215461969007,0.82127793265011,1031.0,620.0
58357,4.403344005025389,0.8873065556539119,870.0,363.0
58372,1.9665804775085032,0.2691340126782608,3195.0,2978.0
58378,3.7300225068417063,0.2455691682166886,1481.0,3081.0
58384,4.8674401799212195,0.9086406313425384,560.0,299.0
58399,5.629333251103381,0.98779733897172,267.0,34.0
58404,4.4047709576274094,0.8195770253071379,868.0,628.0
58429,2.0819877682441175,0.402225049612043,3085.0,2425.0
58446,3.182135610153098,0.4340685168160246,1999.0,2306.0
58447,3.022535621594315,0.4203591253300621,2169.0,2361.0
58455,2.239514442081275,0.2617535877991719,2916.0,3014.0
58457,3.9376140649153153,0.6129253849206519,1288.0,1523.0
58460,4.745521545422851,0.8968169273293825,630.0,333.0
58462,2.1074557846972595,0.2289745896038703,3054.0,3154.0
58482,3.178336927677192,0.4492332649120945,2003.0,2246.0
58487,2.6946762619508924,0.3207330023331997,2500.0,2756.0
58490,3.4785461473691544,0.4660641198931021,1745.0,2179.0
58497,0.7594017648171608,0.0478922684492849,3893.0,3863.0
58515,3.152353052368264,0.4724311044210371,2034.0,2157.0
58526,2.6314183617112556,0.2892499268319105,2544.0,2890.0
58552,2.5909356756103787,0.3277094234204658,2594.0,2726.0
58579,4.94682903842852,0.9065076083131984,518.0,304.0
58596,3.323036716719352,0.2389475937808095,1893.0,3110.0
58624,2.7907622542399184,0.402443906641587,2404.0,2424.0
58631,2.576060635934511,0.3545922245369333,2611.0,2608.0
58632,2.982445693751374,0.4507309754682392,2214.0,2240.0
58636,4.198110148046816,0.8752479797225858,1037.0,417.0
58683,0.8313492411553719,0.0281385055863073,3874.0,3929.0
58699,1.9027013213732007,0.2355858658421407,3243.0,3125.0
58716,2.809957073748058,0.1091551954777419,2388.0,3646.0
58739,3.905200399542458,0.4469227625340088,1330.0,2258.0
58742,4.115761704447369,0.7804867496044583,1108.0,787.0
58752,3.1529015272736394,0.5040566000205624,2032.0,2011.0
58769,1.2722019392492885,0.1688567823839892,3672.0,3412.0
58788,2.3392033903110727,0.2042602325132991,2829.0,3262.0
58790,2.1345062586154664,0.3424304610397763,3018.0,2669.0
58792,1.652244253030448,0.1573130229358237,3429.0,3470.0
58794,3.053650223940012,0.5329761259072101,2137.0,1885.0
58797,3.5774889332988606,0.5529178973202252,1649.0,1793.0
58811,6.786735740162883,0.8119569906225894,56.0,649.0
58812,0.1245581609518787,0.2177862097339065,3983.0,3203.0
58814,3.4090246209836073,0.3158836125169152,1816.0,2780.0
58824,2.6858280610696386,0.2846054622981978,2505.0,2919.0
58826,2.3621309370841024,0.1685591037142278,2808.0,3415.0
58828,4.507992703834338,0.5933326017808427,780.0,1621.0
58832,3.929934328459096,0.8001109421545697,1301.0,701.0
58847,3.7192834361263594,0.4801144576134082,1497.0,2118.0
58863,3.535387739444521,0.5982410407646199,1695.0,1603.0
58869,5.997803106728688,0.8383378394079354,169.0,541.0
58874,6.292776624096908,0.9818596342861876,117.0,48.0
58875,6.459686707009397,0.9867089121180048,93.0,37.0
58880,4.8089770500407525,0.8946166073460801,588.0,338.0
58885,5.096603665509635,0.8700943322889652,445.0,441.0
58890,5.452468713078855,0.9429146937388326,313.0,197.0
58895,0.899784174014226,0.1126756104735888,3850.0,3637.0
58900,2.118333527464377,0.5554801090669608,3033.0,1782.0
58911,3.4345576048276145,0.5236833253978174,1793.0,1929.0
58918,0.7799702607175392,0.0547427134276508,3887.0,3831.0
58925,0.0019848133721956,0.0024835283597036,3992.0,3995.0
58942,6.695670028758991,0.9800295284198384,62.0,54.0
58944,5.662117945194318,0.8567358252678111,259.0,491.0
58952,2.4155202387913426,0.5904649052848956,2757.0,1634.0
58955,2.9428690603940377,0.4481922665499077,2258.0,2252.0
58960,5.032452665280251,0.763332462501656,470.0,878.0
58961,5.693456170944321,0.9534123895332632,251.0,147.0
59007,1.5594410547827522,0.1075308768902206,3492.0,3653.0
59041,3.6401456237814336,0.7649901902095293,1580.0,874.0
59043,4.464415294356277,0.794771177906255,820.0,724.0
59049,4.615923147084603,0.7853910842704351,704.0,761.0
59050,4.534580318487637,0.8051174993138258,760.0,671.0
59051,4.56994694675193,0.8469539887058535,734.0,518.0
59069,3.998490188414936,0.7274782138172886,1228.0,1033.0
59080,5.721059277031992,0.979676723658345,245.0,56.0
59082,5.783294542580138,0.9254146401904604,227.0,247.0
59092,4.480057025598275,0.9043474623962277,807.0,313.0
59095,5.59821229640738,0.8783298863577012,277.0,405.0
59101,4.811091454342939,0.921336917972398,586.0,258.0
59108,4.537440421094738,0.9002544644853075,754.0,323.0
59133,4.629016587957975,0.7058538526260558,698.0,1137.0
59142,5.123772244457912,0.950230679190098,435.0,166.0
59155,2.2404051040818187,0.4031672587426507,2913.0,2422.0
59157,2.2265853456601703,0.4892760473011546,2933.0,2073.0
59158,2.3155804804481286,0.3346510801034069,2855.0,2700.0
59164,4.014710813431922,0.8040730238827698,1206.0,678.0
59168,2.9593461649666137,0.2781759985315563,2247.0,2949.0
59175,4.931466267215343,0.9334935987189008,524.0,225.0
59176,4.261728684098539,0.6648885000922333,987.0,1312.0
59180,3.570675693606802,0.7785265127641097,1656.0,799.0
59181,3.026084175871929,0.7576821269639387,2162.0,897.0
59182,2.4085881057194736,0.3816996004611218,2761.0,2501.0
59184,2.4888982148111,0.357690269542659,2677.0,2591.0
59187,3.079952963750592,0.228916054366749,2112.0,3155.0
59195,2.216554767403464,0.2867843148529347,2939.0,2905.0
59197,1.6818868561441638,0.1865402876571161,3409.0,3344.0
59207,4.446441380423494e-05,0.001909895570951,4000.0,3996.0
59214,3.3383264852778542,0.4805831852873229,1879.0,2116.0
59219,2.774128491573867,0.3880303392100914,2422.0,2478.0
59223,2.828654565340254,0.3892661456221025,2373.0,2472.0
59237,3.8867438556161127,0.6126704680009173,1353.0,1527.0
59247,2.632011303523163,0.2249826744154231,2543.0,3173.0
59259,5.344542745817662,0.9605995358332376,351.0,124.0
59260,2.4664013049648608,0.2408716227859491,2695.0,3099.0
59272,3.8215408007868663,0.8138278526574397,1401.0,645.0
59293,4.691718176235092,0.9240793780949578,663.0,250.0
59310,3.4776797015699463,0.7560112419201692,1748.0,908.0
59311,5.124211225937755,0.9439447741514412,433.0,191.0
59320,4.1641952567638345,0.8205268353706545,1070.0,623.0
59321,4.166009049213167,0.777087502790951,1067.0,806.0
59346,4.400608794330496,0.8983069426971473,872.0,328.0
59348,4.230398241351671,0.7599108746876326,1007.0,889.0
59360,3.789715649942601,0.8948735179787937,1422.0,337.0
59363,5.204997997107867,0.9518078010341188,400.0,159.0
59367,5.362992004620867,0.949925587552191,340.0,168.0
59385,4.878225494661167,0.9195929708768376,553.0,267.0
59392,3.9719491103286546,0.7132380360156978,1253.0,1102.0
59393,4.161454648448094,0.8892452122879424,1073.0,352.0
59414,3.7504144946950553,0.6694349639568622,1460.0,1291.0
59425,5.2121853173565,0.921071635372432,391.0,259.0
59429,4.535123679231651,0.8496775979705691,759.0,512.0
59435,4.2332817901821675,0.7181287370957552,1005.0,1075.0
59458,3.855678064012064,0.7848122887935687,1377.0,763.0
59467,2.202073016452218,0.335121264489001,2951.0,2699.0
59492,3.4757664543580553,0.6431436052755066,1752.0,1403.0
59493,1.764280383229195,0.1256078552038296,3348.0,3590.0
59518,2.4323691891051924,0.3045091248527123,2732.0,2820.0
59521,2.965561401401002,0.4774720045463838,2239.0,2133.0
59525,1.5952418639213035,0.0892063024340358,3462.0,3723.0
59533,3.9334691941551663,0.857620629251008,1296.0,486.0
59552,3.4472736255165812,0.5270792875161329,1771.0,1917.0
59559,2.628874347409187,0.5192578886356283,2548.0,1949.0
59567,4.7032673244890235,0.9200804846073594,658.0,264.0
59569,3.710711268467571,0.4250771077505954,1501.0,2340.0
59576,1.8226161604198836,0.0531652224225018,3306.0,3839.0
59588,1.857181543495222,0.1802645018718175,3281.0,3372.0
59595,2.0694922211849063,0.3012407519099087,3098.0,2835.0
59596,2.094659876160128,0.2266200241922639,3068.0,3164.0
59600,2.764086692353938,0.4313269955652511,2433.0,2315.0
59608,0.6796381372150706,0.0803398498831187,3909.0,3755.0
59609,1.1899117801130876,0.0936601006269229,3726.0,3704.0
59610,1.2527671291463482,0.1136773450875764,3686.0,3632.0
59616,4.320971838446162,0.840667347223817,950.0,534.0
59618,4.008212219571025,0.7803365073536147,1215.0,789.0
59624,2.0584179811317864,0.1554870647695562,3114.0,3475.0
59725,2.324999754490258,0.2170490403700142,2846.0,3209.0
59730,2.9738086428913024,0.6663489660053312,2227.0,1302.0
59746,1.4737687611555594,0.1225718293338021,3537.0,3605.0
59758,2.1608329629943968,0.1299344487100452,2992.0,3571.0
59783,2.5011799250086377,0.4431996407637077,2663.0,2272.0
59811,4.353289071028243,0.3371090988284718,911.0,2690.0
59855,1.7023142186832405,0.0795561783477575,3398.0,3758.0
59877,0.8869076523628283,0.256772276331507,3859.0,3030.0
59932,2.1636843483248653,0.1921315033656477,2988.0,3314.0
59976,3.452137858669805,0.3546135634286916,1767.0,2607.0
59977,1.602874245926791,0.2091748634020454,3459.0,3247.0
60032,2.6281078807092593,0.1886127928569908,2550.0,3329.0
60058,6.580032221725527,0.9354322591316868,75.0,216.0
60066,3.3016790053570877,0.4175008434092775,1915.0,2367.0
60085,2.760556375984568,0.4826450369416236,2435.0,2111.0
60106,2.9767417419395463,0.2702873037583342,2224.0,2974.0
60132,2.476388021431854,0.1851518297629388,2684.0,3350.0
60186,0.7186624038942931,0.2606674654359908,3905.0,3017.0
60199,2.070796481315331,0.2488938226131286,3096.0,3065.0
60206,1.7089597757979589,0.3661787843174563,3391.0,2559.0
60211,4.400549303051887,0.4161435868602013,873.0,2374.0
60214,3.4769350083529997,0.4846571612963911,1751.0,2101.0
60257,4.2885151574844596,0.7778788896877116,973.0,804.0
60268,4.33796279696218,0.6323949457813782,929.0,1442.0
60284,2.389632211039398,0.506634178806085,2780.0,1998.0
60308,0.8336818358824718,0.2570007282486363,3872.0,3029.0
60314,2.8630053079721667,0.3187183820591557,2334.0,2767.0
60315,2.608625223176922,0.3677103370559293,2581.0,2549.0
60328,1.8246793246042392,0.2185340748584393,3305.0,3201.0
60379,3.110437802027785,0.4280890672726328,2072.0,2332.0
60388,2.3315349691086547,0.2680917001960198,2837.0,2983.0
60434,2.987394717151138,0.389727744468114,2210.0,2471.0
60439,6.081724854273633,0.6684752434195909,147.0,1293.0
60524,2.1480195881601505,0.3160120089605556,3006.0,2779.0
60597,3.5350640352162603,0.6109477622359112,1696.0,1540.0
60632,2.4056533940586067,0.4109349442693956,2765.0,2395.0
60667,4.098181599428263,0.4257229501966812,1129.0,2337.0
60692,4.611139225545948,0.4635712649274367,707.0,2189.0
60713,1.772666049480254,0.2905397984140175,3341.0,2883.0
60716,1.7564784785497054,0.1811320323969399,3353.0,3370.0
60719,3.825793767794698,0.212226676943099,1397.0,3231.0
60728,3.957400735964964,0.5902981082138179,1263.0,1635.0
60762,4.81862423514647,0.6351600866782571,581.0,1435.0
60796,2.308744638990744,0.4483670517419426,2862.0,2250.0
60797,3.9004158767744337,0.4922987574841565,1337.0,2063.0
60817,4.08231735235296,0.5912391192657183,1139.0,1631.0
60826,2.593186477813512,0.4622688203301039,2593.0,2194.0
60839,4.416089255615916,0.594142893636683,855.0,1616.0
60844,2.853167879943773,0.2706290940581668,2345.0,2971.0
60845,5.041954174800725,0.8265384925290296,463.0,598.0
60848,0.6620590895308752,0.2639249371112404,3914.0,3005.0
60860,3.6086186392786903,0.311083336562963,1613.0,2803.0
60862,1.2840212570341478,0.3099700006804661,3666.0,2808.0
60875,2.726939447138392,0.3967116229489668,2468.0,2438.0
60880,2.062555457864176,0.2293990356104713,3108.0,3150.0
60888,1.6157989969667463,0.3368023917821091,3454.0,2692.0
60900,4.371436444793508,0.5741952642337159,900.0,1702.0
60909,2.4361287511178,0.4337047571031489,2727.0,2308.0
60933,6.855873876224077,0.9695438493573824,51.0,97.0
60937,4.262469653458216,0.8039306518138423,985.0,679.0
60940,3.1742336717076194,0.4445390189459298,2011.0,2265.0
60941,3.06131190616784,0.7197442184969258,2126.0,1070.0
60992,3.945167931361835,0.7638120638170319,1276.0,877.0
60996,3.7195618536137234,0.8877688207826283,1496.0,358.0
60998,4.383215595024999,0.7034059470835867,891.0,1147.0
61019,4.688218894755956,0.902182763194486,665.0,318.0
61040,2.750341838618358,0.4058192003461799,2445.0,2412.0
61054,5.364726584996774,0.9763915693049752,339.0,71.0
61056,2.364152915455451,0.5700562230068213,2805.0,1721.0
61066,5.960841341552678,0.8623080140739535,176.0,471.0
61067,6.332237552652062,0.711984075205226,116.0,1107.0
61079,7.694911016343808,0.7183933524191163,15.0,1074.0
61093,5.157888454775896,0.4792465827949227,422.0,2123.0
61105,3.0189711892683286,0.5057628965998864,2175.0,2001.0
61122,2.7946602856759135,0.4830482873791266,2396.0,2109.0
61154,4.758340671125874,0.7136755723233259,623.0,1101.0
61189,2.724426862779923,0.6257483162240812,2471.0,1478.0
61242,1.0845581415203212,0.4888795596706785,3770.0,2076.0
61276,2.907968678239825,0.7687767219463835,2293.0,857.0
61286,2.71108089790966,0.5469603924511285,2488.0,1824.0
61320,3.9368740000041944,0.7146806047406725,1290.0,1096.0
61330,4.141197497723639,0.6573831382781531,1091.0,1348.0
61336,0.3019265903634631,0.2925029885518267,3974.0,2876.0
61341,3.818438662972415,0.5813990595880681,1403.0,1671.0
61385,3.857907338750883,0.7587866230959646,1373.0,892.0
61393,3.390563366287921,0.7072227804736209,1838.0,1131.0
61394,3.541742197410342,0.6918186096042046,1690.0,1189.0
61400,2.9446605012925566,0.7672457691710165,2256.0,868.0
61405,3.065804457549465,0.6735956889140365,2122.0,1269.0
61409,2.010258078526966,0.452147333161828,3155.0,2232.0
61431,4.486199304995193,0.8844044462209184,798.0,381.0
61448,3.95611689290929,0.3236760966051685,1265.0,2743.0
61490,1.7058893708466485,0.2249949778323857,3394.0,3172.0
61520,5.6031866914291335,0.9198694791257398,274.0,265.0
61539,1.9554147322969704,0.1940509479397886,3205.0,3301.0
61606,6.808513683124874,0.8050450641662461,54.0,672.0
61627,4.707483309271411,0.833650060707037,654.0,572.0
61653,4.417383146457097,0.7923833704738891,853.0,731.0
61698,2.4024267940598945,0.3000869405600177,2768.0,2839.0
61702,3.8753732825887326,0.7228690602075921,1361.0,1049.0
61714,5.039055448781329,0.6470059272263476,464.0,1383.0
61748,5.038699786575336,0.7224400870830225,465.0,1051.0
61773,1.1055334068307563,0.5838435615455239,3763.0,1661.0
61805,0.9019618872856812,0.2868469726846662,3849.0,2903.0
61810,1.3851340521313604,0.5195974077138961,3597.0,1948.0
61834,6.657305675834986,0.4519655711839485,66.0,2234.0
61838,3.59849244130272,0.5151260895282324,1625.0,1965.0
61840,3.028364094286592,0.528307365433424,2159.0,1911.0
61848,3.897838560865437,0.349383753395043,1338.0,2630.0
61910,2.074885999887304,0.3168724082870591,3093.0,2775.0
61928,1.446348492446603,0.1225566484139338,3560.0,3606.0
61931,2.575580752659991,0.3215724430633491,2612.0,2753.0
61943,0.9420240408909986,0.2383300502563884,3835.0,3111.0
61947,1.9271075324582223,0.2510541091746291,3231.0,3057.0
61962,4.955189811051154,0.3957824129555669,512.0,2444.0
62000,2.2376331121158883,0.2814314962102638,2918.0,2932.0
62017,0.7205460055121415,0.0438486939551075,3904.0,3878.0
62044,3.44521609187377,0.4998236696273082,1774.0,2029.0
62049,1.3881160601863431,0.1279809916258971,3596.0,3580.0
62064,4.0174446424162165,0.323974261759949,1201.0,2739.0
62072,3.092161521517208,0.5124122449122485,2095.0,1974.0
62073,5.312488385923875,0.9315320265520752,364.0,230.0
62078,7.587222743080661,0.9860184025913628,18.0,40.0
62092,1.957854376756056,0.2276477902309763,3202.0,3162.0
62096,3.1665657145738,0.4580655747205943,2017.0,2215.0
62115,3.067389083315011,0.5742609895050201,2120.0,1701.0
62133,2.0936207577369728,0.0919063156214985,3070.0,3711.0
62134,2.872485131188291,0.5440077350422993,2322.0,1839.0
62154,2.1300801393579465,0.4124691454988916,3023.0,2389.0
62156,2.01898111923452,0.2660316777971508,3148.0,2995.0
62162,3.5048079268312566,0.4624154999906915,1729.0,2193.0
62166,1.469436417882857,0.0850867570457716,3543.0,3744.0
62175,1.701725501936141,0.2041949651959545,3399.0,3263.0
62178,1.9688469492366585,0.1391146524351071,3192.0,3538.0
62184,3.2791874427316885,0.3698144688364413,1930.0,2543.0
62185,1.7074992539932763,0.2412550884553365,3392.0,3097.0
62192,1.3428334280765457,0.3579360950875541,3630.0,2589.0
62207,2.4227664542341936,0.2528355150280349,2747.0,3046.0
62230,2.9645090133583,0.4585351818185734,2241.0,2212.0
62237,0.9861018406810238,0.3118214475836935,3814.0,2798.0
62254,2.71357012258403,0.3720858202601505,2486.0,2531.0
62280,2.2521724760896027,0.5132760901519864,2903.0,1971.0
62282,2.9250879820439573,0.8451202712954689,2276.0,522.0
62287,5.762681254768561,0.7886817604107965,236.0,744.0
62298,1.7234661556567572,0.4575953045397773,3380.0,2217.0
62304,2.944383234528782,0.3487220066336231,2257.0,2634.0
62314,1.7509255012737948,0.5363537379272703,3358.0,1867.0
62321,1.9567442679825655,0.5432944682102092,3203.0,1843.0
62329,3.951160518985903,0.573138187146175,1271.0,1708.0
62342,2.3509296698829583,0.5060895438811938,2822.0,2000.0
62360,2.050332491455233,0.6575814339042125,3118.0,1347.0
62361,5.393961276226443,0.8576572176758982,330.0,485.0
62365,2.8178262839450436,0.543060517820947,2380.0,1844.0
62367,3.3125342991412223,0.6055865153591704,1901.0,1567.0
62373,2.910951535046696,0.3456385941456442,2289.0,2650.0
62380,1.5204086686190337,0.1037154823906044,3515.0,3671.0
62386,2.3019943357914405,0.7103635667006143,2866.0,1121.0
62391,5.426146909727221,0.6586217343178528,320.0,1337.0
62403,4.539835900573162,0.7163285517455154,752.0,1086.0
62417,2.551392308777852,0.4850398073914929,2624.0,2099.0
62431,3.755945321198536,0.6659242738737834,1456.0,1304.0
62436,2.9149621532767824,0.5141824768356361,2283.0,1967.0
62437,2.960567190472206,0.7431907861175779,2246.0,958.0
62439,2.882794030724595,0.5571599923395456,2313.0,1773.0
62455,4.071493838561268,0.4917886549961668,1152.0,2065.0
62456,2.2287300593156902,0.4392384560632325,2928.0,2288.0
62457,4.075102273617244,0.4311117524382905,1147.0,2316.0
62459,3.70857937477836,0.5463913907791271,1504.0,1826.0
62466,5.773973552211182,0.9355889795268504,230.0,215.0
62474,3.1603261038411112,0.2933787498954622,2026.0,2870.0
62479,3.365365889099613,0.734341918995838,1854.0,1001.0
62481,2.4172244518630666,0.3199324333183034,2753.0,2761.0
62486,1.9761172452111393,0.4232845101472793,3184.0,2353.0
62488,3.802995475583069,0.4293102244379351,1416.0,2324.0
62489,3.868092276447476,0.7138622339707079,1366.0,1098.0
62501,2.428401229561945,0.8419072719976799,2739.0,529.0
62502,2.4547838616156588,0.2131023650759364,2705.0,3227.0
62513,3.8299732774120807,0.7291898775290249,1393.0,1022.0
62518,4.816586616404564,0.4696906507702865,584.0,2170.0
62522,2.369032491378261,0.6553855134214729,2801.0,1357.0
62532,1.8719693848184904,0.0999856758196605,3264.0,3682.0
62533,2.7209412429364,0.2203515747611572,2478.0,3194.0
62534,3.914754796698769,0.249304959470116,1316.0,3062.0
62540,2.940996375012478,0.7747432800704246,2261.0,820.0
62544,0.2578435108881933,0.3735116727561924,3976.0,2525.0
62547,1.0728346954435886,0.3467676298904168,3776.0,2643.0
62548,4.263447564405701,0.5009699427056904,984.0,2025.0
62551,3.749066374241125,0.675562462463886,1463.0,1260.0
62559,2.032608634696788,0.3247049188990769,3139.0,2736.0
62571,4.153158649884462,0.6601271073059207,1079.0,1331.0
62579,3.54582459845774,0.4137798844915174,1686.0,2385.0
62595,5.130955462440518,0.8199122949109524,429.0,626.0
62605,5.222243633752014,0.9463402457211904,383.0,180.0
62608,5.808612405822809,0.975507517481742,220.0,76.0
62613,4.315716273639293,0.7375933311328733,952.0,984.0
62619,3.4090971040062104,0.6401482678022803,1814.0,1414.0
62622,3.6085320850449354,0.6282347636236444,1614.0,1462.0
62627,3.573999881459295,0.6848830191887507,1652.0,1219.0
62637,4.422923495248769,0.5089337861981565,847.0,1993.0
62671,4.33734207291308,0.7698969572287274,930.0,847.0
62673,6.141073579949206,0.954438823338808,136.0,142.0
62677,4.357314108688967,0.7564370170252313,910.0,906.0
62679,2.957862149136486,0.5325627865344782,2249.0,1887.0
62681,3.9960778420178698,0.615960775021309,1231.0,1513.0
62687,2.934732402357376,0.5267830029937606,2270.0,1918.0
62698,3.5439046294543837,0.5603648232814733,1688.0,1762.0
62702,5.811169055562693,0.9668692683558242,218.0,104.0
62719,4.292105680961232,0.8717198276918104,971.0,435.0
62725,5.35420801947808,0.8868236250522911,344.0,368.0
62736,3.757655684854204,0.669147223878878,1455.0,1292.0
62737,2.842276795519513,0.2986684277654919,2361.0,2844.0
62753,3.7580009959374254,0.7403584111142554,1453.0,972.0
62758,4.330894372084059,0.8172112865981856,935.0,636.0
62760,4.560170282044109,0.8288931850931758,739.0,593.0
62767,4.6544927978597315,0.8194686942054582,686.0,630.0
62771,4.201952915051882,0.796226157545284,1034.0,714.0
62779,4.536002535205636,0.7470806938226959,757.0,941.0
62795,2.058821580949156,0.2689370455382117,3113.0,2980.0
62807,2.09211170257326,0.4950789859725333,3072.0,2052.0
62808,3.482845160296247,0.5692152237974605,1741.0,1724.0
62818,0.9581920148721058,0.2463238320389231,3826.0,3076.0
62839,0.1082754032224748,0.0028767856818585,3988.0,3993.0
62843,0.108067685504144,0.0029987181559217,3989.0,3992.0
62857,2.523539595942825,0.3139145931245135,2641.0,2789.0
62859,2.781534563818646,0.3911858467466642,2414.0,2462.0
62873,4.868656189826915,0.926089045080916,559.0,246.0
62880,7.552462974240112,0.995148322837268,19.0,13.0
62899,4.911694882775731,0.919643992124048,536.0,266.0
62919,4.738596561324596,0.8254526301777301,634.0,603.0
62921,5.183869282132881,0.9361264621629364,408.0,214.0
62925,4.476661443898615,0.7308323446368479,809.0,1018.0
62952,2.580944922143649,0.2984167835338406,2607.0,2847.0
62953,1.2725663806986598,0.1149953007209948,3669.0,3629.0
63004,2.039585295243179,0.2217292660752289,3132.0,3190.0
63006,3.5270579777973423,0.6424065490042773,1706.0,1409.0
63014,4.78455203983038,0.926606559217278,603.0,245.0
63017,1.950700506057509,0.2861566571461583,3209.0,2911.0
63068,1.4227842866298377,0.0404636234735258,3578.0,3887.0
63077,3.61987303171873,0.5626528970105211,1597.0,1753.0
63093,2.1457543054828085,0.1619670685854399,3010.0,3450.0
63099,4.621378630430455,0.8339390682427968,700.0,568.0
63124,2.6462658097963545,0.2178059473335643,2528.0,3202.0
63174,1.097949614754938,0.0541374255684913,3766.0,3834.0
63177,0.5198472476093153,0.2301411903749063,3941.0,3146.0
63192,2.3434533806987647,0.4534030356169213,2825.0,2230.0
63246,1.3078361219020496,0.2165713710683433,3650.0,3211.0
63252,1.6163014176919417,0.1250951428931883,3453.0,3591.0
63290,1.2254994735407627,0.1637176172648541,3701.0,3441.0
63330,2.8701067097049044,0.2427594173007104,2326.0,3093.0
63363,2.9074752120303846,0.5228258648804399,2294.0,1932.0
63417,1.8051287735935289,0.1473201182473383,3315.0,3501.0
63443,1.3391046630550434,0.1198811804434761,3633.0,3613.0
63453,1.3239284049597728,0.1844312587459423,3644.0,3355.0
63471,1.7640670413333868,0.3666519574896567,3349.0,2555.0
63476,3.6419458930637,0.2555304316468483,1578.0,3038.0
63523,3.161409448584649,0.1991249679344429,2024.0,3288.0
63525,2.889585840511996,0.2877643883301883,2309.0,2898.0
63549,1.4974725020449735,0.3034215578284661,3528.0,2822.0
63578,1.748788736096638,0.467365573765386,3359.0,2175.0
63607,3.4082910263319843,0.2765607350365256,1820.0,2957.0
63666,1.5863636240561336,0.3662424596924678,3467.0,2558.0
63681,2.0058656202643443,0.2170805473070457,3159.0,3207.0
63720,1.8260256971242024,0.1873100250253205,3302.0,3340.0
63730,2.199452385759911,0.318773568301226,2954.0,2766.0
63753,2.485184794607416,0.2473636922645004,2680.0,3071.0
63776,1.5494210393249337,0.183607267998709,3500.0,3359.0
63796,1.4953543598784702,0.2348448277547518,3530.0,3129.0
63827,3.3405524118768533,0.1860099828108751,1878.0,3348.0
63846,0.4916550635484373,0.1262130861108734,3948.0,3588.0
63874,4.347474403890018,0.4123163668713357,918.0,2390.0
63881,2.6370561566341526,0.2625253463027035,2536.0,3011.0
63892,1.181867864811562,0.2276032156285785,3731.0,3163.0
63897,2.447502129665507,0.3882631423143385,2715.0,2477.0
63946,2.4375090322610995,0.230041953425521,2726.0,3147.0
63968,2.7260020394135713,0.1614556378351117,2469.0,3454.0
63972,1.0557269707656969,0.0770546773781216,3789.0,3770.0
63978,3.5605579495334996,0.3883935853854332,1668.0,2475.0
63982,1.581727981239464,0.3266087683028376,3470.0,2728.0
63986,3.408971679454432,0.3905368001816601,1817.0,2467.0
63994,1.8433738322832676,0.1666624584125668,3292.0,3425.0
63998,1.9798136445342045,0.2754784102154564,3179.0,2960.0
64003,2.7383984831882477,0.5024363774392875,2457.0,2020.0
64012,3.8141683075336017,0.2807082201556233,1409.0,2938.0
64020,0.665427637623325,0.1426322760969127,3913.0,3521.0
64041,2.8289937567999877,0.0775399339661823,2372.0,3767.0
64067,1.152269488995018,0.0601975293200897,3749.0,3809.0
64098,3.1055819534141067,0.7987508358155868,2078.0,706.0
64109,4.124423432623266,0.8096825319012725,1103.0,661.0
64115,3.5172759796754716,0.4475461402051243,1714.0,2254.0
64136,3.5696808032866274,0.2660962060606808,1658.0,2994.0
64163,3.060419941844038,0.3477401349456211,2132.0,2638.0
64191,1.349297934348973,0.1750782021473374,3625.0,3388.0
64219,2.2548899280859835,0.379453885773253,2900.0,2509.0
64229,3.8400694741709502,0.2966598885161025,1388.0,2857.0
64236,1.5575381923426892,0.162332528340565,3493.0,3449.0
64244,0.8914243767648168,0.2899443471715208,3856.0,2886.0
64275,2.267400361619619,0.3684238529439454,2882.0,2546.0
64361,2.98313832669469,0.366159283188943,2213.0,2560.0
64362,3.087352205186992,0.3100256891206877,2101.0,2807.0
64368,2.176679536875938,0.1325110798443071,2975.0,3562.0
64378,2.065562093378962,0.1994462940519369,3101.0,3283.0
64387,0.4862926626312499,0.3007561292517492,3950.0,2837.0
64401,3.40462646096155,0.4658442573572837,1825.0,2181.0
64437,1.790299421082071,0.2675970562978449,3326.0,2986.0
64446,3.997961947784762,0.7441812651961788,1229.0,952.0
64452,1.5601901764233546,0.1010702034443109,3490.0,3680.0
64462,3.705073753034243,0.6014466774215306,1508.0,1589.0
64482,5.870311888465137,0.9886022831018636,201.0,32.0
64484,5.9847341094416,0.977614823258486,173.0,66.0
64485,5.057134640816453,0.9305151139926364,461.0,236.0
64490,4.67800378872617,0.8794210398767572,673.0,399.0
64491,4.970571823691989,0.7691741606846974,501.0,852.0
64493,4.778832843796171,0.952358336392248,608.0,156.0
64504,5.213608760762645,0.9008419710888492,388.0,319.0
64524,4.917241549442875,0.6063430302524824,533.0,1563.0
64534,3.2015537707136072,0.35580920295175,1986.0,2599.0
64538,1.2110333252366248,0.4811157633592417,3709.0,2114.0
64593,1.158452468686593,0.0585300316165188,3740.0,3818.0
64621,1.3677380385752893,0.0478518991779683,3605.0,3864.0
64628,3.112336831090358,0.4499662219886942,2069.0,2243.0
64632,2.538593605604761,0.3505994273470197,2629.0,2627.0
64660,2.4779855735014817,0.1954965123892568,2683.0,3295.0
64665,2.5261715389170756,0.1455383281027852,2638.0,3509.0
64669,1.3673352291115697,0.1281957027297254,3606.0,3577.0
64677,1.5744441388594432,0.1225090826844899,3474.0,3607.0
64696,3.0339158975247695,0.1410162793362028,2155.0,3531.0
64706,1.2966536336093706,0.153792297132207,3661.0,3481.0
64709,2.037401930451552,0.3474738512769245,3137.0,2639.0
64711,4.007868347774733,0.7750406845835545,1219.0,817.0
64712,3.932522493106608,0.7009867660768276,1297.0,1157.0
64717,4.330683683776634,0.8323692710079248,936.0,581.0
64731,3.5666449625133776,0.6014385147574436,1662.0,1590.0
64742,1.774125478875452,0.162388850384196,3339.0,3448.0
64746,4.10292336644408,0.782109333628791,1121.0,778.0
64755,4.052436894050377,0.7697738553048508,1166.0,850.0
64759,2.5307041006932676,0.7719904219319298,2634.0,834.0
64768,4.102869052609132,0.7830982965292314,1122.0,770.0
64798,3.051339583379971,0.4750704132846085,2140.0,2144.0
64799,1.882254201817416,0.1654944517732986,3257.0,3432.0
64808,2.915733350676595,0.4335193979459436,2281.0,2310.0
64810,1.406360967377339,0.0901516989729994,3587.0,3719.0
64814,2.025278344914038,0.2170627327618057,3145.0,3208.0
64817,1.3395633930174753,0.165043487683549,3632.0,3433.0
64839,2.793778221515375,0.2962662056339594,2398.0,2859.0
64850,4.189353296333247,0.8401222276011182,1050.0,537.0
64855,5.785079786988798,0.9766494632463456,226.0,70.0
64857,3.7776548967662023,0.7160174128016255,1432.0,1089.0
64865,3.051320473719717,0.4799555354934996,2141.0,2120.0
64872,2.0291773080072675,0.2129704665747253,3142.0,3229.0
64879,4.330658638039022,0.8261955807050397,937.0,599.0
64895,2.43945179050874,0.3030969312754352,2722.0,2824.0
64921,3.5666382812833732,0.5935470529855134,1663.0,1620.0
64925,1.8174519211908655,0.0897140992509835,3309.0,3720.0
64935,2.2916266409464376,0.3627409692051135,2871.0,2572.0
64938,2.077914079739976,0.1907392883333399,3089.0,3321.0
64945,2.1119216721665155,0.204477223183819,3046.0,3258.0
64949,3.3419067422899342,0.4940360842503876,1876.0,2057.0
64960,1.6923463855130267,0.0546246682178344,3404.0,3832.0
64963,1.637505144297995,0.1371268282342544,3436.0,3543.0
64967,2.819038555626808,0.25859989417731,2379.0,3021.0
64978,1.659610939604453,0.1672273909779179,3425.0,3421.0
64983,1.3055114798168537,0.138335025032038,3656.0,3541.0
64984,3.785824191801229,0.6196137702027735,1426.0,1497.0
64986,5.1974121837986536,0.6573090458014701,406.0,1349.0
65008,4.288167279498668,0.760541690645783,975.0,886.0
65011,3.2344226237090523,0.6767429125771944,1959.0,1252.0
65014,3.811533434440662,0.4640432370571695,1413.0,2188.0
65023,3.441749490437161,0.6587888225768046,1782.0,1336.0
65025,6.369178739229968,0.6934378172539624,107.0,1181.0
65033,4.707317170795817,0.74150141657645,655.0,964.0
65057,1.824933240891904,0.1204146469578324,3304.0,3612.0
65059,3.5514864632584224,0.5082894762856024,1676.0,1995.0
65062,0.8891336002645843,0.0382181341306232,3858.0,3896.0
65075,1.3450411837032383,0.203766220450751,3628.0,3265.0
65083,3.3234686536306226,0.6516303205345532,1892.0,1369.0
65084,3.224171158626096,0.5352086862272558,1970.0,1871.0
65102,7.275809913549652,0.8572059555544151,34.0,489.0
65105,4.150033124900126,0.2664852375472508,1082.0,2991.0
65108,1.6570644807296024,0.1967785188967772,3427.0,3292.0
65113,2.629574731695568,0.4335769005507279,2546.0,2309.0
65116,2.833761068098541,0.3529278024606075,2367.0,2618.0
65121,0.4896706608966217,0.0466361152520481,3949.0,3869.0
65125,2.149326176060715,0.1220293254127301,3005.0,3608.0
