locked_row_id,domain_index,canonical_smiles,D,true_rank_percentile,fusion_rank_percentile,member_rank_iqr,absolute_rank_error,predicted_top10,true_top10
0,0,BrC(Br)(Br)C1CO1,2.0613320526617955,77.775,79.725,3.9749999999999943,1.9499999999999886,False,False
1,3,BrC1(Br)CCO1,3.663559479647896,38.875,46.25,1.375,7.375,False,False
2,21,BrC1=CCNO1,2.749952287498566,61.150000000000006,54.2,3.46875,6.950000000000003,False,False
3,23,BrC1=CCOC=C1,1.3562628946998407,90.45,93.72500000000001,2.000000000000014,3.2750000000000057,False,False
4,40,BrC1=COOP=C1Br,0.955042679176114,95.675,90.0,1.4187500000000028,5.674999999999997,False,False
5,42,BrC1=CSCC1,1.5514473943247706,87.425,86.575,1.84375,0.8499999999999943,False,False
6,46,BrC1=NCOC1,0.9390838491891504,95.92500000000001,95.05,1.0062500000000085,0.8750000000000142,False,False
7,54,BrC1C=COCC1,2.2523282873137767,72.55,82.69999999999999,3.3125,10.149999999999991,False,False
8,71,BrC1CCOC1,1.4231307746147273,89.425,81.2,2.5562499999999915,8.224999999999994,False,False
9,91,BrC1CSC1,0.7283073685677272,97.55,96.325,3.5687500000000085,1.2249999999999943,False,False
10,111,BrCC1=COC1,2.1849516728279186,74.225,87.1,2.512500000000017,12.875,False,False
11,122,BrCC1CCOCC1,1.0368947643742217,94.95,84.65,4.7250000000000085,10.299999999999997,False,False
12,123,BrCC1CO1,2.7555920182297684,61.075,77.55,7.325000000000003,16.474999999999994,False,False
14,128,BrCC1OC1(Br)Br,1.3713378124298032,90.05,83.42500000000001,4.4624999999999915,6.624999999999986,False,False
15,131,BrCC1OCC=CCO1,2.192466846334219,74.0,54.025,9.112499999999997,19.975,False,False
16,134,BrCC1OO1,2.0989944972889987,76.575,60.050000000000004,6.231249999999996,16.525,False,False
17,147,BrCCC[C@H]1CO1,3.5918129315513307,40.8,68.65,10.693749999999994,27.85000000000001,False,False
18,149,BrCCOC1CC1,2.764727291113738,60.8,76.44999999999999,3.3499999999999943,15.649999999999991,False,False
19,152,BrCCOCBr,1.3072683960348432,91.3,81.69999999999999,6.037499999999994,9.600000000000009,False,False
20,155,BrCC[C@H]1CO1,2.604470148786796,64.64999999999999,69.125,5.981250000000003,4.4750000000000085,False,False
21,156,BrCN1C=CSC1,2.7338869439997,61.575,71.325,2.5187500000000114,9.75,False,False
22,158,BrCOCOCBr,2.522670114817592,66.07499999999999,82.55,2.581249999999997,16.47500000000001,False,False
23,175,BrP1NN=CO1,2.269212377811426,72.02499999999999,72.225,5.131249999999994,0.20000000000000284,False,False
24,176,BrP1OC=CO1,2.883983459869682,57.775,58.175,4.262500000000003,0.3999999999999986,False,False
25,178,BrP1OCCO1,3.680051118031249,38.25,38.025,5.731249999999996,0.22500000000000142,False,False
26,202,C#CC#CC(=O)C(C)O,3.983984504870082,31.1,29.599999999999998,3.1750000000000007,1.5000000000000036,False,False
27,216,C#CC#CC(=O)N1CC1,3.816029036614196,35.125,31.075000000000003,11.087500000000002,4.049999999999997,False,False
28,228,C#CC#CC(C#N)CO,2.9708358727744555,55.775,42.3,5.799999999999997,13.475000000000001,False,False
29,235,C#CC#CC(C)=O,3.327977374800323,47.199999999999996,42.425000000000004,1.9750000000000014,4.7749999999999915,False,False
30,249,C#CC#CC(CO)OC,2.071731879549048,77.375,76.02499999999999,1.7437500000000057,1.3500000000000085,False,False
31,251,C#CC#CC(N)=O,4.008960863501754,30.349999999999998,28.4,7.09375,1.9499999999999993,False,False
32,283,C#CC#CC1CC1C#N,4.278533432707063,24.45,14.799999999999999,2.4187499999999993,9.65,False,False
33,294,C#CC#CC1COC1=N,2.4322811092826493,68.325,65.725,2.9437499999999943,2.6000000000000085,False,False
34,375,C#CC#[14N],3.889954116251849,33.7,25.0,4.681249999999999,8.700000000000003,False,False
35,376,C#CC#[15N],3.889913513069274,33.75,24.9,5.449999999999999,8.850000000000001,False,False
36,379,C#CC(=C)OC,1.540982609020364,87.575,94.15,0.6937499999999943,6.575000000000003,False,False
39,414,C#CC(=N)OCC(N)=O,3.1636090564372994,50.55,47.55,2.0249999999999986,3.0,False,False
40,430,C#CC(=NCC)NC=O,4.968218731428469,12.575,39.45,6.274999999999999,26.875000000000004,False,False
41,445,C#CC(=O)C#CC1CN1,3.8923467910406377,33.575,47.025,3.637500000000003,13.449999999999996,False,False
42,452,C#CC(=O)C#CCCO,4.963888546341249,12.6,33.975,5.824999999999996,21.375,False,False
43,476,C#CC(=O)C(=O)C1CO1,1.767388269445887,83.6,87.94999999999999,3.21875,4.349999999999994,False,False
44,487,C#CC(=O)C(=O)NC=N,2.2458804114159023,72.725,65.425,8.375,7.299999999999997,False,False
46,493,C#CC(=O)C(=O)OCC,1.7438670026808314,84.025,85.125,3.981250000000003,1.0999999999999943,False,False
48,514,C#CC(=O)C(C)(O)C#N,2.9248128713335726,56.925000000000004,29.099999999999998,2.2749999999999986,27.825000000000006,False,False
49,538,C#CC(=O)C(C)N(C)C,2.968477186296131,55.900000000000006,52.25,2.3937500000000043,3.6500000000000057,False,False
50,558,C#CC(=O)C(N)=NCC,2.4757275050290253,67.125,80.4,7.856249999999989,13.275000000000006,False,False
51,571,C#CC(=O)C(O)CC#N,5.410167138312812,8.075000000000001,27.750000000000004,11.850000000000001,19.675000000000004,False,True
53,658,C#CC(=O)C1COC=N1,2.038767079838707,78.35,81.925,1.1312499999999943,3.575000000000003,False,False
54,659,C#CC(=O)C1COCO1,3.3062700293143195,47.725,61.625,4.368750000000006,13.899999999999999,False,False
55,679,C#CC(=O)C=CC,3.301195113912591,47.9,26.25,4.924999999999997,21.65,False,False
56,681,C#CC(=O)CBr,2.7071615327685277,62.275000000000006,65.075,8.237500000000011,2.799999999999997,False,False
59,742,C#CC(=O)CCCO,4.546247868502592,18.675,37.7,1.3999999999999986,19.025000000000002,False,False
60,745,C#CC(=O)CCNC=O,4.02606133040497,29.875,50.075,7.962499999999999,20.200000000000003,False,False
61,746,C#CC(=O)CCO,1.4068415290310776,89.64999999999999,62.35000000000001,4.043749999999996,27.299999999999983,False,False
62,747,C#CC(=O)CCOC,1.7654007852396711,83.65,57.62500000000001,8.643749999999997,26.025,False,False
63,753,C#CC(=O)CN(C)C=O,5.893743401517861,4.95,34.025,5.856249999999996,29.075,False,True
64,762,C#CC(=O)CNCC#N,6.116221743014342,3.5249999999999995,10.65,14.081249999999999,7.125000000000001,False,True
65,783,C#CC(=O)N(C)C,4.059562542684679,29.049999999999997,18.925,5.212499999999999,10.124999999999996,False,False
66,794,C#CC(=O)N(C)CC=O,4.346910599364441,22.975,33.650000000000006,1.8562499999999957,10.675000000000004,False,False
67,798,C#CC(=O)N(C)O,3.4090444483539613,45.375,38.95,4.618749999999999,6.424999999999997,False,False
69,840,C#CC(=O)NC(C)C#C,3.538622275531906,42.3,42.0,2.043750000000003,0.29999999999999716,False,False
70,860,C#CC(=O)NCC(N)=O,3.4427272429844606,44.425,28.299999999999997,7.662500000000001,16.125,False,False
71,863,C#CC(=O)NCC1CO1,2.3678785424858337,70.05,52.325,9.8125,17.724999999999994,False,False
72,872,C#CC(=O)NCO,3.348381886451556,46.725,35.0,2.9125000000000014,11.725000000000001,False,False
73,878,C#CC(=O)NSS,3.092899717969087,52.325,48.5,5.643750000000004,3.825000000000003,False,False
74,892,C#CC(=O)OC1(C)CC1,1.8192590623158544,82.69999999999999,93.77499999999999,3.0875000000000057,11.075000000000003,False,False
75,899,C#CC(=O)OC=N,0.6705482079511959,97.775,88.825,7.193749999999994,8.950000000000003,False,False
76,902,C#CC(=O)OCC,2.112161076005031,76.125,83.89999999999999,1.6812499999999915,7.7749999999999915,False,False
77,909,C#CC(=O)OCC1CN1,0.5329473307720045,98.5,89.625,3.5374999999999943,8.875,False,False
78,913,C#CC(=O)OCCBr,1.3380482797272526,90.925,81.525,3.924999999999997,9.399999999999991,False,False
79,916,C#CC(=O)OCCC=O,2.8081021446026733,59.75,50.4,5.781250000000007,9.350000000000001,False,False
80,947,C#CC(=O)c1ncno1,2.193613341707203,73.925,64.325,3.8562499999999957,9.599999999999994,False,False
81,949,C#CC(=O)c1nnon1,3.1998607159636436,49.675000000000004,51.275000000000006,2.450000000000003,1.6000000000000014,False,False
84,965,C#CC(C#C)C#N,3.6444625866913585,39.425,36.4,5.318750000000001,3.0249999999999986,False,False
85,999,C#CC(C#C)NCC#N,4.147115265860808,27.125,19.55,3.9250000000000007,7.574999999999999,False,False
86,1003,C#CC(C#C)OC(C)C,1.5257544030162942,87.775,96.25,0.3125,8.474999999999994,False,False
87,1020,C#CC(C#CC)C(N)=O,4.483979152885899,20.075000000000003,37.25,4.087499999999999,17.174999999999997,False,False
88,1044,C#CC(C#N)(CC)CO,3.0793055159789704,52.825,39.425,1.1499999999999986,13.400000000000006,False,False
89,1069,C#CC(C#N)C(C)OC,3.961257086154425,31.474999999999998,16.0,1.8812500000000014,15.474999999999998,False,False
90,1093,C#CC(C#N)CC,3.891538122982058,33.6,24.05,4.237500000000001,9.55,False,False
91,1094,C#CC(C#N)CC#CC,3.712002318331968,37.5,25.674999999999997,4.9687500000000036,11.825000000000003,False,False
92,1118,C#CC(C#N)COCC,3.31342873329668,47.5,23.599999999999998,7.618749999999999,23.900000000000002,False,False
93,1120,C#CC(C#N)N(C)C=O,3.5674568743630672,41.525,26.700000000000003,11.675,14.824999999999996,False,False
94,1161,C#CC(C(N)=O)C(C)O,4.439539469451334,20.849999999999998,32.9,4.6875,12.05,False,False
95,1162,C#CC(C(N)=O)C(N)=O,2.898137823662443,57.574999999999996,42.975,10.193750000000001,14.599999999999994,False,False
96,1171,C#CC(C)(C#C)C1CO1,1.4293300159142963,89.275,96.1,1.4812500000000028,6.824999999999989,False,False
100,1208,C#CC(C)(C)C(=O)C=O,1.1585069848348484,93.475,98.4,0.26249999999998863,4.925000000000011,False,False
101,1244,C#CC(C)(C)OC(N)=O,1.9057379410877024,81.05,79.4,3.4437500000000085,1.6499999999999915,False,False
102,1260,C#CC(C)(C=O)OC,1.3759284607447697,90.025,70.675,5.356250000000003,19.35000000000001,False,False
103,1311,C#CC(C)(O)C(F)(F)F,2.1091369925441183,76.275,73.15,6.75624999999998,3.125,False,False
104,1326,C#CC(C)(O)CNC=O,3.5482722953045185,42.025,36.725,2.9125000000000014,5.299999999999997,False,False
105,1360,C#CC(C)C(=O)CC,2.3676002071282554,70.075,71.025,1.5874999999999915,0.9500000000000028,False,False
106,1388,C#CC(C)C(C)=O,2.355190590267937,70.42500000000001,68.35,1.8812500000000085,2.075000000000017,False,False
107,1396,C#CC(C)C(C)OC,1.2700957842337417,91.825,90.45,1.4499999999999886,1.375,False,False
108,1397,C#CC(C)C(C)OC=N,3.94524883290285,31.874999999999996,34.475,7.049999999999997,2.600000000000005,False,False
109,1475,C#CC(C)CC(N)C#N,2.9456479208381965,56.35,36.875,3.306250000000002,19.475,False,False
110,1494,C#CC(C)CNC(C)=O,3.7092084369737575,37.574999999999996,49.6,2.456249999999997,12.025000000000006,False,False
111,1496,C#CC(C)CNC=O,3.932149073479265,32.475,38.824999999999996,3.799999999999997,6.349999999999994,False,False
112,1500,C#CC(C)COC(C)=O,2.201589100597866,73.8,94.72500000000001,1.5,20.92500000000001,False,False
113,1519,C#CC(C)N(C=O)CC,4.109590499337687,27.800000000000004,30.4,1.78125,2.5999999999999943,False,False
114,1536,C#CC(C)NC(=O)NC,3.4742216947773232,43.875,38.7,5.568750000000001,5.174999999999997,False,False
115,1541,C#CC(C)NC=O,3.5405635343935447,42.275,45.025,3.893749999999997,2.75,False,False
116,1578,C#CC(C)OCC(C)C,1.4558931012113736,88.725,96.05,1.3062500000000057,7.325000000000003,False,False
117,1587,C#CC(C)OCCC=O,2.967549589114083,55.95,57.975,3.3499999999999943,2.0249999999999986,False,False
118,1610,C#CC(C=O)C1COC1,2.9567488417232113,56.25,65.60000000000001,3.2562500000000085,9.350000000000009,False,False
119,1612,C#CC(C=O)CC#N,5.201295004784949,10.075000000000001,26.200000000000003,7.168749999999996,16.125,False,False
121,1631,C#CC(C=O)OC(C)=O,2.5418071253934564,65.675,66.75,2.0062499999999943,1.0750000000000028,False,False
122,1691,C#CC(CC)C1CO1,1.8975675067837432,81.22500000000001,92.675,1.6312500000000085,11.449999999999989,False,False
124,1744,C#CC(CCC)OCC,0.9332779270767934,96.025,98.125,0.5374999999999943,2.0999999999999943,False,False
125,1758,C#CC(CCl)OC=O,2.2934903026089373,71.7,70.0,8.17499999999999,1.7000000000000028,False,False
126,1797,C#CC(CO)NC(N)=O,2.7532133071901,61.1,51.05,5.637500000000003,10.050000000000004,False,False
127,1817,C#CC(COC)C(C)O,1.319824939742199,91.14999999999999,89.825,2.906249999999986,1.3249999999999886,False,False
130,1882,C#CC(N)C#CC(N)=O,3.3265694466500775,47.225,40.45,4.243749999999999,6.774999999999999,False,False
131,1925,C#CC(NC=O)C(C)C,3.6381327703890953,39.6,31.775,3.8625000000000043,7.825000000000003,False,False
132,1983,C#CC(O)C(=N)NC=O,3.8915168552349497,33.625,25.25,5.893749999999997,8.375,False,False
133,2025,C#CC(O)C(C)C(N)=O,3.616903045101389,40.075,27.425,5.906249999999993,12.650000000000002,False,False
134,2044,C#CC(O)C(O)C(N)=O,3.724876786713376,37.2,13.475000000000001,6.231250000000003,23.725,False,False
135,2105,C#CC(O)CC(C)=O,4.020821987200803,29.975,44.375,4.237499999999997,14.399999999999999,False,False
136,2109,C#CC(O)CC(N)=O,3.74459652538354,36.775000000000006,41.475,3.6812499999999986,4.699999999999996,False,False
137,2123,C#CC(O)CCNC=O,4.011881410901276,30.25,42.1,3.8249999999999957,11.850000000000001,False,False
138,2132,C#CC(O)CNC(N)=O,2.776097951915855,60.475,36.15,7.893749999999997,24.325000000000003,False,False
139,2146,C#CC(O)COCC=O,3.8526056584977297,34.449999999999996,63.425,5.893750000000004,28.975,False,False
140,2231,C#CC1(C#C)COC1=N,2.2589422265957992,72.35000000000001,84.325,2.8500000000000085,11.974999999999994,False,False
141,2232,C#CC1(C#C)COC1=O,3.846198608311855,34.625,40.725,3.706249999999997,6.100000000000001,False,False
142,2249,C#CC1(C#CC#N)CN1,6.109420192151688,3.55,4.3999999999999995,1.9187500000000002,0.8499999999999996,True,True
143,2260,C#CC1(C#N)C(C)N1C,5.448649119703582,7.85,27.775,4.212499999999999,19.924999999999997,False,True
144,2278,C#CC1(C#N)CC1C,4.553520381743616,18.55,11.125,2.8437499999999982,7.425000000000001,False,False
145,2283,C#CC1(C#N)CC1N,4.367604171789597,22.6,8.0,2.0,14.600000000000001,True,False
146,2360,C#CC1(C(C)=O)CC1,2.191001314352493,74.05000000000001,68.75,1.5,5.300000000000011,False,False
147,2371,C#CC1(C(C)C#N)CC1,4.288484280691898,24.349999999999998,33.175,3.2562500000000014,8.825,False,False
148,2432,C#CC1(C)C=CCCO1,1.3648483419403754,90.225,93.8,1.1562500000000142,3.575000000000003,False,False
149,2444,C#CC1(C)CC(=O)N1C,3.922448620156887,32.7,31.874999999999996,4.331249999999997,0.8250000000000064,False,False
150,2456,C#CC1(C)CC(O)C1=O,2.404956355440404,69.15,74.95,1.5187499999999972,5.799999999999997,False,False
151,2575,C#CC1(C)OC1C(C)C,2.0936362667173043,76.725,85.05,1.6624999999999943,8.325000000000003,False,False
152,2599,C#CC1(C)OCC1O,2.5821214127072296,65.125,91.025,2.575000000000017,25.900000000000006,False,False
153,2662,C#CC1(CC(N)=O)CC1,3.435817453011029,44.75,34.525,2.956249999999997,10.225000000000001,False,False
154,2785,C#CC1(N)C(C)C1C#N,3.120819240679602,51.55,20.05,3.224999999999998,31.499999999999996,False,False
155,2788,C#CC1(N)C=CNC1=O,3.060673703499236,53.27499999999999,49.425000000000004,8.193749999999994,3.849999999999987,False,False
156,2849,C#CC1(O)CC1NC=O,4.29285948143508,24.25,26.0,8.406250000000004,1.75,False,False
157,2854,C#CC1(O)CC=CC1=O,3.167856915576966,50.4,45.675,3.65625,4.725000000000001,False,False
158,2863,C#CC1(O)CCOC1=N,2.7475296832136067,61.199999999999996,64.275,4.387499999999996,3.07500000000001,False,False
159,2923,C#CC1(OC)CCOC1,1.692862837855371,85.075,85.39999999999999,0.8750000000000142,0.32499999999998863,False,False
160,2932,C#CC1(OC=N)CC1,3.619229914630533,39.975,55.50000000000001,3.4125000000000014,15.525000000000006,False,False
161,2952,C#CC1(OCCC)CC1,1.081547464883005,94.3,98.875,1.0562500000000057,4.575000000000003,False,False
162,2953,C#CC1(OCCO)CC1,1.954956457364168,80.15,87.45,2.9750000000000085,7.299999999999997,False,False
163,2976,C#CC1=C(N)COC1=O,7.60943905947381,0.42500000000000004,0.17500000000000002,0.29374999999999996,0.25,True,True
164,2985,C#CC1=CC(=O)C(=O)N1,6.698970253061231,1.525,1.0250000000000001,0.4374999999999999,0.4999999999999998,True,True
165,2993,C#CC1=CC(=O)CCN1,5.440910529238522,7.875,4.25,0.5187500000000007,3.625,True,True
166,3103,C#CC1=CS1,2.1791044417096805,74.35000000000001,78.475,2.1812500000000057,4.124999999999986,False,False
167,3140,C#CC1=NNC(C)S1,2.4330602966639603,68.25,79.475,3.831249999999997,11.224999999999994,False,False
168,3142,C#CC1C(=N)OC1(C)C,3.1016765178982872,52.1,50.2,2.66875000000001,1.8999999999999986,False,False
170,3146,C#CC1C(=N)OC1CC,2.844391019459639,58.9,60.9,3.418750000000003,2.0,False,False
171,3363,C#CC1CC(=N)N1C=O,4.669904491628242,16.900000000000002,18.75,3.7875000000000014,1.8499999999999979,False,False
172,3371,C#CC1CC(=NO)CO1,1.2015354862935832,92.95,95.35,0.21250000000000568,2.3999999999999915,False,False
173,3372,C#CC1CC(=O)C(=N)N1,4.098262399464989,28.199999999999996,10.674999999999999,1.9937499999999986,17.525,False,False
174,3390,C#CC1CC(=O)C1O,2.062924305685883,77.64999999999999,71.45,2.5875000000000057,6.199999999999989,False,False
175,3421,C#CC1CC(C#N)C1,3.7254587726609,37.175000000000004,32.05,4.90625,5.125000000000007,False,False
176,3516,C#CC1CC1(C)C#N,3.903259154060072,33.324999999999996,30.15,7.462500000000002,3.174999999999997,False,False
177,3554,C#CC1CC1CC(N)=O,4.171485223354061,26.575,25.6,3.4750000000000014,0.9749999999999979,False,False
178,3568,C#CC1CC1OC(C)=N,2.3283973406881513,71.025,81.89999999999999,1.8187500000000085,10.874999999999986,False,False
179,3611,C#CC1CCC(=O)OC1,4.385031445892017,22.2,13.55,3.693749999999996,8.649999999999999,False,False
180,3616,C#CC1CCC(C#N)O1,4.4305103326411555,21.05,9.8,1.4125000000000014,11.25,True,False
181,3642,C#CC1CCC1OC=O,4.511253216575447,19.425,15.625,2.7062500000000007,3.8000000000000007,False,False
182,3655,C#CC1CCCCC1=O,3.181576966136382,50.0,46.45,1.0437500000000028,3.549999999999997,False,False
183,3721,C#CC1CN(C(C)=O)C1,3.8416309507843143,34.65,24.15,5.974999999999998,10.5,False,False
184,3757,C#CC1CN=C(C)OC1,1.3209760021608044,91.125,92.35,0.8499999999999943,1.2249999999999943,False,False
185,3820,C#CC1COC(=S)C1,4.328984836024019,23.474999999999998,10.475,1.487499999999999,12.999999999999998,False,False
186,3920,C#CC1CSC(=O)S1,4.40862442891286,21.525,8.6,2.0375000000000014,12.924999999999999,True,False
187,3931,C#CC1N=CN(C)C1=O,3.26846133859947,48.525,57.425000000000004,2.387500000000003,8.900000000000006,False,False
188,3945,C#CC1N=COCC1C,2.5298998813363296,65.925,71.8,2.250000000000014,5.875,False,False
189,3950,C#CC1NC(=N)OC1C,3.788360205387987,35.575,35.575,5.006250000000001,0.0,False,False
190,4023,C#CC1NCC1(C)C#N,3.1112122369916264,51.775000000000006,25.424999999999997,7.268749999999997,26.35000000000001,False,False
191,4024,C#CC1NCC1(N)C#N,3.619859670033505,39.95,31.85,11.225000000000001,8.100000000000001,False,False
192,4029,C#CC1NCC1OC=O,5.22943475008688,9.425,15.25,5.731249999999996,5.824999999999999,False,True
193,4056,C#CC1OC(=N)CC1C,3.3226932596705168,47.349999999999994,48.9,1.9312499999999986,1.5500000000000043,False,False
194,4100,C#CC1OC(C)C1(C)O,2.596131307203192,64.775,80.575,2.5875000000000057,15.799999999999997,False,False
195,4112,C#CC1OC(C)CC1=O,2.466743732947678,67.35,75.375,2.09375,8.025000000000006,False,False
196,4206,C#CC1OC1CCl,0.356986420332577,99.25,87.825,6.15625,11.424999999999997,False,False
197,4211,C#CC1OC1COC=O,5.385004013421203,8.325000000000001,17.724999999999998,13.01875,9.399999999999997,False,True
198,4293,C#CC1OCCC(C)O1,2.279497528909467,71.925,83.45,2.8874999999999886,11.525000000000006,False,False
199,4364,C#CCC#CCC(C)=O,2.6171174226958627,64.17500000000001,68.45,1.90625,4.2749999999999915,False,False
200,4375,C#CCC#N,3.710036370671552,37.55,29.349999999999998,5.093750000000007,8.2,False,False
201,4376,C#CCC(=C)C#N,3.664690381779058,38.85,36.7,6.993749999999999,2.1499999999999986,False,False
202,4398,C#CCC(=O)C(=O)CO,1.6179149948449074,86.275,95.0,1.3562499999999886,8.724999999999994,False,False
203,4415,C#CCC(=O)C(N)=O,1.619598622357381,86.225,91.45,0.9562499999999972,5.2250000000000085,False,False
204,4421,C#CCC(=O)C(O)O,2.5639360981266233,65.45,77.825,2.4312500000000057,12.375,False,False
205,4430,C#CCC(=O)C1CCO1,1.8630239903720431,81.77499999999999,70.775,3.7562500000000014,10.999999999999986,False,False
206,4443,C#CCC(=O)CC(C)=O,2.092143316277575,76.775,86.125,5.4375,9.349999999999994,False,False
207,4466,C#CCC(=O)N1CCC1,4.228583734489057,25.224999999999998,20.549999999999997,5.693749999999998,4.675000000000001,False,False
209,4477,C#CCC(=O)NCC#N,4.099666366088916,28.15,31.574999999999996,4.918750000000003,3.424999999999997,False,False
210,4478,C#CCC(=O)NCC=O,3.668404679622049,38.675,37.025000000000006,4.818750000000001,1.6499999999999915,False,False
211,4479,C#CCC(=O)NCCC,3.353864440421724,46.550000000000004,42.35,3.9562500000000043,4.200000000000003,False,False
212,4484,C#CCC(=O)OC(C)C,1.9150184654696865,80.975,80.55,3.875000000000014,0.42499999999999716,False,False
213,4485,C#CCC(=O)OC1CC1,1.7925587044532687,83.075,76.1,4.668750000000003,6.9750000000000085,False,False
214,4497,C#CCC(C#C)C(N)=O,3.5909778807352555,40.849999999999994,40.975,5.387499999999996,0.1250000000000071,False,False
215,4565,C#CCC(C)C#N,3.610678551188616,40.25,30.349999999999998,5.268749999999997,9.900000000000002,False,False
216,4585,C#CCC(C)CC#N,3.685222781672852,38.2,35.8,5.9999999999999964,2.4000000000000057,False,False
217,4586,C#CCC(C)CC(C)=O,2.99977404516438,54.900000000000006,66.825,3.043750000000003,11.924999999999997,False,False
218,4595,C#CCC(C)N(C)C=O,4.370302134332643,22.55,23.875,5.024999999999999,1.3249999999999993,False,False
219,4599,C#CCC(C)NC=O,3.625435126177029,39.800000000000004,38.800000000000004,4.224999999999994,1.0,False,False
220,4616,C#CCC(C=O)C(N)=O,1.363041453363134,90.3,76.225,5.393749999999997,14.075000000000003,False,False
221,4638,C#CCC(CCC)OC,1.0720538966066429,94.45,97.125,0.5250000000000199,2.674999999999997,False,False
222,4641,C#CCC(CO)C(N)=O,4.392829169168219,22.05,41.099999999999994,2.299999999999997,19.049999999999994,False,False
223,4658,C#CCC(F)CF,0.4709282042156618,98.825,84.575,3.8999999999999915,14.25,False,False
224,4682,C#CCC(O)C(=O)C=O,1.7179909024374966,84.6,87.85,1.7125000000000057,3.25,False,False
225,4700,C#CCC(O)CC#N,4.957508522790444,12.725,24.825,8.293750000000003,12.1,False,False
226,4706,C#CCC(O)CNC=O,3.376824849439077,46.2,43.875,8.212499999999999,2.325000000000003,False,False
227,4716,C#CCC(OC)C1CN1,2.1721532672766455,74.52499999999999,82.95,2.3999999999999915,8.425000000000011,False,False
228,4791,C#CCC1(CCO)CO1,1.3133196051291678,91.225,88.6,5.8812500000000085,2.625,False,False
229,4811,C#CCC1(OC)CC1,1.6655558037913227,85.45,95.95,0.7374999999999972,10.5,False,False
230,4827,C#CCC1=CCCOC1,1.7651626852760542,83.675,91.07499999999999,1.4000000000000057,7.3999999999999915,False,False
231,4861,C#CCC1C=CCCO1,2.065232830655485,77.55,88.8,0.6875,11.25,False,False
232,4945,C#CCC1COC(=O)C1,4.459707119905409,20.549999999999997,12.35,1.206249999999999,8.199999999999998,False,False
233,5027,C#CCC1OCC1C=O,1.2229304212984764,92.55,81.85,4.693749999999994,10.700000000000003,False,False
234,5056,C#CCCC(=O)C(C)C,2.585077851565992,65.025,66.10000000000001,2.4187499999999957,1.0750000000000028,False,False
235,5073,C#CCCC(=O)OC,1.8634074027471583,81.75,91.625,1.7624999999999886,9.875,False,False
236,5078,C#CCCC(C#N)C=O,2.2636361273862295,72.2,48.35,3.2437499999999986,23.85,False,False
237,5121,C#CCCC1(O)COC1,1.1524699635080005,93.7,89.325,2.2687500000000114,4.375,False,False
238,5136,C#CCCC1CCOC1,1.5201483945777672,87.9,94.475,0.9312499999999915,6.574999999999989,False,False
239,5168,C#CCCCC(C)C#N,3.519783909779936,42.75,31.324999999999996,7.643749999999997,11.425000000000004,False,False
240,5177,C#CCCCC1COC1,1.6797281601219678,85.275,82.65,2.262500000000003,2.625,False,False
241,5199,C#CCCCOC1CC1,1.6405668895550862,85.85000000000001,92.30000000000001,1.28125,6.450000000000003,False,False
242,5231,C#CCCNC(=O)CC,3.7913638859743974,35.525,30.5,5.318750000000001,5.024999999999999,False,False
243,5247,C#CCCOC(=O)CO,3.518028660611196,42.8,64.47500000000001,2.450000000000003,21.67500000000001,False,False
244,5287,C#CCCOCCCO,2.6781263976780583,62.775000000000006,84.22500000000001,4.999999999999986,21.450000000000003,False,False
245,5293,C#CCF,1.9587218453263309,80.0,82.425,1.9749999999999943,2.424999999999997,False,False
247,5323,C#CCN(C=O)C=O,5.8980137531349,4.9,28.225,13.787499999999998,23.325000000000003,False,True
248,5336,C#CCN(S)C(=O)O,2.401836936576868,69.22500000000001,89.0,4.081249999999983,19.77499999999999,False,False
249,5362,C#CCN=C(C)NC=O,1.4102192877687016,89.55,58.699999999999996,1.9312499999999986,30.85,False,False
250,5391,C#CCN=COC(C)C,3.000722740244084,54.85,67.05,1.1687500000000028,12.199999999999996,False,False
251,5401,C#CCN=NC(N)=O,4.396129023857638,21.95,49.8,6.174999999999997,27.849999999999998,False,False
252,5404,C#CCNC(=N)C(C)=O,2.0200373501724727,78.675,85.425,7.125000000000014,6.75,False,False
254,5420,C#CCNC(=O)CC,3.386224420736028,46.050000000000004,49.475,3.237499999999997,3.424999999999997,False,False
255,5425,C#CCNC(=O)CCO,2.1028321466376703,76.47500000000001,56.599999999999994,3.0,19.875000000000014,False,False
256,5434,C#CCNC(=O)NC=N,2.386833139264391,69.625,45.425,4.299999999999997,24.200000000000003,False,False
258,5452,C#CCNC(C)=O,3.528095467380993,42.575,45.475,1.15625,2.8999999999999986,False,False
259,5476,C#CCNCC(O)C#N,5.530338965508287,7.225,16.05,3.6499999999999986,8.825000000000001,False,True
260,5483,C#CCOC#N,4.791800667016292,14.924999999999999,9.375,2.1374999999999993,5.549999999999999,True,False
263,5523,C#CCOC(=O)CP=O,2.5387247264263393,65.7,37.55,4.2124999999999915,28.150000000000006,False,False
264,5524,C#CCOC(=O)CS,2.3946100119301525,69.35,87.15,3.562499999999986,17.80000000000001,False,False
265,5537,C#CCOC(=S)Cl,2.6738435423524023,62.9,53.825,3.762500000000003,9.074999999999996,False,False
266,5538,C#CCOC(=S)NN,3.160182113597228,50.675000000000004,62.475,7.112500000000004,11.799999999999997,False,False
267,5630,C#CCOC1CCCC1,1.5694589367025296,86.925,93.175,1.1437500000000114,6.25,False,False
268,5639,C#CCOC1COC1C,2.2569222315424207,72.475,78.525,1.2937500000000028,6.050000000000011,False,False
269,5665,C#CCOCC(=O)Cl,2.493251205147997,66.77499999999999,49.975,3.6499999999999986,16.79999999999999,False,False
271,5681,C#CCOCC(N)=O,3.4110628653026613,45.25,49.725,2.906250000000014,4.475000000000001,False,False
272,5683,C#CCOCC(O)C#C,0.8332144026386418,96.825,72.75,2.8874999999999886,24.075000000000003,False,False
273,5729,C#CCOCN=C=S,2.6982708493736287,62.425,51.525,3.8062499999999986,10.899999999999999,False,False
274,5736,C#CCONC=O,3.923318036714664,32.675,22.5,5.650000000000006,10.174999999999997,False,False
276,5738,C#CCOOC(N)=O,2.7403888262004066,61.375,60.02499999999999,3.0687500000000014,1.3500000000000085,False,False
277,5740,C#CCOP(=O)(F)Br,2.7564789610150315,61.050000000000004,35.699999999999996,4.731249999999996,25.35000000000001,False,False
278,5745,C#CCOP(=O)(OC)OC,3.669074461863727,38.6,66.45,6.299999999999997,27.85,False,False
279,5749,C#CCOS(=O)(=O)C(F)(F)F,3.305904221844155,47.75,44.3,3.7562500000000014,3.450000000000003,False,False
280,5750,C#CCOS(=O)(=O)OC,4.2287245024537246,25.2,35.125,5.825000000000003,9.925,False,False
281,5752,C#CCO[11CH3],1.2723964150215608,91.77499999999999,94.925,1.2374999999999972,3.1500000000000057,False,False
282,5757,C#CCOc1cc[nH]c1,2.958252994928563,56.2,66.55,5.556250000000006,10.349999999999994,False,False
283,5775,C#CCOc1ncc[nH]1,2.0621918664097896,77.725,79.27499999999999,1.8374999999999915,1.5499999999999972,False,False
284,5785,C#CCS(=O)CC#C,3.549264999745392,41.949999999999996,38.25,4.306249999999999,3.6999999999999957,False,False
285,5789,C#CCS(N)(=O)=O,3.4505591262707203,44.224999999999994,36.0,6.493749999999999,8.224999999999994,False,False
287,5814,C#CCSP(=O)(Cl)Cl,2.687033459075208,62.6,43.325,5.531250000000007,19.275,False,False
288,5828,C#CN1CCC1=O,3.90637019932642,33.175,24.224999999999998,3.0812500000000007,8.95,False,False
289,5878,C#COC(C)=S,1.643173993927768,85.8,64.5,3.5687499999999943,21.299999999999997,False,False
290,5880,C#COC(F)(F)CF,1.8960454714342332,81.25,88.25,2.9499999999999886,7.0,False,False
291,5887,C#COC=C,1.4853386687999397,88.3,94.025,0.9562500000000114,5.7250000000000085,False,False
292,5913,C#CO[SiH2]C#C,2.2594634306188515,72.32499999999999,84.75,1.1062500000000028,12.425000000000011,False,False
293,5914,C#CO[SiH3],2.011957055470015,78.825,92.125,0.9062500000000142,13.299999999999997,False,False
294,5923,C#CS(=O)C#CC,4.333728242996219,23.325000000000003,12.825000000000001,4.862500000000001,10.500000000000002,False,False
295,5947,C#CSCCSC#C,0.0001684244839298,99.925,95.3,2.206249999999997,4.625,False,False
296,5956,C#C[11C](C)=O,3.1412394716545124,51.075,49.15,1.9812499999999957,1.9250000000000043,False,False
297,5957,C#C[13C]#N,3.889929118957006,33.725,24.95,3.331249999999997,8.775000000000002,False,False
298,5966,C#C[SiH2]O[SiH3],0.7844506645878909,97.125,98.475,0.6625000000000085,1.3499999999999943,False,False
299,5980,C#Cc1c[nH]nc1C#N,6.459767761455442,2.3,0.6,0.1812499999999999,1.6999999999999997,True,True
301,6055,C#Cc1nccnc1F,1.4252771951591574,89.325,94.1,1.0750000000000028,4.7749999999999915,False,False
303,6079,C#[13C][13C]#N,3.889909272089593,33.775,25.374999999999996,5.481249999999996,8.400000000000002,False,False
304,6085,C#[N+][N-]C,2.040592731876755,78.25,86.5,4.46875,8.25,False,False
305,6086,C#[N+][N-]N,1.4714579781127268,88.52499999999999,85.575,7.493750000000006,2.9499999999999886,False,False
306,6093,C#[Si]O[SiH2]C,2.6395750811482244,63.275000000000006,69.0,8.968749999999986,5.724999999999994,False,False
307,6116,C/C=C1/OC(=O)C(O)=C1C,4.115617138623247,27.725,3.025,0.9187499999999997,24.700000000000003,True,False
308,6121,C/C=C\C(COCS(=O)(=O)O)SO,4.978805041426134,12.425,36.625,13.881250000000001,24.2,False,False
309,6183,C1=CC=POC=C1,1.971345698525607,79.65,80.80000000000001,3.7875000000000085,1.1500000000000057,False,False
310,6200,C1=CCOC=1,3.95023243608238,31.8,53.800000000000004,6.637500000000003,22.000000000000004,False,False
311,6202,C1=CCOC=NC1,2.164625566080095,74.675,78.05,2.5062499999999943,3.375,False,False
312,6223,C1=CCONC1,2.8010378771099433,59.824999999999996,80.125,3.081249999999997,20.300000000000004,False,False
313,6226,C1=CCOP=C1,1.9007620820347888,81.15,88.64999999999999,1.7312500000000028,7.499999999999986,False,False
314,6229,C1=CCSC=C1,1.0347512124525209,95.0,95.42500000000001,0.9624999999999773,0.42500000000001137,False,False
315,6240,C1=CN=CSC=1,1.3257924007003166,91.05,95.92500000000001,2.593749999999986,4.875000000000014,False,False
316,6258,C1=CNSOC1,1.977965808881768,79.57499999999999,83.775,4.462500000000006,4.200000000000017,False,False
317,6262,C1=COC=CC1,1.0056570298149308,95.22500000000001,97.0,0.5499999999999972,1.7749999999999915,False,False
318,6280,C1=COCCC1,1.4517275265766618,88.825,92.375,1.3499999999999943,3.549999999999997,False,False
320,6319,C1=CONP=N1,2.265630090173808,72.125,88.47500000000001,3.91249999999998,16.35000000000001,False,False
321,6327,C1=COON=C1,4.604713575882245,17.724999999999998,24.45,5.4375000000000036,6.725000000000001,False,False
322,6342,C1=COPN1,1.612987209422491,86.375,73.625,2.418750000000017,12.75,False,False
323,6345,C1=COSC1,2.327469800956992,71.05,71.7,7.168750000000003,0.6500000000000057,False,False
324,6355,C1=COSOC1,2.4268091044471967,68.55,71.575,1.7812500000000142,3.0250000000000057,False,False
325,6368,C1=CPOC1,2.4224694537177234,68.75,79.175,2.1624999999999943,10.424999999999997,False,False
326,6369,C1=CPON=C1,3.783469280388049,35.675000000000004,25.874999999999996,4.6562500000000036,9.800000000000008,False,False
327,6385,C1=CSC=CSC1,1.1176292760618594,94.0,96.675,1.4187500000000028,2.674999999999997,False,False
328,6391,C1=CSCC=N1,1.6047300080112337,86.425,95.75,0.7874999999999943,9.325000000000003,False,False
329,6401,C1=CSCNN1,2.4547384541154735,67.65,87.7,3.9625000000000057,20.049999999999997,False,False
330,6402,C1=CSCNO1,0.763948958090002,97.25,96.15,1.3437499999999858,1.0999999999999943,False,False
331,6409,C1=CSCSC=C1,1.3431475370057548,90.725,94.27499999999999,1.1749999999999972,3.549999999999997,False,False
332,6425,C1=CSOO1,2.9803535338165923,55.425000000000004,43.2,2.7749999999999986,12.225000000000001,False,False
333,6433,C1=C[SiH2]OC1,1.846575927868869,82.19999999999999,95.475,1.0187499999999972,13.275000000000006,False,False
334,6454,C1=NCCON1,1.3076312823583278,91.27499999999999,92.5,3.200000000000003,1.2250000000000085,False,False
335,6466,C1=NCOC=[SiH]1,1.1928857467417482,93.075,76.25,5.549999999999997,16.825000000000003,False,False
336,6468,C1=NCOCO1,1.4859630118043752,88.275,93.575,1.706249999999983,5.299999999999997,False,False
337,6479,C1=NCOS1,1.1440325477173594,93.825,97.85000000000001,2.9124999999999943,4.025000000000006,False,False
338,6481,C1=NCS1,0.8914730293177834,96.375,98.1,0.35625000000001705,1.7249999999999943,False,False
339,6486,C1=NCSO1,0.8132939575657961,96.975,97.275,2.237499999999997,0.30000000000001137,False,False
340,6507,C1=NNOC1,2.049276973606537,78.025,72.0,1.393749999999983,6.025000000000006,False,False
341,6510,C1=NNOO1,3.418480568591862,45.15,72.35000000000001,4.512499999999989,27.20000000000001,False,False
342,6529,C1=NONS1,3.129095831201548,51.324999999999996,59.599999999999994,5.950000000000003,8.274999999999999,False,False
343,6533,C1=NOOO1,2.6211777501052604,63.975,57.675,2.137500000000003,6.300000000000004,False,False
344,6539,C1=NOSO1,1.9702464525734389,79.725,88.225,2.075000000000003,8.5,False,False
345,6546,C1=NSCCS1,2.915542715102275,57.05,64.25,1.5187500000000114,7.200000000000003,False,False
346,6548,C1=NSCS1,2.016955742612506,78.75,85.32499999999999,5.418750000000003,6.574999999999989,False,False
347,6554,C1=PCCO1,1.6164270103082532,86.3,92.025,0.8687500000000057,5.7250000000000085,False,False
348,6559,C1=POC1,1.991065111868339,79.2,74.4,4.0625,4.799999999999997,False,False
349,6571,C1=[SiH]CO1,0.8537847205003127,96.7,83.575,1.2812499999999858,13.125,False,False
350,6611,C1CONON1,3.102601602020903,52.075,52.2,4.431249999999999,0.125,False,False
351,6618,C1COOOC1,4.01488478663786,30.125,22.8,3.5937499999999964,7.324999999999999,False,False
352,6620,C1COOOOO1,3.553112913899388,41.825,43.225,6.068749999999994,1.3999999999999986,False,False
353,6625,C1COP=N1,1.8624969780545593,81.85,78.4,3.7562500000000227,3.4499999999999886,False,False
354,6627,C1COPO1,2.312004328591066,71.45,78.975,1.8249999999999886,7.5249999999999915,False,False
355,6628,C1COPOC1,3.0450672474520633,53.625,65.55,3.549999999999997,11.924999999999997,False,False
356,6632,C1COSN1,2.429212537487979,68.425,64.85,6.206250000000011,3.575000000000003,False,False
357,6643,C1CPO1,2.447269308109359,67.9,67.95,3.1812500000000057,0.04999999999999716,False,False
358,6657,C1CSCSC1,2.2101411134555633,73.5,82.575,1.6000000000000085,9.075000000000003,False,False
359,6660,C1CSO1,2.9089601341698175,57.3,59.4,3.15625,2.1000000000000014,False,False
360,6665,C1CSOP1,3.4052617277185737,45.6,40.575,4.21875,5.024999999999999,False,False
361,6671,C1CSSCCS1,1.5671648862519616,87.02499999999999,91.475,1.2812499999999858,4.450000000000003,False,False
362,6675,C1CSSSCS1,2.7869040028396466,60.224999999999994,77.7,3.981250000000003,17.47500000000001,False,False
363,6678,C1N=NCO1,1.448548727088632,88.94999999999999,87.075,0.9625000000000057,1.8749999999999858,False,False
364,6682,C1N=NO1,2.9784321250009813,55.525000000000006,58.074999999999996,1.4000000000000057,2.54999999999999,False,False
365,6694,C1NCSO1,2.2372625494014753,73.0,63.375,4.693750000000001,9.625,False,False
366,6707,C1NOO1,2.871628843936604,58.12500000000001,53.37499999999999,1.5999999999999943,4.750000000000014,False,False
367,6712,C1NOSS1,2.447958309643376,67.85,71.22500000000001,2.7437500000000057,3.375000000000014,False,False
369,6735,C1ON=NP1,3.3121854835159534,47.55,47.099999999999994,2.7687500000000043,0.45000000000000284,False,False
370,6739,C1ONP1,1.835791880328489,82.425,82.92500000000001,3.6499999999999915,0.5000000000000142,False,False
371,6740,C1ONSP1,1.712407685545433,84.65,76.95,3.606250000000003,7.700000000000003,False,False
372,6748,C1OOOOO1,2.4450685348753636,67.975,67.15,9.125,0.8249999999999886,False,False
373,6752,C1OOOS1,3.0610513704333986,53.225,50.449999999999996,6.006249999999994,2.7750000000000057,False,False
374,6753,C1OOP1,3.1448156726050587,51.025,46.425,3.331249999999997,4.600000000000001,False,False
375,6757,C1OS1,2.16989213492345,74.6,76.075,3.456249999999997,1.4750000000000085,False,False
376,6764,C1OSS1,1.441984101433489,89.05,91.75,1.0375000000000085,2.700000000000003,False,False
377,6786,C=C(Br)C(C)=O,1.2318828670337307,92.4,66.5,12.956249999999997,25.900000000000006,False,False
378,6798,C=C(Br)CCC#N,3.617842737127849,40.025,19.375,6.975000000000001,20.65,False,False
379,6806,C=C(Br)CSC#N,3.48904219380756,43.475,29.025000000000002,6.743749999999999,14.45,False,False
380,6812,C=C(Br)S(=O)(=O)CC,4.078282368598779,28.575,20.674999999999997,10.374999999999998,7.900000000000002,False,False
381,6818,C=C(C#N)C(C)=O,1.253741078574248,92.125,77.64999999999999,9.25,14.475000000000009,False,False
382,6853,C=C(C#N)OC,5.021436381685159,11.899999999999999,30.049999999999997,8.674999999999997,18.15,False,False
383,6857,C=C(C#N)OO,2.430084038058482,68.4,41.449999999999996,3.25,26.95000000000001,False,False
384,6868,C=C(C)C#CC#N,5.300306183666908,9.15,3.45,0.8812499999999996,5.7,True,True
385,6872,C=C(C)C(=O)C=O,1.8412537043576815,82.35,80.475,1.7750000000000057,1.875,False,False
386,6877,C=C(C)C(=O)NC(=O)O,5.096391516247666,11.15,7.5249999999999995,2.0562499999999986,3.625000000000001,True,False
387,6886,C=C(C)C(=O)OC(C)O,2.171063630807407,74.55000000000001,69.675,3.0562499999999915,4.875000000000014,False,False
388,6903,C=C(C)C1CC(=O)C(C)=C(O)C1,5.214294266882166,9.675,19.05,4.24375,9.375,False,True
389,6904,C=C(C)C1CC(=O)OC1=O,5.065112909881495,11.475,5.525,1.9937500000000004,5.949999999999999,True,False
390,6910,C=C(C)CC#N,3.846774157485173,34.599999999999994,22.975,4.28125,11.624999999999993,False,False
391,6925,C=C(C)OC(=S)Cl,2.8152529094420102,59.550000000000004,42.675000000000004,5.40625,16.875,False,False
392,6937,C=C(C)[SiH2]O[SiH3],0.4550779320211269,98.925,98.02499999999999,0.4687500000000142,0.9000000000000057,False,False
393,6939,C=C(C=C=O)OC,1.7708753322836102,83.55,71.05,7.343749999999986,12.5,False,False
394,6941,C=C(C=O)C(F)(F)F,4.494726064621623,19.8,47.3,6.637500000000003,27.499999999999996,False,False
395,6952,C=C(CBr)C(=O)OC,2.115564532483801,75.925,75.47500000000001,3.424999999999997,0.44999999999998863,False,False
396,6956,C=C(CBr)OC,2.337519105422468,70.775,66.85,5.306250000000006,3.9250000000000114,False,False
398,6971,C=C(CF)C(N)=O,3.668958085452267,38.625,52.75,6.575000000000003,14.125,False,False
399,6979,C=C(Cl)C(=O)F,2.7377988434157476,61.45,55.925000000000004,2.9187499999999957,5.524999999999999,False,False
402,7024,C=C(F)C(=C)C#N,2.328881544733942,71.0,68.175,3.0999999999999943,2.825000000000003,False,False
403,7074,C=C(F)CCl,2.638145457499753,63.324999999999996,93.25,5.25,29.925000000000004,False,False
404,7107,C=C(F)OS(=O)O,0.6000542443062868,98.275,72.6,1.625,25.67500000000001,False,False
406,7157,C=C(O)OCCO,2.4459463777302455,67.95,85.7,3.46875,17.75,False,False
407,7160,C=C(O)O[SiH3],1.467469221414854,88.625,96.55,1.643749999999983,7.924999999999997,False,False
408,7161,C=C(O)SC,2.164635074195646,74.65,86.675,3.03125,12.024999999999991,False,False
409,7164,C=C(OC)C(=O)Cl,2.8336300828493672,59.199999999999996,32.074999999999996,6.518750000000004,27.125,False,False
410,7170,C=C(OO)C(=O)OC,2.104019249486506,76.425,75.075,5.856250000000003,1.3499999999999943,False,False
413,7185,C=C(S)SC(=C)S,2.615842836749988,64.2,94.875,2.268749999999997,30.674999999999997,False,False
414,7186,C=C(S)SC(N)=S,3.3998031987015356,45.85,38.15,10.65625,7.700000000000003,False,False
415,7187,C=C(SC)C(=O)O,2.8124302668590726,59.650000000000006,93.15,3.9312499999999915,33.5,False,False
416,7195,C=C1C(=O)C=C1O,4.583319676601233,18.075,20.95,8.893749999999994,2.875,False,False
417,7249,C=C1CC(C#N)C1,3.952050768664318,31.724999999999998,22.375,4.462500000000002,9.349999999999998,False,False
418,7250,C=C1CC(C(=O)O)C(=O)OC1=O,5.526792770673598,7.3,9.85,3.2125000000000004,2.55,True,True
419,7269,C=C1CCO1,2.382930967089008,69.75,77.5,3.7750000000000057,7.75,False,False
420,7285,C=C1CNC1=O,4.125020526272934,27.55,19.475,6.556250000000002,8.075,False,False
421,7312,C=C1CS/C(=C/CCC)S1=O,3.687219261642497,38.175,43.55,5.512500000000003,5.375,False,False
422,7320,C=C1CSC(=S)C1,4.107747406755961,27.875,13.125,4.731250000000003,14.75,False,False
423,7332,C=C1N=CC(=O)N1,2.8555643122076924,58.575,55.400000000000006,5.456250000000004,3.174999999999997,False,False
424,7334,C=C1N=CC=CO1,2.792325510042088,60.0,67.925,4.050000000000011,7.924999999999997,False,False
425,7378,C=C1OC(=O)NS1,3.547081263062186,42.1,44.725,2.174999999999997,2.625,False,False
426,7388,C=C1OC1OC,2.27700528481239,71.95,84.55,2.3125,12.599999999999994,False,False
428,7406,C=C1ON=C(C)S1,2.7757409574295937,60.5,75.325,2.3687500000000057,14.825000000000003,False,False
429,7413,C=C1S(=O)CCS1=O,3.3535150878787694,46.6,47.425,24.412499999999998,0.8249999999999957,False,False
430,7422,C=C1SCNC1=O,3.4408717823801,44.6,46.75,2.9312499999999915,2.1499999999999986,False,False
432,7455,C=C=C=C(F)Cl,1.9706809782611237,79.7,80.0,3.143749999999983,0.29999999999999716,False,False
433,7501,C=C=COP(=O)(OC)OC,1.1476534307870712,93.8,84.6,10.112499999999997,9.200000000000003,False,False
434,7511,C=C=CSC#CC,1.3526226817566278,90.55,87.2,0.7937500000000028,3.3499999999999943,False,False
435,7521,C=C=NC(N)=O,2.388601888898235,69.55,52.225,5.081250000000004,17.324999999999996,False,False
436,7546,C=CC(=O)C#P=O,4.121171732376462,27.650000000000002,56.89999999999999,8.787500000000009,29.24999999999999,False,False
438,7555,C=CC(=O)C=C,3.1439275373353235,51.05,49.25,5.537499999999994,1.7999999999999972,False,False
439,7563,C=CC(=O)CC,2.736446440850014,61.475,53.974999999999994,1.8562499999999886,7.500000000000007,False,False
440,7569,C=CC(=O)CCC,2.6333808092784987,63.5,55.825,2.4125000000000014,7.674999999999997,False,False
442,7575,C=CC(=O)CO,1.8582434871377085,81.95,54.425000000000004,4.143749999999997,27.525,False,False
443,7578,C=CC(=O)N(C)C,3.7450975483051177,36.75,26.724999999999998,4.556249999999999,10.025000000000002,False,False
444,7581,C=CC(=O)NBr,3.718955278195714,37.45,27.825,5.15625,9.625000000000004,False,False
445,7599,C=CC(=O)NN=O,5.142847850974986,10.625,6.05,0.7874999999999996,4.575,True,False
446,7602,C=CC(=O)NO,3.3056245313917656,47.775,52.400000000000006,3.3312500000000043,4.625000000000007,False,False
448,7606,C=CC(=O)NP=O,3.619134259301383,40.0,12.925,2.0562499999999986,27.075,False,False
449,7612,C=CC(=O)OC(=O)OCC,2.3486270525028297,70.6,52.55,5.11249999999999,18.049999999999997,False,False
450,7631,C=CC(=O)OCCCS(=O)(=O)O,3.776709876350023,35.875,32.675,5.506250000000001,3.200000000000003,False,False
451,7650,C=CC(=S)SC,2.066543927437103,77.47500000000001,62.925,9.456249999999997,14.550000000000011,False,False
453,7664,C=CC(C)=[17O],2.875136639144949,57.975,52.425,4.668749999999996,5.550000000000004,False,False
454,7688,C=CC(F)(F)OF,2.7594580347078894,60.95,46.275,5.418749999999996,14.675000000000004,False,False
455,7689,C=CC(F)(F)P,2.0397745787796193,78.27499999999999,70.3,6.206249999999997,7.974999999999994,False,False
456,7708,C=CC(F)F,2.351673266433365,70.5,77.97500000000001,1.450000000000017,7.4750000000000085,False,False
457,7712,C=CC(F)NS(=O)O,3.6914439802299537,38.074999999999996,60.150000000000006,5.318749999999994,22.07500000000001,False,False
458,7747,C=CC1=CC=CS1=O,4.1906669800792935,26.174999999999997,15.275,3.4187499999999993,10.899999999999997,False,False
459,7754,C=CC1=CSC=CS1,1.2068108490707776,92.85,99.47500000000001,0.5625000000000142,6.625000000000014,False,False
461,7801,C=CC=COC(=O)O,0.4014450892368569,99.075,98.675,1.0812499999999972,0.4000000000000057,False,False
462,7802,C=CC=CSC#N,4.491839101569376,19.85,11.05,3.9499999999999993,8.8,False,False
463,7819,C=CCC(C(=O)NC(N)=O)C(C)C,5.613936683564269,6.7250000000000005,0.95,0.3812500000000001,5.775,True,True
464,7820,C=CCC(C)=O,2.893929360308245,57.65,56.825,3.03125,0.8249999999999957,False,False
465,7821,C=CCC(CC=C)C(=O)NC(N)=O,6.120790190294606,3.4750000000000005,2.275,0.79375,1.2000000000000006,True,True
466,7833,C=CCC(O)(F)F,0.9414115792769316,95.89999999999999,71.675,10.256249999999994,24.224999999999994,False,False
468,7839,C=CCC1CCC(=O)NC1=O,3.580513926702595,41.125,40.225,4.037500000000001,0.8999999999999986,False,False
469,7849,C=CCCC1CC(=O)OC1=O,5.201201771096136,10.100000000000001,7.175,1.981250000000001,2.9250000000000016,True,False
470,7851,C=CCCOC(=O)Cl,3.3339512718125306,47.05,53.25,1.6437500000000043,6.200000000000003,False,False
472,7865,C=CCN(F)C(=O)O,3.6672293469908217,38.725,46.650000000000006,3.4750000000000014,7.925000000000004,False,False
473,7866,C=CCN1C(=O)C=CC1=O,1.1578710885661805,93.575,97.225,1.28125,3.6499999999999915,False,False
474,7867,C=CCN1C(=O)CC(=O)NC1=O,0.942226135137113,95.85000000000001,96.775,0.46875,0.9249999999999972,False,False
475,7868,C=CCN1C(=O)CCC1=O,1.6216735282238448,86.175,90.77499999999999,2.0874999999999915,4.599999999999994,False,False
476,7898,C=CCOC(=O)C=S,3.078900431265975,52.849999999999994,72.02499999999999,3.53125,19.174999999999997,False,False
477,7915,C=CCOC(=O)OCCCC,0.5929754294665239,98.35000000000001,99.7,0.22500000000000853,1.3499999999999943,False,False
478,7925,C=CCOC(=S)S,1.705256841798771,84.89999999999999,33.1,7.350000000000001,51.79999999999999,False,False
479,7937,C=CCOCC(=O)OC(=O)C(C)(C)C,4.801367367072393,14.774999999999999,28.549999999999997,5.231250000000003,13.774999999999999,False,False
480,7944,C=CCOOP(O)OCl,3.005751717193703,54.75,64.7,7.625000000000007,9.950000000000003,False,False
481,7946,C=CCOP(=O)(F)F,3.7486733319218377,36.625,28.575,6.599999999999994,8.05,False,False
482,7948,C=CCOP(=O)(OC)OC,0.9234845821030794,96.1,84.2,5.768749999999997,11.899999999999991,False,False
483,7997,C=CCSC(=S)CC,1.8821975600827132,81.45,63.849999999999994,5.174999999999997,17.60000000000001,False,False
484,8014,C=CCSCCCC[N+](=O)[O-],3.156666560294876,50.74999999999999,20.8,3.0812500000000007,29.949999999999992,False,False
485,8018,C=CCSS/C=C/CS(=O)CC=C,3.2911200067868323,48.1,24.575,10.149999999999999,23.525000000000002,False,False
486,8036,C=CN(C#N)SC,4.40695235647741,21.6,15.15,6.493750000000002,6.450000000000001,False,False
487,8047,C=CN(N)C=O,3.480550912488962,43.55,46.5,4.5,2.950000000000003,False,False
488,8054,C=CN1CC=NC1=O,5.897245758011897,4.925,4.025,1.2937499999999993,0.8999999999999995,True,True
489,8071,C=CNC(=O)OC,2.707955899606964,62.224999999999994,76.125,1.0250000000000057,13.900000000000006,False,False
490,8074,C=CNC(C)=O,3.964999632391818,31.4,36.675000000000004,5.912500000000001,5.275000000000006,False,False
491,8075,C=CNC(F)(F)F,2.0114189314741555,78.85,67.45,1.9187499999999886,11.399999999999991,False,False
492,8077,C=CNC=O,3.932450976472192,32.45,40.150000000000006,9.025000000000006,7.700000000000003,False,False
493,8091,C=COC(=O)Br,2.4245481827088935,68.65,62.025,2.481250000000003,6.625000000000007,False,False
494,8092,C=COC(=O)C#CC,2.723531855661079,61.85000000000001,71.39999999999999,4.349999999999994,9.549999999999983,False,False
495,8107,C=COC(=O)Cl,2.460926843720495,67.575,67.35,3.5250000000000057,0.22500000000000853,False,False
496,8121,C=COC(=O)P,1.6311142076766367,86.05000000000001,84.1,3.1187499999999915,1.950000000000017,False,False
497,8124,C=COC(=O)SC=C,2.9057067046181757,57.4,81.35,4.168750000000003,23.949999999999996,False,False
498,8131,C=COC(C)=S,2.1595791066671546,74.85000000000001,48.275,5.812499999999993,26.57500000000001,False,False
499,8132,C=COC(Cl)=CCl,1.2491504081511549,92.225,88.05,1.875,4.174999999999997,False,False
500,8156,C=COC=CC=O,4.844852469193709,14.224999999999998,20.7,6.412500000000001,6.475000000000001,False,False
501,8167,C=COCC(=O)Cl,2.385491179113618,69.675,60.85,4.58124999999999,8.824999999999996,False,False
502,8190,C=COOC(N)=O,2.8424545884550194,59.0,56.85,2.950000000000003,2.1499999999999986,False,False
503,8191,C=COOCF,2.162233499542885,74.75,95.025,2.231250000000003,20.275000000000006,False,False
504,8192,C=COOP(O)O,1.8626603846426624,81.825,81.65,3.543750000000003,0.17499999999999716,False,False
505,8202,C=COP1(=O)OOO1,2.9884954470336775,55.225,48.175000000000004,4.656250000000007,7.049999999999997,False,False
506,8218,C=COc1ccco1,1.1180201489458357,93.975,97.575,1.1624999999999943,3.6000000000000085,False,False
507,8219,C=COc1cccs1,0.949943036533648,95.7,97.35000000000001,0.6937499999999943,1.6500000000000057,False,False
508,8227,C=CP(=O)(Cl)OC,2.84292969802826,58.975,34.925,4.112499999999997,24.050000000000004,False,False
509,8228,C=CP(=O)(Cl)OCl,4.633241930870448,17.349999999999998,21.725,6.662500000000001,4.3750000000000036,False,False
510,8230,C=CP(=O)(O)Br,2.601984451805313,64.7,58.975,3.5375000000000085,5.725000000000001,False,False
511,8253,C=CS(=O)(=O)CCN(CCCl)CCCl,6.63669343140805,1.675,12.4,2.76875,10.725,False,True
512,8267,C=CS(=O)(=O)c1ccccc1,5.212060960732865,9.8,4.05,1.0249999999999995,5.750000000000001,True,True
513,8284,C=CSC#CC,1.4577940629520088,88.7,91.5,1.2562499999999943,2.799999999999997,False,False
514,8285,C=CSC#N,3.722711692217299,37.325,28.475,3.1062499999999957,8.850000000000001,False,False
515,8304,C=CSC=S,2.1033940807136946,76.44999999999999,71.65,3.03125,4.799999999999983,False,False
516,8308,C=CSCC=O,3.084464851860937,52.625,70.42500000000001,4.049999999999997,17.80000000000001,False,False
517,8332,C=C[11C]#N,4.007854542886591,30.5,20.65,4.974999999999998,9.850000000000001,False,False
518,8333,C=C[13C]#N,4.007882976641679,30.45,20.625,4.537500000000001,9.825,False,False
519,8348,C=C[S@@](C)=O,4.408149848427256,21.575,14.774999999999999,4.418749999999999,6.800000000000001,False,False
520,8356,C=C[SiH]1OO1,4.735294720595241,15.950000000000001,36.275,7.975000000000001,20.324999999999996,False,False
521,8358,C=C[Si](C)(C)OC,1.1865473520321572,93.22500000000001,98.32499999999999,1.7750000000000057,5.09999999999998,False,False
522,8368,C=Cc1ccc(SC)cc1,1.3458163187803809,90.675,93.27499999999999,0.9312500000000057,2.5999999999999943,False,False
523,8373,C=NC#CC(C)=O,4.272989115712838,24.575,36.6,6.96875,12.025000000000002,False,False
525,8383,C=NC(=O)N(O)O,2.3964998650436997,69.325,48.875,4.206249999999997,20.450000000000003,False,False
526,8384,C=NC(=O)NCO,2.1134566439193723,76.02499999999999,41.949999999999996,2.5062499999999943,34.074999999999996,False,False
527,8385,C=NC(=O)NN,0.967395813406366,95.55,70.525,3.2562499999999943,25.02499999999999,False,False
528,8386,C=NC(=O)OC,1.7904029989779264,83.125,84.05,3.03125,0.9249999999999972,False,False
529,8395,C=NC(N)=O,2.037847760320215,78.375,51.65,5.025000000000006,26.725,False,False
530,8401,C=NC=NCC#N,3.364271630189772,46.425,38.05,8.824999999999996,8.375,False,False
531,8403,C=NCC(=O)OC,2.192677565728598,73.97500000000001,83.1,3.0062499999999943,9.124999999999986,False,False
532,8411,C=NCOC=O,1.7884404143401385,83.22500000000001,62.9,5.518749999999997,20.32500000000001,False,False
533,8419,C=NNC(=O)O,1.1286004187599827,93.89999999999999,71.875,0.9562499999999972,22.02499999999999,False,False
534,8427,C=NOC(=O)NC,4.103428246040763,28.000000000000004,46.9,4.093749999999986,18.899999999999995,False,False
535,8437,C=NOS(=O)(=O)O,4.457770668319365,20.599999999999998,33.875,5.081249999999997,13.275000000000002,False,False
536,8446,C=PC(=O)OC,0.8097016149552141,97.0,86.3,2.1687499999999886,10.700000000000003,False,False
537,8447,C=PC(F)(F)F,2.427254727477513,68.525,74.3,2.906249999999986,5.7749999999999915,False,False
538,8457,C=S1C=CC(=O)N1,3.6304024408447217,39.75,26.674999999999997,2.0437499999999993,13.075000000000003,False,False
539,8458,C=S1C=COC1,1.7220526878522069,84.52499999999999,97.05,0.28125,12.525000000000006,False,False
540,8464,C=[13CH]C#N,4.007978141290639,30.425,19.125,3.8124999999999964,11.3,False,False
541,8471,C=[SiH]OCC,2.673104675223316,62.925,93.35,1.7312499999999886,30.424999999999997,False,False
542,8496,CC#CC#N,5.3500853199766425,8.725,3.85,1.2562499999999996,4.875,True,True
543,8515,CC#CC(=O)C(=O)C#N,6.037790428829846,3.975,1.55,1.3937500000000007,2.425,True,True
544,8548,CC#CC(=O)C=O,6.079849850146392,3.6999999999999997,46.625,5.86249999999999,42.925,False,True
545,8581,CC#CC(=O)OC,2.3632908913898536,70.15,68.375,5.4375,1.7750000000000057,False,False
546,8660,CC#CC(C)CNC=O,3.8722857931889103,34.075,29.45,4.324999999999996,4.6250000000000036,False,False
547,8661,CC#CC(C)COC,1.30640388865269,91.35,91.225,0.6187499999999915,0.125,False,False
548,8670,CC#CC(C)NCC#N,4.809135569555432,14.674999999999999,7.85,2.1312500000000014,6.824999999999999,True,False
549,8687,CC#CC(C=O)CC#N,6.28861212831898,2.9499999999999997,6.8500000000000005,2.387500000000001,3.900000000000001,True,True
550,8730,CC#CC(N)=O,4.410084062416051,21.45,16.2,4.043749999999996,5.25,False,False
551,8732,CC#CC(N)C(=O)NC,4.467557196266539,20.375,19.1,4.487500000000004,1.2749999999999986,False,False
552,8766,CC#CC(O)CC(N)=O,4.512320725441287,19.400000000000002,23.150000000000002,4.8124999999999964,3.75,False,False
553,8818,CC#CC1(C)CN1C=O,4.097479085374619,28.249999999999996,15.950000000000001,3.9937500000000004,12.299999999999995,False,False
554,8864,CC#CC1(O)CC(=O)C1,4.077816269246677,28.599999999999998,28.375,6.325000000000003,0.22499999999999787,False,False
555,8872,CC#CC1(O)COC1=O,4.531456212249062,19.1,13.3,6.0000000000000036,5.800000000000001,False,False
556,8879,CC#CC1(OC=N)CC1,4.165415042104517,26.700000000000003,42.449999999999996,5.637500000000003,15.749999999999993,False,False
557,8926,CC#CC1CC(=O)CO1,2.51885276277191,66.2,59.22500000000001,3.187499999999986,6.974999999999994,False,False
558,9023,CC#CC1COCOC1,2.493854133863465,66.725,85.175,1.8624999999999972,18.450000000000003,False,False
559,9040,CC#CC1OC(=N)C1O,3.5142985695092417,43.05,70.85000000000001,6.71875,27.80000000000001,False,False
560,9083,CC#CC1OCCC1C,1.997213156006928,79.175,89.925,1.7937499999999886,10.75,False,False
561,9095,CC#CCC#N,4.222526028734754,25.374999999999996,16.35,3.849999999999998,9.024999999999995,False,False
562,9120,CC#CCC(C#N)C#N,4.95599329330851,12.75,10.05,5.15625,2.6999999999999993,False,False
563,9128,CC#CCC(C)(O)C#N,4.002577674375061,30.625000000000004,33.375,8.875000000000004,2.7499999999999964,False,False
564,9143,CC#CCC(F)(F)Cl,2.676359397514168,62.849999999999994,72.8,3.106250000000003,9.950000000000003,False,False
565,9150,CC#CCC(O)C(N)=O,4.908269502290613,13.450000000000001,25.900000000000002,8.068750000000009,12.450000000000001,False,False
566,9203,CC#CCCC(=O)NC,3.7776528958061233,35.825,37.35,8.71875,1.5249999999999986,False,False
567,9204,CC#CCCC(C)C#N,4.227515066608056,25.25,15.825,2.681249999999997,9.425,False,False
568,9219,CC#CCCNC(N)=O,3.860143244007941,34.25,24.7,2.131249999999998,9.55,False,False
569,9234,CC#CCN(C)C=O,4.449290987444918,20.7,14.224999999999998,2.0625,6.475000000000001,False,False
570,9237,CC#CCN(C=O)C=O,6.482619825684022,2.075,2.9000000000000004,3.2687499999999994,0.8250000000000002,True,True
571,9248,CC#CCNC(=O)C=O,3.0122722672359217,54.55,56.55,6.306249999999999,2.0,False,False
572,9251,CC#CCNC(=O)OC,2.5466550150381195,65.625,73.275,2.6625000000000085,7.650000000000006,False,False
573,9253,CC#CCNC(N)=O,3.8814946012958207,33.900000000000006,27.875,5.3125,6.025000000000006,False,False
574,9258,CC#CCOC,1.1114536583702803,94.05,94.125,1.1624999999999943,0.07500000000000284,False,False
575,9259,CC#CCOC(=O)C=O,2.4661634242117394,67.4,47.8,4.212499999999999,19.60000000000001,False,False
576,9275,CC#CCOC1CC1,1.0596263965821318,94.6,97.3,1.2437499999999915,2.700000000000003,False,False
577,9284,CC#CCOCC#CC,0.6536975484659536,97.925,89.35,1.6812499999999915,8.575000000000003,False,False
578,9303,CC#CNC(=O)O,2.0721228568117924,77.35,80.525,2.325000000000003,3.1750000000000114,False,False
579,9305,CC#CNC(N)=O,3.862678486952415,34.2,33.550000000000004,5.0937499999999964,0.6499999999999986,False,False
580,9306,CC#CNC=O,3.547377805803179,42.05,43.775,5.14374999999999,1.7250000000000014,False,False
581,9307,CC#COC,1.7546158688932558,83.89999999999999,90.5,0.6124999999999972,6.6000000000000085,False,False
582,9312,CC#COC(=O)Cl,2.0388829689458348,78.325,61.525,3.5124999999999957,16.800000000000004,False,False
583,9319,CC#COC=C=O,1.850200140208144,82.125,85.1,4.424999999999997,2.9749999999999943,False,False
584,9336,CC#CSC#CC,1.7241654444138572,84.45,86.9,2.512500000000003,2.450000000000003,False,False
585,9342,CC#CSCCl,1.932285476556061,80.60000000000001,77.67500000000001,9.59375,2.924999999999997,False,False
586,9374,CC(=CO)C(=O)c1ccccc1,4.537886679388157,18.825,43.15,8.687500000000004,24.325,False,False
587,9377,CC(=N)C#N,4.793467022609367,14.899999999999999,30.275000000000002,6.931250000000002,15.375000000000004,False,False
588,9378,CC(=N)C(=O)NO,3.0174891392164556,54.425000000000004,70.25,8.449999999999989,15.824999999999996,False,False
589,9381,CC(=N)C(C#N)C=S,5.169970815032295,10.375,53.225,8.318750000000009,42.85,False,False
590,9391,CC(=N)N(C)C(C)=O,1.7344783714629006,84.3,76.825,5.299999999999997,7.474999999999994,False,False
591,9402,CC(=N)N(C=O)C=O,6.603500006537955,1.7500000000000002,38.525,15.312500000000004,36.775,False,True
592,9415,CC(=N)N1CCOC1=O,4.483145730854089,20.1,7.55,5.78125,12.55,True,False
593,9417,CC(=N)NC(=O)C(=N)N,4.827596935346915,14.399999999999999,47.25,9.543750000000003,32.85,False,False
594,9425,CC(=N)NC(=O)C=O,1.795775186683065,83.0,54.15,7.837500000000006,28.85,False,False
596,9451,CC(=N)OC(=O)NC=O,7.448202242088695,0.675,3.75,2.8812499999999996,3.075,True,True
597,9465,CC(=N)OC(N)=O,4.480397070869761,20.150000000000002,30.85,5.262500000000003,10.7,False,False
598,9521,CC(=N)OCC1COC1,2.9793882069520348,55.50000000000001,60.099999999999994,5.656249999999993,4.599999999999987,False,False
599,9533,CC(=N)OCCO,1.4087023412458246,89.575,78.925,2.21875,10.650000000000006,False,False
600,9541,CC(=N)Oc1cc[nH]n1,4.180035748658979,26.450000000000003,52.65,1.5062500000000014,26.199999999999996,False,False
601,9554,CC(=N)Oc1cnon1,3.705318240358893,37.675,42.75,2.67499999999999,5.075000000000003,False,False
602,9568,CC(=NC#N)NC#N,7.487146140146877,0.5499999999999999,0.42500000000000004,3.5937499999999996,0.12499999999999989,True,True
603,9579,CC(=NNS(C)(=O)=O)C(C)(C)C,4.471920408805655,20.349999999999998,18.675,1.5374999999999996,1.6749999999999972,False,False
604,9590,CC(=NO)C(C)CC#N,4.084083936157572,28.425,27.474999999999998,5.287499999999998,0.9500000000000028,False,False
605,9603,CC(=NO)C1=CCOC1,2.110782587424548,76.2,92.325,1.1937500000000085,16.125,False,False
606,9618,CC(=NO)C1CNC1=O,3.3454221054063646,46.825,45.300000000000004,0.7812500000000071,1.5249999999999986,False,False
607,9633,CC(=NO)OC=CCl,1.9248202215883832,80.825,92.65,1.700000000000017,11.825000000000003,False,False
608,9656,CC(=O)/C=C/O,4.013696146368584,30.2,49.45,2.5250000000000057,19.250000000000004,False,False
609,9713,CC(=O)C#CF,2.8619255366141156,58.375,56.39999999999999,2.0,1.9750000000000085,False,False
610,9740,CC(=O)C(=N)P=O,2.025151414594522,78.64999999999999,62.4,6.143749999999997,16.249999999999993,False,False
611,9741,CC(=O)C(=N)PO,1.6391678909332783,85.875,78.375,8.331250000000011,7.5,False,False
612,9796,CC(=O)C(=O)CS,1.3628514701215866,90.325,95.825,2.3374999999999915,5.5,False,False
613,9801,CC(=O)C(=O)N(C)C=N,1.74275232354718,84.05,92.525,4.849999999999994,8.475000000000009,False,False
614,9808,CC(=O)C(=O)NC(=N)N,2.700046257574487,62.4,74.52499999999999,4.162499999999994,12.124999999999993,False,False
615,9811,CC(=O)C(=O)NC=O,3.381254972076225,46.1,36.35,2.96875,9.75,False,False
616,9817,CC(=O)C(=O)NP,0.0826084420452395,99.75,99.05000000000001,0.4375,0.6999999999999886,False,False
617,9818,CC(=O)C(=O)O,1.3258591065530174,91.025,94.675,0.9875000000000114,3.6499999999999915,False,False
618,9820,CC(=O)C(=O)OC(C)C,1.7322087958962538,84.325,87.375,1.28125,3.049999999999997,False,False
619,9826,CC(=O)C(=O)OCO,1.0553019704874496,94.77499999999999,88.5,1.981250000000017,6.2749999999999915,False,False
620,9836,CC(=O)C(=[N+]=[N-])P=O,3.226467971212456,49.225,72.425,6.674999999999997,23.199999999999996,False,False
621,9839,CC(=O)C(Br)=NO,1.6594169033615134,85.65,61.4,8.475000000000009,24.250000000000007,False,False
622,9847,CC(=O)C(C#N)C#N,1.9672353718109237,79.85,20.45,15.625000000000007,59.39999999999999,False,False
623,9879,CC(=O)C(C)(C)CCO,4.306751231504808,23.974999999999998,59.325,6.5249999999999915,35.35000000000001,False,False
624,9908,CC(=O)C(C)=O,0.0003875018233683,99.9,99.97500000000001,0.04999999999999716,0.07500000000000284,False,False
625,9912,CC(=O)C(C)Br,2.6783454224288654,62.74999999999999,75.575,4.175000000000004,12.82500000000001,False,False
627,9922,CC(=O)C(C)C(C)=NO,2.8791502842646315,57.9,76.85,4.7250000000000085,18.949999999999996,False,False
628,9941,CC(=O)C(C)C1CCC1,2.7225067189997243,61.9,60.375,0.9218749999999929,1.5249999999999986,False,False
629,9948,CC(=O)C(C)C=O,1.7900590305968618,83.175,73.4,5.400000000000006,9.774999999999991,False,False
630,9978,CC(=O)C(C)OC1CC1,2.8687947435378485,58.199999999999996,54.925000000000004,2.7125000000000057,3.2749999999999915,False,False
631,9985,CC(=O)C(C)S,4.322592863235081,23.724999999999998,65.575,5.787499999999994,41.85000000000001,False,False
632,9987,CC(=O)C(C=O)C(C)C,2.3265209221739935,71.075,61.075,2.5375000000000014,10.0,False,False
633,9996,CC(=O)C(C=O)N(C)C,2.4140065890659037,68.975,58.875,2.5562499999999986,10.099999999999994,False,False
634,9999,CC(=O)C(C=S)C(=O)O,1.5856393807466806,86.7,50.475,7.293749999999989,36.225,False,False
635,10027,CC(=O)C(Cl)CCl,2.7237405106482337,61.824999999999996,73.1,8.675000000000011,11.274999999999999,False,False
636,10029,CC(=O)C(Cl)Cl,1.3841372290216982,89.97500000000001,74.375,4.28125,15.600000000000009,False,False
637,10038,CC(=O)C(F)C=O,1.9285732514073872,80.675,77.9,4.525000000000006,2.7749999999999915,False,False
638,10040,CC(=O)C(F)Cl,1.4055619808838131,89.7,88.725,4.96875,0.9750000000000085,False,False
639,10117,CC(=O)C(O)O,2.4359672739888887,68.2,63.6,5.237499999999997,4.600000000000001,False,False
640,10119,CC(=O)C(S)(S)S,1.1883590354914555,93.2,82.775,4.456249999999997,10.424999999999997,False,False
641,10138,CC(=O)C1(C(C)C)CC1,3.1054035940049136,51.975,67.375,1.8687500000000057,15.399999999999999,False,False
642,10160,CC(=O)C1(C)CC1,3.024926399807468,54.125,51.74999999999999,2.124999999999993,2.375000000000007,False,False
643,10219,CC(=O)C1(CC#N)CC1,5.84894077041356,5.2,16.75,8.543750000000003,11.55,False,True
644,10286,CC(=O)C1=CC=CC1=C(C)O,6.856025204607095,1.25,10.825,7.0062500000000005,9.575,False,True
645,10287,CC(=O)C1=CC=S(C)(=O)C=C1C,4.832362694531866,14.325,23.125,7.143749999999997,8.8,False,False
646,10292,CC(=O)C1=CCCC1=O,3.4352832461448584,44.775,30.3,3.0625,14.474999999999998,False,False
649,10329,CC(=O)C1C(=O)NC(=O)C1=O,3.941249722592624,32.074999999999996,62.6,4.600000000000001,30.525000000000006,False,False
650,10332,CC(=O)C1C(C#N)N1C,4.996030706336893,12.2,32.225,6.462500000000002,20.025000000000002,False,False
651,10335,CC(=O)C1C(C)C1C,2.759917129224525,60.925,57.4,6.056250000000006,3.5249999999999986,False,False
652,10336,CC(=O)C1C(C)C1C#N,6.400095420261014,2.5250000000000004,23.35,3.9375,20.825000000000003,False,True
654,10491,CC(=O)C1CO1,2.258172967090238,72.375,66.975,4.112499999999997,5.400000000000006,False,False
655,10521,CC(=O)C1N=COC1C,1.4819865874482023,88.375,86.47500000000001,1.9874999999999972,1.8999999999999915,False,False
656,10523,CC(=O)C1NC(=N)C1O,2.190031387987778,74.1,70.15,5.356249999999996,3.9499999999999886,False,False
657,10553,CC(=O)C1OC1(C)C,4.055582578760453,29.099999999999998,61.824999999999996,5.3062499999999915,32.724999999999994,False,False
658,10556,CC(=O)C1OC1(C)CO,3.632873780357738,39.7,80.325,2.625000000000007,40.625,False,False
659,10584,CC(=O)C1OCCC1=O,1.5672788373520656,87.0,64.60000000000001,5.043750000000003,22.39999999999999,False,False
660,10600,CC(=O)C=C(O)C(C)(C)C,3.0828637728439916,52.7,36.925000000000004,15.774999999999999,15.774999999999999,False,False
661,10602,CC(=O)C=C(O)C(F)(F)F,3.45756776465674,44.074999999999996,64.8,3.825000000000003,20.725,False,False
662,10604,CC(=O)C=C(O)CC(C)C,3.2320406362192435,49.05,29.775000000000002,3.568749999999998,19.274999999999995,False,False
663,10612,CC(=O)C=C=S,2.7176326629081324,62.075,60.199999999999996,5.462500000000006,1.875000000000007,False,False
664,10627,CC(=O)C=P,2.7577764632508734,60.975,53.300000000000004,4.200000000000003,7.674999999999997,False,False
665,10630,CC(=O)C=S=O,1.483412442381144,88.35,66.325,3.3500000000000014,22.02499999999999,False,False
666,10639,CC(=O)CC#CCC#N,4.134929795073816,27.35,31.45,5.287500000000001,4.099999999999998,False,False
667,10643,CC(=O)CC#N,1.814060593906188,82.775,35.425000000000004,6.668749999999996,47.35,False,False
668,10661,CC(=O)CC(=O)NC=O,6.032828934671655,4.025,5.575,2.20625,1.5499999999999998,True,True
669,10665,CC(=O)CC(=O)OF,2.0863056755852076,76.97500000000001,34.949999999999996,3.9937499999999915,42.02500000000001,False,False
670,10677,CC(=O)CC(C)(C)S(=O)(=O)O,2.3620114488614057,70.22500000000001,29.549999999999997,7.243749999999995,40.67500000000001,False,False
671,10715,CC(=O)CC(O)C1CO1,1.581442182894107,86.775,73.05,7.75,13.725000000000009,False,False
672,10721,CC(=O)CC/C(C(C)=O)=C(\C)O,4.465924567665838,20.45,13.325000000000001,7.331249999999999,7.124999999999998,False,False
673,10729,CC(=O)CC1(C)CCC1,2.6459623596477586,63.224999999999994,63.1,2.0062500000000014,0.1249999999999929,False,False
675,10844,CC(=O)CCCBr,2.009487460533659,78.925,56.474999999999994,4.431249999999999,22.450000000000003,False,False
676,10865,CC(=O)CCNC(C)=O,3.817562959691392,35.099999999999994,21.349999999999998,3.4187499999999993,13.749999999999996,False,False
677,10877,CC(=O)CCS(=O)(=O)O,3.0751793816106514,52.900000000000006,9.325,1.8125,43.575,True,False
678,10888,CC(=O)CN(C)CC=O,1.194633515988064,93.025,46.85,7.2749999999999915,46.175000000000004,False,False
679,10896,CC(=O)CN1CC1,2.8486751328281352,58.825,56.925000000000004,3.700000000000003,1.8999999999999986,False,False
680,10965,CC(=O)COCl,1.1638716205789812,93.425,58.85,0.8687500000000057,34.574999999999996,False,False
681,10966,CC(=O)COF,1.6194508354902262,86.25,55.525000000000006,6.84375,30.724999999999994,False,False
682,10973,CC(=O)COS(C)(=O)=O,5.84160192133411,5.2749999999999995,33.475,14.89374999999999,28.200000000000003,False,True
683,10984,CC(=O)CSBr,2.2191903985529504,73.45,58.550000000000004,4.262500000000003,14.899999999999999,False,False
684,10994,CC(=O)C[N+](=O)[O-],5.941266269208686,4.6,30.7,7.98125000000001,26.1,False,True
685,11000,CC(=O)Cc1ccccc1,2.742123099039008,61.324999999999996,71.72500000000001,3.731250000000003,10.400000000000013,False,False
687,11047,CC(=O)N(C)C(C)C,3.829591236376992,34.849999999999994,28.075,3.625,6.774999999999995,False,False
688,11053,CC(=O)N(C)C1CC1,3.9973001863639976,30.75,29.875,2.4999999999999964,0.875,False,False
689,11065,CC(=O)N(C)CC=O,4.370646013956589,22.525000000000002,26.900000000000002,6.268750000000004,4.375,False,False
690,11066,CC(=O)N(C)CCC#N,6.4822441458373365,2.1,4.65,6.325,2.5500000000000003,True,True
691,11073,CC(=O)N(C)N,2.9097143814167077,57.275,37.15,8.193750000000009,20.125,False,False
692,11076,CC(=O)N(C)OS(C)(=O)=O,4.108177957251535,27.85,54.125,3.737499999999997,26.275,False,False
693,11078,CC(=O)N(C=N)C(=N)N,1.876341381743006,81.525,78.95,4.8125,2.575000000000003,False,False
694,11079,CC(=O)N(C=N)C(C)C,2.315628703021241,71.35000000000001,64.55,5.206249999999997,6.800000000000011,False,False
695,11088,CC(=O)N(C=O)C(C)=O,3.9437491904616744,31.95,64.17500000000001,6.112499999999997,32.22500000000001,False,False
696,11115,CC(=O)N(S)Br,2.226661987182372,73.3,42.325,4.575000000000003,30.974999999999994,False,False
697,11123,CC(=O)N1C(C)C1C,3.910497281698263,32.975,28.775000000000002,4.318749999999994,4.199999999999999,False,False
698,11159,CC(=O)N1CC1(C)C#N,5.514787205369978,7.375,10.975,1.9625000000000004,3.5999999999999996,False,True
699,11162,CC(=O)N1CC1C,3.651766584289912,39.225,36.975,2.9750000000000014,2.25,False,False
700,11180,CC(=O)N1CCC(N)CC1,4.882522489978718,13.8,31.15,1.6437499999999936,17.349999999999998,False,False
701,11200,CC(=O)N1CCNCC1O,2.7693064367687383,60.699999999999996,35.55,0.84375,25.15,False,False
702,11211,CC(=O)N1O[SiH2]1,3.399598185512311,45.875,23.674999999999997,3.743750000000002,22.200000000000003,False,False
703,11221,CC(=O)NC(=N)CC=O,3.7321136355885938,37.0,37.225,8.737499999999997,0.22500000000000142,False,False
704,11225,CC(=O)NC(=O)Br,5.269903445265676,9.225,4.75,2.65625,4.475,True,True
705,11241,CC(=O)NC(=O)CCO,4.602155233041198,17.825,5.3,4.324999999999999,12.524999999999999,True,False
706,11245,CC(=O)NC(=O)N(C)C,6.784216032974583,1.425,0.975,3.1312500000000005,0.45000000000000007,True,True
707,11256,CC(=O)NC(=O)ON,4.080063043872112,28.499999999999996,18.475,2.2437499999999986,10.024999999999995,False,False
708,11265,CC(=O)NC(C#N)CO,3.4041307744595,45.675,24.025,4.918750000000003,21.65,False,False
709,11266,CC(=O)NC(C)(C)C,3.659678177489706,39.025,31.900000000000002,3.5687500000000014,7.1249999999999964,False,False
710,11268,CC(=O)NC(C)(C)C=O,3.093505173683049,52.300000000000004,65.7,2.9375,13.399999999999999,False,False
712,11270,CC(=O)NC(C)=O,6.337483485215755,2.875,0.75,0.2875000000000001,2.125,True,True
713,11273,CC(=O)NC(C)C(C)=O,2.210068407140154,73.52499999999999,68.77499999999999,2.09375,4.75,False,False
714,11274,CC(=O)NC(C)C(C)C,3.5791888548876583,41.199999999999996,39.875,3.40625,1.3249999999999957,False,False
715,11283,CC(=O)NC(C)CCO,2.6193275599158854,64.1,28.175,5.849999999999998,35.925,False,False
716,11285,CC(=O)NC(C=O)CO,0.9141448280088406,96.2,81.5,2.8125,14.700000000000003,False,False
717,11309,CC(=O)NC1CC(C)C1,3.815706195848165,35.15,35.375,3.1812499999999986,0.22500000000000142,False,False
718,11336,CC(=O)NC=C=C=O,6.837307033436692,1.3,10.725,4.91875,9.424999999999999,False,True
719,11349,CC(=O)NCC(=O)CO,1.2628486547987685,91.9,75.175,3.0562499999999915,16.72500000000001,False,False
720,11353,CC(=O)NCC(C)C,3.8121725378184586,35.275,29.75,3.4125000000000085,5.524999999999999,False,False
721,11356,CC(=O)NCC(C)CO,3.1654683426506973,50.475,38.975,2.893749999999997,11.5,False,False
722,11379,CC(=O)NCC=O,3.9889254465665016,30.975,35.925000000000004,4.618749999999999,4.950000000000003,False,False
723,11381,CC(=O)NCCC(C)C,3.765983469351799,36.15,26.575,4.543749999999999,9.575,False,False
724,11393,CC(=O)NCCCl,4.6608135796414265,17.05,69.35,5.512499999999996,52.3,False,False
725,11398,CC(=O)NCCOC=O,2.5858782251542496,65.0,40.300000000000004,6.931249999999999,24.699999999999996,False,False
726,11406,CC(=O)NCO,3.444619662970881,44.4,44.95,5.53125,0.5500000000000043,False,False
727,11408,CC(=O)NCSC(=S)N(C)C,4.169779365113987,26.6,55.074999999999996,12.306249999999999,28.474999999999994,False,False
728,11409,CC(=O)NCl,4.113372052889387,27.750000000000004,18.8,5.043749999999996,8.950000000000003,False,False
729,11415,CC(=O)NN=N,5.819057714159927,5.35,20.599999999999998,8.075,15.249999999999998,False,True
730,11416,CC(=O)NN=O,4.777730343118058,15.25,5.65,1.7062499999999998,9.6,True,False
731,11421,CC(=O)NNC(C)C,4.582481998555149,18.125,52.675000000000004,1.7312500000000028,34.550000000000004,False,False
732,11422,CC(=O)NNC=O,3.5684643894212225,41.475,80.75,5.75,39.275,False,False
733,11447,CC(=O)NSCl,4.495043473718359,19.775000000000002,11.600000000000001,6.8125,8.175,False,False
734,11462,CC(=O)Nc1cccc(OS(C)(=O)=O)c1,4.3773856870916115,22.400000000000002,23.75,1.2625,1.3499999999999979,False,False
735,11486,CC(=O)OC#N,5.60866791165078,6.825,4.425,3.0750000000000006,2.4000000000000004,True,True
736,11491,CC(=O)OC(=N)N,1.57639538282385,86.825,53.725,7.387500000000003,33.1,False,False
737,11498,CC(=O)OC(=O)CCl,4.713830903978869,16.3,53.65,4.38750000000001,37.349999999999994,False,False
738,11502,CC(=O)OC(=O)Cl,3.942840838503415,32.0,21.375,5.850000000000001,10.625,False,False
739,11510,CC(=O)OC(=O)OC(C)C(C)(C)C,3.0094985857954684,54.65,44.85,4.993750000000006,9.799999999999997,False,False
740,11513,CC(=O)OC(=O)ON,1.8597394636601847,81.89999999999999,51.925,3.1625000000000085,29.974999999999994,False,False
741,11514,CC(=O)OC(=O)OO,3.2196991473799006,49.4,60.45,6.243750000000006,11.050000000000004,False,False
742,11517,CC(=O)OC(=O)[C@@H](N)CS,2.746330922658999,61.25000000000001,41.85,5.174999999999997,19.400000000000006,False,False
743,11530,CC(=O)OC(C)(C)CBr,2.4636800704719795,67.475,69.75,6.6875,2.2750000000000057,False,False
745,11550,CC(=O)OC(C)CO,1.3538659458880282,90.5,82.975,4.143750000000011,7.525000000000006,False,False
746,11560,CC(=O)OC(N)=S,4.6460528224019955,17.224999999999998,53.55,2.8249999999999957,36.325,False,False
747,11573,CC(=O)OC1(CO)CC1,2.0847921564631835,77.025,85.85000000000001,4.5249999999999915,8.825000000000003,False,False
748,11574,CC(=O)OC1=CC(=O)OC(=O)C1,7.481311713589907,0.575,2.15,0.32499999999999996,1.575,True,True
749,11665,CC(=O)OCC1(C)CN1,1.5278018141914624,87.75,83.625,2.8062499999999915,4.125,False,False
750,11698,CC(=O)OCCOC=N,3.994774000500197,30.825000000000003,67.27499999999999,8.82500000000001,36.44999999999999,False,False
752,11710,CC(=O)OCOC=S,4.193152722702827,26.075,54.50000000000001,6.387500000000003,28.425000000000008,False,False
753,11712,CC(=O)OCS,1.784132283845067,83.275,79.55,5.25,3.7250000000000085,False,False
754,11730,CC(=O)OP(=O)(Cl)Cl,4.352453932692621,22.8,31.55,3.0187500000000007,8.75,False,False
755,11734,CC(=O)OS(=O)(=O)O,4.278214349964004,24.474999999999998,25.275,4.693750000000001,0.8000000000000007,False,False
756,11738,CC(=O)O[13CH]=O,3.786190161402974,35.625,37.125,4.706250000000004,1.5,False,False
757,11755,CC(=O)Oc1ccccc1C(=O)O,2.108011372757654,76.325,60.824999999999996,4.893750000000011,15.500000000000007,False,False
758,11777,CC(=O)P(=O)(F)F,3.1062031817465616,51.925,34.75,8.112500000000004,17.174999999999997,False,False
759,11794,CC(=O)SC(N)=S,3.762648552816443,36.199999999999996,50.875,5.4375,14.675000000000004,False,False
760,11810,CC(=O)SCCC=O,1.511485220983723,88.02499999999999,64.575,3.237499999999997,23.44999999999999,False,False
761,11823,CC(=O)SNC(N)=O,2.873888194374048,58.025000000000006,23.175,14.031249999999996,34.85000000000001,False,False
762,11834,CC(=O)[N+](=O)[O-],3.901588422660202,33.4,22.05,4.28125,11.349999999999998,False,False
763,11887,CC(=O)c1ccc(F)cc1,2.45372063160542,67.7,69.89999999999999,3.418750000000017,2.1999999999999886,False,False
764,11894,CC(=O)c1ccc(OS(C)(=O)=O)cc1,4.49231762465786,19.825,11.85,7.1187499999999995,7.975,False,False
765,11927,CC(=O)c1cn[nH]c1,1.8306825534693971,82.475,65.35,6.387499999999996,17.125,False,False
766,12009,CC(=O)c1occc1Cl,4.211995293664907,25.575,32.475,1.7750000000000057,6.900000000000002,False,False
767,12010,CC(=O)c1occc1N,3.402379452710213,45.75,57.074999999999996,3.79375000000001,11.324999999999996,False,False
769,12037,CC(=S)OCC(F)F,0.7421569258806574,97.475,81.77499999999999,10.987500000000011,15.700000000000003,False,False
770,12052,CC(Br)(Br)C(F)(F)F,2.1011263812375915,76.525,88.925,3.625,12.399999999999991,False,False
771,12060,CC(Br)C#N,3.657055868771845,39.074999999999996,33.0,5.618750000000006,6.074999999999996,False,False
772,12080,CC(Br)CC1OCCO1,4.029064578845757,29.725,61.025,6.287500000000001,31.299999999999997,False,False
773,12083,CC(Br)CNC(=O)O,0.8997113820699092,96.275,81.10000000000001,3.34375,15.174999999999997,False,False
774,12091,CC(Br)OC(=O)O,2.0445761471584283,78.175,75.675,3.3062500000000057,2.5,False,False
775,12092,CC(Br)OC(=O)S,2.1111640672707295,76.175,69.45,3.4750000000000085,6.724999999999994,False,False
776,12115,CC(C#CC(N)=O)CO,2.716321266606679,62.1,44.275,5.450000000000003,17.825000000000003,False,False
777,12116,CC(C#CC1CO1)=NO,1.5598996125881155,87.275,88.7,2.549999999999997,1.4249999999999972,False,False
778,12132,CC(C#CCO)OC=N,2.229465804984488,73.125,62.975,10.756249999999994,10.149999999999999,False,False
779,12144,CC(C#N)(C#N)CCO,5.135308842375472,10.7,19.15,5.293750000000003,8.45,False,False
780,12166,CC(C#N)(CN)C(N)=O,1.1945117228595856,93.05,72.125,17.63125,20.924999999999997,False,False
781,12179,CC(C#N)(CO)CO,2.303995869099529,71.6,45.125,7.4375,26.474999999999994,False,False
782,12184,CC(C#N)=C(F)F,3.6601760852623793,38.975,39.475,6.325000000000003,0.5,False,False
783,12197,CC(C#N)C#CC(N)=O,0.1085355534961459,99.675,60.650000000000006,7.725000000000001,39.02499999999999,False,False
784,12206,CC(C#N)C#N,4.315962405514702,23.775,13.850000000000001,1.8687500000000004,9.924999999999997,False,False
785,12221,CC(C#N)C(=O)OC=N,3.641623111054121,39.475,57.8,4.03125,18.324999999999996,False,False
786,12245,CC(C#N)C(C)CCO,4.798926035948215,14.825,15.725,3.431250000000002,0.9000000000000004,False,False
787,12277,CC(C#N)C1(C)CC1C,4.027880850160262,29.75,17.075000000000003,4.9250000000000025,12.674999999999997,False,False
788,12285,CC(C#N)C1(C)NC1C,3.606218138617989,40.400000000000006,21.475,3.6000000000000014,18.925000000000004,False,False
789,12320,CC(C#N)C1CC1CO,2.9544144213029067,56.275,23.775,3.8500000000000014,32.5,False,False
790,12401,CC(C#N)CCCC=O,2.3645150716459504,70.1,63.74999999999999,5.443750000000001,6.350000000000001,False,False
791,12430,CC(C#N)CSC#N,2.475536056991744,67.15,16.025,4.506249999999998,51.12500000000001,False,False
792,12472,CC(C#N)NC(=O)S,3.252336377257631,48.725,57.325,5.893749999999997,8.600000000000001,False,False
793,12483,CC(C#N)NC=O,3.64945381780081,39.324999999999996,43.9,5.587499999999995,4.575000000000003,False,False
794,12490,CC(C#N)NCCC#N,2.1541464491391618,75.0,42.125,8.756250000000001,32.875,False,False
795,12491,CC(C#N)NCCC=O,2.7987141770635717,59.875,41.199999999999996,5.537499999999994,18.675000000000004,False,False
796,12531,CC(C#N)P=O,2.0871158348382015,76.9,44.35,2.8874999999999957,32.550000000000004,False,False
797,12558,CC(C#N)c1nc[nH]n1,5.765921388213508,5.8500000000000005,5.1499999999999995,2.79375,0.7000000000000011,True,True
798,12589,CC(C(=O)CO)N(C)C,3.548923392363768,42.0,35.05,6.65625,6.950000000000003,False,False
799,12603,CC(C(N)=O)C(O)CO,2.6961911282823734,62.475,64.45,4.862500000000004,1.9750000000000014,False,False
800,12642,CC(C)(C#N)C(F)(F)F,3.929133948515974,32.574999999999996,28.999999999999996,8.71875,3.5749999999999993,False,False
801,12673,CC(C)(C#N)CO,3.703197754118044,37.8,38.324999999999996,2.281250000000007,0.5249999999999986,False,False
802,12682,CC(C)(C#N)NC=O,0.8577602512419267,96.65,59.45,6.018750000000011,37.2,False,False
803,12695,CC(C)(C#N)SSCl,3.05729495709232,53.37499999999999,32.175,3.3687499999999986,21.199999999999996,False,False
804,12708,CC(C)(C)C(=O)C#N,3.963879566956728,31.424999999999997,22.55,3.5249999999999986,8.874999999999996,False,False
806,12760,CC(C)(C)C1CC(=N)O1,3.0453734749054098,53.574999999999996,51.87500000000001,7.318750000000001,1.6999999999999886,False,False
807,12784,CC(C)(C)C1OC1C=O,3.776923350768042,35.85,57.275,2.5875000000000057,21.424999999999997,False,False
808,12791,CC(C)(C)CC#N,4.125386267795278,27.525,22.525000000000002,3.450000000000003,4.9999999999999964,False,False
809,12795,CC(C)(C)CC(F)(F)F,2.637164847267465,63.375,69.825,1.4562499999999972,6.450000000000003,False,False
810,12797,CC(C)(C)CC(N)C#N,4.7605722422564725,15.55,27.05,6.800000000000001,11.5,False,False
811,12804,CC(C)(C)CCC(N)=O,3.639939932014112,39.525,37.574999999999996,5.15625,1.9500000000000028,False,False
812,12807,CC(C)(C)CCNC=O,3.904092551408531,33.275,28.9,5.487500000000001,4.375,False,False
813,12810,CC(C)(C)CNC(N)=O,3.769491706282961,36.1,33.25,3.225000000000005,2.8500000000000014,False,False
814,12811,CC(C)(C)CNC=O,3.870535122277438,34.1,20.974999999999998,4.2499999999999964,13.125000000000004,False,False
815,12812,CC(C)(C)CNCC#N,4.390573507628713,22.1,19.8,3.7124999999999986,2.3000000000000007,False,False
816,12824,CC(C)(C)N1C(=O)NCS1(=O)=O,2.2287260667683286,73.225,85.9,9.275000000000006,12.675000000000011,False,False
817,12833,CC(C)(C)NC#N,5.063173526899225,11.5,6.0249999999999995,1.8312499999999998,5.4750000000000005,True,False
818,12835,CC(C)(C)NC(=O)C=O,2.5684971853020335,65.4,56.125,4.150000000000006,9.275000000000006,False,False
819,12836,CC(C)(C)NC(=O)CN,3.474959024239318,43.824999999999996,40.675,8.512499999999996,3.1499999999999986,False,False
820,12838,CC(C)(C)NC(N)=O,3.657449961999615,39.050000000000004,27.85,2.1499999999999986,11.200000000000003,False,False
821,12839,CC(C)(C)NC=O,3.880041735474109,33.95,40.2,3.2437499999999986,6.25,False,False
822,12842,CC(C)(C)NS(=O)(=O)c1cccs1,4.734149953265144,16.025,5.125,0.7625000000000002,10.899999999999999,True,False
823,12849,CC(C)(C)OC(=O)CO,3.654374457352602,39.1,41.125,6.925000000000004,2.0249999999999986,False,False
824,12879,CC(C)(C)S(=O)C(C)(C)C,3.9071927390982264,33.1,27.075,5.568749999999998,6.025000000000002,False,False
825,12885,CC(C)(C)S(C)(=O)=O,4.883907388648713,13.775,7.049999999999999,2.95,6.725000000000001,True,False
826,12888,CC(C)(C)SC1CCS(=O)(=O)C1,7.056647340724251,1.05,2.125,0.6250000000000004,1.075,True,True
827,12921,CC(C)(CBr)C(=O)F,1.6008525372496616,86.52499999999999,69.875,6.312499999999993,16.64999999999999,False,False
828,12946,CC(C)(CO)C(F)(F)F,2.3502540992654666,70.575,66.57499999999999,4.8125,4.000000000000014,False,False
829,12952,CC(C)(CO)C1COC1,2.584172727291197,65.05,66.8,2.906250000000014,1.75,False,False
830,12968,CC(C)(CO)OCCO,2.0751265439076123,77.3,66.675,4.043750000000003,10.625,False,False
831,12970,CC(C)(CS(C)(=O)=O)C(=O)O,4.400176563761836,21.85,34.5,9.28125,12.649999999999999,False,False
832,12988,CC(C)(N)C(=O)NC=O,5.065323646063898,11.450000000000001,2.725,1.5124999999999993,8.725000000000001,True,False
833,12991,CC(C)(N)CNC(N)=O,3.580362636772562,41.175,31.924999999999997,5.3125,9.25,False,False
834,13018,CC(C)(O)C(C#N)C=O,3.2272345695640436,49.2,18.15,9.368750000000002,31.050000000000004,False,False
835,13067,CC(C)(O)C1OCC1=O,1.7556336601853555,83.875,93.55,2.8625000000000114,9.674999999999997,False,False
836,13108,CC(C)=C(C)OS(=O)(=O)C(F)(F)F,3.69523164072822,38.05,15.525,0.9312500000000004,22.525,False,False
837,13132,CC(C)=PC#N,4.899714574485871,13.600000000000001,7.3999999999999995,2.2750000000000004,6.200000000000002,True,False
838,13134,CC(C)=[17O],3.0513515000784612,53.474999999999994,53.849999999999994,1.78125,0.375,False,False
839,13221,CC(C)C(=O)CNC=O,3.1241691969362253,51.449999999999996,43.475,8.493749999999999,7.974999999999994,False,False
840,13229,CC(C)C(=O)N(C)C=O,2.2292749437824892,73.15,33.225,7.943750000000001,39.925000000000004,False,False
841,13237,CC(C)C(=O)NC=O,5.941622124042042,4.55,0.7000000000000001,0.5937500000000001,3.8499999999999996,True,True
842,13241,CC(C)C(=O)NN,2.5981451193737626,64.725,57.175,9.462499999999999,7.549999999999997,False,False
843,13277,CC(C)C(C)(O)C(N)=O,2.4678516823812133,67.27499999999999,59.925,2.0249999999999986,7.349999999999994,False,False
844,13297,CC(C)C(C)CC(N)=O,3.6154186308005127,40.150000000000006,43.625,4.6937500000000085,3.4749999999999943,False,False
845,13298,CC(C)C(C)CC1CO1,1.9325974700375184,80.575,92.27499999999999,1.5374999999999943,11.699999999999989,False,False
846,13302,CC(C)C(C)N(C)C=O,4.406364938521034,21.65,13.4,2.512500000000001,8.249999999999998,False,False
847,13333,CC(C)C(O)(C#N)CN,3.1605414591866205,50.625,18.3,4.456249999999997,32.325,False,False
848,13336,CC(C)C(O)C#N,3.4782123043022892,43.65,36.825,7.099999999999998,6.824999999999996,False,False
849,13388,CC(C)C1(C)CO1,2.0259601834587513,78.60000000000001,85.45,1.5249999999999915,6.849999999999994,False,False
850,13434,CC(C)C1=C(CBr)C(=O)OC1=O,4.772944804368343,15.299999999999999,6.325,2.8124999999999982,8.974999999999998,True,False
851,13547,CC(C)C1COC1,2.205811479028259,73.625,75.625,1.7999999999999972,2.0,False,False
852,13621,CC(C)CC#CCC#N,4.0128898729632825,30.225,21.075,4.956249999999997,9.150000000000002,False,False
853,13624,CC(C)CC(=O)/C=C(\O)C(C)C,2.7620532524165617,60.85,40.425,7.39375,20.425000000000004,False,False
855,13676,CC(C)CC1=CCC(=O)OC1=O,6.084288346870229,3.65,2.175,0.7874999999999996,1.475,True,True
856,13743,CC(C)CCOC(N)=O,2.400469530831694,69.27499999999999,75.225,2.28125,5.950000000000003,False,False
857,13749,CC(C)CCOP(=O)(O)O,3.442667683549111,44.45,72.725,6.968749999999986,28.27499999999999,False,False
858,13757,CC(C)CN(C=O)C=O,6.405107142063279,2.475,14.549999999999999,9.256249999999998,12.075,False,True
859,13760,CC(C)CN1CC(C)C(=O)NC1=O,4.519057618432856,19.25,11.225,2.606250000000001,8.025,False,False
860,13775,CC(C)CNC=O,4.027787193024382,29.775000000000002,35.099999999999994,5.881250000000001,5.324999999999992,False,False
861,13783,CC(C)COC(=O)CN,2.1163652342913424,75.9,87.425,3.043750000000003,11.524999999999991,False,False
862,13787,CC(C)COC(=O)Cl,3.4489484952870173,44.25,44.925,1.4249999999999972,0.6749999999999972,False,False
863,13788,CC(C)COC(=O)NO,2.0628256446757884,77.67500000000001,63.525,5.768749999999997,14.150000000000013,False,False
864,13830,CC(C)N(C(=O)N=C=O)S(C)(=O)=O,3.673483762798156,38.5,13.575000000000001,6.8125,24.924999999999997,False,False
865,13838,CC(C)N(C)C(C)C#N,4.524376024719182,19.175,14.475,1.5749999999999993,4.700000000000001,False,False
866,13844,CC(C)N(C=O)C(N)=O,1.855988163779082,82.05,63.0,7.90625,19.049999999999997,False,False
867,13859,CC(C)N1CC(=O)C1,3.019503828162066,54.325,58.650000000000006,3.8687500000000057,4.325000000000003,False,False
868,13901,CC(C)NC(=O)C(C)C,3.5422037125678045,42.225,38.125,4.381250000000001,4.100000000000001,False,False
869,13909,CC(C)NC(=O)CCO,2.462348026514518,67.55,57.99999999999999,14.818749999999994,9.550000000000004,False,False
870,13918,CC(C)NC(=O)OC=N,2.46259272409713,67.525,70.825,3.043750000000003,3.299999999999997,False,False
871,13951,CC(C)OC(=O)C1CN1,2.571786527110542,65.35,79.875,2.112499999999997,14.525000000000006,False,False
872,13967,CC(C)OC(=O)OOC(=O)OC(C)C,1.1580811764889465,93.55,99.02499999999999,0.8812500000000085,5.474999999999994,False,False
873,13969,CC(C)OC(=S)S,1.9420102820691163,80.375,41.225,10.743749999999999,39.15,False,False
874,13980,CC(C)OC(C)C,1.294890044864905,91.55,98.45,0.36250000000001137,6.900000000000006,False,False
875,14019,CC(C)OC1CC1CO,1.547281290384621,87.52499999999999,71.3,3.21875,16.224999999999994,False,False
876,14074,CC(C)OCCBr,3.15524242947244,50.775000000000006,67.0,2.7250000000000085,16.224999999999994,False,False
877,14081,CC(C)OCCCC=O,3.5138873842852463,43.075,45.2,2.262500000000003,2.125,False,False
878,14087,CC(C)OCCOC=O,4.984244097969786,12.4,21.65,12.825,9.249999999999998,False,False
879,14125,CC(C)Oc1nccnc1Cl,3.1778123025907177,50.1,59.12500000000001,2.4624999999999986,9.025000000000006,False,False
880,14133,CC(C)P(C)(=O)F,4.335985166264156,23.275000000000002,17.9,4.993749999999997,5.3750000000000036,False,False
881,14137,CC(C)S(=O)(=O)N(C)C,4.9603710919549515,12.65,17.150000000000002,5.425000000000001,4.500000000000002,False,False
882,14142,CC(C)S(=O)c1ccccc1,4.060041131708983,28.999999999999996,18.65,3.125,10.349999999999998,False,False
883,14151,CC(C)SC=O,1.754417522999577,83.92500000000001,46.875,8.006250000000001,37.05000000000001,False,False
884,14167,CC(C)[C@H]1NC(=O)OC1=O,5.68583592500368,6.35,2.5250000000000004,0.98125,3.8249999999999993,True,True
885,14184,CC(C=O)(C=O)OC=N,3.340727273899605,46.925,75.02499999999999,5.393750000000004,28.099999999999994,False,False
886,14193,CC(C=O)C(=N)NC=O,3.3010645438990744,47.925000000000004,48.75,4.675000000000004,0.8249999999999957,False,False
887,14261,CC(C=O)C1OC1C=O,1.594402688755573,86.575,75.2,6.818749999999994,11.375,False,False
888,14285,CC(C=O)CCOC=N,4.309903048689662,23.925,40.625,9.868749999999999,16.7,False,False
889,14287,CC(C=O)CN(C)C=O,3.346086850988471,46.800000000000004,34.150000000000006,4.8437500000000036,12.649999999999999,False,False
890,14303,CC(C=O)N(C=O)C=O,4.291093102182567,24.3,22.625,11.650000000000006,1.6750000000000007,False,False
891,14331,CC(C=O)OC1CC1C,2.999894424840848,54.87499999999999,58.15,2.10625000000001,3.2750000000000057,False,False
892,14336,CC(C=O)OC=O,2.5902236107983327,64.875,47.275,4.66875000000001,17.6,False,False
893,14337,CC(C=O)OCC#N,3.599633720811238,40.550000000000004,46.825,10.837500000000006,6.274999999999999,False,False
894,14349,CC(C=S)OC=O,1.3140598556450098,91.2,66.77499999999999,4.04999999999999,24.42500000000001,False,False
895,14389,CC(CC#N)CNC=O,4.126686798657327,27.500000000000004,34.125,6.131250000000001,6.6249999999999964,False,False
896,14398,CC(CC#N)NC(N)=O,4.573710591814366,18.25,30.125,5.931249999999999,11.875,False,False
897,14399,CC(CC#N)NC=O,5.224901126867409,9.5,15.475,12.443749999999998,5.975,False,True
898,14466,CC(CCC#N)C(N)=O,6.189556093452794,3.225,22.900000000000002,12.012500000000001,19.675,False,True
899,14503,CC(CCO)CNC=O,4.566077737963959,18.375,33.6,5.118750000000002,15.225000000000001,False,False
900,14507,CC(CCO)NC=O,2.5859396971696027,64.97500000000001,33.575,4.487499999999997,31.400000000000006,False,False
901,14551,CC(CNCC#N)=NO,3.016547802156238,54.449999999999996,18.875,1.7687499999999972,35.574999999999996,False,False
902,14564,CC(CO)C(=O)C1CN1,1.9870520200440855,79.325,68.525,3.581249999999997,10.799999999999997,False,False
903,14566,CC(CO)C(=O)C=O,1.0069694277021115,95.19999999999999,81.375,6.268749999999997,13.824999999999989,False,False
904,14590,CC(CO)C(O)C(N)=O,2.9794112167660303,55.474999999999994,51.37500000000001,10.118750000000006,4.099999999999987,False,False
905,14611,CC(CO)C1CCC1=O,2.1344494167462846,75.47500000000001,45.800000000000004,3.831249999999997,29.675000000000004,False,False
906,14649,CC(CO)CCC(N)=O,2.6204737770144,64.05,60.12499999999999,2.5375000000000085,3.9250000000000043,False,False
907,14659,CC(CO)COC(N)=O,1.1887652826969823,93.175,83.72500000000001,2.950000000000003,9.449999999999989,False,False
908,14666,CC(CO)N(C)C(N)=O,3.594572243215306,40.725,12.3,3.4000000000000004,28.425,False,False
909,14747,CC(Cl)(Cl)OC=O,1.6763834608601542,85.3,76.7,5.0249999999999915,8.599999999999994,False,False
910,14749,CC(Cl)=C(C)C#N,2.728559664044324,61.675000000000004,33.324999999999996,10.756250000000001,28.35000000000001,False,False
911,14751,CC(Cl)=C(F)F,1.7987024253982191,82.92500000000001,86.55000000000001,2.487499999999997,3.625,False,False
912,14757,CC(Cl)C#N,3.6682786803825063,38.7,33.15,5.018749999999997,5.550000000000004,False,False
913,14766,CC(Cl)C(=O)OC(=O)C(C)Cl,4.987085643097051,12.3,47.75,5.0062500000000085,35.45,False,False
914,14775,CC(Cl)C1=CCCCO1,3.197138443300596,49.725,62.150000000000006,2.4250000000000114,12.425000000000004,False,False
915,14786,CC(Cl)CSc1ccccc1,3.441990921569817,44.5,81.6,6.125,37.099999999999994,False,False
916,14798,CC(Cl)OC(O)Cl,2.4276587713103663,68.5,79.925,4.7437499999999915,11.424999999999997,False,False
917,14805,CC(Cl)S(=O)CCl,2.5705846769401823,65.375,37.625,3.9687499999999964,27.75,False,False
918,14810,CC(Cl)SCS(C)(=O)=O,3.1051626989470593,52.0,24.474999999999998,6.112500000000001,27.525000000000002,False,False
919,14856,CC(F)(F)C=CF,2.0011934175017947,79.10000000000001,70.625,2.575000000000003,8.475000000000009,False,False
920,14872,CC(F)(F)C[N+](=O)[O-],3.0068063562333927,54.725,53.525,5.6625000000000085,1.2000000000000028,False,False
921,14887,CC(F)(F)OF,2.544068971876203,65.64999999999999,61.199999999999996,3.03125,4.449999999999996,False,False
923,14898,CC(F)(F)[Si](F)(F)F,2.394206943430249,69.375,83.075,3.6999999999999886,13.700000000000003,False,False
925,14918,CC(F)=CCF,2.335904857375808,70.825,79.525,3.1750000000000114,8.700000000000003,False,False
926,14939,CC(F)C(=O)S,2.265375622168966,72.175,80.925,2.7750000000000057,8.75,False,False
927,14985,CC(F)NS(=O)(=O)O,5.180880820363551,10.225,12.025,5.100000000000003,1.8000000000000007,False,False
928,15019,CC(N)(C#N)C(F)(F)F,3.772399824642256,36.025,32.925,5.656250000000007,3.1000000000000014,False,False
930,15052,CC(N)(C(N)=O)C(N)=O,1.7954127306638354,83.025,72.1,8.087500000000006,10.925000000000011,False,False
931,15053,CC(N)(CC#N)C(N)=O,5.929121942874231,4.675,9.825000000000001,7.28125,5.150000000000001,True,True
932,15067,CC(N)=O,3.933532468165753,32.375,26.5,4.456250000000004,5.875,False,False
933,15071,CC(N)C(=O)N(C)C=O,0.926901687189054,96.05,49.325,3.2250000000000014,46.724999999999994,False,False
934,15094,CC(N)C(N)=O,3.601026001920209,40.525,43.725,4.756249999999994,3.200000000000003,False,False
935,15123,CC(N=C=S)c1ccc(F)cc1,2.849720793677181,58.75,57.49999999999999,7.281249999999986,1.250000000000007,False,False
936,15131,CC(NC(=O)O)SS,1.9598012776190987,79.975,61.650000000000006,1.1437500000000043,18.32499999999999,False,False
937,15137,CC(NC=O)C(=O)C=O,3.09815369869302,52.125,75.925,4.325000000000003,23.799999999999997,False,False
939,15146,CC(NC=O)C(O)C=O,1.5548515588954803,87.375,68.625,6.049999999999997,18.75,False,False
940,15147,CC(NC=O)C(O)CO,3.489193185827694,43.45,50.175000000000004,10.625,6.725000000000001,False,False
941,15159,CC(NC=O)C1COC1,4.991132474688556,12.275,41.275,4.825000000000003,29.0,False,False
942,15213,CC(O)(C#N)CNC=O,4.201976765919157,25.825,12.75,8.737499999999997,13.075,False,False
943,15268,CC(O)(COCCO)S(=O)(=O)O,5.806496736242678,5.525,31.95,21.35625,26.424999999999997,False,True
944,15283,CC(O)=C(C#N)c1ccccc1,5.000337773511313,12.174999999999999,10.75,1.3374999999999986,1.424999999999999,False,False
946,15297,CC(O)C#CC(N)=O,2.7851988115762443,60.25,51.175000000000004,7.174999999999997,9.074999999999996,False,False
947,15313,CC(O)C(=N)N(C)C=O,2.440615756764269,68.025,49.2,8.687500000000007,18.825000000000003,False,False
948,15347,CC(O)C(=O)C1CCC1,3.425355478606034,44.95,49.05,5.04375000000001,4.099999999999994,False,False
949,15349,CC(O)C(=O)C1CN1,2.05433552295682,77.925,72.85000000000001,3.7937499999999957,5.074999999999989,False,False
950,15355,CC(O)C(=O)C=O,1.171824856578258,93.375,91.4,2.2124999999999915,1.9749999999999943,False,False
951,15357,CC(O)C(=O)CC(N)=O,3.881212637515593,33.925,60.675000000000004,3.8625000000000043,26.750000000000007,False,False
952,15364,CC(O)C(=O)CCCO,4.590048082456928,18.0,39.4,2.28125,21.4,False,False
953,15373,CC(O)C(=O)N(C)C,4.741991535678736,15.8,19.275000000000002,4.181250000000002,3.4750000000000014,False,False
954,15374,CC(O)C(=O)N(C)C=N,2.125083864851142,75.64999999999999,67.525,5.431249999999999,8.124999999999986,False,False
955,15379,CC(O)C(=O)NC(=N)N,2.009566199507266,78.9,66.175,6.281249999999993,12.725000000000009,False,False
956,15382,CC(O)C(=O)NC=N,1.8817703909033705,81.475,60.525,2.3687499999999915,20.949999999999996,False,False
957,15409,CC(O)C(C#N)NC=O,3.602039100868983,40.475,11.375,6.112500000000004,29.1,False,False
958,15416,CC(O)C(C)(C)C(N)=O,2.632794589445475,63.525,49.525000000000006,4.537500000000001,13.999999999999993,False,False
959,15424,CC(O)C(C)(O)C(N)=O,2.7461763617642965,61.275,63.175000000000004,7.11249999999999,1.9000000000000057,False,False
961,15450,CC(O)C(C)NC=O,4.244366399530837,24.9,37.2,4.106250000000003,12.300000000000004,False,False
962,15453,CC(O)C(C)OC1CC1,2.493002956032564,66.825,86.52499999999999,1.1625000000000227,19.69999999999999,False,False
964,15463,CC(O)C(C=O)OC=N,4.621743554707831,17.474999999999998,42.725,7.312500000000007,25.250000000000004,False,False
965,15465,CC(O)C(CO)C(N)=O,1.816390214757601,82.75,50.6,7.774999999999999,32.15,False,False
966,15511,CC(O)C(O)CNC=O,4.502348766840722,19.6,44.75,4.912500000000001,25.15,False,False
967,15562,CC(O)C1(C)OCCO1,2.8440018880448736,58.925000000000004,80.45,3.200000000000003,21.525,False,False
968,15578,CC(O)C1(NC=O)CC1,5.019416394375086,11.975,47.525,6.299999999999997,35.55,False,False
969,15588,CC(O)C1(O)OO1,2.3601182061882597,70.325,52.025,3.4499999999999886,18.300000000000004,False,False
970,15592,CC(O)C1=CC(=O)CC1,5.009494430212926,12.049999999999999,10.25,2.2124999999999986,1.799999999999999,False,False
971,15687,CC(O)C1CNC1=O,2.8524223409641234,58.675,31.225,5.912500000000001,27.449999999999996,False,False
972,15691,CC(O)C1COC(=N)C1,4.730766671344554,16.05,34.1,4.40625,18.05,False,False
973,15694,CC(O)C1COC(=O)N1,5.087735489211509,11.25,3.95,1.043750000000001,7.3,True,False
974,15709,CC(O)C1COCCO1,1.788623809827945,83.2,77.725,4.75624999999998,5.4750000000000085,False,False
975,15784,CC(O)CC(=O)CO,4.666621559325936,16.950000000000003,47.875,4.949999999999996,30.924999999999997,False,False
976,15785,CC(O)CC(=O)N(C)C,5.102150361104259,11.05,38.6,6.806249999999999,27.55,False,False
978,15810,CC(O)CC1(C#N)CO1,4.777975831878286,15.225,35.725,3.4624999999999986,20.5,False,False
979,15819,CC(O)CC1=NCCO1,2.2612149419500587,72.275,73.65,4.799999999999997,1.375,False,False
980,15833,CC(O)CC1CNC1=O,2.6181017101254898,64.14999999999999,22.575,4.481249999999999,41.57499999999999,False,False
981,15869,CC(O)CCCC(N)=O,4.736307156353477,15.9,55.574999999999996,8.643750000000004,39.675,False,False
982,15878,CC(O)CCOC(C)C,0.5177357946793152,98.55000000000001,94.0,3.0249999999999915,4.550000000000011,False,False
983,15943,CC(O)CSCCS(=O)(=O)O,2.087957971950523,76.875,21.775,5.125000000000002,55.1,False,False
984,15947,CC(O)OC(=O)O,1.157535067090447,93.60000000000001,88.14999999999999,1.2000000000000028,5.450000000000017,False,False
986,15997,CC(OC=O)C1(C)CN1,3.9839682348890064,31.125000000000004,12.049999999999999,2.6312500000000014,19.075000000000003,False,False
987,16028,CC(P)(C#N)C#N,4.130632671140883,27.400000000000002,17.325,4.956250000000001,10.075000000000003,False,False
988,16029,CC(P)C#N,4.297428987821222,24.175,41.075,4.356250000000003,16.900000000000002,False,False
990,16036,CC(S)C(=O)OC=O,3.2530571466550766,48.699999999999996,44.224999999999994,9.381250000000001,4.475000000000001,False,False
991,16037,CC(S)C(F)(F)F,2.2842965196451295,71.875,66.425,1.8999999999999915,5.450000000000003,False,False
992,16063,CC1(Br)C(=O)NC(=O)NC1O,4.852904255760795,14.099999999999998,60.275,5.84375,46.175,False,False
993,16068,CC1(Br)CS1,2.266875624262364,72.075,66.14999999999999,1.7062499999999972,5.925000000000011,False,False
994,16070,CC1(Br)OO1,2.6155531418404308,64.275,61.224999999999994,1.6312500000000085,3.0500000000000114,False,False
995,16111,CC1(C#N)C=CCCN1,3.455876277469517,44.125,22.75,2.4750000000000014,21.375,False,False
996,16129,CC1(C#N)CC(C=O)O1,4.522033727311341,19.225,32.625,2.468750000000007,13.399999999999999,False,False
997,16148,CC1(C#N)CC1C(N)=O,3.1647656564320674,50.525,18.325,6.787500000000001,32.2,False,False
998,16157,CC1(C#N)CC1OC=O,1.9497968653862476,80.27499999999999,25.35,10.575,54.92499999999999,False,False
999,16190,CC1(C#N)CCOC1=O,5.425087627239567,8.025,8.725,0.46250000000000036,0.6999999999999993,True,True
1000,16195,CC1(C#N)CN1,5.208812748394207,9.925,11.15,1.6875,1.2249999999999996,False,True
1001,16222,CC1(C#N)COC(=N)O1,5.228934256545993,9.45,11.475,1.2874999999999979,2.0250000000000004,False,True
1002,16226,CC1(C#N)COC1,2.995888630435415,55.00000000000001,50.05,2.450000000000003,4.95000000000001,False,False
1003,16241,CC1(C#N)N=CNC1=O,5.841810419441867,5.25,3.4750000000000005,0.5187500000000007,1.7749999999999995,True,True
1004,16252,CC1(C#N)NC1CC=O,2.3593953651476727,70.35,32.1,3.6875000000000036,38.24999999999999,False,False
1005,16310,CC1(C(=O)C#N)COC1,2.9686404097657917,55.875,67.65,2.09375,11.775000000000006,False,False
1006,16324,CC1(C(=O)CC#N)CC1,6.547596450135341,1.925,6.225,5.0,4.3,True,True
1007,16340,CC1(C(=O)NC=N)CC1,2.065677969359152,77.5,61.050000000000004,4.912500000000001,16.449999999999996,False,False
1008,16345,CC1(C(=O)NC=O)CO1,4.877546066409725,13.850000000000001,2.35,0.5937499999999998,11.500000000000002,True,False
1009,16362,CC1(C(C=O)C=O)CO1,1.5184738001161115,87.94999999999999,65.3,5.949999999999989,22.64999999999999,False,False
1010,16370,CC1(C(F)(F)F)CN1,3.7712787935731953,36.075,70.22500000000001,4.506249999999994,34.150000000000006,False,False
1012,16406,CC1(C(N)=O)NC1C#N,5.199144189453849,10.125,10.100000000000001,2.55,0.02499999999999858,False,False
1013,16416,CC1(C(N)=O)OO1,1.767313464199219,83.625,89.14999999999999,2.3687499999999915,5.5249999999999915,False,False
1014,16419,CC1(C(N)C#N)CCC1,4.83477380626012,14.299999999999999,31.674999999999997,6.962499999999999,17.375,False,False
1015,16426,CC1(C(O)C#N)CC1O,3.3685698536088804,46.275,18.425,3.1125000000000007,27.849999999999998,False,False
1016,16450,CC1(C)C(=N)OCC1=O,0.9766711442399812,95.475,96.39999999999999,2.3812500000000085,0.9249999999999972,False,False
1017,16486,CC1(C)C(CO)N1C=O,4.799392376591204,14.799999999999999,17.299999999999997,4.662500000000001,2.4999999999999982,False,False
1018,16490,CC1(C)C(O)C1(C)C#N,3.447120434659842,44.3,13.275,5.112499999999999,31.025,False,False
1019,16494,CC1(C)C(O)C1C(N)=O,4.81836495796515,14.549999999999999,29.175,7.112500000000004,14.625000000000002,False,False
1022,16568,CC1(C)CC(=O)C(O)C1,3.0822357099956763,52.725,55.875,2.668750000000003,3.1499999999999986,False,False
1023,16576,CC1(C)CC(=O)C=C(O)C1,5.8633905892943625,5.1,10.549999999999999,4.58125,5.449999999999999,False,True
1024,16775,CC1(C)CCS(=O)(=O)C1,5.721444579603464,6.1,2.1,1.2124999999999997,3.9999999999999996,True,True
1025,16825,CC1(C)CNCC(=O)O1,4.495268606721028,19.725,11.5,4.349999999999998,8.225000000000001,False,False
1026,16839,CC1(C)COC(=O)C1O,3.742667777236297,36.8,30.2,3.943749999999998,6.599999999999998,False,False
1027,16848,CC1(C)COC(C#N)O1,4.144375645343209,27.175,13.875000000000002,2.362499999999999,13.299999999999999,False,False
1028,16851,CC1(C)COC(C=O)=N1,3.917288256438669,32.824999999999996,25.2,4.368750000000002,7.6249999999999964,False,False
1029,16870,CC1(C)COC1CCO,1.361226172479028,90.375,67.60000000000001,4.024999999999999,22.77499999999999,False,False
1030,16898,CC1(C)CS(=O)(=O)OC1(C)C,6.472421191832525,2.15,1.875,0.9624999999999999,0.2749999999999999,True,True
1031,16927,CC1(C)NC(C#N)C1=O,5.922661534893195,4.725,4.875,3.0374999999999996,0.15000000000000036,True,True
1032,16952,CC1(C)NC1COC=O,5.629369281558396,6.65,11.325000000000001,5.656249999999998,4.675000000000001,False,True
1033,16984,CC1(C)OC(=O)C1(C)O,3.9211164765994697,32.75,31.8,2.9437500000000014,0.9499999999999993,False,False
1034,16996,CC1(C)OC(=O)O1,4.888168829014145,13.700000000000001,7.1,2.0999999999999996,6.600000000000001,True,False
1035,17010,CC1(C)OC1(C#N)CN,5.3302253082300615,9.025,10.225,1.418750000000001,1.1999999999999993,False,True
1036,17017,CC1(C)OC1(C)CC=O,3.70199646527346,37.824999999999996,32.4,8.912499999999994,5.424999999999997,False,False
1037,17071,CC1(C)OCC1(O)C=O,3.0100130058704733,54.625,79.375,3.5749999999999886,24.75,False,False
1038,17074,CC1(C)OCC1=O,1.089921362443259,94.19999999999999,95.575,1.1187500000000057,1.3750000000000142,False,False
1039,17111,CC1(C)OCOC1=O,3.045126612346701,53.6,56.425000000000004,1.2437499999999986,2.825000000000003,False,False
1040,17117,CC1(C)OC[C@H](CCO)O1,2.5771563914260605,65.25,91.9,1.6875000000000142,26.650000000000006,False,False
1041,17120,CC1(C)OO1,3.088542214793064,52.47500000000001,48.575,3.09375,3.9000000000000057,False,False
1042,17125,CC1(C)S(=O)(=O)OCCOS1(=O)=O,1.5373163799893226,87.625,76.97500000000001,4.981249999999989,10.649999999999991,False,False
1043,17151,CC1(C=O)CC(C#N)O1,4.992983934813818,12.225,28.975,5.199999999999999,16.75,False,False
1044,17225,CC1(C=O)NC(=O)NC1=O,2.6137250375253713,64.325,73.375,2.7875000000000014,9.049999999999997,False,False
1045,17263,CC1(CBr)COC1,1.8657938985640243,81.72500000000001,64.35,1.7874999999999943,17.375000000000014,False,False
1047,17325,CC1(CC(F)(F)F)CN1,2.6225030713229263,63.9,64.9,3.2749999999999915,1.000000000000007,False,False
1048,17349,CC1(CC=O)CCC1=O,4.293414498885193,24.2,43.375,16.562500000000007,19.175,False,False
1049,17367,CC1(CC=O)OCC1=O,2.480805591204336,67.025,64.525,2.54999999999999,2.5,False,False
1050,17370,CC1(CCBr)NC(=O)NC1=O,2.632036983644128,63.55,48.15,6.712499999999999,15.399999999999999,False,False
1051,17371,CC1(CCBr)OCCO1,2.224544152308743,73.35000000000001,59.824999999999996,2.6312499999999943,13.525000000000013,False,False
1052,17413,CC1(CCO)NC(=O)NC1=O,2.770931083171759,60.650000000000006,48.65,6.012499999999996,12.000000000000007,False,False
1053,17425,CC1(CCS(=O)(=O)O)COC1,2.378476476463218,69.85,25.624999999999996,5.837500000000002,44.224999999999994,False,False
1054,17445,CC1(CO)C(N)C1C#N,4.506108013964386,19.525000000000002,21.825,11.024999999999999,2.299999999999997,False,False
1055,17446,CC1(CO)C(O)C1C#N,4.591949617002406,17.95,34.849999999999994,2.868750000000002,16.899999999999995,False,False
1056,17489,CC1(CO)CCN1C=O,5.597488119530838,6.950000000000001,10.85,4.631250000000001,3.8999999999999986,False,True
1057,17508,CC1(CO)CNC1=O,4.446759117855706,20.75,22.6,4.225000000000005,1.8500000000000014,False,False
1058,17551,CC1(CO)OC1CO,1.100629440707357,94.125,82.35,1.7562499999999943,11.775000000000006,False,False
1059,17582,CC1(COCC#N)CO1,5.686293486476401,6.325,27.625,8.2,21.3,False,True
1060,17614,CC1(F)OO1,2.860109062095116,58.45,58.75,4.0625,0.29999999999999716,False,False
1061,17632,CC1(N)C(O)C1(N)C#N,4.430951397921828,21.025,6.2,1.5437500000000028,14.825,True,False
1062,17643,CC1(N)CCSC1=O,4.911618612291789,13.425,22.325,6.068749999999994,8.899999999999999,False,False
1063,17658,CC1(N=CNC=O)CC1,2.0880358942231303,76.85,74.625,4.456249999999997,2.2249999999999943,False,False
1064,17672,CC1(NC=O)CC1,3.748213030153227,36.65,30.75,7.4937499999999915,5.899999999999999,False,False
1065,17699,CC1(O)C(=O)C(O)C1O,0.8851540725638899,96.5,85.925,5.518749999999997,10.575000000000003,False,False
1066,17731,CC1(O)C(O)C1C#N,4.069254350911403,28.849999999999998,14.374999999999998,5.668750000000003,14.475,False,False
1067,17735,CC1(O)C(O)C1OC=N,2.8047917559353985,59.775,71.075,5.043750000000003,11.300000000000004,False,False
1068,17756,CC1(O)C=CCOC1=O,4.168389126847814,26.625,20.325,4.493749999999995,6.300000000000001,False,False
1069,17766,CC1(O)CC(=O)C1,3.5157227078023237,42.975,47.975,3.2874999999999943,5.0,False,False
1070,17802,CC1(O)CC1(C)NC=O,4.144155657859058,27.200000000000003,42.475,9.875,15.274999999999999,False,False
1071,17831,CC1(O)CC1OC=N,3.17874585636931,50.05,50.775000000000006,5.056250000000006,0.7250000000000085,False,False
1072,17887,CC1(O)CCOC1CO,4.310768493540138,23.9,57.599999999999994,2.643749999999997,33.699999999999996,False,False
1073,17898,CC1(O)CN(CC#N)C1,3.948250400975585,31.825,14.075,1.2750000000000021,17.75,False,False
1074,17924,CC1(O)COC(=O)C1=O,4.347737750779816,22.925,10.45,2.974999999999998,12.475000000000001,False,False
1075,17930,CC1(O)COC(C=O)C1,3.9093989182679953,33.025,53.175,4.537499999999994,20.15,False,False
1078,17964,CC1(O)NO1,2.7807032211860707,60.375,67.75,3.1687499999999886,7.375,False,False
1079,17967,CC1(O)OC=CC1S,1.2345048060328632,92.35,90.425,1.3062500000000057,1.9249999999999972,False,False
1080,17990,CC1(OC=N)CCC1=O,3.746185442494843,36.725,66.27499999999999,3.437500000000007,29.54999999999999,False,False
1081,17992,CC1(OC=N)CCCO1,3.356836339411595,46.5,63.224999999999994,4.549999999999997,16.724999999999994,False,False
1082,18024,CC1(OCC#N)CCC1,3.270252947061955,48.5,20.925,2.8562499999999993,27.575,False,False
1083,18038,CC1(OP)OO1,2.286039165920466,71.85000000000001,81.125,5.137500000000003,9.274999999999991,False,False
1084,18049,CC1(S)OC1=O,3.061141634586358,53.2,58.45,8.356250000000003,5.25,False,False
1085,18053,CC1([SiH3])CO1,1.9604697878492987,79.925,93.5,1.6687499999999886,13.575000000000003,False,False
1086,18152,CC1=C(C)NC(=O)NC1,4.195506566582217,26.0,15.55,4.443750000000003,10.45,False,False
1087,18162,CC1=C(C=O)C(=O)CC1,4.912291857380894,13.375,1.925,1.6375000000000002,11.45,True,False
1088,18174,CC1=C(C=O)NC(=O)C1,4.91578446900752,13.350000000000001,57.45,4.156249999999986,44.1,False,False
1089,18176,CC1=C(CBr)C(=O)OC1=O,4.690919331453929,16.6,24.525,5.050000000000004,7.924999999999997,False,False
1090,18180,CC1=C(CCC(=O)O)C(=O)OC1=O,4.366483335872312,22.625,9.275,2.2937499999999993,13.35,True,False
1091,18210,CC1=C(F)OCO1,1.3608208555373222,90.4,91.975,0.6312500000000085,1.5749999999999886,False,False
1092,18216,CC1=C(N)C(=O)OC1=N,3.97115548820028,31.374999999999996,16.25,1.2250000000000005,15.124999999999996,False,False
1093,18267,CC1=C(OC=O)O1,3.28528096116309,48.175000000000004,67.2,9.95000000000001,19.025,False,False
1094,18302,CC1=CC(=O)C(=O)C=C1O,7.804371266500383,0.25,0.44999999999999996,0.26875,0.19999999999999996,True,True
1095,18311,CC1=CC(=O)C(C)=C(O)C1=O,1.9418008580552035,80.4,90.875,2.4749999999999943,10.474999999999994,False,False
1096,18318,CC1=CC(=O)C(C)NC1,4.534061744394402,19.075,16.375,3.4000000000000004,2.6999999999999993,False,False
1097,18331,CC1=CC(=O)C=CCN1,6.470633274035152,2.1999999999999997,0.65,0.20625000000000004,1.5499999999999998,True,True
1098,18337,CC1=CC(=O)CC1,4.5167627828167225,19.275000000000002,10.0,3.1874999999999982,9.275000000000002,True,False
1099,18343,CC1=CC(=O)CC1C#N,3.571331888681827,41.375,27.575,3.6999999999999993,13.8,False,False
1100,18350,CC1=CC(=O)CCC1C,4.584592106389649,18.05,10.375,2.0062499999999996,7.675000000000001,False,False
1101,18361,CC1=CC(=O)CNCC1,4.4185016349625155,21.25,16.55,2.162499999999998,4.699999999999999,False,False
1102,18362,CC1=CC(=O)COC1,4.262295945468927,24.65,13.700000000000001,4.224999999999998,10.949999999999998,False,False
1103,18378,CC1=CC(=O)NC1=O,2.2207050365100387,73.4,79.025,3.825000000000003,5.625,False,False
1104,18389,CC1=CC(=O)NNS1,3.625306116815592,39.825,45.35,3.26250000000001,5.524999999999999,False,False
1105,18390,CC1=CC(=O)NON1,3.9796131842417646,31.25,16.900000000000002,5.71875,14.349999999999998,False,False
1106,18410,CC1=CC(=O)OCCN1,4.540707768858282,18.775,0.375,0.475,18.4,True,False
1107,18440,CC1=CC(C)(C)C=C(O)C1=O,3.751582391483529,36.475,15.975,5.431250000000002,20.5,False,False
1108,18462,CC1=CC(C)C(=O)N1,3.8265731429246057,34.9,29.575000000000003,3.6125000000000007,5.324999999999996,False,False
1109,18490,CC1=CC(C)OC(=O)C1,4.872456039766411,13.925,6.375,2.1249999999999982,7.550000000000001,True,False
1110,18503,CC1=CC(C)OCC1=O,3.4407146953611467,44.675,43.25,2.5874999999999986,1.4249999999999972,False,False
1111,18539,CC1=CC(O)C(=O)C1=O,3.973590879923072,31.275,27.950000000000003,5.118750000000006,3.3249999999999957,False,False
1112,18548,CC1=CC(O)C(C)C1=O,2.0435669219692536,78.2,53.125,2.125,25.075000000000003,False,False
1113,18561,CC1=CC(O)COC1=O,4.785934032318314,15.024999999999999,18.55,5.162499999999994,3.525000000000002,False,False
1114,18584,CC1=CC=CCOC1=N,2.9843474450358554,55.300000000000004,53.5,2.549999999999997,1.8000000000000043,False,False
1115,18592,CC1=CC=CS1=O,4.350401557407889,22.900000000000002,12.525,4.350000000000001,10.375000000000002,False,False
1116,18603,CC1=CCC(=O)C1,3.0951802675217968,52.225,51.0,1.781249999999993,1.2250000000000014,False,False
1117,18640,CC1=CCC(=S)O1,4.4434724833875,20.775,8.674999999999999,1.7124999999999986,12.1,True,False
1118,18665,CC1=CCC(C)OC1C,1.2148102958802722,92.7,96.3,0.9687500000000142,3.5999999999999943,False,False
1119,18668,CC1=CCC(C=O)OC1,3.320289422817446,47.425,48.6,2.5812500000000043,1.1750000000000043,False,False
1120,18677,CC1=CCC(O)C1=O,3.1875067654814906,49.925000000000004,49.575,3.375,0.3500000000000014,False,False
1121,18690,CC1=CCCC(=O)C1,3.121232968362097,51.525,53.949999999999996,2.2124999999999986,2.424999999999997,False,False
1122,18746,CC1=CCCOC1C#N,5.115038868427154,10.975,9.775,1.9749999999999979,1.1999999999999993,True,False
1123,18749,CC1=CCCOC=NC1,2.0460646160026683,78.14999999999999,73.9,4.2749999999999915,4.249999999999986,False,False
1124,18794,CC1=CCO1,1.225998311931086,92.475,92.85,0.5437500000000028,0.375,False,False
1125,18804,CC1=CCOC(=O)C=C1,5.394801217286992,8.200000000000001,3.5999999999999996,1.9625000000000004,4.600000000000001,True,True
1126,18878,CC1=CCS(=O)(=O)C1,5.505535504102038,7.5,2.8000000000000003,1.7125000000000004,4.699999999999999,True,True
1127,18879,CC1=CCS(=O)(=O)C1C,5.402001411019699,8.125,3.4000000000000004,1.3125,4.725,True,True
1128,18916,CC1=CNC(=O)CC1=O,4.153701101255219,26.950000000000003,13.750000000000002,4.525000000000002,13.200000000000001,False,False
1129,18919,CC1=CNC(=O)CC=C1,3.598995461250479,40.575,31.6,1.475000000000005,8.975000000000001,False,False
1130,18931,CC1=CNC1=O,3.5361434495759645,42.35,43.75,2.4312500000000057,1.3999999999999986,False,False
1131,18949,CC1=COC1,1.8992607846798069,81.2,83.675,1.3250000000000028,2.4749999999999943,False,False
1132,18960,CC1=COPO1,1.739502028708865,84.15,86.85000000000001,2.1312499999999943,2.700000000000003,False,False
1133,18967,CC1=CS(=O)C=C1,5.12768928289828,10.775,6.575,2.643749999999999,4.2,True,False
1134,18973,CC1=CSC(=S)NN1,6.107835664799901,3.5749999999999997,0.8250000000000001,1.31875,2.7499999999999996,True,True
1135,18981,CC1=NC(=N)SC1,4.958226694812725,12.7,8.875,2.28125,3.8249999999999993,True,False
1136,18984,CC1=NC(=O)N1,5.235011678612642,9.35,5.925,1.1375000000000002,3.425,True,True
1137,19015,CC1=NC(C)CC(=O)O1,2.5667403356201706,65.425,65.64999999999999,3.625,0.22499999999999432,False,False
1138,19058,CC1=NCC(C(C)O)O1,2.202597027791794,73.75,90.075,1.8375000000000057,16.325000000000003,False,False
1139,19083,CC1=NCC(O)C(=O)O1,2.098025239427421,76.625,52.0,3.1937500000000014,24.625,False,False
1141,19114,CC1=NCCO1,1.3515778333630213,90.575,94.825,1.3250000000000028,4.25,False,False
1142,19124,CC1=NCNO1,1.1910562389996362,93.10000000000001,97.8,0.7749999999999915,4.699999999999989,False,False
1143,19127,CC1=NCON1,2.09603535152483,76.67500000000001,89.2,2.543750000000003,12.524999999999991,False,False
1144,19142,CC1=NNC(=O)C1,3.1160051941171667,51.65,46.925,1.3937499999999972,4.725000000000001,False,False
1145,19148,CC1=NNCC1=O,2.6235461659683144,63.87500000000001,59.075,2.4937499999999986,4.800000000000004,False,False
1146,19151,CC1=NNCS1,1.484537836116745,88.325,96.22500000000001,1.8875000000000028,7.900000000000006,False,False
1147,19155,CC1=NNP(Br)O1,2.597975961668286,64.75,56.275,8.256250000000001,8.475000000000001,False,False
1148,19156,CC1=NNP(Cl)O1,2.2401289362826433,72.85000000000001,70.65,4.6625000000000085,2.200000000000003,False,False
1149,19158,CC1=NNS(=O)O1,1.5735776749640034,86.9,79.625,0.6187500000000057,7.275000000000006,False,False
1150,19165,CC1=NOC=NS1,1.7368392165807405,84.25,89.60000000000001,1.1687500000000028,5.3500000000000085,False,False
1152,19185,CC1=NSOC=C1,2.7888088793061536,60.175,54.625,2.0,5.549999999999997,False,False
1153,19203,CC1C(=N)OC1CCO,1.3381310931056765,90.875,70.8,2.7750000000000057,20.075000000000003,False,False
1154,19205,CC1C(=N)OCC1(C)C,3.2942424835696227,48.05,47.725,2.5687500000000085,0.32499999999999574,False,False
1155,19228,CC1C(=O)C(C)(O)C1C,2.6444945964275046,63.24999999999999,75.0,8.318749999999994,11.750000000000007,False,False
1156,19285,CC1C(=O)CC1CC#N,3.591733119059024,40.825,24.8,5.962499999999999,16.025000000000002,False,False
1157,19304,CC1C(=O)CCC1O,3.6061456674202232,40.425,61.7,2.3187499999999943,21.275000000000006,False,False
1158,19311,CC1C(=O)CCOC1=O,4.0364358747209215,29.549999999999997,37.85,3.174999999999997,8.300000000000004,False,False
1159,19324,CC1C(=O)CNCC1=O,3.6376067276736785,39.625,69.325,3.9937499999999986,29.700000000000003,False,False
1160,19341,CC1C(=O)N1N,4.928953982458631,13.15,33.300000000000004,1.90625,20.150000000000006,False,False
1161,19367,CC1C(=O)NCC1=NO,3.4514054124111637,44.2,45.550000000000004,1.1500000000000057,1.3500000000000014,False,False
1162,19373,CC1C(=O)NCCN1C,4.089473639201222,28.349999999999998,20.724999999999998,2.3125,7.625,False,False
1163,19382,CC1C(=O)OC1(C)C,4.830722234453795,14.35,7.249999999999999,2.5124999999999993,7.1000000000000005,True,False
1164,19411,CC1C(C#N)C1(C)C,4.515872318577341,19.3,14.575,2.2406249999999996,4.725000000000001,False,False
1165,19451,CC1C(C#N)OC1CO,4.029452785867724,29.7,36.199999999999996,3.8687499999999986,6.4999999999999964,False,False
1166,19455,CC1C(C(Cl)(Cl)Cl)OS1(=O)=O,4.590990908339456,17.974999999999998,23.974999999999998,3.7375000000000007,6.0,False,False
1167,19468,CC1C(C)(N)C1(O)C#N,6.386428072338065,2.625,23.05,6.706250000000001,20.425,False,True
1168,19488,CC1C(C)C1C(=O)C#N,4.893223699970875,13.625000000000002,7.324999999999999,2.0874999999999995,6.3000000000000025,True,False
1169,19559,CC1C(COC=O)N1C,5.155368657847801,10.575,13.600000000000001,4.225,3.025000000000002,False,False
1170,19573,CC1C(NC=O)CN1C,4.327498957384871,23.575,42.925000000000004,3.1312499999999943,19.350000000000005,False,False
1171,19616,CC1C(O)C1CNC=O,5.329556253077168,9.049999999999999,29.825000000000003,3.393749999999997,20.775000000000006,False,True
1172,19677,CC1C=C(C(N)=O)CC1,3.953223092361571,31.674999999999997,26.8,2.6125000000000043,4.8749999999999964,False,False
1173,19704,CC1C=C(Cl)NO1,1.6242597411459143,86.125,93.2,0.6937499999999943,7.075000000000003,False,False
1174,19724,CC1C=CC(=O)C1,4.015895322901747,30.099999999999998,23.474999999999998,4.487500000000004,6.625,False,False
1175,19829,CC1C=CC(O)C1C#N,4.175866309934439,26.525,15.0,2.9937499999999986,11.524999999999999,False,False
1177,19839,CC1C=CC=CC(=O)N1,4.5631335636662,18.4,11.799999999999999,2.625,6.6,False,False
1178,19901,CC1C=CCCOC1=O,4.560332238207696,18.45,15.35,2.293750000000001,3.0999999999999996,False,False
1179,19956,CC1C=CN(C=O)CC1,4.382558454183516,22.3,11.95,3.6812500000000004,10.350000000000001,False,False
1181,19978,CC1C=NC(=S)S1,5.536940704931396,7.1499999999999995,4.175,0.6125000000000007,2.9749999999999996,True,True
1182,20028,CC1CC(=O)C(=O)C1C,5.125041074857035,10.8,5.949999999999999,0.9625000000000012,4.850000000000001,True,False
1183,20040,CC1CC(=O)C(C)(O)C1,2.877413128946049,57.925000000000004,70.025,4.143750000000011,12.100000000000001,False,False
1184,20053,CC1CC(=O)C(N)=N1,0.7700323390818176,97.225,98.725,0.3187500000000085,1.5,False,False
1186,20121,CC1CC(=O)COC1C,3.301719239314719,47.85,48.775,3.281249999999993,0.9249999999999972,False,False
1187,20134,CC1CC(=O)N1C(=O)CCN=C=S,5.7312420072045995,6.0249999999999995,20.9,7.6875,14.875,False,True
1188,20158,CC1CC(=O)O1,4.6582270526524825,17.075000000000003,9.25,2.012500000000001,7.825000000000003,True,False
1189,20170,CC1CC(=O)OC=N1,2.6582595815677905,63.1,64.1,1.53125,0.9999999999999929,False,False
1190,20214,CC1CC(C#N)C1O,3.9294489680220495,32.550000000000004,16.275000000000002,2.4062500000000018,16.275000000000002,False,False
1192,20293,CC1CC(C)(C)OC1=N,3.444658688847726,44.375,46.550000000000004,2.018749999999997,2.1750000000000043,False,False
1193,20322,CC1CC(C)C(=O)CN1,2.799122519053781,59.85,50.14999999999999,4.525000000000006,9.70000000000001,False,False
1194,20325,CC1CC(C)C(=O)NC1=O,3.5964370325642827,40.675,40.1,1.8624999999999972,0.5749999999999957,False,False
1195,20337,CC1CC(C)C(O)=CC1=O,3.5877061717635823,40.925,26.35,4.650000000000002,14.574999999999996,False,False
1196,20366,CC1CC(C=O)(C=O)O1,3.911728612264579,32.95,59.85,3.362499999999997,26.9,False,False
1197,20392,CC1CC(CC#N)N1C,4.426300625187909,21.15,10.8,1.1375000000000028,10.349999999999998,False,False
1198,20402,CC1CC(CCCO)O1,3.0181029034251203,54.400000000000006,74.7,4.550000000000011,20.299999999999997,False,False
1199,20403,CC1CC(CCO)C1=O,2.2581087536216065,72.39999999999999,57.15,3.4749999999999943,15.249999999999993,False,False
1201,20536,CC1CC1(C#N)C=O,3.0159072619495855,54.474999999999994,58.675,4.331249999999997,4.200000000000003,False,False
1202,20585,CC1CC1(O)C#N,3.9055556565721856,33.225,35.975,3.59375,2.75,False,False
1203,20629,CC1CC1C(N)=O,3.605896937470819,40.45,32.95,2.4250000000000043,7.5,False,False
1204,20630,CC1CC1C(N)C#N,2.624994462664505,63.824999999999996,18.825,4.21875,45.0,False,False
1205,20638,CC1CC1CC(=O)CO,3.388986049819766,46.025,41.425,6.25,4.600000000000001,False,False
1206,20694,CC1CC=C(CC#N)C1,4.1477691109934245,27.075,20.349999999999998,2.90625,6.725000000000001,False,False
1207,20700,CC1CC=CC(=O)C1=O,5.950786452568986,4.5249999999999995,1.225,1.225,3.2999999999999994,True,True
1208,20746,CC1CC=CCOC1,1.4376592123543268,89.125,92.55,0.78125,3.424999999999997,False,False
1210,20824,CC1CCC(C#N)C1O,3.6903131327060663,38.125,16.925,6.59375,21.2,False,False
1211,20848,CC1CCC(C)C(=O)C1,3.2581943092365635,48.625,51.24999999999999,2.01250000000001,2.624999999999993,False,False
1212,20863,CC1CCC(C=O)OC1,3.3189665798533814,47.475,50.425,6.71875,2.9499999999999957,False,False
1213,20941,CC1CCC=CCC1=O,3.032170202461865,53.900000000000006,54.449999999999996,3.0687499999999943,0.54999999999999,False,False
1214,21010,CC1CCCN1C(N)=O,4.3441395728466325,23.05,19.225,4.806249999999999,3.8249999999999993,False,False
1215,21074,CC1CCN=C(C#N)N1,6.01943100704733,4.15,1.825,0.48750000000000027,2.325,True,True
1216,21101,CC1CCNC1=O,4.101989704952757,28.075,16.5,4.287500000000001,11.575,False,False
1217,21141,CC1CCOC(C=O)C1,3.1294807130364557,51.300000000000004,52.175000000000004,4.724999999999994,0.875,False,False
1218,21160,CC1CCOC1CO,3.04105611725921,53.77499999999999,59.8,6.21875,6.025000000000006,False,False
1220,21178,CC1CCOCC1C,1.5504178285111798,87.47500000000001,90.275,1.8687500000000057,2.799999999999997,False,False
1221,21191,CC1CCOCOC1=N,2.972880759282334,55.725,50.824999999999996,4.524999999999999,4.900000000000006,False,False
1222,21198,CC1CCOS(=O)(=O)N1,6.2875618954965775,2.9749999999999996,1.15,0.8999999999999999,1.8249999999999997,True,True
1223,21203,CC1CCS(=O)(=O)CC1,5.600746740709268,6.875000000000001,2.3,0.8875000000000004,4.575000000000001,True,True
1224,21214,CC1CN(C(C)C)C(=O)NC1=O,4.408948802227878,21.475,14.05,0.6625000000000014,7.425000000000001,False,False
1225,21230,CC1CN(C)C(=O)O1,5.379548232037585,8.375,3.125,1.3937500000000007,5.25,True,True
1227,21313,CC1CN1CCC(N)=O,2.3199025832620275,71.275,32.725,3.8749999999999964,38.550000000000004,False,False
1228,21361,CC1CN=COC1C#N,3.815400500880742,35.175,41.25,4.493750000000006,6.075000000000003,False,False
1229,21386,CC1CNC(=O)C(N)=N1,2.2521399672245312,72.6,74.55000000000001,3.6187500000000057,1.950000000000017,False,False
1230,21388,CC1CNC(=O)C1,4.315093201087479,23.825,12.6,4.1562500000000036,11.225,False,False
1231,21415,CC1CNC(=O)NC1=O,4.314112290569193,23.849999999999998,15.125,4.856249999999999,8.724999999999998,False,False
1232,21433,CC1CNC(C#N)CO1,4.101177628630662,28.1,16.150000000000002,4.549999999999999,11.95,False,False
1233,21501,CC1COC(=N)N1C=O,6.502117639913492,2.025,12.775,13.162500000000001,10.75,False,True
1234,21544,CC1COC(=O)N1Cl,5.517484805827386,7.35,2.0,1.8124999999999998,5.35,True,True
1235,21576,CC1COC(C(N)=O)C1,3.344755218231855,46.85,44.875,2.4375,1.9750000000000014,False,False
1236,21586,CC1COC(C)(C)OC1,1.855079410326585,82.075,93.75,1.2000000000000028,11.674999999999997,False,False
1237,21618,CC1COC(C=O)O1,4.393573119225483,22.025,26.05,10.231250000000003,4.025000000000002,False,False
1238,21637,CC1COC(CO)OC1,3.740485782940792,36.85,43.0,6.068749999999994,6.149999999999999,False,False
1239,21688,CC1COC1CNC=O,3.8517846478075746,34.5,36.175000000000004,6.649999999999999,1.6750000000000043,False,False
1240,21762,CC1COCC=C1C=O,2.860988376413121,58.4,64.425,2.9125000000000085,6.024999999999999,False,False
1241,21805,CC1COCOC1,2.204889723259898,73.675,82.8,3.999999999999986,9.125,False,False
1242,21821,CC1CONC1=O,2.9359008786321095,56.725,60.175,1.2124999999999915,3.4499999999999957,False,False
1243,21826,CC1COP(=O)(O)O1,4.1623974305301195,26.8,8.825,1.3625000000000007,17.975,True,False
1244,21845,CC1CS(=O)OC1=O,4.986617420467372,12.35,9.5,2.4437499999999996,2.8499999999999996,True,False
1245,21855,CC1CSC(=S)S1,5.377116534099726,8.4,3.35,0.5562499999999999,5.050000000000001,True,True
1246,21859,CC1CSC1=O,3.7234426384696286,37.275000000000006,29.65,2.9562500000000007,7.625000000000007,False,False
1247,21927,CC1N=CNC1C#N,2.906379816890327,57.375,51.225,5.0,6.149999999999999,False,False
1248,21982,CC1NC(=O)C(=O)C1C,6.4660762361226665,2.275,0.625,0.25625,1.65,True,True
1249,22051,CC1NC(=S)S1,5.168159960566711,10.4,4.55,2.2,5.8500000000000005,True,False
1250,22064,CC1NC(C#N)CC1O,2.714149113908507,62.125,8.4,1.1187500000000021,53.725,True,False
1251,22099,CC1NC1(C)C#N,3.248243662178323,48.8,19.425,0.4250000000000007,29.374999999999996,False,False
1252,22170,CC1NC=NC1(C)C#N,6.055203864784169,3.8249999999999997,3.0,1.0999999999999996,0.8249999999999997,True,True
1253,22174,CC1NCC(=N)OC1C,3.8225771142931344,34.975,38.875,3.437500000000007,3.8999999999999986,False,False
1254,22195,CC1NCC1(C#N)CO,2.949811137041612,56.325,30.725,3.793750000000003,25.6,False,False
1255,22265,CC1OC(=N)C1OC=O,4.193138729926275,26.1,42.95,13.231249999999996,16.85,False,False
1256,22337,CC1OC(=O)C1F,4.450263479277791,20.674999999999997,17.775,5.400000000000002,2.8999999999999986,False,False
1257,22344,CC1OC(=O)C1S,4.008106860086815,30.4,14.325,3.3124999999999964,16.075,False,False
1258,22367,CC1OC(=O)NC1=N,2.732835606607589,61.6,58.475,5.831250000000004,3.125,False,False
1260,22437,CC1OC(C)C(O)C1C,1.9977671431120976,79.14999999999999,86.95,2.799999999999997,7.800000000000011,False,False
1261,22452,CC1OC(C)C1C(N)=O,4.681704592080704,16.75,50.849999999999994,4.056250000000006,34.099999999999994,False,False
1262,22475,CC1OC(C=O)OC1=O,2.7780057826394717,60.425,61.85000000000001,6.662499999999994,1.4250000000000114,False,False
1263,22511,CC1OC1(C#N)CC=O,4.3686892877681105,22.575,18.05,3.1437500000000007,4.524999999999999,False,False
1264,22525,CC1OC1(C)C(F)(F)F,3.20535425496648,49.575,61.175000000000004,3.637500000000003,11.600000000000001,False,False
1265,22530,CC1OC1(C)C(O)CO,3.122032560040034,51.5,73.7,3.4312500000000057,22.200000000000003,False,False
1266,22563,CC1OC1C,2.125774750292851,75.625,82.25,2.1999999999999886,6.625,False,False
1267,22577,CC1OC1C(=O)C=O,2.061793590536545,77.75,87.3,3.731250000000003,9.549999999999997,False,False
1268,22580,CC1OC1C(=O)CCO,2.646464440060713,63.175000000000004,74.075,5.168750000000003,10.899999999999999,False,False
1269,22609,CC1OC1C(O)C=O,1.9890194099619605,79.3,70.95,4.65625,8.349999999999994,False,False
1270,22651,CC1OC1COC=O,5.8603116200978835,5.125,4.0,3.2625,1.125,True,True
1271,22656,CC1OC1F,2.4517853480396767,67.75,68.875,5.5062500000000085,1.125,False,False
1273,22798,CC1OCC1(CO)CO,3.857487577259127,34.35,69.19999999999999,4.9375,34.84999999999999,False,False
1274,22812,CC1OCC1=NO,1.2293892164224962,92.425,93.325,1.1312500000000085,0.9000000000000057,False,False
1275,22982,CC1OCOC1CO,2.158536227142513,74.9,81.075,1.5187500000000114,6.174999999999997,False,False
1276,22997,CC1ONC(=O)O1,3.4346967932100667,44.800000000000004,31.275,3.4812499999999957,13.525000000000006,False,False
1277,23012,CC1O[C@@H]1Br,2.4972909768011067,66.64999999999999,67.875,2.5687499999999943,1.2250000000000085,False,False
1278,23017,CC1S(=O)(=O)OCCCOS1(=O)=O,6.1427440747048045,3.35,22.85,13.925,19.5,False,True
1279,23025,CC1SC1C,2.33962086450631,70.7,73.75,1.3375000000000057,3.049999999999997,False,False
1280,23048,CC1SSCC1=O,0.3791354329758515,99.175,98.275,1.137500000000017,0.8999999999999915,False,False
1281,23049,CC1SSCCC1=O,1.9794228012164137,79.5,88.675,5.306250000000006,9.174999999999997,False,False
1282,23068,CC=C(F)C=O,4.541350272226314,18.75,54.55,5.01250000000001,35.8,False,False
1283,23079,CC=C1CC1(F)F,2.72263969228506,61.875,56.49999999999999,1.8250000000000028,5.375000000000007,False,False
1284,23103,CC=CC(=O)C=O,2.7058642921043052,62.3,65.25,1.5375000000000085,2.950000000000003,False,False
1285,23114,CC=CC(C)=O,3.145047473907267,51.0,47.699999999999996,4.293750000000003,3.3000000000000043,False,False
1286,23116,CC=CC(F)(F)Br,2.977250182952172,55.55,61.150000000000006,3.799999999999997,5.6000000000000085,False,False
1287,23117,CC=CC(F)(F)C=O,3.942547326263704,32.025,67.425,2.018749999999997,35.4,False,False
1288,23122,CC=CC(N)=O,4.37999861275311,22.325,16.875,5.162499999999998,5.449999999999999,False,False
1289,23127,CC=CCC1CC(=O)OC1=O,5.024044735254757,11.825,10.174999999999999,1.9624999999999986,1.6500000000000004,False,False
1290,23138,CC=COC(=O)S,1.2994929838242206,91.475,79.80000000000001,1.90625,11.674999999999983,False,False
1291,23140,CC=COC=O,2.1197385727354976,75.775,82.675,6.9937499999999915,6.8999999999999915,False,False
1292,23142,CC=COS(=O)O,2.141868269012235,75.325,86.45,1.3937499999999972,11.125,False,False
1293,23145,CC=CS(=O)(=O)C=CC,5.42863379174718,7.9750000000000005,8.975,1.7437500000000004,0.9999999999999991,True,True
1294,23154,CC=NC(=O)NS,3.66045996854682,38.925,37.925,3.8562499999999957,1.0,False,False
1295,23162,CC=NNC(=O)OC,1.1266896174844114,93.925,87.6,3.7874999999999943,6.325000000000003,False,False
1296,23170,CCC#CC#CC(N)=O,4.678889211662641,16.8,8.05,2.0374999999999996,8.75,True,False
1297,23194,CCC#CC(=O)NC=O,7.286862609170835,0.8250000000000001,0.525,0.43750000000000006,0.30000000000000004,True,True
1298,23213,CCC#CC(C)OC,1.18597477741793,93.25,97.95,0.8937499999999972,4.700000000000003,False,False
1299,23222,CCC#CC(N)=O,4.28131803918861,24.4,21.4,3.0624999999999964,3.0,False,False
1300,23228,CCC#CC(O)C(N)=O,4.760683779599154,15.525,13.5,7.012499999999999,2.0250000000000004,False,False
1301,23287,CCC#CCCC(N)=O,3.7765567785033,35.9,46.0,4.081250000000004,10.100000000000001,False,False
1302,23297,CCC#CCNC(C)=O,4.3111213821993495,23.875,22.775000000000002,4.34375,1.0999999999999979,False,False
1303,23327,CCC(=N)N(C)C=O,1.0137660969332312,95.125,59.550000000000004,5.887499999999996,35.574999999999996,False,False
1304,23329,CCC(=N)N(C=O)C=O,4.2437643423916525,24.925,25.85,19.58125,0.9250000000000007,False,False
1305,23368,CCC(=O)C#CC(N)=O,3.3300719078127186,47.175,35.775,5.037500000000001,11.399999999999999,False,False
1306,23369,CCC(=O)C#CC1CC1,3.8615247386320033,34.225,30.775000000000002,3.3125,3.4499999999999993,False,False
1307,23385,CCC(=O)C(=N)NC=O,1.9279738614843216,80.72500000000001,47.375,8.681249999999999,33.35000000000001,False,False
1308,23393,CCC(=O)C(=O)C(O)O,1.4328226671719562,89.225,78.7,2.2937499999999886,10.524999999999991,False,False
1309,23403,CCC(=O)C(=O)Cl,2.7604568206811693,60.9,72.5,2.1812500000000057,11.600000000000001,False,False
1310,23405,CCC(=O)C(=O)N(C)C,3.093834695179519,52.275000000000006,66.125,2.606250000000003,13.849999999999994,False,False
1311,23407,CCC(=O)C(=O)NC,1.333595749292135,90.95,93.89999999999999,0.8624999999999972,2.9499999999999886,False,False
1312,23410,CCC(=O)C(=O)O,1.5603857501462943,87.225,69.925,2.668750000000003,17.299999999999997,False,False
1313,23468,CCC(=O)C(F)Cl,1.46876693978141,88.6,81.875,3.2437499999999773,6.724999999999994,False,False
1314,23628,CCC(=O)CC1CO1,2.8386720861176657,59.12500000000001,67.10000000000001,3.9250000000000043,7.975000000000001,False,False
1315,23639,CCC(=O)CCC1CO1,1.51356457720429,87.97500000000001,76.725,6.21875,11.250000000000014,False,False
1316,23659,CCC(=O)CNS(C)(=O)=O,4.456864195336806,20.625,13.200000000000001,2.175,7.424999999999999,False,False
1317,23660,CCC(=O)CO,4.350409842120194,22.875,53.900000000000006,3.8687499999999915,31.025000000000006,False,False
1318,23691,CCC(=O)N(C=N)CC,3.402385992779154,45.725,79.60000000000001,3.668750000000003,33.87500000000001,False,False
1319,23696,CCC(=O)N1C(=O)C(CC)(CC)C(=O)N1C(=O)CC,2.3775894929527652,69.875,31.25,13.281250000000004,38.625,False,False
1320,23714,CCC(=O)N1CCCC1,4.233209585749131,25.15,17.45,5.3749999999999964,7.699999999999999,False,False
1321,23723,CCC(=O)NC(=O)NC,6.357489939614582,2.75,5.325,9.718749999999998,2.575,True,True
1322,23727,CCC(=O)NC(C)C,3.5979343108382835,40.65,39.550000000000004,3.6812499999999986,1.0999999999999943,False,False
1323,23733,CCC(=O)NC(N)=O,6.284061488418087,3.0,0.8750000000000001,0.3124999999999998,2.125,True,True
1324,23740,CCC(=O)NC=O,6.005073476111633,4.2,1.425,0.42500000000000027,2.7750000000000004,True,True
1325,23756,CCC(=O)NCl,4.009902895293519,30.3,22.675,4.387500000000003,7.625,False,False
1326,23759,CCC(=O)NN=O,5.0764799383556,11.35,6.3,1.487499999999999,5.05,True,False
1327,23760,CCC(=O)NO,3.3209216988812376,47.375,46.2,2.6312499999999943,1.1749999999999972,False,False
1328,23763,CCC(=O)NSCl,4.46048333803823,20.525,16.825000000000003,11.056250000000002,3.6999999999999957,False,False
1329,23796,CCC(=O)OC=O,4.010611503162741,30.275000000000002,23.375,3.6687499999999993,6.900000000000002,False,False
1330,23813,CCC(=O)OCCl,2.894568893240231,57.599999999999994,73.52499999999999,2.8625000000000114,15.924999999999997,False,False
1331,23817,CCC(=O)OS(=O)O,2.990631475981954,55.125,51.475,4.524999999999999,3.6499999999999986,False,False
1332,23829,CCC(=O)c1ccccc1,3.013726162715559,54.525,56.875,4.09375,2.3500000000000014,False,False
1333,23830,CCC(=O)c1cccnc1,4.484612155210393,20.025000000000002,81.05,11.618750000000006,61.02499999999999,False,False
1334,23852,CCC(=S)OC,2.186935867678876,74.2,47.05,3.6875,27.150000000000006,False,False
1335,23854,CCC(=S)SC,4.276078359183116,24.525,71.625,2.812499999999986,47.1,False,False
1336,23858,CCC(Br)C(=O)N(C)C,3.7749488846360206,35.949999999999996,28.249999999999996,5.174999999999997,7.699999999999999,False,False
1337,23861,CCC(Br)C(=O)OC(=O)C(Br)CC,4.067243135832912,28.875,36.125,4.399999999999995,7.25,False,False
1338,23866,CCC(C#CC#N)CC,5.698281758881377,6.25,2.65,0.4624999999999999,3.6,True,True
1339,23867,CCC(C#CC#N)CO,4.735134699932003,16.0,4.575,0.6687500000000002,11.425,True,False
1340,23899,CCC(C#N)C(=O)NC,0.9440191894676544,95.8,75.6,11.031249999999986,20.200000000000003,False,False
1341,23936,CCC(C#N)CC(C)=O,5.120186269772502,10.925,24.175,7.443750000000005,13.25,False,False
1342,23947,CCC(C#N)CCO,3.042501096374965,53.675,29.799999999999997,7.012499999999996,23.875,False,False
1343,23970,CCC(C#N)NC=O,4.121235108141009,27.625,27.025,2.043750000000003,0.6000000000000014,False,False
1344,23986,CCC(C#N)OP=O,4.5292524442334,19.125,34.449999999999996,5.956250000000008,15.324999999999996,False,False
1345,23998,CCC(C(C)=O)S(=O)(=O)O,4.332395744450935,23.35,10.15,1.5062500000000005,13.200000000000001,False,False
1346,24017,CCC(C)(C#N)CC,4.041762131062757,29.4,18.725,5.418749999999999,10.674999999999997,False,False
1347,24023,CCC(C)(C#N)N(C)C,4.214499140449524,25.525,27.800000000000004,4.331250000000004,2.2750000000000057,False,False
1348,24029,CCC(C)(C#N)OC=O,4.458144467799751,20.575,15.925,5.9375,4.649999999999999,False,False
1349,24035,CCC(C)(C)C(=O)NC,3.5143900523571916,43.025000000000006,51.55,2.012500000000003,8.524999999999991,False,False
1350,24042,CCC(C)(C)C(N)C#N,2.9632532193878203,56.05,33.45,4.90625,22.599999999999994,False,False
1351,24050,CCC(C)(C)CC#N,4.2590596691016565,24.7,18.625,2.9875000000000007,6.074999999999999,False,False
1352,24056,CCC(C)(C)CNC=O,3.858274426107567,34.300000000000004,34.175,5.581250000000004,0.1250000000000071,False,False
1353,24061,CCC(C)(C)NC(=O)NC(N)=O,5.955726089578575,4.45,15.875,2.7249999999999996,11.425,False,True
1355,24136,CCC(C)(O)COC=O,5.178981303524819,10.25,10.525,4.143750000000001,0.27500000000000036,False,False
1356,24173,CCC(C)C(=O)NC=N,1.7177433740827313,84.625,76.175,9.431249999999999,8.450000000000003,False,False
1357,24174,CCC(C)C(=O)NC=O,5.989819354611329,4.3,4.35,0.5749999999999997,0.04999999999999982,True,True
1358,24195,CCC(C)C(C)NC=O,3.993525353014399,30.875000000000004,31.125000000000004,6.25,0.25,False,False
1359,24213,CCC(C)C1(C#N)CO1,4.025818143211821,29.9,24.85,3.306250000000002,5.049999999999997,False,False
1360,24249,CCC(C)C1NC(=O)OC1=O,5.67874593394435,6.425,2.9749999999999996,0.6187499999999999,3.45,True,True
1361,24254,CCC(C)C1OC1C#N,3.8584208681581704,34.275,19.6,1.4437500000000014,14.674999999999997,False,False
1362,24267,CCC(C)CC(=O)NC,3.5199916543139325,42.725,45.225,2.206249999999997,2.5,False,False
1363,24268,CCC(C)CC(=O)OC,1.56553338048045,87.1,88.97500000000001,2.1875,1.8750000000000142,False,False
1364,24291,CCC(C)CN=COC,2.9919584406741966,55.1,62.675000000000004,1.4249999999999972,7.575000000000003,False,False
1365,24294,CCC(C)CNC(N)=O,3.738761715207954,36.875,35.625,2.8000000000000043,1.25,False,False
1366,24295,CCC(C)CNC=O,4.021258386261444,29.925,24.075,3.637500000000003,5.850000000000001,False,False
1367,24310,CCC(C)N(C)C=O,4.36266571591557,22.675,15.375,4.9999999999999964,7.300000000000001,False,False
1368,24314,CCC(C)N(C=O)CC,4.327816078051235,23.525,20.275000000000002,1.4562500000000007,3.2499999999999964,False,False
1369,24326,CCC(C)NC(=O)C=O,2.6262302410002585,63.775000000000006,57.925000000000004,7.368750000000013,5.850000000000001,False,False
1370,24331,CCC(C)NC(C)=O,3.712825067138421,37.475,34.975,2.3187499999999943,2.5,False,False
1371,24333,CCC(C)NC(N)=O,3.697286154572078,37.925,37.1,2.231250000000003,0.8249999999999957,False,False
1372,24344,CCC(C)OC(=O)CN,2.1283794420445896,75.6,84.82499999999999,5.943749999999994,9.224999999999994,False,False
1373,24346,CCC(C)OC(=O)F,3.6168415702260086,40.1,31.1,9.675000000000004,9.0,False,False
1374,24349,CCC(C)OC(=S)S,5.40450403818503,8.1,27.200000000000003,5.668749999999992,19.1,False,True
1375,24350,CCC(C)OC(=S)SN,3.1527174689345383,50.824999999999996,31.4,3.7437500000000057,19.424999999999997,False,False
1376,24366,CCC(C)OC=O,4.53649472568747,18.875,11.0,5.725000000000001,7.875,False,False
1377,24418,CCC(C=O)COC=O,6.043624226358722,3.9,13.25,2.15625,9.35,False,True
1378,24442,CCC(CC#N)C1CC1,4.327764206577935,23.549999999999997,19.400000000000002,5.362500000000001,4.149999999999995,False,False
1379,24459,CCC(CC(N)=O)OC,4.448484566935294,20.724999999999998,25.525,3.7875000000000014,4.800000000000001,False,False
1380,24500,CCC(CC)OC(C)C,1.2228124987177784,92.575,99.175,0.7062500000000114,6.599999999999994,False,False
1381,24515,CCC(CC=O)COC,3.4413163345926314,44.574999999999996,45.15,4.768750000000011,0.5750000000000028,False,False
1382,24539,CCC(CO)C(=O)C#N,3.494535512747733,43.375,36.425000000000004,7.456250000000001,6.949999999999996,False,False
1383,24600,CCC(Cl)C#N,3.688979186767768,38.15,23.825,3.0249999999999986,14.325,False,False
1384,24608,CCC(F)(F)Cl,2.5117558838286516,66.4,69.27499999999999,1.7437499999999915,2.874999999999986,False,False
1385,24615,CCC(F)(F)SOOO,2.7718859259459805,60.62499999999999,73.02499999999999,6.349999999999994,12.399999999999999,False,False
1386,24624,CCC(F)C#N,3.677779626678052,38.375,24.975,5.2812499999999964,13.399999999999999,False,False
1387,24650,CCC(N)C(=O)NC=O,5.007272127239601,12.075,4.475,1.7249999999999996,7.6,True,False
1388,24651,CCC(N)C(=O)OC(=O)C(N)CC,2.6790019685163724,62.7,52.7,4.368749999999999,10.0,False,False
1389,24661,CCC(NC=O)C(C)=O,2.620691656477854,64.025,67.55,4.71875,3.5249999999999915,False,False
1390,24663,CCC(NC=O)C(C)O,2.3719435405180644,69.95,60.475,2.706249999999997,9.475000000000001,False,False
1391,24668,CCC(O)(C#N)C(=N)N,4.061120103240996,28.975,26.775,8.45625,2.200000000000003,False,False
1392,24685,CCC(O)(C=O)C(N)=O,4.84199522629282,14.249999999999998,62.275000000000006,3.5,48.025000000000006,False,False
1393,24689,CCC(O)(CC)C(C)=O,2.2456954927011368,72.775,76.35,8.662499999999994,3.5749999999999886,False,False
1394,24695,CCC(O)(CO)C(N)=O,2.931105368483383,56.825,72.55,8.975000000000001,15.724999999999994,False,False
1395,24705,CCC(O)C#CC(N)=O,2.828596774302932,59.35,34.2,6.118750000000006,25.15,False,False
1396,24708,CCC(O)C#CCOC,3.0638301856156493,53.075,84.725,0.5687500000000085,31.64999999999999,False,False
1397,24751,CCC(O)C(C)OC=O,3.673247821126521,38.525,25.474999999999998,7.625000000000002,13.05,False,False
1399,24763,CCC(O)C(O)COC,1.6046866693955475,86.45,76.3,2.7062500000000114,10.150000000000006,False,False
1401,24843,CCC(O)CN=COC,2.1948839961991697,73.875,56.525000000000006,4.9437500000000085,17.349999999999994,False,False
1402,24855,CCC(O)COC=NC,1.6364732003314455,85.925,63.2,5.368750000000006,22.724999999999994,False,False
1403,24866,CCC(OC)C(=O)CO,2.9739848267771363,55.65,37.375,5.487499999999997,18.275,False,False
1404,24961,CCC1(C#N)CCOC1,3.0200908228598884,54.275,36.075,6.4125000000000085,18.199999999999996,False,False
1405,24978,CCC1(C#N)NC1C,3.203384580223681,49.6,31.424999999999997,5.40625,18.175000000000004,False,False
1406,25009,CCC1(C(=O)O)NC(=O)NC1=O,2.981852627112034,55.375,70.72500000000001,5.143749999999997,15.350000000000009,False,False
1407,25036,CCC1(C(C)CO)CO1,3.2333323691596223,49.025,82.1,3.7125000000000057,33.074999999999996,False,False
1408,25113,CCC1(C)CC(O)CO1,1.6872155943761908,85.15,87.875,1.8125000000000142,2.7249999999999943,False,False
1409,25120,CCC1(C)CC1C(C)=O,2.87179450415826,58.099999999999994,55.275,4.118749999999999,2.8249999999999957,False,False
1410,25139,CCC1(C)CCCC1=O,2.85904166865761,58.475,59.475,2.3125,1.0,False,False
1411,25146,CCC1(C)CCO1,1.8491706658278904,82.15,87.625,2.0749999999999886,5.474999999999994,False,False
1412,25169,CCC1(C)CO1,2.0646549871731525,77.60000000000001,88.0,4.081249999999997,10.399999999999991,False,False
1413,25200,CCC1(C)NC(=O)OC1=O,5.729174362390745,6.075,3.075,1.1812499999999997,3.0,True,True
1415,25355,CCC1(CC)OC1C#N,4.199650695375168,25.900000000000002,23.25,5.0,2.650000000000002,False,False
1416,25452,CCC1(NCC#N)CC1,4.396942704163254,21.9,12.55,2.7937499999999993,9.349999999999998,False,False
1417,25476,CCC1(O)CC1(C)C#N,5.766026857151227,5.825,11.725,3.1812499999999986,5.8999999999999995,False,True
1418,25498,CCC1(O)CCOC1=O,3.677935362916416,38.35,33.625,5.287500000000001,4.725000000000001,False,False
1419,25522,CCC1(O)COCC1O,1.857535489697595,82.0,83.35000000000001,2.0999999999999943,1.3500000000000085,False,False
1420,25534,CCC1(OC)C=CCC1,1.0482355741376452,94.825,96.89999999999999,0.8874999999999886,2.0749999999999886,False,False
1421,25544,CCC1(OC)CC1C=O,2.953611829393896,56.3,50.64999999999999,2.2562499999999943,5.650000000000006,False,False
1422,25565,CCC1(OC=NC)CC1,3.1167686290773378,51.575,64.05,6.412499999999994,12.474999999999994,False,False
1423,25571,CCC1(OCC#N)CC1,3.510711750532479,43.125,41.349999999999994,8.325000000000003,1.7750000000000057,False,False
1424,25606,CCC1=C(O)C(=O)C(C)(CC)C1,2.997947297808,54.949999999999996,47.625,2.34375,7.324999999999996,False,False
1425,25630,CCC1=CC(=O)CNC1,4.214575671990207,25.5,12.25,3.3937500000000007,13.25,False,False
1426,25719,CCC1=CCOC=NC1,2.3608428922706897,70.3,73.125,1.9750000000000085,2.825000000000003,False,False
1428,25756,CCC1=NCC(C#N)O1,3.356390764753574,46.525,48.25,4.087500000000006,1.7250000000000014,False,False
1429,25815,CCC1C(=O)NC(=O)NC1=O,0.7335465686687449,97.52499999999999,97.32499999999999,1.5562499999999915,0.20000000000000284,False,False
1430,25894,CCC1C(O)C1NC=O,3.992645595696493,30.9,43.4,4.762499999999996,12.5,False,False
1431,26025,CCC1CC(=O)O1,4.619393264391948,17.549999999999997,8.525,3.0624999999999982,9.024999999999997,True,False
1432,26026,CCC1CC(=O)OC(=O)C1,6.044592181956217,3.875,2.075,0.71875,1.7999999999999998,True,True
1433,26031,CCC1CC(=O)OCO1,4.30665936940068,24.0,19.3,2.5375000000000014,4.699999999999999,False,False
1434,26053,CCC1CC(C)(CC)O1,1.6945595884288776,85.02499999999999,90.575,1.3062500000000057,5.550000000000011,False,False
1435,26069,CCC1CC(C)CC1=O,3.0274077178333756,54.0,55.05,0.54375000000001,1.0499999999999972,False,False
1436,26074,CCC1CC(C)NC1=O,4.109153872159059,27.825,20.375,4.631250000000001,7.449999999999999,False,False
1437,26139,CCC1CC1C#N,4.383517561813487,22.25,11.075,2.2375000000000007,11.175,False,False
1438,26166,CCC1CC1OC,1.1345498779633554,93.875,96.275,1.1124999999999972,2.4000000000000057,False,False
1439,26177,CCC1CC=C(C)CO1,1.2741947978405506,91.675,95.875,1.1187500000000057,4.200000000000003,False,False
1441,26232,CCC1CCC1COC,1.2022560451832485,92.9,98.8,0.7124999999999915,5.8999999999999915,False,False
1442,26259,CCC1CCCOC=N1,2.384049922410683,69.72500000000001,72.175,4.950000000000003,2.4499999999999886,False,False
1443,26369,CCC1CNC1C#N,4.787963159513787,15.0,11.65,2.0874999999999986,3.3499999999999996,False,False
1444,26433,CCC1COC1C=O,4.300005679078985,24.15,37.45,6.206249999999997,13.300000000000004,False,False
1445,26489,CCC1N=COC1C,1.8462417807748568,82.25,85.475,1.7062499999999972,3.2249999999999943,False,False
1446,26563,CCC1NCC1(O)C#N,2.5249914077821836,66.0,45.525,6.5312499999999964,20.475,False,False
1447,26580,CCC1OC(=N)C1NC,1.9784448424230832,79.55,68.5,6.54999999999999,11.049999999999997,False,False
1448,26619,CCC1OC(C#N)C1C,4.535191775264589,18.95,8.649999999999999,1.7437500000000004,10.3,True,False
1449,26645,CCC1OC(C=O)C1=O,1.927952110732265,80.75,42.25,5.437500000000007,38.5,False,False
1450,26655,CCC1OC1(C#N)C#N,4.757483723254972,15.6,7.074999999999999,3.674999999999999,8.525,True,False
1451,26707,CCC1OC1CC,2.005535906406137,79.0,86.325,3.0,7.325000000000003,False,False
1452,26731,CCC1OC=NCC1O,1.7804912121629366,83.325,84.075,2.2249999999999943,0.75,False,False
1453,26743,CCC1OCC(C)C1=O,1.8336132046275675,82.45,87.47500000000001,1.8562500000000028,5.025000000000006,False,False
1454,26836,CCC=C(Cl)C#N,4.2081848207494,25.650000000000002,12.5,4.781249999999998,13.150000000000002,False,False
1455,26837,CCC=C(F)Br,2.049348513438311,78.0,84.175,5.737499999999997,6.174999999999997,False,False
1456,26867,CCCC#CCC(N)=O,4.4886491702714455,19.925,9.125,2.462500000000002,10.8,True,False
1457,26878,CCCC(=N)NC=O,4.751013251897463,15.65,13.0,4.4625,2.6500000000000004,False,False
1458,26909,CCCC(=O)C(C)C=O,1.804447218792839,82.89999999999999,70.05,3.549999999999997,12.849999999999994,False,False
1459,26913,CCCC(=O)C(C)OC,2.7434676352682303,61.3,59.5,2.1937499999999943,1.7999999999999972,False,False
1460,26936,CCCC(=O)C=C(O)CCC,2.388997307554663,69.525,25.05,5.524999999999995,44.47500000000001,False,False
1461,26937,CCCC(=O)C=CC=C(O)C(=O)O,3.9369862110040073,32.225,62.0,9.549999999999997,29.775,False,False
1462,26959,CCCC(=O)N(C)C=O,4.181448891458233,26.424999999999997,20.0,9.887500000000001,6.424999999999997,False,False
1463,26965,CCCC(=O)N1CCS(=O)CC1,3.0254434366247023,54.074999999999996,35.949999999999996,2.2312499999999993,18.125,False,False
1465,26977,CCCC(=O)NCC,3.57144869453594,41.349999999999994,35.675000000000004,3.9937499999999986,5.67499999999999,False,False
1466,26986,CCCC(=O)OC(=O)c1ccccc1O,2.676271121759812,62.875,20.875,2.6999999999999957,42.0,False,False
1467,27020,CCCC(C#N)NC,4.779664476795885,15.174999999999999,16.325,6.40625,1.1500000000000004,False,False
1468,27057,CCCC(C)C#N,4.344041283377013,23.075000000000003,15.2,3.5687500000000014,7.8750000000000036,False,False
1469,27062,CCCC(C)C(=O)NC,3.615004579991522,40.175,40.325,4.375,0.15000000000000568,False,False
1470,27068,CCCC(C)C(N)=O,3.695762561805106,38.0,57.95,2.218749999999993,19.950000000000003,False,False
1471,27106,CCCC(C=O)C(N)=O,1.5400546720020851,87.6,80.30000000000001,6.5625,7.299999999999983,False,False
1472,27107,CCCC(C=O)C1CO1,2.784405697941936,60.275,53.7,3.1312499999999943,6.574999999999996,False,False
1473,27141,CCCC(C[N+](=O)[O-])OC,4.618100662841682,17.575,28.499999999999996,7.893750000000001,10.924999999999997,False,False
1474,27149,CCCC(N)=O,3.6959808983183056,37.974999999999994,29.325000000000003,5.043750000000003,8.649999999999991,False,False
1475,27203,CCCC/C=C(/C)S(=O)CCS,4.953361062078301,12.85,35.025,7.087499999999999,22.174999999999997,False,False
1476,27204,CCCC/C=C/C1=C(C)C(=O)OC1=O,5.929619574591743,4.65,1.25,0.5500000000000003,3.4000000000000004,True,True
1478,27277,CCCC1(CC)OC1C,2.1133358706563863,76.05,90.25,2.3187499999999943,14.200000000000003,False,False
1480,27280,CCCC1(CCC)NC(=O)NC1=O,3.2216851437071377,49.375,51.6,3.5187500000000114,2.2250000000000014,False,False
1481,27310,CCCC1=C(O)C(=O)CC1,3.2293527532794943,49.1,34.35,6.5,14.75,False,False
1482,27334,CCCC1C(=O)CC1O,3.556139929573283,41.775,61.5,3.4749999999999943,19.725,False,False
1483,27409,CCCC1CCN1C=O,4.604651833893649,17.75,9.675,2.6187499999999986,8.075,True,False
1484,27419,CCCC1CCOCO1,2.0460864807855033,78.125,86.1,2.437499999999986,7.974999999999994,False,False
1485,27428,CCCC1CN=CO1,2.0568923932528618,77.875,83.125,1.0999999999999943,5.25,False,False
1486,27432,CCCC1CNC(=O)O1,5.353742835771913,8.625,3.7249999999999996,0.9437500000000001,4.9,True,True
1488,27478,CCCC1OC(=O)C1N,3.532331653463842,42.5,37.5,6.562500000000007,5.0,False,False
1489,27506,CCCC1OCC(C)O1,1.3660953346366822,90.17500000000001,95.075,1.1000000000000085,4.8999999999999915,False,False
1490,27538,CCCCC#CS(=O)(=O)C(F)(F)F,5.803108097791725,5.55,3.4250000000000003,2.3312500000000007,2.1249999999999996,True,True
1491,27551,CCCCC(=O)CC=O,2.7834818114850526,60.3,57.525000000000006,2.65625,2.7749999999999915,False,False
1492,27563,CCCCC(=O)OCC,1.8587776057367775,81.925,88.35,3.312500000000014,6.424999999999997,False,False
1493,27590,CCCCC(CC)COC(=O)Cl,3.666678275019146,38.775,42.025,5.056249999999999,3.25,False,False
1494,27599,CCCCC(N=C=S)C(=O)OCC,5.03857851446319,11.65,17.675,7.037499999999998,6.025,False,False
1496,27677,CCCCCC(=O)CF,4.0545109023138854,29.125,68.125,13.200000000000003,39.0,False,False
1497,27687,CCCCCC(=O)OC(=O)OCC,2.517031467083202,66.25,52.300000000000004,7.8687499999999915,13.949999999999996,False,False
1498,27714,CCCCCCC1=C(CBr)C(=O)OC1=O,5.298730306423445,9.175,12.725,4.068749999999998,3.549999999999999,False,True
1499,27720,CCCCCCCNC(=O)O,2.4167897050526244,68.875,76.75,5.0625,7.875,False,False
1500,27722,CCCCCCCOC(=O)OC,0.6595747732866234,97.875,98.52499999999999,0.26250000000000284,0.6499999999999915,False,False
1501,27735,CCCCCCSC1N=NC(=O)NC1=O,3.5290198531606225,42.55,47.0,9.8875,4.450000000000003,False,False
1502,27804,CCCCNC(=O)CC,3.596056896017229,40.699999999999996,33.95,3.7250000000000014,6.749999999999993,False,False
1503,27806,CCCCNC(=O)NC(=O)CCl,4.953763909277744,12.825000000000001,30.025000000000002,23.124999999999996,17.200000000000003,False,False
1504,27807,CCCCNC(=O)O,2.471810688565654,67.225,71.2,2.9812499999999886,3.9750000000000085,False,False
1505,27812,CCCCNC=O,3.957339148426959,31.6,25.8,2.9875000000000007,5.800000000000001,False,False
1506,27826,CCCCOC(=O)CN=C=O,5.20771016991476,9.950000000000001,19.625,11.050000000000004,9.674999999999999,False,True
1507,27827,CCCCOC(=O)CN=C=S,1.5009698453136553,88.175,34.0,7.531250000000007,54.175,False,False
1508,27830,CCCCOC(=O)NC,2.441730376964583,68.0,85.0,3.606250000000003,17.0,False,False
1509,27834,CCCCOC(=S)N(C)C,3.747045541623293,36.7,34.4,7.318749999999998,2.3000000000000043,False,False
1511,27882,CCCCS(=O)(=O)C(C)C,4.5094469251252125,19.45,7.2749999999999995,1.643749999999999,12.175,True,False
1512,27887,CCCCS(=O)(=O)CCC,5.33790258331982,8.875,7.875,2.0375000000000014,1.0,True,True
1513,27889,CCCCS(=O)(=O)CCSC(C)=O,6.037950944388041,3.95,15.45,2.112499999999999,11.5,False,True
1514,27893,CCCCS(=O)(=O)N1CCCC1,3.704716415910015,37.724999999999994,11.25,5.074999999999999,26.474999999999994,False,False
1515,27894,CCCCS(=O)(=O)NN=CC(=O)O,3.601335576341613,40.5,23.45,4.181249999999999,17.05,False,False
1516,27896,CCCCS(=O)C(C)C,4.009690561935732,30.325000000000003,26.450000000000003,6.46875,3.875,False,False
1517,27901,CCCCS(=O)CCC(N)C(=O)O,4.376566879938908,22.45,49.675000000000004,12.543750000000003,27.225000000000005,False,False
1518,27908,CCCCS(C)(=O)=NC#N,8.539469696703732,0.1,0.575,3.01875,0.475,True,True
1519,27910,CCCCS(C)=O,4.0459526849839325,29.25,18.5,6.075000000000003,10.75,False,False
1520,27934,CCCN(C)C(=O)NC,3.942446772246418,32.05,27.325,5.762500000000003,4.724999999999998,False,False
1521,27942,CCCN(C=N)C(C)=O,2.271142387128968,72.0,62.5,7.718750000000014,9.5,False,False
1522,27945,CCCN(C=O)C(=N)N,0.8063144456549365,97.02499999999999,62.1,5.700000000000017,34.92499999999999,False,False
1523,27946,CCCN(C=O)C(C)=N,1.4334708669918894,89.2,58.95,5.131249999999994,30.25,False,False
1524,27952,CCCN(C=O)C=O,6.444494205252268,2.375,3.5000000000000004,2.3499999999999996,1.1250000000000004,True,True
1525,27985,CCCN1CCC1=O,4.071825779286556,28.749999999999996,24.725,4.412499999999998,4.024999999999995,False,False
1526,28002,CCCN=C(N)C(N)=O,2.228781947909071,73.175,81.15,8.53125,7.9750000000000085,False,False
1527,28015,CCCN=CNC=O,1.999011321816954,79.125,72.925,13.200000000000003,6.200000000000003,False,False
1528,28035,CCCNC(=O)C(N)=O,0.5996642343196751,98.3,99.55000000000001,0.3999999999999915,1.2500000000000142,False,False
1529,28044,CCCNC(=O)CC=O,3.7330005469332144,36.975,43.175000000000004,6.500000000000007,6.200000000000003,False,False
1530,28046,CCCNC(=O)CCO,2.4033540131833955,69.175,49.85,5.206250000000001,19.324999999999996,False,False
1531,28055,CCCNC(=O)NCC,3.760906028877256,36.275,38.45,3.325000000000003,2.1750000000000043,False,False
1532,28113,CCCOC(=O)N=S(C)(=O)CC,5.391319060838439,8.3,21.125,2.3562499999999993,12.825,False,True
1533,28115,CCCOC(=O)NC=N,4.352238877844273,22.825,37.724999999999994,6.774999999999999,14.899999999999995,False,False
1534,28121,CCCOC(=O)OC(C)C,0.3568435854319952,99.275,99.2,0.26250000000000284,0.07500000000000284,False,False
1535,28123,CCCOC(=O)OCCC,0.5351206435572423,98.475,99.6,0.34375,1.125,False,False
1536,28159,CCCOC(C=O)CC,2.289341872825788,71.8,63.14999999999999,4.9312499999999915,8.650000000000006,False,False
1537,28188,CCCOC1CC1C=O,3.261394597771369,48.575,41.325,5.1875,7.25,False,False
1538,28194,CCCOC1CCC1,1.0777769956652057,94.35,98.85000000000001,0.7687499999999972,4.500000000000014,False,False
1539,28222,CCCOCC(=N)OC,2.2229927736540307,73.375,72.3,5.968750000000014,1.0750000000000028,False,False
1540,28241,CCCOCC(N)=O,4.042141414104801,29.349999999999998,26.974999999999998,3.775000000000002,2.375,False,False
1541,28244,CCCOCC(O)C=O,3.081067383904717,52.775000000000006,57.25,9.78125,4.474999999999994,False,False
1542,28249,CCCOCC1(C)CO1,1.9281100488153156,80.7,86.4,1.5999999999999943,5.700000000000003,False,False
1543,28272,CCCOCCCC=O,3.47736848696075,43.725,34.425,5.299999999999997,9.300000000000004,False,False
1544,28277,CCCOCCNC=O,4.3848753635569775,22.225,13.925,4.887500000000003,8.3,False,False
1546,28289,CCCOS(=O)(=O)OC,3.775270018932387,35.925000000000004,18.95,3.4624999999999986,16.975000000000005,False,False
1547,28292,CCCOS(=O)O,3.380226386422691,46.150000000000006,64.4,6.899999999999999,18.25,False,False
1548,28324,CCCP(O)O,1.706931149996065,84.82499999999999,70.375,6.7562500000000085,14.449999999999989,False,False
1549,28329,CCCS(=O)(=O)CCN(C)C,4.106238499461757,27.950000000000003,7.625,1.5000000000000009,20.325000000000003,True,False
1550,28333,CCCS(=O)(=O)N1CCCC1,4.576822417700646,18.2,9.1,2.96875,9.1,True,False
1551,28341,CCCS(=O)/C=C\c1ccccc1,4.789963166118781,14.975,13.100000000000001,3.7437499999999986,1.8749999999999982,False,False
1552,28351,CCCS(C)=O,4.630616940185159,17.375,17.549999999999997,5.862499999999997,0.17499999999999716,False,False
1553,28353,CCCSC(=N)N,3.234103446194935,49.0,84.425,5.893750000000011,35.425,False,False
1555,28355,CCCSC(=O)CCC,0.9729597004753536,95.5,78.725,7.71875,16.775000000000006,False,False
1556,28371,CCC[C@@H](O)/C=C/S(C)=O,3.707267224481849,37.65,13.625000000000002,5.024999999999999,24.025,False,False
1557,28377,CCN(C#N)C(=O)S,5.509431497525482,7.425,39.300000000000004,2.8500000000000014,31.875000000000004,False,True
1558,28383,CCN(C(C)=N)C(N)=O,4.092456041764302,28.299999999999997,72.275,5.88750000000001,43.97500000000001,False,False
1559,28391,CCN(C(N)=O)C1CC1,4.0715312682206655,28.775000000000002,38.1,2.8375000000000057,9.325,False,False
1560,28399,CCN(C)C(=O)C(C)O,4.742227593051394,15.775,23.65,4.625,7.874999999999998,False,False
1561,28412,CCN(C)C(=O)N(C)C,3.402320788860456,45.775,35.75,3.2124999999999986,10.024999999999999,False,False
1562,28416,CCN(C)C(=O)NC=N,3.237305176761257,48.925000000000004,39.050000000000004,5.71875,9.875,False,False
1563,28426,CCN(C)C(C)=O,3.894190612209607,33.5,32.25,2.4250000000000043,1.25,False,False
1564,28451,CCN(C=N)C(N)=O,3.092074704902223,52.400000000000006,73.5,6.668749999999989,21.099999999999994,False,False
1565,28468,CCN(C=O)C(C)=NC,2.0630386699264314,77.625,58.199999999999996,6.518750000000004,19.425000000000004,False,False
1567,28472,CCN(C=O)C(C)C=O,6.032406759869493,4.075,15.85,11.287499999999998,11.774999999999999,False,True
1568,28475,CCN(C=O)C(N)=O,1.671914556010203,85.375,45.925,12.712499999999999,39.45,False,False
1569,28479,CCN(C=O)C1CCC1,4.152281771717995,27.025,17.474999999999998,5.09375,9.55,False,False
1570,28498,CCN(CC#N)C(C)=O,3.758736468593762,36.3,22.125,4.34375,14.174999999999997,False,False
1571,28500,CCN(CC#N)C(N)=O,2.6336792211082476,63.475,16.400000000000002,4.762499999999999,47.075,False,False
1572,28516,CCN(CC)C(=S)S(C)=O,3.4740066871944815,43.9,25.3,6.475000000000001,18.599999999999998,False,False
1573,28535,CCN(CCO)C(C)=O,5.951386612016161,4.5,32.425,3.4375,27.924999999999997,False,True
1574,28549,CCN(O)C(=O)O,2.3627767015852297,70.175,84.95,4.6187499999999915,14.775000000000006,False,False
1575,28566,CCN1C(=O)CC(=O)N(CC)C1=S,0.6434717796560988,98.0,95.89999999999999,1.456249999999983,2.1000000000000085,False,False
1576,28575,CCN1C(=O)CCC1C,4.104779223585705,27.975,22.275,3.09375,5.700000000000003,False,False
1577,28576,CCN1C(=O)CN=C1C,3.4115491664831175,45.225,44.0,1.7687500000000043,1.2250000000000014,False,False
1578,28624,CCN1CC(=O)NC1=O,3.019614351241527,54.300000000000004,45.0,5.631249999999994,9.300000000000004,False,False
1579,28646,CCN1CC(OC)C1=O,2.9700428333655675,55.825,56.95,1.2562499999999872,1.125,False,False
1580,28706,CCN1CCN(C)C1=O,3.995436377562057,30.8,24.75,4.03125,6.050000000000001,False,False
1581,28722,CCN1OC1=O,3.773965462315643,35.975,29.675,5.96875,6.300000000000001,False,False
1583,28748,CCN=C(N)C(=O)C=O,5.349755036060178,8.75,62.224999999999994,3.781250000000007,53.474999999999994,False,True
1584,28798,CCN=C1COCCO1,2.4954870272700775,66.675,77.0,2.325000000000003,10.325000000000003,False,False
1585,28799,CCN=C1COCO1,1.4241717026583904,89.4,92.75,1.0687499999999943,3.3499999999999943,False,False
1586,28833,CCN=CN(C=O)C=O,6.480555816991409,2.125,7.75,21.887499999999996,5.625,True,True
1587,28896,CCNC(=O)C#CC=O,3.909562202810181,33.0,11.55,3.4375,21.45,False,False
1588,28898,CCNC(=O)C#CCl,3.8512007614118713,34.525,28.799999999999997,4.71875,5.725000000000001,False,False
1589,28909,CCNC(=O)C(C)=O,1.4515368537957063,88.85,90.05,1.3062500000000057,1.2000000000000028,False,False
1590,28919,CCNC(=O)C(N)=O,0.5153346658027708,98.575,99.325,0.3374999999999915,0.75,False,False
1591,28945,CCNC(=O)CC(C)C,3.436971949400704,44.725,40.475,3.812499999999993,4.25,False,False
1592,28978,CCNC(=O)NC(=O)CC#N,3.876378424630089,34.0,4.375,3.2375000000000003,29.625,True,False
1594,28982,CCNC(=O)NC(N)=O,6.037032369569291,4.0,6.7250000000000005,3.16875,2.7250000000000005,True,True
1595,28986,CCNC(=O)NC=O,6.7633219082228235,1.4500000000000002,0.25,0.2500000000000001,1.2000000000000002,True,True
1597,29005,CCNC(=S)NC#N,7.676273701573344,0.4,23.925,21.631249999999998,23.525000000000002,False,True
1598,29010,CCNC(C#N)C(C)=O,2.989532193270291,55.2,45.4,6.650000000000006,9.800000000000004,False,False
1599,29014,CCNC(C#N)C(N)=O,3.632010499484486,39.725,25.575,2.587500000000002,14.150000000000002,False,False
1600,29023,CCNC(C#N)CN,4.82916388926569,14.374999999999998,19.525000000000002,2.381249999999998,5.150000000000004,False,False
1601,29024,CCNC(C#N)CNC,4.857484705756962,14.075,9.55,2.3000000000000007,4.524999999999999,True,False
1602,29031,CCNC(C)(C#N)CO,3.564240177163549,41.65,30.45,5.356250000000003,11.2,False,False
1603,29089,CCNOS(=O)(=O)O,2.772402917601204,60.6,21.575,5.768750000000001,39.025000000000006,False,False
1604,29101,CCNS(=O)(=O)c1cccnc1Cl,6.736914354623495,1.4749999999999999,7.725,1.5062499999999996,6.25,True,True
1605,29109,CCO/N=[N+](\[O-])CC(=O)OCC,3.4082978645613475,45.475,42.625,9.70625,2.8500000000000014,False,False
1606,29111,CCOC,1.289520510633892,91.60000000000001,95.675,0.5312500000000142,4.074999999999989,False,False
1607,29112,CCOC#CBr,2.6896710133929007,62.55,67.125,1.2125000000000057,4.575000000000003,False,False
1608,29115,CCOC(=N)C#CC#N,3.812052949256355,35.3,14.899999999999999,4.587499999999999,20.4,False,False
1610,29217,CCOC(=O)C(=O)CC,1.5551770553164772,87.35000000000001,84.52499999999999,7.7562500000000085,2.825000000000017,False,False
1611,29223,CCOC(=O)C(=O)S,3.149397377250567,50.9,58.62500000000001,2.9750000000000014,7.7250000000000085,False,False
1612,29303,CCOC(=O)C=S1CCCC1,6.273699593857849,3.05,24.775,7.243750000000002,21.724999999999998,False,True
1613,29305,CCOC(=O)CBr,2.4653789609486836,67.45,69.22500000000001,4.206249999999983,1.7750000000000057,False,False
1614,29316,CCOC(=O)CC(N=C=S)C(=O)OCC,5.955049795070132,4.475,44.474999999999994,3.03125,39.99999999999999,False,True
1615,29324,CCOC(=O)CCC(C(C)=O)=C(C)O,5.783239522060481,5.7,24.5,10.781250000000004,18.8,False,True
1616,29335,CCOC(=O)CCS(=O)CC,2.965395191463272,56.00000000000001,12.45,2.9749999999999996,43.55000000000001,False,False
1618,29351,CCOC(=O)COC=N,5.202526510819683,10.05,34.325,8.881250000000001,24.275000000000002,False,False
1619,29356,CCOC(=O)CS(=O)(=O)OCC,2.2202416974389516,73.425,39.225,4.4937499999999915,34.199999999999996,False,False
1620,29360,CCOC(=O)C[N+](=O)[O-],2.485469605973391,66.975,46.050000000000004,1.8812499999999943,20.92499999999999,False,False
1621,29378,CCOC(=O)N=C=S,2.98515346001468,55.275,65.375,2.25,10.100000000000001,False,False
1622,29400,CCOC(=O)NC(N)=O,5.531984895721055,7.199999999999999,5.2,3.3874999999999993,1.9999999999999991,True,True
1623,29402,CCOC(=O)NC1=CC(=O)OC1=O,6.591128760634211,1.7999999999999998,0.675,0.8812500000000001,1.1249999999999998,True,True
1624,29409,CCOC(=O)NCCCl,3.580473793056138,41.15,69.6,0.9874999999999972,28.449999999999996,False,False
1625,29428,CCOC(=O)OC(=O)C1CCCO1,4.472556713063667,20.325,39.775,3.9937499999999915,19.45,False,False
1626,29430,CCOC(=O)OC(=O)CC1(C)SCCS1,2.2653869634526163,72.15,39.900000000000006,13.412500000000001,32.25,False,False
1627,29433,CCOC(=O)OC(=O)c1ccccc1,2.8335113152411404,59.22500000000001,23.075000000000003,10.518749999999997,36.150000000000006,False,False
1628,29435,CCOC(=O)OC(C)Br,2.6895584502429575,62.575,72.2,3.581249999999997,9.625,False,False
1629,29454,CCOC(=O)O[C@@H](C)Cl,2.1825728868054135,74.275,68.925,3.956249999999997,5.3500000000000085,False,False
1630,29457,CCOC(=O)S,3.276275857309331,48.375,70.35,1.9562500000000114,21.974999999999994,False,False
1631,29458,CCOC(=O)S(=N)(=O)CC,2.11350425998106,76.0,27.700000000000003,10.206249999999999,48.3,False,False
1632,29464,CCOC(=O)SS,3.169558457498437,50.324999999999996,68.025,2.231250000000017,17.70000000000001,False,False
1633,29465,CCOC(=O)[13CH2]Br,2.2086379489725454,73.55000000000001,69.85,3.8187499999999943,3.700000000000017,False,False
1634,29478,CCOC(=O)c1cccc(N=C=S)c1,4.6659677735991965,17.0,36.75,22.406250000000007,19.75,False,False
1635,29481,CCOC(=O)c1cccs1,2.623741230339158,63.849999999999994,85.2,1.9500000000000028,21.35000000000001,False,False
1636,29488,CCOC(=O)c1cocn1,0.9203244265944526,96.15,94.95,2.9125000000000085,1.2000000000000028,False,False
1637,29489,CCOC(=O)c1cscn1,3.417424281037317,45.175,71.0,4.268749999999997,25.825000000000003,False,False
1638,29503,CCOC(=S)SCCCS(=O)(=O)O,3.980240082409113,31.2,14.725,11.950000000000003,16.475,False,False
1639,29504,CCOC(=S)SCCSC,2.1613824534019175,74.775,62.3,13.018749999999997,12.475000000000009,False,False
1640,29505,CCOC(=S)SF,2.8722046450012386,58.074999999999996,39.1,6.643750000000004,18.974999999999994,False,False
1642,29547,CCOC(C)(C)CCO,2.4494402428229067,67.825,84.15,3.3312500000000114,16.325000000000003,False,False
1643,29575,CCOC(C)C(C)=NO,1.262459599633598,91.975,96.175,0.9874999999999972,4.200000000000003,False,False
1644,29579,CCOC(C)C(C)C=O,3.5112057851974705,43.1,45.45,5.981249999999996,2.3500000000000014,False,False
1645,29603,CCOC(C)C1COC1,3.3690420527490565,46.25,67.625,1.6124999999999972,21.375,False,False
1646,29626,CCOC(C=O)=NC,1.9899466480898305,79.25,66.225,4.500000000000014,13.025000000000006,False,False
1647,29628,CCOC(C=O)C(C)C,1.9868242182653295,79.35,71.15,2.1000000000000085,8.199999999999989,False,False
1648,29646,CCOC(CC)C(N)=O,4.123632899251069,27.6,47.475,8.318750000000001,19.875,False,False
1649,29651,CCOC(CC)CC#N,3.668878801834292,38.65,17.8,4.218749999999998,20.849999999999998,False,False
1650,29657,CCOC(CCl)c1ccccc1,2.1830197504981,74.25,65.5,3.168750000000003,8.75,False,False
1651,29663,CCOC(CO)C(N)=O,2.3087528236229486,71.525,39.95,5.793749999999996,31.575000000000003,False,False
1652,29683,CCOC(F)(F)P,3.5168124118937216,42.925000000000004,70.125,5.918750000000017,27.199999999999996,False,False
1653,29685,CCOC(F)=C(F)F,2.812617020370757,59.62499999999999,62.375,4.406249999999986,2.750000000000007,False,False
1654,29705,CCOC1(C#N)CC1,3.752003635586144,36.449999999999996,23.9,3.668750000000003,12.549999999999997,False,False
1655,29724,CCOC1(C)CC1,1.232783961457149,92.375,96.125,0.53125,3.75,False,False
1656,29750,CCOC1(C=O)CC1C,3.17553529705516,50.2,57.85,4.96875,7.649999999999999,False,False
1657,29769,CCOC1=C(C#N)C(SC)=CS(C)(=O)=C1,5.678359907254568,6.45,2.225,1.03125,4.225,True,True
1658,29771,CCOC1=C(O)C(=O)OC1C(O)CO,4.713867622141498,16.275000000000002,31.974999999999998,14.04375,15.699999999999996,False,False
1659,29797,CCOC1C(C)C1(C)C,1.065381696454637,94.5,97.6,0.8187499999999943,3.0999999999999943,False,False
1660,29837,CCOC1CC(=O)C1,3.4554380890766363,44.15,40.125,3.2250000000000085,4.024999999999999,False,False
1661,29891,CCOC1CC1OC=O,4.128430905811728,27.450000000000003,11.1,6.174999999999999,16.35,False,False
1662,29896,CCOC1CC=CC1O,1.720641289225719,84.575,86.625,1.4937499999999915,2.049999999999997,False,False
1663,29903,CCOC1CCC(C)O1,0.6936238291325931,97.7,97.82499999999999,1.1375000000000028,0.12499999999998579,False,False
1664,29935,CCOC1CN(C)C1=O,2.939655100033244,56.599999999999994,48.675000000000004,4.231249999999996,7.92499999999999,False,False
1665,30019,CCOCBr,2.8744996279183335,57.99999999999999,58.72500000000001,4.887499999999996,0.7250000000000156,False,False
1666,30084,CCOCC(C)C(N)=O,2.968195554723754,55.925000000000004,46.525,4.924999999999997,9.400000000000006,False,False
1667,30104,CCOCC(CC)CC,1.2283086987011114,92.45,99.15,0.5375000000000085,6.700000000000003,False,False
1668,30110,CCOCC(N)=O,3.939496718631899,32.15,26.525,2.6875,5.625,False,False
1669,30147,CCOCC1(CO)CC1,3.2404748389474913,48.9,74.47500000000001,2.78125,25.57500000000001,False,False
1670,30156,CCOCC1=CCCC1,1.2348010207982845,92.325,97.45,1.112499999999983,5.125,False,False
1671,30171,CCOCC1CC1,1.063423911068479,94.525,96.0,0.9999999999999858,1.4749999999999943,False,False
1672,30199,CCOCC1COC1=O,4.330425819481743,23.45,16.45,1.7312499999999975,7.0,False,False
1673,30206,CCOCC1NC1C=O,2.730374821771319,61.650000000000006,51.075,8.774999999999999,10.575000000000003,False,False
1674,30237,CCOCCC(C)C=O,3.5682392969295673,41.5,62.55,2.000000000000014,21.049999999999997,False,False
1675,30270,CCOCCCCC=O,3.284458902910991,48.199999999999996,58.525000000000006,3.1499999999999915,10.32500000000001,False,False
1676,30277,CCOCCCN=C=S,3.104633439345474,52.025,35.25,6.093749999999993,16.775,False,False
1677,30278,CCOCCCNC=O,3.7922372968060034,35.5,39.85,4.674999999999997,4.350000000000001,False,False
1678,30283,CCOCCN(C)C=O,5.091981669077442,11.200000000000001,12.7,4.34375,1.4999999999999982,False,False
1679,30286,CCOCCN=C=S,4.408236877643248,21.55,29.375,4.050000000000001,7.824999999999999,False,False
1681,30306,CCOCCOCC=O,3.194119452144213,49.8,47.349999999999994,3.3812499999999943,2.450000000000003,False,False
1682,30307,CCOCCOCCO,2.0772079948868636,77.25,74.175,5.293749999999989,3.075000000000003,False,False
1683,30314,CCOCO,2.157122152857192,74.925,93.025,3.1624999999999943,18.10000000000001,False,False
1684,30322,CCOCc1cccc(Cl)c1,1.0783924370812352,94.325,78.27499999999999,5.181250000000006,16.05000000000001,False,False
1685,30339,CCOCc1ncco1,1.0380152103867812,94.925,95.6,3.05625000000002,0.6749999999999972,False,False
1686,30343,CCOCc1nnc(NS(C)(=O)=O)s1,5.186373077481302,10.174999999999999,12.85,3.3125,2.6750000000000007,False,False
1687,30355,CCOOC(F)F,2.3900806276754856,69.45,55.35,4.725000000000001,14.100000000000001,False,False
1688,30365,CCOP(=O)(N=C=O)OCC,3.4407317434767273,44.65,32.75,14.362499999999997,11.899999999999999,False,False
1689,30379,CCOP(C#N)C#N,3.5227214530136384,42.699999999999996,7.199999999999999,1.8125,35.5,True,False
1690,30380,CCOP(C)(=O)CN,3.249400508767228,48.775,41.625,7.462499999999999,7.149999999999999,False,False
1691,30381,CCOP(C)(=O)F,2.997235520674564,54.974999999999994,37.3,12.331249999999997,17.674999999999997,False,False
1692,30388,CCOP(Cl)C#N,3.1380089214339466,51.15,23.625,4.775000000000002,27.525,False,False
1693,30389,CCOP(N)(=O)F,3.847715235393079,34.575,46.6,7.975000000000001,12.024999999999999,False,False
1694,30398,CCOP1(=O)OSO1,2.851011535777201,58.699999999999996,39.125,3.9312499999999986,19.574999999999996,False,False
1695,30400,CCOS(=O)(=O)C(F)(F)F,4.0041658125932,30.55,30.099999999999998,9.374999999999993,0.45000000000000284,False,False
1696,30404,CCOS(=O)(=O)OC,3.820234922811288,35.05,33.125,3.581249999999997,1.9249999999999972,False,False
1697,30405,CCOS(=O)(=O)OCC,4.038426020506293,29.5,43.675000000000004,8.449999999999996,14.175000000000004,False,False
1699,30414,CCOS(=O)OC(F)F,2.735266784938084,61.5,52.275000000000006,9.918750000000003,9.224999999999994,False,False
1700,30415,CCOS(=O)OCl,4.1735912632385155,26.55,50.55,7.90625,23.999999999999996,False,False
1701,30423,CCO[13C](=S)S,3.409634138611287,45.324999999999996,46.025,5.331250000000011,0.7000000000000028,False,False
1702,30426,CCO[SiH2]C,1.4247308286580538,89.375,98.825,0.26874999999999716,9.450000000000003,False,False
1703,30429,CCO[SiH2]N=C=O,3.6176306871599127,40.050000000000004,44.025,8.399999999999999,3.9749999999999943,False,False
1704,30430,CCO[SiH2]OCC,2.30432222118291,71.575,97.625,0.5750000000000028,26.049999999999997,False,False
1705,30433,CCO[SiH3],1.151478307563785,93.75,97.075,1.2562499999999943,3.325000000000003,False,False
1706,30434,CCO[SiH](C)C,0.8456306886523499,96.72500000000001,98.95,0.5812499999999972,2.2249999999999943,False,False
1707,30438,CCO[SiH]=O,3.558503133131889,41.725,31.0,15.556249999999999,10.725000000000001,False,False
1708,30439,CCO[Si]#N,6.394023703575191,2.6,15.1,12.75,12.5,False,True
1710,30497,CCOc1ccc(O)cc1,2.618411992794367,64.125,92.875,5.731250000000017,28.75,False,False
1711,30498,CCOc1ccc(S(=O)(=O)OCC)cc1,6.357249806047763,2.775,1.5,0.29374999999999996,1.275,True,True
1712,30509,CCOc1cccnc1Br,5.101111016104138,11.075,21.675,9.631250000000001,10.600000000000001,False,False
1713,30550,CCOc1cnns1,5.086899094055154,11.275,8.774999999999999,4.46875,2.5000000000000018,True,False
1714,30604,CCOc1nccnc1Cl,3.0238600354622,54.2,60.224999999999994,2.1312500000000085,6.0249999999999915,False,False
1715,30613,CCOc1ncns1,3.1975242985856984,49.7,49.775000000000006,5.050000000000011,0.07500000000000284,False,False
1717,30665,CCP(C#N)C#N,4.8058519676316305,14.725,6.275,1.7812499999999991,8.45,True,False
1718,30675,CCP(OC)OC,1.3630501739587857,90.275,95.72500000000001,1.7687499999999972,5.450000000000003,False,False
1719,30676,CCPC#N,4.308408615023801,23.95,17.575,6.4687499999999964,6.375,False,False
1720,30678,CCPC(F)(F)F,2.734608064166151,61.550000000000004,68.27499999999999,1.1562499999999858,6.724999999999987,False,False
1721,30679,CCPSC#N,3.660446541439092,38.95,11.625,1.956249999999999,27.325000000000003,False,False
1722,30683,CCS(=O)(=O)C(C)(C)C,4.726451536185374,16.1,8.275,2.51875,7.825000000000001,True,False
1723,30684,CCS(=O)(=O)C(C)(C)S(=O)(=O)CC,6.355632481796995,2.8000000000000003,28.875,4.3,26.075,False,True
1724,30694,CCS(=O)(=O)CC(C)=O,2.519605118856943,66.175,60.975,7.193749999999994,5.199999999999996,False,False
1725,30701,CCS(=O)(=O)CCSP(=O)(O)OC,6.791387221630675,1.375,3.6999999999999997,3.70625,2.3249999999999997,True,True
1726,30741,CCS(=O)C(C)Br,3.685027917938048,38.224999999999994,41.65,4.999999999999993,3.4250000000000043,False,False
1727,30743,CCS(=O)C(F)(F)C(F)Cl,3.738454087601827,36.925000000000004,38.75,9.006250000000001,1.8249999999999957,False,False
1729,30752,CCS(=O)CC(=O)N1CCCCC1=O,6.39792560873648,2.55,5.8500000000000005,3.3812500000000005,3.3000000000000007,True,True
1730,30758,CCS(=O)CCOP(=S)(OC)OC,3.70779220559174,37.625,21.45,9.21875,16.175,False,False
1731,30759,CCS(=O)CCS(=O)CC,6.02557783422639,4.1000000000000005,34.25,1.956249999999999,30.15,False,True
1732,30768,CCS(=O)c1ccc(OC)nn1,3.478631684730048,43.6,26.3,7.381250000000001,17.3,False,False
1733,30790,CCSC(=O)C(=O)S,3.1754281701667555,50.224999999999994,68.05,6.681250000000006,17.825000000000003,False,False
1734,30794,CCSC(=O)C=O,2.428704410580389,68.45,69.425,2.48125000000001,0.9749999999999943,False,False
1736,30822,CCSC(=S)SCCCS(=O)(=O)O,3.607405815998796,40.375,11.3,6.2125,29.075,False,False
1737,30823,CCSC(C#N)=CBr,5.634101148021326,6.625,34.775,9.181249999999995,28.15,False,True
1738,30835,CCSC(F)=C(F)F,2.370449062307359,70.0,64.67500000000001,5.262500000000003,5.324999999999989,False,False
1739,30863,CCSCC[N+](=O)[O-],3.5809661396147594,41.099999999999994,23.325000000000003,6.424999999999997,17.77499999999999,False,False
1740,30875,CCSNC(=O)Cl,4.04197648023815,29.375,27.1,9.60625,2.2749999999999986,False,False
1741,30884,CCSPC#N,4.324660059987188,23.674999999999997,28.95,2.306250000000002,5.275000000000002,False,False
1742,30914,CCSc1ncnc(N)n1,0.9818419805427934,95.39999999999999,55.974999999999994,3.7562500000000085,39.425,False,False
1743,30932,CC[C@@]1(C)OC(=O)OC1=O,4.601997218798196,17.849999999999998,11.525,3.224999999999998,6.3249999999999975,False,False
1744,30933,CC[C@H](Br)C(=O)OC,2.2531604511294083,72.52499999999999,86.05000000000001,5.143749999999983,13.52500000000002,False,False
1745,30936,CC[C@H](N)C(N)=O,3.51957522652775,42.775,40.025,3.5062499999999943,2.75,False,False
1746,30940,CC[C@H]1CCCC[S@]1=O,4.043484340666679,29.275000000000002,16.425,3.4312500000000004,12.850000000000001,False,False
1747,30942,CC[C@H]1CO1,2.035804997493454,78.45,84.275,2.981250000000003,5.825000000000003,False,False
1748,30946,CC[C@H]1SCC[C@H]1C,2.1173234592394428,75.85,88.325,5.249999999999986,12.475000000000009,False,False
1749,30951,CC[SiH2]C(F)F,1.9814155223027352,79.45,79.25,7.018750000000011,0.20000000000000284,False,False
1750,30953,CC[SiH2]CF,1.665744765694135,85.425,86.0,1.9250000000000114,0.5750000000000028,False,False
1751,30975,CCc1cc(C#N)c(N)s1,4.582968495452398,18.099999999999998,9.175,3.0687499999999996,8.924999999999997,True,False
1752,30997,CCc1ccc(F)cn1,2.078984787723245,77.2,74.425,2.1312499999999943,2.7750000000000057,False,False
1753,31004,CCc1cccc(C)c1NS(C)(=O)=O,3.4469789579446983,44.324999999999996,28.349999999999998,3.731250000000001,15.974999999999998,False,False
1754,31038,CCc1cocc1SC,1.6830211182168822,85.2,95.19999999999999,0.7437499999999915,9.999999999999986,False,False
1755,31059,CCc1ncc(F)cn1,0.1144112419960108,99.625,99.52499999999999,1.7687499999999972,0.10000000000000853,False,False
1757,31077,CCc1noc(C#N)n1,3.645010915716496,39.375,32.2,3.2562499999999943,7.174999999999997,False,False
1758,31083,CCc1nsc(F)n1,0.4753018128024973,98.8,97.25,2.5062500000000085,1.5499999999999972,False,False
1759,31099,CCn1ccc(C#N)c1,7.172428183108624,0.8999999999999999,0.2,0.23749999999999993,0.7,True,True
1760,31140,CN(C#N)NC(=O)O,4.920371895996309,13.275,8.025,2.6125000000000007,5.25,True,False
1761,31146,CN(C(=N)N)C(=O)C=O,1.9785971357045593,79.525,77.8,4.818749999999994,1.7250000000000085,False,False
1762,31173,CN(C)C(=O)C#CC=O,4.630318376678356,17.4,17.625,3.09375,0.22500000000000142,False,False
1763,31185,CN(C)C(=O)C(O)C=O,6.4060242414195745,2.45,18.9,12.462499999999995,16.45,False,True
1764,31209,CN(C)C(=O)CCN,3.0744442793550406,52.949999999999996,55.175,4.856249999999996,2.2250000000000014,False,False
1765,31231,CN(C)C(=O)O,2.615715678521338,64.225,69.55,1.6125000000000114,5.325000000000003,False,False
1766,31242,CN(C)C(=O)SCl,4.868813907723675,13.950000000000001,14.000000000000002,5.043750000000003,0.05000000000000071,False,False
1767,31244,CN(C)C(=S)C#N,5.941555523792072,4.575,2.25,1.7187500000000002,2.325,True,True
1768,31245,CN(C)C(=S)C(N)=O,2.783215409696349,60.324999999999996,60.575,2.5062499999999943,0.2500000000000071,False,False
1769,31277,CN(C)C(CO)C(N)=O,3.2554272865914826,48.675000000000004,36.025,4.537500000000001,12.650000000000006,False,False
1770,31285,CN(C)C1(C#N)CC1O,3.462324168511166,44.0,29.25,5.881249999999998,14.75,False,False
1771,31330,CN(C)CC(=N)NC=O,5.342716144857728,8.799999999999999,18.175,9.943750000000001,9.375000000000002,False,True
1772,31343,CN(C)CC(C#N)C=O,2.493459231241685,66.75,39.574999999999996,3.9312499999999986,27.175000000000004,False,False
1773,31353,CN(C)CC1CCCC1=O,2.7347214723774544,61.525,56.99999999999999,3.418750000000003,4.525000000000006,False,False
1774,31355,CN(C)CCC#N,4.339088693768731,23.125,13.725000000000001,1.9937500000000004,9.399999999999999,False,False
1775,31363,CN(C)COC(=S)S,4.020982883683703,29.95,36.1,15.931249999999995,6.150000000000002,False,False
1776,31368,CN(C)NC=O,2.827665082083863,59.375,39.375,5.381249999999998,20.0,False,False
1777,31385,CN(C)S(=O)(=O)Cc1ccccc1,3.6799020099804296,38.275,13.675,3.1625000000000014,24.599999999999998,False,False
1778,31388,CN(C)S(=O)(=O)c1ccc(F)cc1,3.8966769294422017,33.475,23.5,6.412500000000001,9.975000000000001,False,False
1779,31390,CN(C)S(=O)(=O)c1ccc(O)cc1,5.928713178418361,4.7,5.025,1.86875,0.3250000000000002,True,True
1780,31397,CN(C)SC#N,3.6543576148272807,39.125,23.0,6.012499999999999,16.125,False,False
1781,31405,CN(C=N)C(=O)C(N)=O,1.967506553411672,79.825,75.4,9.018750000000004,4.424999999999997,False,False
1782,31413,CN(C=N)C(=O)NC=O,4.795307288796611,14.875,17.974999999999998,5.39375,3.099999999999998,False,False
1785,31452,CN(C=O)C(C)(C)C#N,4.222618638755398,25.35,38.9,5.606249999999996,13.549999999999997,False,False
1786,31491,CN(C=O)C=NCC#N,3.129739116527912,51.275000000000006,55.55,6.481249999999996,4.2749999999999915,False,False
1787,31509,CN(C=O)CC(O)C=O,4.88994853917308,13.675,44.25,27.399999999999995,30.575,False,False
1788,31522,CN(C=O)CC=O,1.3700449536769188,90.075,58.325,5.143749999999997,31.75,False,False
1789,31543,CN(C=O)NC=O,3.1487503930546072,50.925,40.175,11.318749999999998,10.75,False,False
1791,31563,CN(C=O)c1cnc[nH]1,3.7720167745404503,36.05,62.7,5.356250000000003,26.650000000000006,False,False
1792,31565,CN(C=O)c1cnno1,2.138705985983706,75.375,73.175,7.506250000000001,2.200000000000003,False,False
1793,31586,CN(CC#N)C1CCC1,4.464594668031219,20.474999999999998,16.575,7.987499999999997,3.8999999999999986,False,False
1795,31596,CN(CC#N)CCCO,5.292384144513206,9.2,16.725,4.975000000000001,7.525000000000002,False,True
1796,31615,CN(CCC#N)C(N)=O,7.015366098862031,1.075,4.9750000000000005,3.4375,3.9000000000000004,True,True
1797,31618,CN(CCC=O)C(N)=O,4.874547044568652,13.875000000000002,9.65,8.15625,4.225000000000001,True,False
1798,31622,CN(CCO)C(=O)C#N,5.565632238056286,7.074999999999999,8.375,4.9375,1.3000000000000007,True,True
1799,31629,CN(CCl)C(=O)Cl,3.901986896282685,33.375,27.900000000000002,4.381250000000005,5.474999999999998,False,False
1800,31639,CN(Cl)C(=O)F,3.390043388492504,46.0,27.0,2.537499999999998,19.0,False,False
1801,31648,CN(F)C(F)F,0.9848761334794336,95.375,55.2,2.8812499999999943,40.175,False,False
1802,31651,CN(F)CC#N,3.4299046980906245,44.9,28.599999999999998,7.0312499999999964,16.3,False,False
1803,31657,CN(N)C(N)=O,4.346243571789199,23.0,28.7,4.993750000000002,5.699999999999999,False,False
1804,31670,CN(O)C(=O)C=O,1.601130676403247,86.5,80.425,4.0625,6.075000000000003,False,False
1805,31683,CN(S)C#N,4.550645305293156,18.575,11.575000000000001,4.262499999999999,6.999999999999998,False,False
1806,31711,CN1C(=N)CCCC1=O,1.0706742669864624,94.475,88.775,3.737499999999997,5.699999999999989,False,False
1807,31718,CN1C(=N)COC1=O,3.337306065497692,47.025,52.125,2.2062500000000043,5.100000000000001,False,False
1808,31729,CN1C(=N)SCC1=O,1.552923829165495,87.4,95.325,1.5749999999999886,7.924999999999997,False,False
1809,31767,CN1C(=O)CCNC1=O,3.666381554651372,38.800000000000004,38.4,4.512500000000003,0.4000000000000057,False,False
1812,31884,CN1C=NCC1C#N,3.7240311411321847,37.25,29.925,5.4687500000000036,7.324999999999999,False,False
1813,31888,CN1C=NCCOC1=O,2.79457403623237,59.925,66.475,3.3000000000000043,6.549999999999997,False,False
1814,31936,CN1CC(=O)NC1=N,1.1511761682368975,93.77499999999999,76.4,2.8312500000000043,17.374999999999986,False,False
1815,31946,CN1CC(Br)C(=O)NC1=O,4.396616634882807,21.925,13.65,3.09375,8.275,False,False
1816,31975,CN1CC(C)(CO)C1=O,4.615335246927065,17.625,36.225,4.293750000000003,18.6,False,False
1817,31982,CN1CC(C=O)C1=O,3.5634474804510137,41.675000000000004,20.3,4.562500000000002,21.375000000000004,False,False
1818,32009,CN1CC(NC=O)C1,4.374833192354074,22.475,30.225,4.231249999999999,7.75,False,False
1819,32063,CN1CC1(C)COC=O,5.010691253979404,12.025,24.65,6.418749999999999,12.624999999999998,False,False
1820,32131,CN1CC=CC1=O,4.498195974525869,19.650000000000002,9.475,3.4875000000000007,10.175000000000002,True,False
1821,32167,CN1CCC(CN)CC1=O,5.254530279347484,9.3,20.025000000000002,5.368750000000006,10.725000000000001,False,True
1822,32169,CN1CCC(N)(C#N)C1,2.431459936985892,68.35,24.2,5.731249999999999,44.14999999999999,False,False
1823,32204,CN1CCCC(=O)NC1=O,4.885671896255481,13.725000000000001,5.0,0.9187500000000011,8.725000000000001,True,False
1824,32215,CN1CCCCNC1=O,4.189305030471702,26.275,14.924999999999999,3.3062500000000004,11.35,False,False
1825,32223,CN1CCCOCC1=O,4.885081760219452,13.750000000000002,11.75,2.206249999999999,2.0000000000000018,False,False
1826,32230,CN1CCN(C=O)C1=O,7.301568634258723,0.8,0.1,0.21250000000000005,0.7000000000000001,True,True
1827,32246,CN1CCNCC1=O,4.05147086296262,29.175,24.4,5.143750000000001,4.775000000000002,False,False
1828,32270,CN1CCSC1=S,5.823266412972772,5.3,1.325,0.5687499999999999,3.9749999999999996,True,True
1829,32271,CN1CN(C)C(=O)OC1=O,7.478630485886706,0.6,0.15,0.5562500000000001,0.44999999999999996,True,True
1830,32274,CN1CN=CC1=O,3.3675989904587302,46.325,39.625,3.7749999999999915,6.700000000000003,False,False
1831,32283,CN1COC=C1Br,1.620896917658014,86.2,85.5,1.8999999999999915,0.7000000000000028,False,False
1832,32291,CN1CSC1,1.951520784046786,80.2,85.725,1.8125,5.5249999999999915,False,False
1833,32304,CN1NCOO1,2.2076336720605783,73.6,57.125,10.656249999999993,16.474999999999994,False,False
1834,32308,CN1NOCC1=O,2.4634602973695054,67.5,66.375,2.375,1.125,False,False
1835,32316,CN1OC=CS1,0.8592628750805463,96.625,92.425,1.4874999999999972,4.200000000000003,False,False
1836,32326,CN=C(C#N)N(C)C=N,1.0202780497468595,95.075,72.89999999999999,12.512499999999996,22.17500000000001,False,False
1837,32339,CN=C(C#N)NO,1.70959178285428,84.75,60.4,7.193749999999994,24.35,False,False
1838,32357,CN=C(C)N(C)C=O,3.979937842160034,31.225,34.050000000000004,10.431249999999999,2.825000000000003,False,False
1839,32360,CN=C(C)NC#N,6.385659300841482,2.65,10.775,2.1312500000000014,8.125,False,True
1840,32373,CN=C(C)OC(C)C#N,4.933953218415205,13.075000000000001,20.225,4.387500000000003,7.15,False,False
1841,32387,CN=C(C)OCC(N)=O,3.3191867874299916,47.449999999999996,34.825,9.956250000000004,12.624999999999993,False,False
1842,32418,CN=C(CCl)NC#N,5.627266000974189,6.7,32.025,5.056250000000002,25.325,False,True
1844,32468,CN=C(N)N(C)C(C)=O,1.169679315115167,93.4,60.425,7.900000000000006,32.97500000000001,False,False
1845,32470,CN=C(N)N(C=N)C=O,3.16620003793527,50.449999999999996,54.65,7.699999999999996,4.200000000000003,False,False
1846,32472,CN=C(N)N(O)C#N,3.987737283969953,31.025000000000002,27.250000000000004,4.431249999999999,3.7749999999999986,False,False
1847,32480,CN=C(N)NC=O,0.8541140858474238,96.675,75.5,10.037500000000009,21.174999999999997,False,False
1848,32481,CN=C(N)NSC#N,4.719596294392335,16.225,28.625,1.90625,12.399999999999999,False,False
1849,32485,CN=C(NC#N)S(=O)(=O)O,4.44322633548774,20.8,36.9,6.331249999999997,16.099999999999998,False,False
1850,32515,CN=C(OC=O)C(=N)N,3.4101173529958935,45.275,42.15,4.243750000000006,3.125,False,False
1851,32526,CN=C(c1cccc(C)c1)C(C#N)C=S,4.9383355846205195,13.025,29.5,7.812499999999998,16.475,False,False
1852,32636,CN=C1CN(C)C(=O)N1,1.5632637731528405,87.175,72.7,4.581250000000004,14.474999999999994,False,False
1853,32662,CN=C1COC(=O)O1,3.442473871484064,44.474999999999994,43.65,7.912500000000001,0.8249999999999957,False,False
1854,32715,CN=C1NCC1OC=O,6.096303862964737,3.6249999999999996,12.675,9.806249999999999,9.05,False,True
1855,32752,CN=C1OC(C)OC1C,1.4531369026674832,88.775,91.7,0.7374999999999972,2.924999999999997,False,False
1857,32845,CN=CC(F)(F)F,3.349921605101434,46.675,68.30000000000001,6.3500000000000085,21.625000000000014,False,False
1858,32853,CN=CN(C)C(=N)OC,0.1737068351079712,99.52499999999999,80.95,5.356250000000017,18.57499999999999,False,False
1859,32855,CN=CN(C)C(=O)NC,3.2179342751930076,49.425000000000004,77.25,7.512500000000003,27.824999999999996,False,False
1860,32864,CN=CN(C=O)C(=N)N,1.6956461560630531,85.0,83.95,3.1937500000000227,1.0499999999999972,False,False
1861,32870,CN=CN(C=O)C=NC,2.7895855806162655,60.12499999999999,50.1,3.2937499999999957,10.024999999999991,False,False
1862,32874,CN=CN(C=O)CCO,5.33047995772109,9.0,51.4,2.6500000000000057,42.4,False,True
1863,32875,CN=CN1C(=O)CC1C,5.333760911934576,8.924999999999999,48.525,7.499999999999993,39.6,False,True
1864,32902,CN=CNC(=O)C=O,1.1987612978485604,93.0,86.075,7.081249999999997,6.924999999999997,False,False
1865,32913,CN=CNC(C#N)C=O,5.736184059219145,6.0,32.5,13.599999999999998,26.5,False,True
1866,32915,CN=CNC=O,4.9174606940098915,13.3,60.875,4.962499999999999,47.575,False,False
1867,32924,CN=COC(=O)C1CC1,0.8300452392699538,96.89999999999999,93.375,5.043750000000003,3.5249999999999915,False,False
1868,32954,CN=COC(C)C1CC1,3.039571547304703,53.800000000000004,75.25,8.8125,21.449999999999996,False,False
1870,33053,CN=COCCC=O,3.060714238848044,53.25,49.4,1.8875000000000028,3.8500000000000014,False,False
1871,33077,CN=COc1cnco1,2.8213631817032763,59.45,63.324999999999996,9.862499999999997,3.874999999999993,False,False
1872,33090,CN=NC(=O)NN,3.810363370280863,35.375,50.7,4.36249999999999,15.325000000000003,False,False
1873,33099,CN=S1(=O)CCOCC1,2.2279961162313544,73.275,63.824999999999996,4.29375000000001,9.45000000000001,False,False
1874,33172,CN=c1occ(C#N)o1,4.393632081440845,22.0,37.974999999999994,9.693749999999994,15.974999999999994,False,False
1875,33187,CNC(=N)C(=O)C#N,3.439950594063868,44.7,39.25,4.3812500000000085,5.450000000000003,False,False
1876,33223,CNC(=O)C#CC(C)C,4.184519101612592,26.35,26.174999999999997,5.018750000000001,0.17500000000000426,False,False
1877,33224,CNC(=O)C#CC(C)O,2.67209842682636,62.975,25.7,9.774999999999999,37.275000000000006,False,False
1878,33229,CNC(=O)C#CC=O,3.9020473541145857,33.35,22.95,7.706250000000001,10.400000000000002,False,False
1879,33234,CNC(=O)C#CCOC,5.361743207829775,8.55,26.825,5.018749999999997,18.275,False,True
1880,33240,CNC(=O)C(=O)C(=N)N,2.918579802740211,56.974999999999994,64.925,5.7875000000000085,7.950000000000003,False,False
1881,33261,CNC(=O)C(=O)S,2.7387888040681956,61.4,53.2,2.3374999999999915,8.199999999999996,False,False
1882,33264,CNC(=O)C(C#N)CO,2.5213523898200876,66.10000000000001,43.35,9.568750000000001,22.750000000000007,False,False
1883,33268,CNC(=O)C(C)(C)C,3.5942807168607005,40.75,49.1,3.6812499999999986,8.350000000000001,False,False
1884,33278,CNC(=O)C(C)=O,1.3963472980984852,89.825,91.10000000000001,0.9187500000000028,1.2750000000000057,False,False
1885,33291,CNC(=O)C(C)CC=O,5.485816859084752,7.6499999999999995,22.825,2.950000000000003,15.175,False,True
1886,33297,CNC(=O)C(C)O,4.5737389805572946,18.224999999999998,49.025,4.075000000000003,30.8,False,False
1887,33304,CNC(=O)C(CO)CO,2.8412045037278126,59.075,67.225,5.65625,8.149999999999991,False,False
1888,33306,CNC(=O)C(Cl)Cl,2.849539558057634,58.775,56.974999999999994,6.324999999999989,1.8000000000000043,False,False
1889,33310,CNC(=O)C(N)=O,0.3902803973342812,99.15,99.35000000000001,0.5,0.20000000000000284,False,False
1890,33315,CNC(=O)C(O)C#N,4.571963663962389,18.3,17.7,3.0250000000000004,0.6000000000000014,False,False
1891,33316,CNC(=O)C(O)C(C)=O,1.0919411588599324,94.175,70.75,5.937500000000014,23.424999999999997,False,False
1892,33323,CNC(=O)C(O)C=O,2.1343671550535226,75.5,30.925000000000004,6.287500000000001,44.574999999999996,False,False
1893,33328,CNC(=O)C(O)COC,4.6370259992398974,17.299999999999997,30.599999999999998,3.643749999999997,13.3,False,False
1894,33359,CNC(=O)C1C(C)C1C,3.350902425314928,46.650000000000006,38.0,3.4375,8.650000000000006,False,False
1895,33422,CNC(=O)C=CCl,4.683368690706221,16.725,54.225,3.2437499999999915,37.5,False,False
1896,33424,CNC(=O)C=O,5.780028207506057,5.7250000000000005,54.05,9.268749999999997,48.324999999999996,False,True
1897,33437,CNC(=O)CC(C)(C)O,5.210605190590383,9.85,39.825,3.887500000000003,29.975,False,True
1898,33463,CNC(=O)CC1CO1,3.1919371020145055,49.875,50.925,5.293750000000003,1.0499999999999972,False,False
1899,33467,CNC(=O)CC=O,3.830014706698664,34.8,55.00000000000001,4.34375,20.20000000000001,False,False
1900,33469,CNC(=O)CCC#N,5.350110699492436,8.7,3.65,1.956249999999999,5.049999999999999,True,True
1901,33481,CNC(=O)CCCOC,4.433694161033559,20.95,45.050000000000004,3.9375,24.100000000000005,False,False
1902,33487,CNC(=O)CCOC=N,3.024328319324398,54.175,39.6,12.368750000000002,14.574999999999996,False,False
1903,33502,CNC(=O)CNC(N)=O,4.086662916056096,28.4,54.400000000000006,2.4125000000000014,26.000000000000007,False,False
1906,33517,CNC(=O)COCCO,4.863021778095924,14.05,42.575,2.387500000000003,28.525000000000002,False,False
1907,33519,CNC(=O)CS,2.7480756375240256,61.175000000000004,41.75,4.700000000000003,19.425000000000004,False,False
1908,33553,CNC(=O)N=C=O,4.190656541922085,26.200000000000003,8.15,1.3125000000000018,18.050000000000004,True,False
1909,33556,CNC(=O)N=O,4.72324640885492,16.125,11.700000000000001,4.6374999999999975,4.424999999999999,False,False
1910,33559,CNC(=O)N=S1(=O)CCCC1,5.229956322326854,9.4,12.325,9.775,2.924999999999999,False,True
1911,33566,CNC(=O)NC(=N)OC,4.721384489917113,16.2,65.47500000000001,1.5812500000000043,49.275000000000006,False,False
1913,33571,CNC(=O)NC(=O)N(C)N=O,2.6294781277820984,63.675000000000004,34.9,11.256249999999998,28.775000000000006,False,False
1914,33576,CNC(=O)NC(C)(C)C,3.592565127131669,40.775,38.3,5.012499999999996,2.4750000000000014,False,False
1916,33607,CNC(=O)NCCOC,3.9338344419201143,32.324999999999996,47.9,3.668750000000003,15.575000000000003,False,False
1918,33631,CNC(=O)OC(C)CO,2.5175244036247526,66.225,63.4,2.731250000000003,2.8249999999999957,False,False
1919,33654,CNC(=O)OCCO,3.042333037007146,53.725,56.65,4.349999999999994,2.924999999999997,False,False
1922,33669,CNC(=O)P,3.026274542587746,54.025,39.35,4.375,14.674999999999997,False,False
1923,33678,CNC(=O)c1cc[nH]c1,5.4920529337131665,7.6,8.9,2.78125,1.3000000000000007,True,True
1924,33688,CNC(=O)c1ccsc1,3.822238731716785,35.0,43.6,3.418750000000003,8.600000000000001,False,False
1925,33731,CNC(C#N)(CN)CN,4.157497961708468,26.900000000000002,21.224999999999998,2.950000000000003,5.675000000000004,False,False
1926,33738,CNC(C#N)=NCCO,3.6518107872019625,39.2,32.7,9.525000000000002,6.5,False,False
1928,33831,CNC(C)C(=O)C#N,4.935966231797937,13.05,26.924999999999997,3.7249999999999943,13.874999999999996,False,False
1929,33839,CNC(C)C1(C#N)CO1,4.905569877538427,13.5,17.424999999999997,2.1687499999999957,3.924999999999997,False,False
1930,33878,CNC1(C#N)CC(C)C1,4.683712839019544,16.7,13.075000000000001,2.631249999999998,3.6249999999999982,False,False
1931,33910,CNC1(C(F)(F)F)CC1,1.940521906791986,80.425,62.175000000000004,3.9937499999999915,18.249999999999993,False,False
1932,33939,CNC1=C(C)C(=N)OC1,5.528477449941871,7.249999999999999,3.2,0.49374999999999947,4.049999999999999,True,True
1933,34090,CNCC(=O)C(F)(F)F,1.8110143718710223,82.825,43.275000000000006,8.518749999999997,39.55,False,False
1934,34094,CNCC(=O)OC(=O)CNC(=O)CN,4.130570861641196,27.425,44.074999999999996,5.550000000000001,16.649999999999995,False,False
1935,34118,CNCC(N)(C#N)CO,4.106680883434421,27.925,33.75,8.399999999999999,5.824999999999999,False,False
1936,34132,CNCC1CCOC1,2.105986102216605,76.375,75.9,3.374999999999986,0.4749999999999943,False,False
1937,34141,CNCCOS(=O)(=O)O,8.03551081181271,0.2,42.9,7.174999999999997,42.699999999999996,False,True
1938,34148,CNN(C=O)C=O,6.13953099591815,3.45,17.4,5.856249999999999,13.95,False,True
1939,34150,CNN1OS(=O)(=O)O1,8.26847963334952,0.125,1.275,4.1312500000000005,1.15,True,True
1940,34155,CNNC(=O)S,3.1630538246079687,50.575,48.925000000000004,3.168750000000003,1.6499999999999986,False,False
1941,34157,CNNC(N)=O,4.558774457131073,18.5,43.974999999999994,2.825000000000003,25.474999999999994,False,False
1942,34158,CNNC=O,4.947998076517671,12.925,25.4,6.231249999999999,12.474999999999998,False,False
1943,34169,CNOS(=O)O,1.4070908128535011,89.625,63.025,5.6875,26.6,False,False
1944,34172,CNP(=O)(O)Cl,3.5102970843753045,43.15,38.675,4.112500000000004,4.475000000000001,False,False
1945,34195,CNS(=O)(=O)c1ccc(C)cc1,6.3603146413249005,2.725,1.525,1.05625,1.2000000000000002,True,True
1946,34197,CNS(=O)(=O)c1ccc(Cl)cc1,3.7425143105190473,36.825,17.875,2.424999999999999,18.950000000000003,False,False
1947,34199,CNS(=O)(=O)c1ccc(O)c(N)c1,5.611221386871057,6.75,3.8,0.8874999999999997,2.95,True,True
1948,34200,CNS(=O)(=O)c1ccc(O)cc1,4.719424748763573,16.25,4.1000000000000005,2.65,12.149999999999999,True,False
1949,34234,CNc1cc(C#N)co1,5.977062341993667,4.35,1.7000000000000002,0.7875000000000001,2.6499999999999995,True,True
1950,34246,CNc1cc[nH]c1C#N,4.43906887944938,20.875,11.675,3.7812500000000018,9.2,False,False
1951,34260,CNc1ccccc1C(=O)C=S(C)(C)=O,4.548253612367241,18.65,21.9,7.274999999999999,3.25,False,False
1952,34278,CNc1cncc(F)c1,4.224038910856493,25.324999999999996,32.875,6.181249999999999,7.550000000000004,False,False
1954,34311,CNc1ncc(F)s1,2.9044412548109357,57.425000000000004,45.1,1.4937499999999986,12.325000000000003,False,False
1955,34323,CNc1nnc(F)s1,4.970048419545073,12.55,4.625,2.0374999999999996,7.925000000000001,True,False
1956,34339,CO/C(C)=N\SO,2.1947588827558495,73.9,68.72500000000001,6.068749999999994,5.174999999999997,False,False
1957,34345,CO/N=[N+](/[O-])CC(N)=O,1.9836960811201505,79.4,53.87499999999999,10.843750000000007,25.525000000000013,False,False
1958,34347,CO/N=[N+](\[O-])C(C)C(N)=O,3.4658201809827585,43.974999999999994,71.525,8.28125,27.55000000000001,False,False
1959,34368,COC#[N+][S-],6.116329866054354,3.5000000000000004,9.15,4.331249999999999,5.65,True,True
1960,34374,COC(=N)C#CS,1.591406422236311,86.6,88.9,4.825000000000003,2.3000000000000114,False,False
1961,34380,COC(=N)C(C#N)CO,2.7893346883490477,60.150000000000006,39.5,3.150000000000002,20.650000000000006,False,False
1962,34386,COC(=N)C(CO)OC,4.031362762729638,29.675,40.699999999999996,6.456249999999997,11.024999999999995,False,False
1963,34444,COC(=O)/C(C=S)=C(\C)N,5.771904658037348,5.775,2.475,0.8250000000000002,3.3000000000000003,True,True
1964,34474,COC(=O)C(=CO)C(=O)OC,3.1398951149675467,51.125,75.3,12.787499999999994,24.174999999999997,False,False
1965,34513,COC(=O)C(=S)CS,2.746964861352293,61.224999999999994,74.6,5.487499999999997,13.375,False,False
1966,34515,COC(=O)C(=S)OC,1.966441039709775,79.9,31.525,5.693750000000001,48.37500000000001,False,False
1967,34528,COC(=O)C(C)(C)CBr,2.659280119761141,63.075,79.14999999999999,4.512499999999989,16.07499999999999,False,False
1968,34535,COC(=O)C(C)(N)C#N,2.809099779422637,59.724999999999994,20.075000000000003,3.1499999999999986,39.64999999999999,False,False
1970,34561,COC(=O)C(C)F,3.67800205368141,38.324999999999996,75.55,4.431250000000006,37.225,False,False
1971,34562,COC(=O)C(C)N,1.88510359019621,81.35,86.825,1.5375000000000085,5.4750000000000085,False,False
1973,34582,COC(=O)C(COC(C)(C)C)N=C=O,2.572078213747753,65.325,32.775,5.574999999999999,32.550000000000004,False,False
1974,34587,COC(=O)C(Cl)(Cl)Br,2.6063178724530536,64.625,68.8,4.075000000000003,4.174999999999997,False,False
1975,34588,COC(=O)C(Cl)(Cl)Cl,2.6516827919447055,63.14999999999999,66.525,7.837500000000006,3.375000000000014,False,False
1976,34589,COC(=O)C(Cl)Br,3.173021458231642,50.3,76.05,1.8812500000000085,25.75,False,False
1977,34593,COC(=O)C(Cl)Cl,3.3720319157675984,46.225,69.8,4.7124999999999915,23.574999999999996,False,False
1978,34611,COC(=O)C(N)C(C)O,2.940312520889753,56.574999999999996,78.625,4.018749999999997,22.050000000000004,False,False
1979,34640,COC(=O)C(O)S,2.589259691826748,64.9,73.225,2.61875000000002,8.324999999999989,False,False
1980,34661,COC(=O)C1(CBr)CC1,2.154903038217738,74.97500000000001,78.14999999999999,5.706249999999997,3.174999999999983,False,False
1981,34666,COC(=O)C1(N)CC1C,1.847894172204015,82.175,87.225,1.8000000000000114,5.049999999999997,False,False
1982,34681,COC(=O)C1=CC(=O)OC1=O,3.891432530922875,33.650000000000006,15.425,5.424999999999997,18.225000000000005,False,False
1983,34699,COC(=O)C1C=C1,2.7017178071484738,62.35000000000001,77.625,1.8187499999999943,15.274999999999991,False,False
1984,34722,COC(=O)C1CC=CCS1=O,3.903736393579581,33.300000000000004,41.4,6.981250000000003,8.099999999999994,False,False
1985,34763,COC(=O)C1OC1(C)C,3.228246743307663,49.175000000000004,79.225,2.65625,30.04999999999999,False,False
1986,34785,COC(=O)C=CCBr,2.6554612100878527,63.125,71.5,4.550000000000011,8.375,False,False
1987,34787,COC(=O)C=CCCOS(C)(=O)=O,4.208312601066535,25.624999999999996,49.65,8.106250000000003,24.025000000000002,False,False
1988,34790,COC(=O)C=CF,2.836498197153039,59.150000000000006,80.15,3.4437500000000085,21.0,False,False
1989,34801,COC(=O)C=NOCBr,3.237088852094105,48.949999999999996,63.7,4.562500000000007,14.750000000000007,False,False
1990,34807,COC(=O)C=S(C)C,6.612029834424908,1.725,10.625,13.624999999999996,8.9,False,True
1991,34814,COC(=O)CC#CCCCS(=O)(=O)O,3.150618660509701,50.875,35.525,7.318750000000001,15.350000000000001,False,False
1992,34823,COC(=O)CC(C)(C)O,3.222461336203984,49.275000000000006,66.7,12.643749999999997,17.424999999999997,False,False
1993,34870,COC(=O)CCC(N=C=O)C(=O)OC,3.5818438054463777,41.075,42.775,9.137499999999996,1.6999999999999957,False,False
1994,34881,COC(=O)CCCCCN=C=O,4.386253750768294,22.175,28.525,4.737500000000001,6.349999999999998,False,False
1995,34910,COC(=O)CN=S,1.7122014253186288,84.675,73.425,13.60625000000001,11.25,False,False
1996,34916,COC(=O)CNC1CC1,1.7387932768894032,84.2,90.375,3.5,6.174999999999997,False,False
1997,34924,COC(=O)COC(C)=N,0.7026984129873566,97.675,79.9,4.831250000000011,17.77499999999999,False,False
1998,34931,COC(=O)COC=O,5.8875692921865,4.9750000000000005,29.4,8.431250000000006,24.424999999999997,False,True
1999,34945,COC(=O)CS(C)=O,3.7299574143083474,37.05,36.575,3.606250000000003,0.4749999999999943,False,False
2000,34953,COC(=O)C[C@H]1CC(=O)OC1=O,4.765305111440704,15.4,6.4,2.474999999999998,9.0,True,False
2001,34957,COC(=O)Cc1cccs1,2.297551026436819,71.675,86.375,2.206249999999997,14.700000000000003,False,False
2002,34970,COC(=O)N(C)C=O,4.132580772179389,27.375,32.824999999999996,8.443750000000005,5.449999999999996,False,False
2003,34974,COC(=O)N(C)Cl,3.3205011850958583,47.4,75.97500000000001,2.1750000000000114,28.57500000000001,False,False
2004,34977,COC(=O)N(C=N)C=N,1.5066381796224335,88.125,86.15,7.293750000000003,1.9749999999999943,False,False
2005,34982,COC(=O)N(S)S,2.4998483833230334,66.60000000000001,74.2,4.637500000000003,7.599999999999994,False,False
2006,34993,COC(=O)N1CC1C,2.530545786519155,65.875,78.8,1.5000000000000142,12.924999999999997,False,False
2007,35004,COC(=O)N1CCN=C1C=S,2.1127502434428793,76.1,63.800000000000004,9.256250000000001,12.29999999999999,False,False
2008,35012,COC(=O)N=S1(=O)CCCCC1,5.210669197599886,9.825000000000001,9.35,11.356250000000003,0.4750000000000014,True,True
2009,35027,COC(=O)NC(C)=N,4.477780955585993,20.200000000000003,52.800000000000004,4.012500000000003,32.6,False,False
2010,35041,COC(=O)NC=N,4.152859777783453,27.0,42.65,6.662499999999994,15.649999999999999,False,False
2011,35058,COC(=O)NCCl,3.2310233368097174,49.075,53.625,6.4624999999999915,4.549999999999997,False,False
2012,35062,COC(=O)NCl,2.981066468609406,55.400000000000006,61.475,1.4500000000000028,6.074999999999996,False,False
2013,35079,COC(=O)NS(=O)O,2.509205168812749,66.5,37.05,4.293750000000003,29.450000000000003,False,False
2014,35083,COC(=O)NSO,2.5084591042092264,66.525,61.12499999999999,5.8062499999999915,5.400000000000013,False,False
2015,35086,COC(=O)Nc1nccs1,2.865446819080722,58.325,90.675,2.1374999999999886,32.349999999999994,False,False
2016,35091,COC(=O)OC#CCl,2.676701922789252,62.824999999999996,77.925,5.568749999999994,15.100000000000001,False,False
2017,35133,COC(=O)P,1.9395381500461495,80.45,80.5,3.4624999999999915,0.04999999999999716,False,False
2019,35140,COC(=O)SC,3.5472126374766613,42.075,87.175,4.474999999999994,45.099999999999994,False,False
2020,35165,COC(=O)[C@@H]1CCC[C@@H]1N,1.2172565000097195,92.65,89.25,4.5062500000000085,3.4000000000000057,False,False
2021,35183,COC(=O)c1ccc(CC=S)s1,2.251659884987222,72.625,68.25,6.21875,4.375,False,False
2022,35192,COC(=O)c1cccc(N=C=O)c1C,1.508079009160289,88.1,54.574999999999996,6.162499999999994,33.525,False,False
2023,35197,COC(=O)c1ccccc1OS(C)(=O)=O,4.695935840287818,16.525000000000002,27.500000000000004,2.9437500000000014,10.975000000000001,False,False
2024,35215,COC(=O)c1cncc(Cl)n1,0.9382996039633142,95.95,81.325,5.818749999999994,14.625,False,False
2025,35216,COC(=O)c1cnccn1,1.9698430394595672,79.77499999999999,89.55,4.137499999999989,9.775000000000006,False,False
2026,35222,COC(=O)c1coc(C)n1,1.7707133970483206,83.575,74.97500000000001,2.1437500000000114,8.599999999999994,False,False
2027,35227,COC(=O)c1nc[nH]n1,4.234342631611599,25.1,45.5,4.1875,20.4,False,False
2028,35251,COC(=S)C(=S)OC,2.016239322273476,78.77499999999999,88.3,7.243750000000006,9.525000000000006,False,False
2029,35263,COC(=S)N(C)C#N,6.365026997081425,2.7,28.1,11.268749999999997,25.400000000000002,False,True
2030,35268,COC(=S)NC(=O)O,3.913723776126578,32.925,45.775,6.856250000000003,12.850000000000001,False,False
2031,35276,COC(=S)SC(C)=O,5.028417115021994,11.774999999999999,54.275,3.3812500000000014,42.5,False,False
2032,35282,COC(Br)(Br)OC,3.094717451603895,52.25,53.77499999999999,4.862499999999997,1.5249999999999915,False,False
2033,35283,COC(Br)Br,3.0344190593132723,53.849999999999994,61.324999999999996,4.887499999999996,7.475000000000001,False,False
2034,35285,COC(Br)C(=O)O,2.5637213854097594,65.47500000000001,59.9,3.0687499999999943,5.57500000000001,False,False
2035,35320,COC(C#N)C(C)N,4.4061878143479785,21.675,31.825,2.3249999999999993,10.149999999999999,False,False
2037,35326,COC(C#N)C(O)C#N,2.770260884215071,60.675000000000004,29.15,6.318750000000001,31.525000000000006,False,False
2038,35380,COC(C(C)O)C(C)O,2.435385212921582,68.22500000000001,74.125,3.9312500000000057,5.8999999999999915,False,False
2039,35407,COC(C)(C)C#CBr,2.134318014126994,75.52499999999999,75.775,5.437500000000014,0.2500000000000142,False,False
2040,35424,COC(C)(C)C(F)(F)F,3.646228413715937,39.35,59.699999999999996,4.499999999999986,20.349999999999994,False,False
2041,35447,COC(C)(C)CC(C)=O,3.083709763853771,52.65,54.175,2.012500000000003,1.5249999999999986,False,False
2042,35450,COC(C)(C)CC(N)=O,4.578464516438155,18.175,18.35,2.825000000000003,0.1750000000000007,False,False
2043,35456,COC(C)(C)CCCO,1.7861288590920363,83.25,90.64999999999999,6.762500000000003,7.3999999999999915,False,False
2044,35468,COC(C)(C=O)C(N)=O,2.029284764928737,78.525,45.85,3.25,32.675000000000004,False,False
2045,35477,COC(C)(CBr)OC,1.4729017349965274,88.47500000000001,59.050000000000004,3.8187499999999943,29.425000000000004,False,False
2046,35495,COC(C)=C=C=O,3.348668577741875,46.7,15.225,8.100000000000001,31.475,False,False
2047,35512,COC(C)=NCC(N)=O,4.215884402424855,25.424999999999997,56.025000000000006,7.100000000000001,30.60000000000001,False,False
2048,35520,COC(C)=S,4.903844460081935,13.575000000000001,52.6,10.425000000000004,39.025,False,False
2049,35528,COC(C)C#CC(N)=O,3.3336169247592267,47.099999999999994,40.050000000000004,6.537500000000001,7.04999999999999,False,False
2050,35538,COC(C)C(=N)NC=O,4.01704457351599,30.049999999999997,30.95,6.668750000000003,0.9000000000000021,False,False
2051,35549,COC(C)C(=O)CC#N,6.955237412573818,1.125,16.1,10.481249999999992,14.975000000000001,False,True
2052,35557,COC(C)C(=O)NC=O,5.512130772907052,7.3999999999999995,4.2250000000000005,1.1437499999999998,3.174999999999999,True,True
2053,35574,COC(C)C(C)C,1.1737764653019327,93.35,94.8,0.39374999999999716,1.4500000000000028,False,False
2054,35601,COC(C)C(O)C(C)=O,4.08896330092338,28.375,49.0,2.78125,20.625,False,False
2055,35604,COC(C)C(O)C(N)=O,4.473527921290627,20.275000000000002,34.699999999999996,4.756250000000001,14.424999999999994,False,False
2056,35635,COC(C)C1(O)CC1C,1.6225451699293374,86.15,91.0,1.2937500000000028,4.849999999999994,False,False
2057,35706,COC(C)CC(=O)C#N,2.9228338054930476,56.95,20.175,3.656250000000007,36.775000000000006,False,False
2058,35715,COC(C)CC(C)C=O,4.338618091967981,23.150000000000002,58.25,4.168750000000003,35.099999999999994,False,False
2059,35735,COC(C)CC1COC1,2.694173574826767,62.525,74.225,5.262499999999989,11.699999999999996,False,False
2060,35737,COC(C)CC=O,2.18948443456424,74.125,38.85,6.21875,35.275,False,False
2061,35758,COC(C)CNC(N)=O,4.245430745178136,24.875,48.449999999999996,2.5062500000000085,23.574999999999996,False,False
2062,35779,COC(C)c1ccc(Cl)cc1,3.2725812117009294,48.475,64.225,2.6812500000000057,15.749999999999993,False,False
2064,35803,COC(C=O)(C=O)CO,3.5526720248434898,41.85,83.85000000000001,5.950000000000003,42.00000000000001,False,False
2065,35819,COC(C=O)C(O)C#N,3.924036578464544,32.625,35.199999999999996,5.274999999999999,2.5749999999999957,False,False
2066,35822,COC(C=O)C1(C)CC1,1.907425903401963,81.025,60.8,4.081250000000011,20.22500000000001,False,False
2067,35837,COC(C=O)C=O,2.4947795142824796,66.7,55.15,4.599999999999994,11.550000000000004,False,False
2068,35885,COC(CCO)C(C)C,1.4657484411866153,88.64999999999999,88.85,2.575000000000003,0.20000000000000284,False,False
2069,35893,COC(CCl)=NC#N,5.2031928945102415,10.025,7.1499999999999995,2.4000000000000012,2.875000000000001,True,False
2071,35899,COC(CN=C=S)OC,3.6199504727657454,39.900000000000006,30.875000000000004,3.4375,9.025000000000002,False,False
2072,35905,COC(CO)C(C)(C)C,2.3561549795750665,70.39999999999999,87.55,3.299999999999997,17.150000000000006,False,False
2073,35919,COC(CO)C(O)CO,3.2136828573058915,49.475,71.35000000000001,6.887500000000003,21.875000000000007,False,False
2074,35920,COC(CO)C1(C)CC1,2.3174719250588955,71.325,76.275,4.0687500000000085,4.950000000000003,False,False
2075,35965,COC(Cl)C(Br)Br,3.3646488639284917,46.400000000000006,68.85,5.925000000000011,22.44999999999999,False,False
2076,35988,COC(F)(F)P,2.25744671737169,72.45,68.0,1.84375,4.450000000000003,False,False
2077,36024,COC(N=S)=NS,2.8999854126323936,57.49999999999999,72.95,2.9000000000000057,15.45000000000001,False,False
2078,36025,COC(O)(Cl)Cl,2.4223795307136013,68.77499999999999,85.225,3.812499999999986,16.450000000000003,False,False
2079,36036,COC(O)Br,2.845643748766454,58.875,67.175,8.618750000000006,8.299999999999997,False,False
2080,36037,COC(O)C#N,4.751538834819137,15.625,24.55,4.581249999999997,8.925,False,False
2081,36044,COC(O)Cl,2.4931200543202827,66.8,71.925,3.8812500000000085,5.125,False,False
2082,36058,COC(S)=CS,2.1416653513057224,75.35,89.47500000000001,2.4624999999999915,14.125000000000014,False,False
2083,36063,COC([13CH3])=O,1.882261931937822,81.39999999999999,85.15,3.4562500000000114,3.750000000000014,False,False
2084,36116,COC1(C(C)=O)CC1O,2.876272685700675,57.95,49.925000000000004,1.8374999999999986,8.024999999999999,False,False
2085,36128,COC1(C(C)O)CC1C,0.8946085071164599,96.325,94.69999999999999,2.3687500000000057,1.6250000000000142,False,False
2086,36202,COC1(C)CC1(C)C,1.1580946604383404,93.525,98.075,0.7062500000000114,4.549999999999997,False,False
2087,36240,COC1(C)CCC1,1.2725002119970523,91.75,97.775,0.53125,6.025000000000006,False,False
2088,36251,COC1(C)CCCC1,1.2353984010207415,92.30000000000001,98.0,0.4624999999999915,5.699999999999989,False,False
2089,36309,COC1(C=O)CC(O)C1,3.125844449002185,51.4,77.575,1.71875,26.175000000000004,False,False
2090,36315,COC1(C=O)CC1C=O,4.206972258859061,25.724999999999998,54.900000000000006,4.818750000000001,29.175000000000008,False,False
2091,36395,COC1(Cl)N=N1,2.4522594335501577,67.72500000000001,71.975,3.7124999999999915,4.249999999999986,False,False
2092,36398,COC1(N(S)S)OS1,3.106692148289512,51.9,65.9,1.9812500000000028,14.000000000000007,False,False
2093,36403,COC1(OC)N=N1,2.611450925669414,64.45,68.325,3.5437499999999886,3.875,False,False
2094,36408,COC1=C(C)C(=O)OC1=O,4.874541677284567,13.900000000000002,4.825,1.3187500000000005,9.075000000000003,True,False
2095,36425,COC1=CCO1,0.7577245465445464,97.35000000000001,96.875,1.6687500000000028,0.4750000000000085,False,False
2096,36455,COC1=NCC(O)CN1,0.6354198240097858,98.05,84.375,3.375000000000014,13.674999999999997,False,False
2097,36462,COC1=NN1,3.719702007734369,37.375,44.525,5.043749999999996,7.149999999999999,False,False
2098,36467,COC1C(=N)NC1C#N,2.9934188347602717,55.074999999999996,40.550000000000004,3.2937499999999993,14.524999999999991,False,False
2099,36469,COC1C(=N)NC1CO,2.0466370120112556,78.10000000000001,74.925,5.7250000000000085,3.1750000000000114,False,False
2100,36530,COC1C(C)=CCC1C,1.1416480639634143,93.85,98.375,0.875,4.525000000000006,False,False
2102,36555,COC1C(C)C1CC#N,5.418429165832881,8.05,9.225,3.356250000000001,1.174999999999999,True,True
2103,36568,COC1C(C)CC1C,1.225697535064754,92.5,98.9,0.6625000000000085,6.400000000000006,False,False
2104,36603,COC1C(O)C1(C)CO,3.7037658822492032,37.775,71.55,3.5625,33.775,False,False
2105,36618,COC1C(O)C1CCO,3.2956865510428712,48.0,79.57499999999999,4.887500000000003,31.57499999999999,False,False
2106,36654,COC1C=C(C=O)CC1,3.749478826134364,36.55,24.325,5.318750000000001,12.224999999999998,False,False
2107,36663,COC1C=CC(=O)C1=O,4.76171727906646,15.475,9.950000000000001,4.250000000000002,5.524999999999999,True,False
2108,36681,COC1C=CC(C)CO1,0.6346494988346953,98.075,96.525,1.0624999999999858,1.5499999999999972,False,False
2109,36704,COC1C=CCC1,1.2017527199251636,92.925,98.625,0.8500000000000085,5.700000000000003,False,False
2110,36715,COC1C=CCC=CC1,1.4028445228417987,89.725,97.725,0.8125,8.0,False,False
2111,36751,COC1CC(=O)C(=O)O1,5.654359474808324,6.550000000000001,3.925,1.6062500000000002,2.625000000000001,True,True
2112,36774,COC1CC(=O)OC(=O)C1,5.498670890976379,7.5249999999999995,4.8,1.1187500000000012,2.7249999999999996,True,True
2113,36825,COC1CC(C)CC1C,1.2194281753453269,92.60000000000001,98.6,0.8562500000000028,5.999999999999986,False,False
2116,36856,COC1CC(O)C(=O)O1,3.761277044442935,36.225,44.625,4.349999999999994,8.399999999999999,False,False
2117,36890,COC1CC1(C)C(C)C,1.2737767736328036,91.7,98.925,0.48125000000000284,7.224999999999994,False,False
2118,36899,COC1CC1(C)O,0.9353836962628532,96.0,92.4,1.237499999999983,3.5999999999999943,False,False
2119,36909,COC1CC1(F)F,3.575270026304954,41.25,63.9,2.75,22.65,False,False
2120,36922,COC1CC1Br,2.1923163639639753,74.02499999999999,68.425,5.2562500000000085,5.599999999999994,False,False
2121,36929,COC1CC1C(=O)C=O,2.928847119427971,56.875,70.7,4.874999999999986,13.825000000000003,False,False
2122,36945,COC1CC1C(O)CO,3.3676401947789807,46.300000000000004,59.0,5.256249999999994,12.699999999999996,False,False
2124,36990,COC1CC=CC(C)O1,1.6612629477386984,85.55,95.55,2.112499999999997,10.0,False,False
2125,37001,COC1CC=CC1O,1.6751415786322592,85.32499999999999,80.85,2.2937499999999886,4.474999999999994,False,False
2126,37002,COC1CC=CC=CC1,0.9634621962620114,95.6,98.575,1.7999999999999972,2.9750000000000085,False,False
2127,37038,COC1CCC(C=O)C1,4.361302935017483,22.725,59.425,2.531250000000014,36.699999999999996,False,False
2128,37083,COC1CCC=C1C=O,3.0076825047726587,54.7,41.8,3.7250000000000014,12.900000000000006,False,False
2129,37159,COC1CCS(=O)(=O)C1,6.06847350928935,3.775,2.775,1.8374999999999997,1.0,True,True
2130,37176,COC1CN(CC=O)C1,4.062153314503376,28.95,36.449999999999996,8.193749999999994,7.4999999999999964,False,False
2132,37199,COC1CNC(=O)O1,4.722567591021929,16.150000000000002,8.25,1.4562500000000007,7.900000000000002,True,False
2133,37213,COC1CNCC(=N)O1,3.085605512746139,52.6,54.974999999999994,7.731249999999996,2.374999999999993,False,False
2134,37232,COC1COC(=O)OC1,6.1762506131896115,3.25,1.125,1.03125,2.125,True,True
2135,37250,COC1COC1=O,3.7730020719127624,36.0,25.224999999999998,4.5,10.775000000000002,False,False
2136,37268,COC1COCC1(C)C,2.041318756157306,78.225,83.475,1.0875000000000057,5.25,False,False
2137,37280,COC1COCCC1C,1.608867962846202,86.4,96.475,1.8312499999999972,10.074999999999989,False,False
2138,37290,COC1CS(=O)(=O)CC1O,5.910075982635457,4.775,4.5249999999999995,2.3375000000000004,0.2500000000000009,True,True
2140,37321,COC1OC(CO)C(O)C1OS(C)(=O)=O,4.167155891091165,26.650000000000002,36.85,8.499999999999996,10.2,False,False
2141,37324,COC1OC1Cl,2.9310512824766257,56.85,68.7,3.2687500000000114,11.850000000000001,False,False
2142,37341,COC1OCC(O)C(O)C1OS(C)(=O)=O,3.7874019258328904,35.6,32.525,6.431250000000006,3.075000000000003,False,False
2143,37365,COC1OCCCC1Br,1.5096297132847365,88.075,81.22500000000001,5.543749999999989,6.849999999999994,False,False
2144,37370,COC1OCCNC1=O,4.303765181112278,24.05,17.825,4.306249999999999,6.225000000000001,False,False
2146,37401,COC=CC(=O)Cl,5.908927710427935,4.8,4.8500000000000005,3.20625,0.05000000000000071,True,True
2147,37403,COC=CC(=O)OCl,5.5992639436325184,6.9,3.6249999999999996,2.7687500000000007,3.275000000000001,True,True
2148,37456,COC=NC1CC1,3.09140704340589,52.425,77.275,6.262499999999989,24.85000000000001,False,False
2149,37537,COC=NN,1.062578108573623,94.55,84.025,2.700000000000017,10.524999999999991,False,False
2150,37565,COC=PP,2.7318694363214058,61.625,74.675,3.74375000000002,13.049999999999997,False,False
2151,37566,COC=S,2.2917029551323393,71.75,66.2,4.781250000000014,5.549999999999997,False,False
2152,37569,COC=[N+]=[N-],2.52053401815025,66.14999999999999,81.75,2.4437499999999943,15.600000000000009,False,False
2153,37570,COC=[O+][O-],5.863795977328591,5.075,16.6,3.481250000000003,11.525000000000002,False,True
2154,37594,COCC#CC(N)=O,5.498218093576362,7.55,26.424999999999997,3.393749999999997,18.874999999999996,False,True
2155,37608,COCC#CC1CN1,2.1051031363347237,76.4,70.475,2.2874999999999943,5.925000000000011,False,False
2156,37648,COCC(=N)OC1CC1,2.3618413480943556,70.25,69.625,2.137500000000003,0.625,False,False
2157,37683,COCC(=O)C1CC1C,3.894067278959038,33.525,57.825,4.95000000000001,24.300000000000004,False,False
2158,37684,COCC(=O)C1CC1O,4.612118525789987,17.65,48.85,4.912500000000001,31.200000000000003,False,False
2159,37690,COCC(=O)C1COC1,4.138867722971267,27.3,49.375,2.7125000000000057,22.075,False,False
2160,37709,COCC(=O)CO,5.3601214223689455,8.575000000000001,30.975,9.081249999999997,22.4,False,True
2161,37726,COCC(=O)NCC#N,5.03403042906144,11.700000000000001,18.375,5.949999999999999,6.674999999999999,False,False
2162,37727,COCC(=O)NCC=O,3.981603689969516,31.175000000000004,19.875,16.193749999999994,11.300000000000004,False,False
2163,37768,COCC(C#N)OC=O,4.201729080291921,25.874999999999996,18.2,3.3499999999999988,7.674999999999997,False,False
2164,37792,COCC(C)(C)[SiH3],1.0278268074916668,95.025,94.35,1.3937500000000114,0.6750000000000114,False,False
2165,37814,COCC(C)=NO,0.7538318442597021,97.39999999999999,95.7,2.4625000000000057,1.6999999999999886,False,False
2166,37815,COCC(C)=O,4.109642612733198,27.775,50.575,6.668749999999996,22.800000000000004,False,False
2167,37857,COCC(C)CBr,2.200706908990718,73.825,65.05,1.8750000000000142,8.775000000000006,False,False
2168,37860,COCC(C)CC(C)C,1.0602591854145262,94.575,97.7,0.3374999999999915,3.125,False,False
2169,37878,COCC(C)NC(N)=O,4.142875271333634,27.250000000000004,34.075,8.743749999999991,6.824999999999999,False,False
2170,37882,COCC(C)O,2.479977164386981,67.05,89.125,2.4562500000000114,22.075000000000003,False,False
2171,37895,COCC(C)S(=O)(=O)O,2.850750641963536,58.72500000000001,23.3,3.4437500000000014,35.42500000000001,False,False
2172,37907,COCC(C=O)CCO,2.5875268648855347,64.95,46.7,4.512499999999996,18.25,False,False
2173,37958,COCC(N)C#N,3.609553532191008,40.300000000000004,16.475,3.474999999999998,23.825000000000003,False,False
2174,37993,COCC(O)C(N)=O,4.573536295698675,18.275,21.5,3.793750000000003,3.2250000000000014,False,False
2175,38013,COCC(O)C=O,2.8670011292666344,58.25,58.925000000000004,4.168749999999996,0.6750000000000043,False,False
2176,38062,COCC1(C(N)=O)CC1,4.485604007910929,20.0,37.95,4.218750000000007,17.950000000000003,False,False
2177,38095,COCC1(C)CN1,2.7935555766094553,59.975,89.45,1.7499999999999858,29.475,False,False
2178,38109,COCC1(C)NC1C#N,4.196483631317854,25.974999999999998,18.4,4.481249999999999,7.574999999999999,False,False
2179,38139,COCC1(CC=O)CN1,4.605642045818488,17.7,50.125,5.193750000000001,32.425,False,False
2180,38162,COCC1(NC=O)CC1,3.0285210972582526,53.949999999999996,39.324999999999996,5.674999999999997,14.625,False,False
2182,38242,COCC1C(C)C1CO,3.3382982232857548,47.0,79.65,3.762500000000003,32.650000000000006,False,False
2184,38311,COCC1CC1(C)C#N,4.991236212301114,12.25,16.075,1.8999999999999986,3.8249999999999993,False,False
2185,38314,COCC1CC1(C)O,2.0762892193930234,77.275,86.65,1.1625000000000085,9.375,False,False
2186,38338,COCC1CC=CC1,1.0737002255329655,94.375,98.35000000000001,0.5625,3.9750000000000085,False,False
2187,38339,COCC1CC=CC1=O,3.0011618387834234,54.825,47.5,4.468749999999993,7.325000000000003,False,False
2188,38387,COCC1CN1,2.9899311344883612,55.175,79.95,3.5250000000000057,24.775000000000006,False,False
2189,38398,COCC1CN=COC1,3.10899924282544,51.824999999999996,59.95,3.9812499999999957,8.125000000000007,False,False
2190,38429,COCC1CS1,1.8387315644712232,82.375,77.05,2.4812499999999886,5.325000000000003,False,False
2191,38439,COCC1NC1(C)C,1.7303803205423434,84.35000000000001,85.275,2.3874999999999886,0.9249999999999972,False,False
2192,38445,COCC1NC1C(C)=O,3.2032778789430307,49.625,63.3,7.637500000000003,13.674999999999997,False,False
2193,38455,COCC1NCC1=NO,1.459637624704619,88.675,87.75,5.4312499999999915,0.9249999999999972,False,False
2194,38463,COCC1OC(=O)C1N,4.2148669400224374,25.45,25.924999999999997,5.324999999999996,0.47499999999999787,False,False
2195,38489,COCC1OCC1(C)C,1.5654722839162138,87.125,84.775,1.5000000000000142,2.3499999999999943,False,False
2196,38537,COCCC(=O)C(N)=O,2.288799062492245,71.825,75.7,5.387500000000003,3.875,False,False
2197,38565,COCCC(C)C,1.259523197732565,92.025,99.0,0.5374999999999943,6.974999999999994,False,False
2199,38583,COCCC(C)OC=O,3.782834414955561,35.725,22.0,4.25,13.725000000000001,False,False
2200,38620,COCCC1(C=O)CC1,3.0246895851932827,54.15,45.75,1.0437500000000028,8.399999999999999,False,False
2201,38633,COCCC1C(C)C1O,3.286854145460159,48.15,85.02499999999999,2.424999999999997,36.87499999999999,False,False
2202,38651,COCCC1CC1CO,1.0194864295515822,95.1,82.39999999999999,2.606250000000003,12.700000000000003,False,False
2203,38672,COCCC1COC1C,2.432721644382395,68.27499999999999,81.825,3.762500000000003,13.550000000000011,False,False
2204,38765,COCCCS(=O)(=O)O,5.1053770330522585,11.025,10.7,9.28125,0.32500000000000107,False,False
2205,38781,COCCN1CC1,1.010085415334535,95.175,92.175,2.112499999999997,3.0,False,False
2206,38794,COCCN=COC=O,3.8329069033939263,34.775,11.825,6.431249999999999,22.95,False,False
2207,38800,COCCNC(=O)O,2.5112679937115434,66.425,63.475,4.106250000000017,2.9499999999999957,False,False
2208,38805,COCCNC=O,4.194977349439748,26.025,19.2,4.6875,6.824999999999999,False,False
2209,38810,COCCO,2.5081819777164376,66.55,71.95,4.449999999999989,5.400000000000006,False,False
2210,38857,COCCOS(=O)(=O)c1ccc(C)cc1,5.4329374308283755,7.95,2.85,0.7187500000000009,5.1,True,True
2211,38861,COCCS(=O)(=O)Cl,5.003806105013534,12.1,9.45,3.9937499999999986,2.6500000000000004,True,False
2212,38864,COCCc1c[nH]cn1,3.824360812900232,34.949999999999996,59.275,4.631249999999994,24.325000000000003,False,False
2213,38873,COCCc1ccccc1Br,2.1145685248490893,75.94999999999999,73.6,1.9749999999999943,2.3499999999999943,False,False
2214,38923,COCO,2.245755866030537,72.75,96.025,4.606250000000003,23.275000000000006,False,False
2215,38930,COCOC(=S)Cl,3.527624840219723,42.6,46.725,9.76250000000001,4.125,False,False
2216,38939,COCOCl,2.3336310631386343,70.875,85.975,2.8812500000000085,15.099999999999994,False,False
2217,38948,COCOP,1.6749786210973945,85.35000000000001,86.425,1.2250000000000085,1.0749999999999886,False,False
2218,38966,COCP(Cl)Cl,2.1171828501158827,75.875,73.95,4.337500000000006,1.9249999999999972,False,False
2219,38988,COC[C@@H](C)N=C=S,3.590745168127743,40.875,32.35,8.318750000000001,8.524999999999999,False,False
2220,38992,COC[C@@H]1CO1,2.9147425684096433,57.099999999999994,77.95,3.0187500000000114,20.85000000000001,False,False
2221,39002,COC[SiH](C)C,1.4311028571196645,89.25,96.375,0.8750000000000142,7.125,False,False
2222,39035,COCc1c[nH]nn1,3.615941170652222,40.125,44.6,8.700000000000003,4.475000000000001,False,False
2223,39039,COCc1cc(C)n[nH]1,2.082021715439443,77.10000000000001,69.075,5.406250000000014,8.025000000000006,False,False
2224,39054,COCc1cc[nH]c1C,1.8581467419193824,81.975,91.27499999999999,3.7624999999999886,9.299999999999997,False,False
2225,39068,COCc1ccc(O)cc1,1.7929966176994594,83.05,92.825,2.6687499999999886,9.775000000000006,False,False
2226,39071,COCc1cccc(CBr)c1,2.9940729314284793,55.05,65.275,3.7375000000000114,10.225000000000009,False,False
2227,39107,COCc1cnn(C)c1,2.6720467474178053,63.0,77.375,7.131249999999994,14.375,False,False
2228,39142,COCc1n[nH]nc1O,0.9945789759650996,95.25,91.64999999999999,2.887500000000003,3.6000000000000085,False,False
2229,39157,COCc1ncc(Br)cn1,0.8897340739613819,96.42500000000001,92.925,5.137500000000017,3.500000000000014,False,False
2230,39177,COCc1ncon1,1.524392301169463,87.8,91.375,3.99375000000002,3.575000000000003,False,False
2231,39216,CON(C=O)S(=O)O,4.746672362435624,15.725,53.025,3.6125000000000114,37.3,False,False
2233,39242,CON=[N+]([O-])CC(=O)OC,3.635311368000584,39.65,19.650000000000002,10.40625,19.999999999999996,False,False
2234,39243,CONC#N,4.191481886485465,26.150000000000002,13.950000000000001,4.987499999999999,12.200000000000001,False,False
2235,39245,CONC(=O)C(=O)O,2.280587675349178,71.89999999999999,62.050000000000004,6.831250000000011,9.849999999999987,False,False
2236,39253,CONC(=O)O,2.027579188058225,78.57499999999999,82.0,4.643749999999997,3.4250000000000114,False,False
2237,39254,CONC(=O)S,2.1607981218606382,74.825,44.775,5.606249999999996,30.050000000000004,False,False
2238,39267,CONS(=O)(=O)c1ccccc1,2.791517959990467,60.050000000000004,14.45,4.831249999999999,45.60000000000001,False,False
2239,39287,COOP(=O)(F)F,4.119350600773698,27.675,39.15,6.84375,11.474999999999998,False,False
2240,39298,COOS(=O)O,1.6283104223725475,86.075,43.3,7.562500000000007,42.775000000000006,False,False
2241,39300,COO[Si](=O)OC,3.3900725031768837,45.975,38.375,7.825000000000003,7.600000000000001,False,False
2243,39311,COP(=O)(Cl)SC,4.293208967363847,24.224999999999998,52.075,10.243750000000006,27.850000000000005,False,False
2244,39321,COP(=O)(O)C=[N+]=[N-],3.42214858659121,45.074999999999996,49.55,3.6625000000000014,4.475000000000001,False,False
2245,39322,COP(=O)(O)CCl,3.1762309979397716,50.14999999999999,66.35,5.368750000000013,16.200000000000003,False,False
2246,39326,COP(=O)(O)N=O,2.3213030627327313,71.22500000000001,58.599999999999994,4.09375,12.625000000000014,False,False
2247,39327,COP(=O)(O)NS(C)(=O)=O,2.8130812342611593,59.599999999999994,30.325000000000003,5.168750000000003,29.27499999999999,False,False
2248,39338,COP(=O)(O)OCl,1.2693881570205934,91.85,65.77499999999999,5.212499999999999,26.075000000000003,False,False
2249,39351,COP(=O)(OC)SCl,0.8955706183984609,96.3,21.625,4.081250000000004,74.675,False,False
2250,39368,COP(Cl)C(F)(F)F,3.516821718368238,42.9,65.8,6.71875,22.9,False,False
2251,39369,COP(F)C(F)(F)F,2.0650111617864826,77.575,55.125,4.337500000000006,22.450000000000003,False,False
2252,39374,COP(N)(=O)SC,3.1068088969741874,51.87500000000001,68.075,9.556249999999991,16.199999999999996,False,False
2253,39379,COP(O)O,2.5516499815412956,65.575,78.325,6.462500000000006,12.75,False,False
2254,39392,COP1(=O)CO1,5.105857236065718,11.0,35.85,5.4624999999999915,24.85,False,False
2255,39408,COPCC#N,4.548643902123865,18.625,47.575,4.7812500000000036,28.950000000000003,False,False
2256,39410,COS(=O)(=O)C#N,3.909109821494052,33.050000000000004,26.474999999999998,6.262500000000003,6.575000000000006,False,False
2258,39416,COS(=O)(=O)NC(C)=O,6.024388869795722,4.125,31.35,7.918749999999999,27.225,False,True
2259,39417,COS(=O)(=O)O,3.324208255827483,47.25,39.275,4.924999999999997,7.975000000000001,False,False
2260,39425,COS(=O)(=O)OS,2.7763428486052915,60.45,33.525,7.7437499999999915,26.925000000000004,False,False
2261,39435,COS(=O)OCF,1.666246881522783,85.39999999999999,75.85,3.2437499999999915,9.549999999999997,False,False
2262,39437,COS(=O)ON,1.2842157154041391,91.625,56.10000000000001,8.075000000000003,35.52499999999999,False,False
2263,39451,CO[13C](=N)N,2.0374355970645404,78.4,84.0,1.6437500000000114,5.599999999999994,False,False
2264,39468,CO[C@H](O)Cl,2.5957297657658236,64.8,75.825,2.468750000000014,11.025000000000006,False,False
2266,39475,CO[SiH2]C,1.5193625707336638,87.925,98.7,0.45624999999999716,10.775000000000006,False,False
2267,39476,CO[SiH2]C#N,3.323719960008791,47.275,26.150000000000002,4.674999999999997,21.124999999999996,False,False
2268,39478,CO[SiH2]C(C)C,0.4162986076507544,99.0,97.875,0.887500000000017,1.125,False,False
2269,39479,CO[SiH2]C1CC1,1.7449552760056848,84.0,97.52499999999999,0.4124999999999943,13.524999999999991,False,False
2270,39481,CO[SiH2]CCl,2.474412115078108,67.2,77.4,7.4312499999999915,10.200000000000003,False,False
2271,39484,CO[SiH2]F,1.7977308991777643,82.95,84.8,2.6999999999999886,1.8499999999999943,False,False
2272,39488,CO[SiH2]O[SiH3],0.9439152825594762,95.825,98.55000000000001,1.5125000000000028,2.7250000000000085,False,False
2273,39498,CO[SiH](Cl)Cl,2.612686539899594,64.375,79.125,3.8062500000000057,14.75,False,False
2274,39500,CO[SiH](F)F,2.8405867815689883,59.099999999999994,74.9,1.90625,15.800000000000011,False,False
2276,39511,CO[Si](=O)OO,3.4190566328583794,45.125,43.925,6.356250000000003,1.2000000000000028,False,False
2277,39519,CO[Si](Cl)(Cl)Br,2.2612663379868794,72.225,70.39999999999999,6.949999999999989,1.8250000000000028,False,False
2278,39526,CO[Si](OC)(OC)OC,2.1566039107757784,74.95,98.97500000000001,2.7624999999999886,24.025000000000006,False,False
2279,39614,COc1c(N)coc1C,1.2627904603864843,91.925,92.15,1.0187500000000114,0.22500000000000853,False,False
2280,39624,COc1c(O)c[nH]c1N,2.6257234723508582,63.800000000000004,72.05,3.71875,8.249999999999993,False,False
2281,39632,COc1c(O)ncn1C,2.766060873166335,60.775,68.55,5.106249999999989,7.774999999999999,False,False
2282,39686,COc1cc(=N)[nH]cn1,4.527023727726359,19.15,42.85,2.643749999999997,23.700000000000003,False,False
2283,39733,COc1cc(C=O)ccc1OS(C)(=O)=O,4.07757553059375,28.625,37.4,10.237499999999997,8.774999999999999,False,False
2284,39747,COc1cc(Cl)ncn1,3.085954407408548,52.575,53.425,6.762500000000003,0.8499999999999943,False,False
2285,39754,COc1cc(N)[nH]c1C,1.5055045265802982,88.14999999999999,90.975,2.012500000000003,2.825000000000003,False,False
2287,39786,COc1cc(N=C=S)cc(OC)c1OC,2.228360126256593,73.25,69.39999999999999,5.53125,3.8500000000000085,False,False
2288,39803,COc1cc(OC)c(N=C=S)cc1Cl,5.708830018392947,6.2,5.25,2.924999999999999,0.9500000000000002,True,True
2289,39825,COc1ccc(=O)on1,5.225407107301732,9.475,3.8249999999999997,2.3375,5.65,True,True
2290,39829,COc1ccc(C#N)s1,5.608741128564739,6.800000000000001,3.25,0.5875000000000004,3.5500000000000007,True,True
2291,39832,COc1ccc(C(=O)C=S(C)C)cc1,6.616157732602075,1.7000000000000002,6.925000000000001,1.4375,5.2250000000000005,True,True
2292,39842,COc1ccc(C)cc1C,1.0449464191231528,94.875,96.42500000000001,0.6562499999999858,1.5500000000000114,False,False
2293,39852,COc1ccc(C=O)cc1,4.206242875810795,25.75,9.4,3.0124999999999993,16.35,True,False
2294,39855,COc1ccc(C=S)c(C)c1,4.4843642802227315,20.05,10.95,3.78125,9.100000000000001,False,False
2295,39857,COc1ccc(C=S=O)cc1,5.901954117318091,4.875,17.0,6.200000000000003,12.125,False,True
2296,39860,COc1ccc(CCN=C=S)cc1,4.945451092327782,12.975,43.425000000000004,8.243749999999999,30.450000000000003,False,False
2297,39878,COc1ccc(F)cc1O,4.15803070404175,26.875,45.574999999999996,1.7874999999999943,18.699999999999996,False,False
2298,39886,COc1ccc(N)c(N)n1,1.9527693461278124,80.175,75.8,1.3937499999999972,4.375,False,False
2299,39891,COc1ccc(N)cc1F,3.1953459296577007,49.75,44.5,7.518749999999997,5.25,False,False
2300,39892,COc1ccc(N)cc1N,0.2159387494092359,99.47500000000001,94.975,3.0812500000000114,4.500000000000014,False,False
2301,39898,COc1ccc(N=C=O)cc1,3.9205185681312993,32.775,37.775,7.381250000000001,5.0,False,False
2302,39904,COc1ccc(N=C=S)cc1N=C=S,4.766701399731644,15.325,11.924999999999999,4.300000000000001,3.4000000000000004,False,False
2303,39905,COc1ccc(N=C=S)cc1OC,3.72966970791677,37.075,34.8,7.887500000000003,2.2750000000000057,False,False
2304,39908,COc1ccc(NS(C)(=O)=O)cc1,5.6364452649845145,6.6000000000000005,5.55,2.950000000000001,1.0500000000000007,True,True
2305,39910,COc1ccc(O)c(Cl)c1,1.9564785982818695,80.10000000000001,88.375,2.174999999999997,8.274999999999991,False,False
2306,39918,COc1ccc(OC)c(CCN=C=S)c1,6.555440128053358,1.9,34.65,6.056249999999999,32.75,False,True
2307,39923,COc1ccc(S(=O)(=O)NN)cc1,7.111017644051871,1.0250000000000001,1.575,0.5125,0.5499999999999998,True,True
2308,39941,COc1cccc(Br)c1O,2.175120209020062,74.47500000000001,48.125,4.112500000000004,26.35000000000001,False,False
2309,39950,COc1cccc(CN)n1,1.448919756131941,88.925,93.85,1.5812499999999972,4.924999999999997,False,False
2310,39951,COc1cccc(CN=C=O)c1,3.989293924692438,30.95,35.4,8.09375,4.449999999999999,False,False
2311,39953,COc1cccc(CN=C=S)c1OC,5.507378509406971,7.475,16.7,4.068750000000001,9.225,False,True
2312,39960,COc1cccc(N)c1Cl,1.9361219997372816,80.5,83.175,2.28125,2.674999999999997,False,False
2313,39962,COc1cccc(N=C=O)c1,2.416014400466818,68.89999999999999,52.37500000000001,5.225000000000001,16.524999999999984,False,False
2314,39968,COc1cccc(OC)c1N=C=O,4.327421884791524,23.599999999999998,9.725,5.3125,13.874999999999998,True,False
2315,39977,COc1ccccc1CN=C=S,3.9406362571036753,32.1,14.6,3.0,17.5,False,False
2316,40007,COc1ccn(C)c1SC,2.2054097659411513,73.65,75.05,2.56874999999998,1.3999999999999915,False,False
2317,40089,COc1cnc(C)c(Br)c1,2.314968348752075,71.39999999999999,67.025,8.15625,4.374999999999986,False,False
2318,40095,COc1cnc(C)s1,2.5098803736815127,66.475,86.97500000000001,4.262500000000003,20.500000000000014,False,False
2319,40103,COc1cnc(Cl)nc1,5.097480306153069,11.1,6.9,2.2250000000000014,4.199999999999999,True,False
2320,40109,COc1cnc(N)cn1,1.9025922320209492,81.1125,87.7875,6.187500000000014,6.674999999999997,False,False
2321,40109,COc1cnc(N)cn1,1.9025922320209492,81.1125,87.7875,6.187500000000014,6.674999999999997,False,False
2322,40137,COc1cncc(F)n1,1.875572537102808,81.55,86.725,3.043750000000003,5.174999999999997,False,False
2324,40169,COc1cnnc(Br)c1,6.03250115123971,4.05,4.675,1.9562500000000016,0.625,True,True
2325,40170,COc1cnncc1Br,4.273365978765916,24.55,37.8,11.368749999999999,13.249999999999996,False,False
2326,40178,COc1cnns1,4.84929207809763,14.149999999999999,17.25,4.956250000000001,3.1000000000000014,False,False
2327,40190,COc1cnoc1OC,1.7559765825411666,83.85000000000001,78.075,7.862499999999997,5.775000000000006,False,False
2328,40194,COc1coc(=N)[nH]1,3.479224619769209,43.575,21.6,5.306249999999999,21.975,False,False
2329,40201,COc1coc(C#N)c1,5.789874072353972,5.625,2.825,0.6687499999999997,2.8,True,True
2330,40250,COc1cscc1Br,2.3728285480379663,69.925,78.825,8.212500000000006,8.900000000000006,False,False
2331,40256,COc1n[nH]c(=N)[nH]1,2.7217402229304577,61.925,61.6,3.0687500000000014,0.32499999999999574,False,False
2332,40261,COc1n[nH]c(=S)o1,3.158673578673091,50.724999999999994,35.449999999999996,3.0250000000000057,15.274999999999999,False,False
2333,40301,COc1nc(=S)[nH][nH]1,6.272500247432141,3.075,0.05,0.2875,3.0250000000000004,True,True
2334,40315,COc1nc(C)cnc1Cl,3.598916301197389,40.6,35.3,2.25,5.300000000000004,False,False
2335,40319,COc1nc(C)no1,1.6454215278857005,85.775,85.75,4.6312500000000085,0.025000000000005684,False,False
2336,40331,COc1nc(F)cs1,1.7414643957960705,84.125,85.075,1.6875000000000142,0.9500000000000028,False,False
2338,40453,COc1ncncc1Br,1.8860847311495792,81.3,81.0,2.2062500000000114,0.29999999999999716,False,False
2339,40472,COc1ncoc1CN,1.369607658467529,90.10000000000001,91.60000000000001,1.4687500000000142,1.5,False,False
2340,40476,COc1ncon1,0.4560024296935999,98.9,95.625,2.293750000000003,3.2750000000000057,False,False
2341,40489,COc1nn[nH]c1CO,4.338618043090459,23.175,55.45,3.668750000000003,32.275000000000006,False,False
2344,40518,COc1noc(=O)n1C,5.9192694600042115,4.75,1.625,0.6124999999999998,3.125,True,True
2345,40544,COc1nonc1CO,2.1226399570061543,75.75,41.699999999999996,7.456250000000004,34.050000000000004,False,False
2346,40552,COc1ns[nH]c1=S,3.531667994125984,42.525,46.800000000000004,2.5687500000000014,4.275000000000006,False,False
2347,40567,COc1oc(=N)[nH]c1N,3.920291874244008,32.800000000000004,47.325,3.3812500000000014,14.524999999999999,False,False
2348,40616,COc1oncc1C(=O)O,4.22051578680678,25.4,50.74999999999999,7.349999999999987,25.349999999999994,False,False
2349,40627,COc1sncc1N,3.474605499320547,43.85,53.400000000000006,4.15625,9.550000000000004,False,False
2350,40635,CP(=O)(Cl)Br,3.724543849130659,37.225,48.025,4.675000000000004,10.799999999999997,False,False
2351,40643,CP(=O)(F)Br,3.811492648717221,35.35,28.65,6.693750000000001,6.700000000000003,False,False
2352,40647,CP(=O)(F)OF,3.9152446185284258,32.875,29.625,8.475000000000001,3.25,False,False
2353,40650,CP(=O)(O)C(=O)Cl,3.1824959355485025,49.95,62.25000000000001,3.6812500000000057,12.300000000000004,False,False
2354,40669,CP(=O)(O)OCC#N,3.086163922847454,52.55,12.2,4.362500000000001,40.349999999999994,False,False
2355,40672,CP(=O)(O)OCl,2.3354192314290856,70.85000000000001,51.449999999999996,5.006250000000001,19.400000000000013,False,False
2356,40678,CP(=O)(OCl)OCl,4.4125959028262125,21.425,60.699999999999996,5.824999999999996,39.27499999999999,False,False
2357,40684,CP(C)(=O)Br,4.378186007013783,22.375,49.625,2.28125,27.25,False,False
2358,40695,CP(C)(=O)O,2.9029952650257433,57.475,42.5,3.4812499999999957,14.975000000000001,False,False
2359,40698,CP(C)(C)=O,4.512734450719762,19.375,54.675,5.850000000000001,35.3,False,False
2360,40699,CP(C)C(F)(F)F,2.8562517383720634,58.550000000000004,64.14999999999999,1.7062499999999972,5.599999999999987,False,False
2361,40700,CP(C)SC(F)(F)F,3.6516674529401287,39.25,41.5,3.262500000000003,2.25,False,False
2362,40715,CP(P)C#N,3.307209962688033,47.675,26.55,7.337499999999999,21.124999999999996,False,False
2363,40716,CP1(=O)C=PO1,4.387719125617758,22.15,16.625,3.3187500000000014,5.524999999999999,False,False
2364,40734,CPOCC#N,2.976131722208318,55.625,19.85,4.725000000000005,35.775,False,False
2365,40741,CS(=O)(=O)C#N,4.426720046182039,21.125,8.475000000000001,1.6500000000000004,12.649999999999999,True,False
2366,40745,CS(=O)(=O)C(C#N)=NO,4.176666518542633,26.5,24.375,5.468750000000002,2.125,False,False
2367,40748,CS(=O)(=O)C(Cl)=CCl,3.725961631830362,37.125,13.775,2.8312500000000025,23.35,False,False
2368,40752,CS(=O)(=O)C=C1CCCCC1,5.552549427747398,7.124999999999999,7.449999999999999,0.875,0.3250000000000002,True,True
2370,40795,CS(=O)(=O)CS(=O)(=O)OCCBr,7.352555292790347,0.75,24.349999999999998,8.674999999999997,23.599999999999998,False,True
2371,40799,CS(=O)(=O)CS(C)(=O)=O,6.338337720472603,2.85,57.225,14.981250000000003,54.375,False,True
2372,40803,CS(=O)(=O)CSSCS(C)(=O)=O,6.581834044319611,1.8499999999999999,28.825,3.5437499999999993,26.974999999999998,False,True
2373,40804,CS(=O)(=O)Cc1ccccc1,5.115545373853578,10.95,10.274999999999999,2.26875,0.6750000000000007,False,False
2374,40807,CS(=O)(=O)N(CCCl)CCCl,5.351292802329091,8.649999999999999,28.15,2.25,19.5,False,True
2375,40812,CS(=O)(=O)N1C=CC=CC=C1,3.783065113827346,35.699999999999996,18.525,2.3937500000000025,17.174999999999997,False,False
2376,40821,CS(=O)(=O)N1COCOC1,5.478484723620327,7.7,21.275,3.700000000000001,13.575,False,True
2377,40826,CS(=O)(=O)NC(=O)O,3.679662365297197,38.3,30.675,7.65625,7.6249999999999964,False,False
2378,40837,CS(=O)(=O)NCCN,4.067062791333137,28.9,15.049999999999999,7.275000000000004,13.85,False,False
2379,40840,CS(=O)(=O)NCCc1ccc(Cl)cc1,3.6218593082497175,39.875,41.875,9.61875,2.0,False,False
2380,40842,CS(=O)(=O)NCCc1ccc(NN)cc1,4.923593321070005,13.175,2.9499999999999997,2.25625,10.225000000000001,True,False
2381,40896,CS(=O)(=O)OCC1CCC=CO1,3.2054701854172367,49.55,38.275,7.09375,11.274999999999999,False,False
2382,40901,CS(=O)(=O)OCC1OC(O)CC1O,3.9314721018935543,32.5,19.900000000000002,4.518749999999997,12.599999999999998,False,False
2383,40902,CS(=O)(=O)OCCC#N,7.721907340042018,0.35000000000000003,9.049999999999999,4.9375,8.7,True,True
2384,40914,CS(=O)(=O)OCC[18F],4.748400595337134,15.7,41.575,8.67499999999999,25.875000000000004,False,False
2385,40921,CS(=O)(=O)Oc1cccc(C(F)(F)F)c1,4.207905391361153,25.674999999999997,9.0,6.24375,16.674999999999997,True,False
2386,40941,CS(=O)(=O)c1ccccc1N,4.845878009905084,14.174999999999999,10.025,3.8000000000000007,4.149999999999999,False,False
2387,40985,CS(=O)CC(=O)c1ccccc1O,6.197577267188019,3.2,33.900000000000006,2.1812499999999995,30.700000000000006,False,True
2388,40995,CS(=O)CC(O)c1ccccc1,4.864522291766852,14.025000000000002,29.9,2.59375,15.874999999999996,False,False
2389,41008,CS(=O)CCCCCCN=C=S,4.765382692066802,15.375,21.025,9.987500000000002,5.649999999999999,False,False
2390,41025,CS(=O)CF,4.240211027391676,25.0,45.175,4.893750000000004,20.174999999999997,False,False
2391,41029,CS(=O)CNC#N,5.730202867310601,6.05,28.325,3.7437499999999986,22.275,False,True
2392,41032,CS(=O)COC=O,5.023432209126213,11.85,14.85,5.375,3.0,False,False
2393,41042,CS(=O)C[C@H](N)C(=O)O,3.4931821741622966,43.4,37.275000000000006,8.818750000000001,6.124999999999993,False,False
2394,41051,CS(=O)OS(=O)OO,5.209881389349367,9.9,50.24999999999999,7.9750000000000085,40.349999999999994,False,True
2395,41062,CS(=O)c1ccccc1C(=O)O,4.735215121964397,15.975,15.8,6.074999999999999,0.17499999999999893,False,False
2397,41066,CS(=O)c1ccccn1,4.0427140159463075,29.325000000000003,14.625,5.943750000000001,14.700000000000003,False,False
2398,41069,CS(=S)C#N,4.328605758905219,23.5,11.975,2.706249999999999,11.525,False,False
2399,41072,CS(C)(=O)=CC1=CC(=O)CCC1,9.071611838528538,0.075,3.375,3.13125,3.3,True,True
2400,41074,CS(C)(=O)=NC(=O)C1CO1,4.324170559110418,23.7,27.975,2.5999999999999996,4.275000000000002,False,False
2401,41078,CS(C)=CC#N,6.523815806471195,1.95,1.0999999999999999,2.16875,0.8500000000000001,True,True
2402,41081,CS(C)=CC(=O)CCN1C(=O)CCC1=O,3.3424828530440633,46.875,9.425,4.4,37.45,True,False
2403,41083,CS(C)=CC(=O)c1ccc(Br)cc1,5.961272626979228,4.375,0.35000000000000003,0.4937500000000001,4.025,True,True
2404,41110,CSC(=C[N+](=O)[O-])SC,5.587074962436051,7.000000000000001,1.975,2.3625000000000003,5.025,True,True
2405,41123,CSC(=NC#N)NN,4.9069124671823525,13.475000000000001,3.3000000000000003,2.8249999999999997,10.175,True,False
2406,41127,CSC(=N[N+](=O)[O-])SC,2.8142002092649188,59.575,6.825,5.00625,52.75,True,False
2407,41130,CSC(=O)C(=O)O,0.503570641424701,98.625,89.575,3.281250000000014,9.049999999999997,False,False
2409,41149,CSC(=O)CC(=O)O,2.175413679750845,74.45,70.575,3.3187499999999943,3.875,False,False
2410,41156,CSC(=O)CO,1.473170351579982,88.44999999999999,67.9,3.7124999999999915,20.549999999999983,False,False
2412,41170,CSC(=O)OC(C)=O,2.583650167182007,65.075,16.3,7.15625,48.775000000000006,False,False
2413,41177,CSC(=PCl)SC,4.185535359376691,26.325,69.69999999999999,4.831249999999997,43.374999999999986,False,False
2414,41188,CSC(=S)Cl,2.841295516348519,59.050000000000004,60.075,6.049999999999997,1.0249999999999986,False,False
2415,41241,CSC(C)c1ccc(Br)cc1,1.7241343873460837,84.475,81.025,4.662499999999994,3.4499999999999886,False,False
2416,41245,CSC(CF)Cc1ccccc1,3.0485633054377645,53.55,88.425,2.8812500000000085,34.875,False,False
2417,41248,CSC(C[N+](=O)[O-])SC,4.0325023352805776,29.65,24.925,6.543750000000003,4.724999999999998,False,False
2418,41258,CSC(Cl)C(=O)Cl,1.9329181864827825,80.55,62.625,4.618750000000006,17.924999999999997,False,False
2419,41273,CSC(F)=C(F)C#N,5.123926617336947,10.85,9.3,5.40625,1.549999999999999,True,False
2421,41290,CSC(N)=S,2.7200151095030307,62.0,28.050000000000004,10.668750000000003,33.949999999999996,False,False
2422,41294,CSC(O)C#N,3.665871367963228,38.824999999999996,46.975,8.174999999999997,8.150000000000006,False,False
2423,41296,CSC(O)Cl,1.2561048867182851,92.10000000000001,80.65,5.762500000000003,11.450000000000003,False,False
2424,41299,CSC(P)=S,2.1870977705683616,74.175,53.574999999999996,5.350000000000001,20.6,False,False
2425,41300,CSC(S(C)(=O)=O)S(C)(=O)=O,7.132320506413413,1.0,26.375,6.93125,25.375,False,True
2426,41312,CSC1=C(C)CCO1,1.8448882648795673,82.27499999999999,87.9,1.4562499999999972,5.625000000000014,False,False
2427,41328,CSC1=CNN(S)O1,4.24633085624457,24.85,63.5,6.28125,38.65,False,False
2428,41334,CSC1=NC(=N)CS1,2.0983206275576425,76.6,76.67500000000001,3.6499999999999915,0.07500000000001705,False,False
2429,41340,CSC1=NCC(=O)N1,3.5718417822872692,41.325,55.625,5.4312499999999915,14.299999999999997,False,False
2430,41358,CSC1CC1(F)F,2.515677059572491,66.27499999999999,76.8,6.4750000000000085,10.525000000000006,False,False
2431,41367,CSC1CS1,1.3573502685515857,90.425,83.39999999999999,4.4624999999999915,7.025000000000006,False,False
2432,41374,CSC1NN1,1.9342191031184663,80.525,77.10000000000001,6.931250000000006,3.424999999999997,False,False
2433,41416,CSCC(Cl)(Cl)Cl,2.29260480750556,71.72500000000001,78.175,4.675000000000011,6.449999999999989,False,False
2434,41421,CSCC(F)(F)F,3.5516869167900276,41.875,73.075,2.5062500000000085,31.200000000000003,False,False
2436,41435,CSCC1CO1,1.828798162753201,82.525,93.65,1.9375,11.125,False,False
2437,41438,CSCC=C(Cl)Cl,2.460167104037083,67.60000000000001,93.525,1.8125,25.924999999999997,False,False
2438,41439,CSCC=C(F)F,2.3369645717965803,70.8,93.425,2.706249999999997,22.625,False,False
2439,41444,CSCCC(=O)/C(O)=C/O,2.4673788446144793,67.325,54.325,6.424999999999997,13.0,False,False
2440,41445,CSCCC(=O)C(O)=CO,3.2286348744021383,49.15,59.3,4.262499999999996,10.149999999999999,False,False
2441,41449,CSCCC(N)C(=O)O,1.218314676956807,92.625,74.725,6.481250000000017,17.900000000000006,False,False
2442,41452,CSCCC1NC(=O)OC1=O,6.066607894930007,3.8,3.05,1.2625000000000006,0.75,True,True
2443,41460,CSCCCCN=[N+]=[N-],1.705816518412561,84.875,56.375,6.774999999999999,28.5,False,False
2444,41467,CSCCN=C=S,4.524226179195794,19.2,39.025,3.67499999999999,19.825,False,False
2445,41484,CSCN,1.8628940205299604,81.8,77.60000000000001,2.6437500000000114,4.199999999999989,False,False
2446,41492,CSCOC=O,3.0603246440919616,53.325,84.85000000000001,6.268750000000011,31.525000000000006,False,False
2447,41497,CSCOOCl,2.3922188765318837,69.425,79.35,3.78125,9.924999999999997,False,False
2448,41513,CSCSC(C)=O,3.2623146812229633,48.55,77.875,1.8499999999999943,29.325000000000003,False,False
2449,41520,CSCSSCS(C)=O,3.408690955261593,45.45,57.099999999999994,21.0875,11.649999999999991,False,False
2450,41543,CSCc1ccccc1Br,1.779476265535867,83.35000000000001,79.5,3.200000000000003,3.8500000000000085,False,False
2451,41547,CSCc1ccccn1,1.9471611367770305,80.325,87.275,3.0187500000000114,6.950000000000003,False,False
2452,41554,CSCc1ncon1,0.6549441130767979,97.89999999999999,85.775,4.125,12.124999999999986,False,False
2453,41564,CSN(SC)C(=O)O,1.7583975891937471,83.8,79.45,3.831249999999997,4.349999999999994,False,False
2454,41570,CSNC#N,4.703075650250901,16.475,13.375,3.2625000000000046,3.1000000000000014,False,False
2455,41572,CSNC(=O)C(N)=O,1.5675764264581389,86.97500000000001,93.4,4.737500000000011,6.424999999999997,False,False
2456,41575,CSNC(=O)O,2.4017386023157674,69.25,73.0,4.143750000000011,3.75,False,False
2457,41581,CSNP(=O)(O)O,2.070740589435252,77.425,80.60000000000001,11.224999999999994,3.1750000000000114,False,False
2458,41589,CSOC(F)F,3.869024130716889,34.125,65.225,3.6812500000000057,31.099999999999994,False,False
2459,41597,CSP(=O)(Cl)Cl,4.657307396748844,17.1,48.199999999999996,7.562500000000007,31.099999999999994,False,False
2460,41599,CSP(=O)(F)F,4.597536438060288,17.9,29.075,4.743749999999999,11.175,False,False
2461,41604,CSP(=O)(OCl)OCl,2.894172604742478,57.62500000000001,21.875,8.062499999999996,35.75000000000001,False,False
2462,41612,CSSC#N,3.9516020674822823,31.75,27.725,3.03125,4.024999999999999,False,False
2463,41623,CSSCOC(Cl)Cl,3.695268085607158,38.025,82.025,5.749999999999986,44.00000000000001,False,False
2464,41640,CS[C@@H](C)c1ccccc1,1.4270166349920916,89.3,93.975,1.28125,4.674999999999997,False,False
2465,41656,CSc1cc(F)cc(F)c1,2.4079687438798616,69.075,85.25,5.1000000000000085,16.174999999999997,False,False
2466,41698,CSc1ccnc(Cl)n1,3.0515647182672923,53.449999999999996,54.75,3.862499999999997,1.3000000000000043,False,False
2467,41699,CSc1ccncn1,3.7577874294690616,36.35,90.025,1.6124999999999972,53.675000000000004,False,False
2468,41703,CSc1ccns1,2.4857960829836907,66.95,59.52499999999999,3.28125,7.425000000000011,False,False
2469,41705,CSc1ccoc1C,1.3385516482513555,90.85,95.525,0.7499999999999858,4.675000000000011,False,False
2470,41717,CSc1cnn[nH]c1=O,1.727510391878163,84.39999999999999,80.825,3.8812499999999943,3.5749999999999886,False,False
2471,41761,CSc1nc(S)cs1,1.1206087715144184,93.95,90.525,1.1687499999999886,3.424999999999997,False,False
2472,41774,CSc1nccn1O,2.3936176862310132,69.39999999999999,89.525,0.8375000000000057,20.125000000000014,False,False
2473,41826,C[14C](N)=O,3.933583894371635,32.35,25.75,5.974999999999998,6.600000000000001,False,False
2474,41836,C[C@@H](CN)OP(=O)(O)O,7.147338777092822,0.975,55.1,11.268750000000011,54.125,False,True
2475,41842,C[C@@H](F)CF,3.176979662546006,50.125,87.35000000000001,6.312499999999986,37.22500000000001,False,False
2477,41874,C[C@@H]1COC1=O,4.489928756350446,19.900000000000002,12.475,5.112500000000001,7.4250000000000025,False,False
2478,41897,C[C@@]1(O)CO1,3.4096569801920613,45.300000000000004,73.675,3.8062499999999915,28.374999999999993,False,False
2479,41907,C[C@H](F)CF,0.4982349989253982,98.675,88.075,3.15625,10.599999999999994,False,False
2480,41908,C[C@H](F)Cl,2.408087064639201,69.05,74.02499999999999,1.9500000000000028,4.974999999999994,False,False
2481,41937,C[C@H]1CS1,2.235328750177207,73.02499999999999,76.47500000000001,2.3374999999999915,3.450000000000017,False,False
2482,41959,C[S@@](=O)CC#N,1.15529682697929,93.65,60.925,13.487499999999997,32.72500000000001,False,False
2483,41964,C[S@@](=O)c1ccccc1,4.2130787892681765,25.55,31.75,2.9812499999999993,6.199999999999999,False,False
2485,41973,C[SiH2]C#N,4.063204417213499,28.925,30.9,8.175000000000008,1.9749999999999979,False,False
2486,41979,C[SiH2]OC(C)(C)C,0.6766070941452004,97.75,90.825,0.9750000000000085,6.924999999999997,False,False
2487,41991,C[SiH](C)CCF,2.3511509846766674,70.525,84.675,1.9437499999999943,14.149999999999991,False,False
2488,41992,C[SiH](C)CF,1.528952799488423,87.725,82.175,3.1062499999999886,5.549999999999997,False,False
2489,41998,C[SiH](Cl)C(F)(F)F,2.938067742898078,56.65,56.725,7.1937500000000085,0.07500000000000284,False,False
2491,42002,C[SiH]1OCO1,1.305716506792888,91.375,94.525,1.3687499999999915,3.1500000000000057,False,False
2492,42003,C[SiH]1OO1,4.326493869092621,23.65,34.300000000000004,5.706249999999997,10.650000000000006,False,False
2494,42015,C[Si](C)(C)OC(=O)CCCN=C=S,5.649151766186614,6.575,52.05,3.9624999999999986,45.474999999999994,False,True
2495,42022,C[Si](C)(CF)CF,3.8562476278470466,34.4,83.05,4.125,48.65,False,False
2496,42024,C[Si](Cl)(C#N)C#N,4.17809449613049,26.474999999999998,39.975,10.212500000000006,13.500000000000004,False,False
2497,42026,C[Si](Cl)(Cl)C(F)(Cl)Cl,2.635797000988757,63.449999999999996,72.32499999999999,4.21875,8.874999999999993,False,False
2498,42027,C[Si](Cl)(Cl)C(F)(F)F,2.773045267805613,60.575,65.875,7.474999999999994,5.299999999999997,False,False
2499,42030,C[Si](Cl)(Cl)SC#N,3.126295312080546,51.37500000000001,27.175,3.549999999999997,24.200000000000006,False,False
2500,42031,C[Si](F)(F)C(F)(F)F,3.061252370060029,53.175,56.05,4.493750000000006,2.875,False,False
2501,42035,C[Si]1(C)O[Si](C)(C)O[Si](C)(C)O1,0.0004716756642614,99.85000000000001,99.625,0.42499999999999716,0.22500000000000853,False,False
2502,42051,Cc1[nH]c(O)nc1C#N,6.438114212005537,2.4,1.075,1.44375,1.325,True,True
2503,42068,Cc1[nH]cnc1C#N,7.737777407242763,0.325,0.025,0.14999999999999997,0.3,True,True
2504,42088,Cc1[nH]nnc1NC=O,2.3856143070860276,69.65,19.0,30.7875,50.650000000000006,False,False
2505,42121,Cc1c(F)cnoc1=N,1.8666224714325164,81.69999999999999,66.025,4.343749999999993,15.674999999999983,False,False
2506,42139,Cc1c(F)oncc1=O,1.190944444704921,93.125,94.65,1.5187500000000114,1.5250000000000057,False,False
2507,42151,Cc1c(O)cccc1F,1.0576579961429593,94.65,90.47500000000001,3.468749999999986,4.174999999999997,False,False
2508,42200,Cc1c[nH]nc1OC=N,4.543259390399493,18.7,36.25,3.3999999999999915,17.55,False,False
2509,42202,Cc1cc(=N)[nH]c(F)n1,1.0565569527486842,94.69999999999999,96.75,2.5437499999999886,2.0500000000000114,False,False
2510,42255,Cc1cc(C)c(C#N)[nH]1,5.001523739195874,12.15,6.1,1.4187499999999993,6.050000000000001,True,False
2511,42271,Cc1cc(Cl)ccc1S(N)(=O)=O,2.4516306174217433,67.77499999999999,48.0,5.856250000000003,19.77499999999999,False,False
2512,42313,Cc1cc(F)nc(C)n1,2.311197675921169,71.475,74.75,2.6500000000000057,3.2750000000000057,False,False
2513,42318,Cc1cc(F)ncc1N,5.072854871559436,11.375,5.975,2.4312499999999986,5.4,True,False
2514,42322,Cc1cc(F)noc1=N,3.146027278707486,50.975,54.0,4.84375,3.0249999999999986,False,False
2515,42323,Cc1cc(F)noc1=O,5.015472228191855,12.0,8.924999999999999,3.1687499999999993,3.075000000000001,True,False
2516,42351,Cc1cc(O)c(C#N)[nH]1,4.541884050362294,18.725,10.4,3.0874999999999986,8.325000000000001,False,False
2517,42375,Cc1cc(SC#N)ccc1N=C=S,3.429235339089429,44.925,51.7,5.6937500000000085,6.775000000000006,False,False
2518,42397,Cc1ccc(C(=O)C=S(C)C)cc1,7.753725238747029,0.3,6.075,2.3687500000000004,5.775,True,True
2519,42411,Cc1ccc(Cl)c(S(N)(=O)=O)c1,4.035502833298907,29.575000000000003,7.8,1.1124999999999998,21.775000000000002,True,False
2520,42433,Cc1ccc(F)cc1F,1.9173111140984465,80.9125,82.8875,3.59375,1.9750000000000085,False,False
2521,42433,Cc1ccc(F)cc1F,1.9173111140984465,80.9125,82.8875,3.59375,1.9750000000000085,False,False
2522,42444,Cc1ccc(F)nc1O,2.3231367836403685,71.175,76.2,2.843750000000014,5.025000000000006,False,False
2523,42453,Cc1ccc(N)cc1S(N)(=O)=O,5.907627058149646,4.8500000000000005,2.5,0.4437500000000001,2.3500000000000005,True,True
2524,42472,Cc1ccc(OS(=O)(=O)C(F)(F)F)cc1,3.653584354213239,39.15,9.025,2.1562500000000018,30.125,True,False
2525,42490,Cc1ccc(S(=O)(=O)NCl)cc1,6.502985734942173,2.0,1.175,1.1,0.825,True,True
2526,42498,Cc1ccc(S(=O)C(C)C)cc1,4.501597196967723,19.625,14.35,3.243750000000002,5.275,False,False
2528,42543,Cc1ccccc1N=NCC(C#N)C#N,4.040735122155834,29.45,10.325,3.987499999999999,19.125,False,False
2530,42548,Cc1ccccc1S(N)(=O)=O,3.3087539921571287,47.65,9.6,6.09375,38.05,True,False
2531,42588,Cc1ccsc1S(N)(=O)=O,6.142114355872077,3.375,7.6499999999999995,2.137500000000001,4.2749999999999995,True,True
2532,42613,Cc1cnc(C#N)o1,5.702746856894001,6.225,2.025,1.00625,4.199999999999999,True,True
2533,42630,Cc1cnc(F)c(F)c1,4.234419203571939,25.074999999999996,14.124999999999998,4.043749999999999,10.949999999999998,False,False
2534,42636,Cc1cnc(F)cc1C,4.3950361985099144,21.975,13.175,2.2874999999999996,8.8,False,False
2535,42690,Cc1cnnn1C(N)=O,1.209286509791465,92.77499999999999,90.10000000000001,1.9500000000000028,2.674999999999983,False,False
2536,42695,Cc1cnoc1C(N)=O,0.3671110292910204,99.225,94.39999999999999,3.4124999999999943,4.825000000000003,False,False
2537,42704,Cc1coc(=N)nc1F,4.335523942417615,23.3,7.9,5.618750000000002,15.4,True,False
2538,42748,Cc1csc(C#N)n1,5.330794403540705,8.975,2.9250000000000003,0.7999999999999994,6.049999999999999,True,True
2539,42750,Cc1csc(CF)n1,2.138066015946619,75.4,72.82499999999999,2.9937500000000057,2.575000000000017,False,False
2540,42773,Cc1n[nH]c(N)c1C#N,4.930646799342632,13.125,5.225,1.9750000000000005,7.9,True,False
2541,42785,Cc1n[nH]nc1OC=N,2.7406444492650355,61.35,79.675,5.075000000000003,18.324999999999996,False,False
2542,42800,Cc1nc(=O)cc(F)o1,4.345483842098681,23.025000000000002,19.325,8.39375,3.700000000000003,False,False
2543,42827,Cc1nc(CF)n[nH]1,4.621266303375275,17.525,10.2,2.0749999999999993,7.324999999999999,False,False
2544,42842,Cc1nc(F)co1,2.613788462588841,64.3,66.3,2.2249999999999943,2.0,False,False
2545,42859,Cc1nc(F)ns1,4.074487971558114,28.7,18.224999999999998,4.731249999999996,10.475000000000001,False,False
2546,42863,Cc1nc(N)c(C#N)[nH]1,4.033299749455686,29.625,25.324999999999996,5.118749999999999,4.300000000000004,False,False
2547,42932,Cc1ncc(F)s1,1.5821170042911763,86.725,90.225,2.0062499999999943,3.5,False,False
2548,42960,Cc1ncn(C)c1C#N,3.6395083348732222,39.550000000000004,35.175,3.031250000000007,4.375000000000007,False,False
2549,43036,Cc1nocc1NC=O,4.972021367370063,12.5,6.75,2.2249999999999996,5.75,True,False
2550,43041,Cc1nonc1C#N,3.0925379769819483,52.349999999999994,49.3,2.6499999999999986,3.049999999999997,False,False
2551,43051,Cc1nscc1F,1.055304662020953,94.75,95.375,1.3437499999999858,0.625,False,False
2552,43077,Cc1occc1OC=N,3.0028217709110443,54.800000000000004,76.375,5.1312500000000085,21.574999999999996,False,False
2554,43144,ClC1(Cl)NO1,1.703426630451474,84.925,94.85,1.9749999999999943,9.924999999999997,False,False
2555,43147,ClC1(Cl)SC(Cl)(Cl)S1,0.0001548891935211,99.95,99.775,0.10625000000000284,0.17499999999999716,False,False
2556,43152,ClC1=C(Cl)SCC1,2.7678562401833378,60.75000000000001,63.075,2.71875,2.3249999999999957,False,False
2558,43200,ClC1=NNOC=C1,2.310301660290433,71.5,82.05,2.5,10.549999999999997,False,False
2559,43202,ClC1=NOC1,3.276744261521709,48.35,47.075,4.875000000000007,1.2749999999999986,False,False
2560,43219,ClC1C=CSC1Cl,3.1929363132274053,49.85,67.575,5.8500000000000085,17.725,False,False
2561,43222,ClC1C=NOC1,3.0965449236955007,52.15,69.25,5.137499999999989,17.1,False,False
2562,43225,ClC1CC=COC1,2.6216525801492723,63.949999999999996,87.325,2.887500000000003,23.375000000000007,False,False
2563,43236,ClC1CCNO1,4.378250542034552,22.35,40.949999999999996,4.1875,18.599999999999994,False,False
2564,43237,ClC1CCO1,3.2737319727666914,48.425000000000004,53.474999999999994,2.59375,5.04999999999999,False,False
2565,43239,ClC1CCOC1Cl,2.3578315528767235,70.375,59.375,1.2249999999999943,11.0,False,False
2567,43250,ClC1COC=CO1,2.150311000707269,75.075,91.85,1.4750000000000085,16.77499999999999,False,False
2568,43278,ClC1ON1Cl,1.7375855776275155,84.22500000000001,93.625,2.893749999999997,9.399999999999991,False,False
2570,43289,ClC=C1CN=CO1,0.962304729322326,95.625,94.22500000000001,0.8250000000000028,1.3999999999999915,False,False
2572,43312,ClCC1=COCO1,1.4386686428050692,89.1,87.575,2.9562500000000114,1.5249999999999915,False,False
2573,43317,ClCC1C=CC=CO1,1.6651031765141382,85.475,72.52499999999999,2.8687500000000057,12.950000000000003,False,False
2574,43327,ClCC1CCOCC1,2.60711519114966,64.60000000000001,91.525,2.31874999999998,26.924999999999997,False,False
2575,43328,ClCC1CO1,3.4243525651421316,45.0,89.9,3.856250000000003,44.900000000000006,False,False
2576,43331,ClCC1COOO1,1.7749476873309835,83.45,61.0,10.756250000000001,22.450000000000003,False,False
2577,43339,ClCC1OCOO1,2.5523559695090308,65.55,71.375,1.9874999999999972,5.825000000000003,False,False
2579,43346,ClCCCSc1ccc(Cl)cc1,3.406865077088865,45.574999999999996,77.17500000000001,1.981250000000017,31.600000000000016,False,False
2581,43364,ClCN1C=NCO1,1.9154658602485988,80.95,88.75,5.1937500000000085,7.799999999999997,False,False
2582,43370,ClCOC1CO1,3.0092048126469297,54.675,84.125,5.012499999999989,29.450000000000003,False,False
2583,43371,ClCOCBr,0.7162055927544384,97.65,94.45,5.450000000000003,3.200000000000003,False,False
2584,43416,ClNC1COC1,2.578414298117344,65.225,93.675,1.6062500000000028,28.450000000000003,False,False
2585,43417,ClOC1C=CC=CO1,2.4387181501109114,68.075,67.7,6.875,0.375,False,False
2586,43419,ClP1(Cl)(Cl)OC=CO1,3.3334745193956232,47.125,50.3,8.043750000000003,3.174999999999997,False,False
2587,43425,ClP1CCON1,2.018103688623015,78.725,65.125,3.3187500000000085,13.599999999999994,False,False
2589,43450,Cl[C@@H]1CCO1,3.274052007211288,48.4,52.87500000000001,1.7687500000000043,4.4750000000000085,False,False
2590,43456,Cl[C@H]1CO1,2.40640769170203,69.1,72.475,1.5250000000000057,3.375,False,False
2591,43457,Cl[C@H]1O[C@@H]1Cl,1.0392875275314903,94.89999999999999,98.65,0.5250000000000057,3.750000000000014,False,False
2592,43459,Cl[SiH2]OCBr,1.2624232858361284,92.0,88.4,5.6875,3.5999999999999943,False,False
2593,43460,Cl[Si](Cl)(Cl)C1CO1,2.371785523642944,69.975,84.5,2.987499999999997,14.525000000000006,False,False
2594,43488,Cn1cc(Br)c(F)n1,4.40883881398137,21.5,10.35,1.5375000000000005,11.15,False,False
2595,43581,Cn1cnc(=O)cc1F,7.519647887239723,0.5,0.125,0.35,0.375,True,True
2596,43587,Cn1cnc(C(N)=O)c1,5.033474028198429,11.725,6.775,2.45625,4.949999999999999,True,False
2597,43595,Cn1cnc(F)n1,5.0427958047925205,11.55,5.7250000000000005,1.5624999999999991,5.825,True,False
2598,43608,Cn1cncc1C#N,4.0790172411995025,28.525,16.650000000000002,6.175000000000001,11.874999999999996,False,False
2599,43612,Cn1cncc1F,3.6743787705166273,38.475,40.275,4.731250000000003,1.7999999999999972,False,False
2600,43657,Cn1nccc(F)c1=N,2.2078761852268656,73.575,76.6,2.7937499999999886,3.0249999999999915,False,False
2601,43685,Cn1nnc(CF)n1,3.782832157323764,35.75,30.575000000000003,2.231250000000003,5.174999999999997,False,False
2602,43696,Cn1nncc(F)c1=O,1.3408926948487965,90.77499999999999,88.125,3.387500000000003,2.6499999999999915,False,False
2603,43750,FC(=S)NCl,3.517979001752107,42.825,41.0,4.762499999999996,1.8250000000000028,False,False
2604,43755,FC(=S)c1ccco1,4.406849405450464,21.625,22.175,2.9875000000000007,0.5500000000000007,False,False
2605,43757,FC(Br)(Br)[Si](Cl)(Cl)Cl,0.607281574635286,98.225,97.425,0.9875000000000114,0.7999999999999972,False,False
2606,43773,FC(Br)C(F)C(F)(F)Br,0.7561939711384799,97.375,91.725,1.65625,5.650000000000006,False,False
2607,43777,FC(Br)CCCc1ccccc1,2.446607643772202,67.925,90.95,9.487499999999997,23.025000000000006,False,False
2609,43794,FC(CBr)c1ccccc1,0.9905301400360704,95.3,90.9,2.637500000000003,4.3999999999999915,False,False
2610,43797,FC(CCl)P=S,2.0845352895832883,77.05,74.8,2.468750000000014,2.25,False,False
2611,43801,FC(Cl)(Br)Br,0.5404764068459551,98.45,99.5,0.33125000000001137,1.0499999999999972,False,False
2612,43807,FC(Cl)(Cl)C(Cl)(Cl)C(Cl)(Cl)Cl,0.4363826569577857,98.95,99.425,0.19374999999999432,0.4749999999999943,False,False
2613,43813,FC(Cl)(Cl)C(F)(F)C(Cl)(Cl)Cl,0.8310779911212024,96.875,98.3,0.7562499999999943,1.4249999999999972,False,False
2614,43826,FC(Cl)=C(Cl)Cl,0.5554167603345618,98.425,99.85000000000001,0.14999999999999147,1.4250000000000114,False,False
2615,43851,FC(Cl)C=CCl,1.7216856934328115,84.55,84.475,3.3562499999999886,0.07500000000000284,False,False
2616,43857,FC(Cl)CS,2.51023892660532,66.45,82.72500000000001,1.46875,16.275000000000006,False,False
2617,43868,FC(F)(Br)C(F)(Cl)Br,0.7612497184962401,97.275,98.775,0.71875,1.5,False,False
2618,43895,FC(F)(Cl)C(F)(Cl)C(F)(F)Cl,0.3782956705755697,99.2,99.3,0.21875,0.09999999999999432,False,False
2619,43897,FC(F)(Cl)C(F)(F)Br,0.9447174579004752,95.775,99.25,0.8687500000000057,3.4749999999999943,False,False
2620,43899,FC(F)(Cl)C(F)(F)C(Cl)Cl,1.7415742820401363,84.1,98.2,0.96875,14.100000000000009,False,False
2621,43900,FC(F)(Cl)C(F)(F)C(F)(Cl)Cl,0.6431767020278951,98.02499999999999,99.225,0.48125000000000284,1.2000000000000028,False,False
2622,43909,FC(F)(Cl)CC(Cl)Cl,1.2584907810154504,92.05,81.675,1.0375000000000085,10.375,False,False
2623,43925,FC(F)(F)Br,0.579477432111943,98.375,98.175,0.375,0.20000000000000284,False,False
2624,43927,FC(F)(F)C#CC(F)(F)F,0.0001408781659636,99.97500000000001,99.95,0.125,0.025000000000005684,False,False
2625,43935,FC(F)(F)C(=C=S)C(F)(F)F,2.91151710252684,57.199999999999996,74.25,3.8375000000000057,17.050000000000004,False,False
2626,43936,FC(F)(F)C(=S)C(F)(F)F,1.3321382395149293,90.975,91.3,0.7187499999999858,0.32500000000000284,False,False
2627,43944,FC(F)(F)C(Cl)(Br)Br,0.978142913118564,95.45,97.475,0.48750000000001137,2.0249999999999915,False,False
2628,43957,FC(F)(F)C(Cl)C(F)(Cl)Cl,0.9638676756844384,95.575,96.45,0.5999999999999943,0.875,False,False
2629,43958,FC(F)(F)C(Cl)C(F)(F)Cl,0.9484700943472852,95.75,94.425,0.6624999999999801,1.3250000000000028,False,False
2630,43959,FC(F)(F)C(Cl)C(F)(F)F,1.447883951258615,88.97500000000001,96.65,1.0687499999999943,7.674999999999997,False,False
2631,43985,FC(F)(F)C(F)(F)[Si](Cl)(Cl)Cl,1.1784016502025838,93.30000000000001,94.625,2.075000000000017,1.3249999999999886,False,False
2633,44024,FC(F)(F)CC(Cl)(Cl)Cl,1.5508370695718716,87.45,92.7,0.7687500000000114,5.25,False,False
2634,44031,FC(F)(F)CC1CCO1,4.1886471302013275,26.3,53.449999999999996,4.481250000000003,27.149999999999995,False,False
2635,44035,FC(F)(F)CC=S,1.5328261646594072,87.675,88.875,1.3687500000000057,1.2000000000000028,False,False
2636,44052,FC(F)(F)COP(Cl)Cl,0.7870715731914569,97.1,82.75,3.137500000000003,14.349999999999994,False,False
2637,44058,FC(F)(F)C[SiH3],2.4380557755731993,68.10000000000001,75.44999999999999,5.031249999999986,7.34999999999998,False,False
2638,44059,FC(F)(F)C[Si](Cl)(Cl)Cl,1.7610353916985526,83.775,87.97500000000001,1.3562500000000028,4.200000000000003,False,False
2639,44078,FC(F)(F)OCS,1.9505465854737027,80.25,77.14999999999999,5.925000000000011,3.1000000000000085,False,False
2640,44084,FC(F)(F)OP,2.899567318618804,57.525000000000006,65.325,5.662500000000001,7.799999999999997,False,False
2641,44090,FC(F)(F)O[Si](F)(F)F,0.4027037768758562,99.05000000000001,99.65,0.5437499999999886,0.5999999999999943,False,False
2642,44105,FC(F)(F)P(F)(F)(F)F,0.2394260177390615,99.45,97.375,2.46875,2.075000000000003,False,False
2643,44106,FC(F)(F)P(S)C(F)(F)F,1.2005892121280373,92.975,68.22500000000001,4.5,24.749999999999986,False,False
2644,44109,FC(F)(F)PC1CC1,2.9036648047811537,57.45,63.925,3.3687499999999915,6.474999999999994,False,False
2645,44124,FC(F)(F)SP(F)(F)(F)F,0.9814398584740534,95.42500000000001,99.075,0.9937499999999915,3.6499999999999915,False,False
2646,44133,FC(F)(F)[C@@H](Cl)Br,1.4417590590754876,89.075,92.25,0.7250000000000085,3.174999999999997,False,False
2647,44139,FC(F)(F)[SiH2]CCl,3.205596910345746,49.525000000000006,68.10000000000001,4.893750000000011,18.575000000000003,False,False
2648,44140,FC(F)(F)[SiH2]Cl,2.2028093256146764,73.725,85.675,7.0062500000000085,11.950000000000003,False,False
2649,44141,FC(F)(F)[SiH3],2.515257528084419,66.3,71.775,4.5874999999999915,5.4750000000000085,False,False
2650,44142,FC(F)(F)[SiH](Cl)C(F)(F)F,1.8707849135516936,81.675,82.825,3.262500000000017,1.1500000000000057,False,False
2652,44158,FC(F)(F)c1cc(Cl)on1,3.0139949357482823,54.50000000000001,53.349999999999994,3.487499999999997,1.1500000000000128,False,False
2653,44160,FC(F)(F)c1cc[nH]c1,4.922841842798166,13.225000000000001,5.875,2.2875000000000005,7.350000000000001,True,False
2654,44177,FC(F)(F)c1cnc(Cl)s1,0.8241996438365727,96.95,94.575,2.0749999999999886,2.375,False,False
2655,44179,FC(F)(F)c1cncs1,1.9600251413210843,79.95,79.2,4.4437500000000085,0.75,False,False
2656,44187,FC(F)(F)c1csc(Cl)n1,3.556707028379505,41.75,42.275,2.637500000000003,0.5249999999999986,False,False
2657,44195,FC(F)(F)c1nc(Cl)sc1Br,3.211930709330276,49.5,51.849999999999994,10.918750000000003,2.3499999999999943,False,False
2658,44205,FC(F)(F)c1nnc(Cl)s1,3.13739739994236,51.2,56.225,4.668750000000003,5.024999999999999,False,False
2659,44232,FC(F)=C(F)C(Cl)=C(F)F,0.7600089002656716,97.3,99.575,0.42499999999999716,2.2750000000000057,False,False
2660,44235,FC(F)=C(F)C(F)(F)P,1.8430800362590367,82.325,94.375,2.7749999999999915,12.049999999999997,False,False
2661,44237,FC(F)=C(F)C(F)=C(F)F,0.9684907986642884,95.525,99.925,0.20624999999998295,4.3999999999999915,False,False
2662,44246,FC(F)=C(F)P,1.325584529515509,91.07499999999999,91.825,2.2437500000000057,0.7500000000000142,False,False
2663,44253,FC(F)=C(F)[Si](Cl)(Cl)Cl,0.5010755868828064,98.65,99.4,0.4312500000000057,0.75,False,False
2664,44259,FC(F)=C1CCC1,2.257853028316321,72.425,70.1,5.118750000000006,2.325000000000003,False,False
2665,44270,FC(F)=CC1CO1,1.302782601138907,91.425,86.925,0.8124999999999858,4.5,False,False
2666,44285,FC(F)=NCl,1.05674737387533,94.675,99.375,0.45000000000001705,4.700000000000003,False,False
2667,44289,FC(F)=S,0.245898105005839,99.425,99.75,0.20625000000001137,0.32500000000000284,False,False
2668,44298,FC(F)C(Cl)(Cl)C(F)(F)F,1.1031421030379165,94.1,96.8,2.53125,2.700000000000003,False,False
2669,44312,FC(F)C(F)(F)C(Cl)Br,1.2108528933769722,92.75,89.67500000000001,2.7562499999999943,3.0749999999999886,False,False
2670,44315,FC(F)C(F)(F)C(F)(F)Br,2.169943184932028,74.575,97.02499999999999,1.3062500000000057,22.44999999999999,False,False
2671,44317,FC(F)C(F)(F)C(F)(F)F,1.5326019378323803,87.7,95.175,0.5187499999999972,7.474999999999994,False,False
2672,44322,FC(F)C(F)(F)Cl,1.155326130765607,93.625,97.65,1.625,4.025000000000006,False,False
2674,44329,FC(F)C(F)(F)[Si](F)(F)F,1.366079963527239,90.2,96.625,0.6875,6.424999999999997,False,False
2675,44331,FC(F)C(F)C(F)(F)Br,1.807836707038439,82.85,93.825,2.718749999999986,10.975000000000009,False,False
2676,44337,FC(F)C(F)CS,2.603442802074661,64.67500000000001,91.175,3.3249999999999886,26.499999999999986,False,False
2677,44344,FC(F)C(F)[Si](F)(F)F,2.4754398833883893,67.175,98.05,2.2250000000000085,30.875,False,False
2678,44347,FC(F)C1(F)CC1,1.9838669467605985,79.375,64.95,3.043750000000017,14.424999999999997,False,False
2679,44363,FC(F)CBr,1.566471122753889,87.05000000000001,85.65,3.9312500000000057,1.4000000000000057,False,False
2680,44370,FC(F)CC=S,0.295766412514309,99.375,89.375,4.481250000000003,10.0,False,False
2681,44373,FC(F)CCC=S,0.1924102502915167,99.5,54.949999999999996,6.368750000000006,44.550000000000004,False,False
2682,44379,FC(F)COC(F)F,1.5631411996429012,87.2,50.8,2.0625,36.400000000000006,False,False
2683,44384,FC(F)CP(F)F,3.9590167213980703,31.525,61.45,3.28125,29.925000000000004,False,False
2684,44385,FC(F)CS,2.6155840967846347,64.25,94.325,1.3812499999999943,30.075000000000003,False,False
2685,44410,FC(F)OCl,2.049925363615359,77.97500000000001,82.475,1.1375000000000028,4.499999999999986,False,False
2686,44416,FC(F)Oc1ccc(N=C=S)cc1,1.262698032586738,91.95,94.77499999999999,0.6375000000000028,2.8249999999999886,False,False
2687,44419,FC(F)P(Cl)C(F)(F)F,1.533355611551281,87.64999999999999,91.675,5.349999999999994,4.025000000000006,False,False
2688,44429,FC(F)SSC(F)F,2.830947467603251,59.275,92.2,4.918749999999989,32.925000000000004,False,False
2689,44445,FC(F)[Si](Cl)(Cl)C(F)F,1.9306813086774364,80.625,92.72500000000001,4.737499999999997,12.100000000000009,False,False
2690,44468,FC(F)c1cscn1,3.9714875831430994,31.35,47.599999999999994,1.6812500000000057,16.249999999999993,False,False
2691,44475,FC(F)c1sc(Cl)nc1Cl,0.39999610254529,99.1,79.825,2.5875000000000057,19.27499999999999,False,False
2692,44480,FC(P)Cl,1.8463979898763352,82.22500000000001,83.25,1.8562500000000028,1.0249999999999915,False,False
2693,44486,FC([SiH3])(Cl)Cl,2.100033601847687,76.55,82.27499999999999,4.03125,5.724999999999994,False,False
2694,44519,FC1(F)C=CN=C1,1.1744158756932188,93.325,94.19999999999999,0.3749999999999858,0.8749999999999858,False,False
2696,44546,FC1(F)CCC1S,1.6844762115538037,85.175,66.60000000000001,2.03125,18.57499999999999,False,False
2697,44574,FC1(F)CS1,2.142587005261032,75.3,87.05000000000001,3.237499999999983,11.750000000000014,False,False
2698,44589,FC1(F)OC1Cl,1.7917746853953085,83.1,91.925,1.7249999999999943,8.825000000000003,False,False
2699,44614,FC1=C(F)C1F,1.6333894727563654,85.975,94.3,1.4375,8.325000000000003,False,False
2700,44623,FC1=C(F)O1,1.251457570892342,92.2,90.60000000000001,2.674999999999997,1.5999999999999943,False,False
2701,44628,FC1=C(F)P(F)(F)(F)C1F,2.0801039248912137,77.14999999999999,93.05,2.612499999999983,15.900000000000006,False,False
2702,44629,FC1=C(F)P1,0.8623874676313016,96.6,95.5,1.4499999999999886,1.0999999999999943,False,False
2703,44637,FC1=CC(F)C1F,3.159241287225205,50.7,65.925,3.9312499999999986,15.224999999999994,False,False
2705,44681,FC1=CN=C1,0.8283545454831492,96.925,96.35000000000001,1.6812499999999915,0.5749999999999886,False,False
2706,44692,FC1=CNSC=C1,1.3381073795783556,90.9,92.07499999999999,2.0875000000000057,1.174999999999983,False,False
2707,44703,FC1=CSCN1F,3.042459157091545,53.7,56.699999999999996,3.637500000000003,2.999999999999993,False,False
2708,44719,FC1=NCOC1,1.2520892807769035,92.175,91.25,0.875,0.9249999999999972,False,False
2709,44735,FC1=P[SiH2]1,1.524269013937765,87.825,77.525,3.0374999999999943,10.299999999999997,False,False
2710,44737,FC1=[Si]=P1,1.0117321030419686,95.15,92.475,3.706249999999997,2.6750000000000114,False,False
2711,44744,FC1C=CC(=S)N=N1,3.7825460271815623,35.775,37.325,5.525000000000006,1.5500000000000043,False,False
2712,44747,FC1C=CC1,2.114221765659272,75.97500000000001,82.625,3.093750000000014,6.6499999999999915,False,False
2713,44751,FC1C=CC=C1,2.0590333336003037,77.8,83.0,3.1187499999999915,5.200000000000003,False,False
2714,44785,FC1CC1(Br)Br,2.0031404884991315,79.025,89.875,3.0249999999999915,10.849999999999994,False,False
2715,44801,FC1CCC(F)O1,2.3432885937703474,70.65,61.25000000000001,3.0562499999999915,9.399999999999999,False,False
2716,44813,FC1CCOP1,1.825357174295942,82.575,69.575,2.5749999999999886,13.0,False,False
2717,44835,FC1COC1,1.354629774704116,90.47500000000001,96.075,1.3624999999999972,5.599999999999994,False,False
2718,44842,FC1COO1,3.2290142460040157,49.125,60.75000000000001,1.78125,11.625000000000007,False,False
2719,44844,FC1COP1F,1.6355448663767893,85.95,89.075,1.0812499999999972,3.125,False,False
2722,44881,FC1OCOC1F,0.5655384083519233,98.4,93.30000000000001,2.049999999999997,5.099999999999994,False,False
2723,44892,FC=C(Br)C(F)(F)F,2.4908627767287568,66.875,91.05,1.68125000000002,24.174999999999997,False,False
2724,44894,FC=C(Cl)Br,1.0583487758559205,94.625,92.45,1.9812500000000028,2.174999999999997,False,False
2725,44896,FC=C(Cl)Cl,1.2414836601181842,92.27499999999999,98.425,0.26250000000000284,6.150000000000006,False,False
2726,44902,FC=C(F)Cl,0.9381417798101804,95.975,94.55,0.9687500000000142,1.4249999999999972,False,False
2728,44909,FC=C1CC1,1.9760198889661784,79.625,83.55,2.2562499999999943,3.924999999999997,False,False
2729,44911,FC=C1CN=NN1,2.251474943164508,72.65,76.875,7.950000000000003,4.224999999999994,False,False
2730,44913,FC=C=C(Cl)Cl,1.449832756226203,88.9,97.5,1.0624999999999858,8.599999999999994,False,False
2731,44935,FC=CCCF,2.780161781559834,60.4,84.45,5.59375,24.050000000000004,False,False
2732,44952,FC=NF,2.354779976738712,70.475,84.875,3.1875,14.400000000000006,False,False
2733,44954,FC=PC(F)(F)F,2.7190150547966634,62.025,91.875,3.8625000000000114,29.85,False,False
2734,45004,FCC(F)(F)F,2.1625466816336942,74.725,83.65,0.9187499999999886,8.925000000000011,False,False
2735,45016,FCC(F)=S,1.958190839544119,80.025,88.625,1.7249999999999943,8.599999999999994,False,False
2736,45027,FCC(F)CNSF,0.994068464777058,95.275,75.875,4.243750000000006,19.400000000000006,False,False
2737,45032,FCC(F)S,2.1931631827572895,73.95,81.425,7.287499999999994,7.474999999999994,False,False
2738,45039,FCC1(Br)CC1,0.4705904572308096,98.85000000000001,77.85,7.662500000000023,21.000000000000014,False,False
2739,45040,FCC1(CF)CO1,2.3295135015916446,70.975,62.64999999999999,5.612499999999997,8.325000000000003,False,False
2740,45047,FCC1C=CO1,2.9624898816905723,56.125,84.35000000000001,3.906250000000014,28.22500000000001,False,False
2741,45056,FCC1CS1,3.1472111452959557,50.949999999999996,83.8,1.3499999999999943,32.85,False,False
2742,45073,FCC=CCCl,2.9339669064627785,56.775,87.0,7.5375000000000085,30.225,False,False
2743,45077,FCC=S,3.1375926343278655,51.175000000000004,95.125,2.4124999999999943,43.949999999999996,False,False
2745,45085,FCCC(F)(F)Cl,3.025148536521382,54.1,92.625,2.3687500000000057,38.525,False,False
2746,45088,FCCC(F)C(F)F,2.913078558138225,57.175,59.775,6.787499999999994,2.6000000000000014,False,False
2747,45112,FCCOCF,2.659829916150296,63.05,84.39999999999999,3.893749999999997,21.349999999999994,False,False
2748,45125,FCCSS,1.046743066681751,94.85,91.2,1.5062500000000085,3.6499999999999915,False,False
2749,45127,FCC[Si](Cl)(Cl)Cl,3.0121505972552605,54.574999999999996,82.15,2.8249999999999886,27.57500000000001,False,False
2750,45160,FCOC(F)Cl,1.778078726374673,83.375,87.25,2.5687499999999943,3.875,False,False
2752,45170,FCOC=S,2.2612314142635723,72.25,90.7,7.5375000000000085,18.450000000000003,False,False
2753,45178,FCOCF,3.31065549087955,47.599999999999994,97.975,2.9437500000000085,50.375,False,False
2754,45192,FCOSF,3.0884883851003297,52.5,77.3,3.6750000000000114,24.799999999999997,False,False
2755,45194,FCOc1ccc(Br)cc1,2.1238808594026772,75.7,81.8,3.487499999999983,6.099999999999994,False,False
2756,45195,FCOc1ccc(CCl)cc1,1.0349350154789754,94.975,77.075,4.281250000000014,17.89999999999999,False,False
2757,45197,FCOc1ccccc1Br,2.2400671963850636,72.875,66.0,4.025000000000006,6.875,False,False
2758,45203,FCP(Cl)Cl,1.4728505590105794,88.5,93.925,1.2874999999999943,5.424999999999997,False,False
2759,45207,FCPCF,2.858397088959479,58.5,89.85,5.8999999999999915,31.349999999999994,False,False
2760,45208,FCPCl,2.490679815203284,66.9,78.0,3.668750000000003,11.099999999999994,False,False
2761,45209,FCPPCF,1.0842228451198048,94.27499999999999,83.325,6.418749999999989,10.949999999999989,False,False
2762,45210,FCS,1.775157213573785,83.42500000000001,86.7,1.4812500000000028,3.2749999999999915,False,False
2763,45217,FCSF,2.5360493497972305,65.8,77.2,2.15625,11.400000000000006,False,False
2764,45218,FCSOCl,2.3616698794448494,70.275,71.825,5.4750000000000085,1.5499999999999972,False,False
2765,45219,FCSOOF,3.1158600923816597,51.675000000000004,69.3,3.0124999999999886,17.624999999999993,False,False
2766,45225,FCSn1cccn1,0.5075735161410775,98.6,64.625,4.59375,33.974999999999994,False,False
2767,45234,FC[SiH2]C(F)(F)F,3.2992530625844996,47.949999999999996,81.975,7.793750000000003,34.025,False,False
2768,45235,FC[SiH2]C(F)F,2.153022042957728,75.02499999999999,78.5,3.299999999999997,3.4750000000000085,False,False
2770,45241,FC[SiH](Cl)Cl,1.4506729578002304,88.875,89.025,2.4875000000000114,0.15000000000000568,False,False
2771,45277,FCc1ccncc1,2.2041253438326587,73.7,85.55,3.4750000000000085,11.849999999999994,False,False
2772,45312,FN(F)C(F)(F)F,0.6180888038119884,98.15,99.45,0.13124999999999432,1.2999999999999972,False,False
2773,45319,FN1CC(F)(F)C1,0.6138800684190479,98.2,60.35,6.5,37.85,False,False
2774,45321,FN1CC=CO1,3.659724861107744,39.0,35.6,4.131249999999994,3.3999999999999986,False,False
2775,45325,FN1OC1(F)F,0.7357205565273779,97.5,98.75,0.26250000000000284,1.25,False,False
2776,45343,FOC(F)=C(F)F,3.500058755583055,43.3,82.6,2.7125000000000057,39.3,False,False
2777,45345,FOC(F)C(F)OF,2.3898128692533063,69.475,85.875,9.962500000000006,16.400000000000006,False,False
2778,45354,FOCC1CO1,3.958166671606788,31.55,56.325,5.934375000000003,24.775000000000002,False,False
2779,45375,FSC(F)(Cl)Cl,1.4014416850471558,89.75,99.125,0.2749999999999915,9.375,False,False
2780,45379,FSC(F)=C(F)F,1.946035280625215,80.35,96.825,1.4249999999999972,16.47500000000001,False,False
2781,45386,F[C@@H](CCl)c1ccccc1,2.6728191925155316,62.949999999999996,71.125,4.5562499999999915,8.175000000000004,False,False
2782,45392,F[C@@H]1CO1,2.4225730738550713,68.7,73.8,2.1687499999999886,5.099999999999994,False,False
2783,45393,F[C@@H]1CS1,2.159068290653345,74.875,78.60000000000001,1.8687500000000057,3.7250000000000085,False,False
2784,45402,F[C@H]1CO1,2.4247212458445584,68.625,74.1,2.3874999999999886,5.474999999999994,False,False
2785,45404,F[SiH2]C(F)(F)C(F)(F)F,2.331707175606204,70.89999999999999,82.325,8.068749999999994,11.425000000000011,False,False
2786,45407,F[SiH](C(F)(F)F)C(F)(F)F,1.870985496608142,81.65,92.225,3.8499999999999943,10.574999999999989,False,False
2787,45409,F[Si]1(F)CO1,2.086635840150845,76.925,78.45,6.53125,1.5250000000000057,False,False
2788,45439,Fc1cc(Cl)ccp1,1.647719723403439,85.75,91.35,1.3062500000000057,5.599999999999994,False,False
2790,45452,Fc1cc(F)c(F)c(F)n1,2.169418755023284,74.625,78.9,2.9375,4.275000000000006,False,False
2791,45456,Fc1cc(F)c(N=C=S)c(F)c1F,1.7389173708387924,84.175,89.95,2.374999999999986,5.775000000000006,False,False
2792,45484,Fc1ccc(F)c(N=C=S)c1,2.4169030933699487,68.85,80.35,2.9375,11.5,False,False
2793,45488,Fc1ccc(N=C=S)c(Br)c1,1.830025825158103,82.5,82.22500000000001,5.374999999999986,0.2749999999999915,False,False
2794,45492,Fc1ccc(S)cc1,1.2070250725867635,92.825,97.75,1.4937500000000057,4.924999999999997,False,False
2795,45493,Fc1ccc([SiH3])cc1,0.892575274225709,96.35000000000001,89.4,1.3999999999999773,6.950000000000003,False,False
2796,45525,Fc1ccnc(F)n1,3.566475210479774,41.625,35.325,6.5625,6.299999999999997,False,False
2797,45528,Fc1ccncn1,2.1511557547048508,75.05,79.77499999999999,3.7562500000000085,4.724999999999994,False,False
2798,45534,Fc1ccoc1Br,1.9366415918199475,80.475,76.925,3.518749999999997,3.549999999999997,False,False
2799,45535,Fc1ccoc1CS,2.243877900177328,72.8,83.15,3.65625,10.350000000000009,False,False
2800,45538,Fc1ccsc1Br,2.1722740320741503,74.5,81.475,6.131249999999994,6.974999999999994,False,False
2801,45543,Fc1cn[nH]c1,2.5142219749343533,66.325,67.825,2.8375000000000057,1.5,False,False
2802,45546,Fc1cn[nH]c1F,1.5899112515101272,86.625,89.725,1.4812499999999886,3.0999999999999943,False,False
2803,45572,Fc1cncc(F)c1F,0.6280121507276717,98.1,97.2,1.5999999999999943,0.8999999999999915,False,False
2804,45582,Fc1cnco1,0.4774288483240219,98.775,99.275,0.6749999999999972,0.5,False,False
2805,45597,Fc1coc(CS)c1,1.256842024661761,92.07499999999999,96.5,1.2749999999999915,4.425000000000011,False,False
2806,45608,Fc1csc(S)c1,1.204777074440371,92.875,95.65,0.7437500000000057,2.7750000000000057,False,False
2807,45626,Fc1nc(Cl)cs1,2.8434643630815746,58.95,66.05,1.5562500000000057,7.099999999999994,False,False
2808,45627,Fc1nc(F)c(Br)c(F)c1Br,1.5739167157435623,86.875,90.625,2.5749999999999886,3.75,False,False
2809,45641,Fc1nc(F)c(F)pc1F,1.8855619933483585,81.325,76.325,4.243750000000006,5.0,False,False
2810,45652,Fc1nccc(Br)c1Br,2.696279371622648,62.45,62.824999999999996,2.8937500000000043,0.3749999999999929,False,False
2811,45671,Fc1ncns1,0.6140642025123075,98.175,98.5,0.21249999999999147,0.32500000000000284,False,False
2812,45676,Fc1nncs1,3.5880567240892853,40.9,44.800000000000004,3.78125,3.9000000000000057,False,False
2813,45686,Fc1pc(F)c(F)c(F)c1F,0.6205923740040903,98.125,95.25,2.456249999999997,2.875,False,False
2814,45689,Fc1sccc1Cl,2.3804624205975964,69.825,74.325,3.4562500000000114,4.5,False,False
2815,45696,N#C/C=C\Br,4.078889062185668,28.549999999999997,14.099999999999998,4.418749999999999,14.45,False,False
2816,45698,N#C/C=C\C=O,3.1689819467164693,50.375,8.625,1.6437500000000025,41.75,True,False
2817,45706,N#C/C=C\[SiH3],3.83685040353684,34.75,25.95,4.756250000000001,8.8,False,False
2818,45714,N#CC#CC#CC(N)=O,5.393884827067062,8.275,5.5,3.737499999999999,2.7750000000000004,True,True
2819,45725,N#CC#CC#P,4.0263323744171355,29.849999999999998,25.650000000000002,3.6312500000000014,4.199999999999996,False,False
2820,45747,N#CC#CC(F)(F)F,1.2169532780101369,92.675,92.95,1.4062499999999858,0.2750000000000057,False,False
2821,45769,N#CC#CC1(C=O)CO1,2.866527380279536,58.275,45.7,7.649999999999999,12.574999999999996,False,False
2822,45773,N#CC#CC1(N)CC1O,4.4917703348107185,19.875,4.6,2.0625000000000004,15.275,True,False
2824,45854,N#CC#CCCCCO,5.175541857183072,10.299999999999999,2.675,3.3062500000000004,7.624999999999999,True,False
2825,45860,N#CC#CCCOC=N,3.3116767063097963,47.575,25.724999999999998,5.018749999999999,21.850000000000005,False,False
2826,45867,N#CC#CCNC=O,4.548881063431632,18.6,23.400000000000002,9.78125,4.800000000000001,False,False
2827,45912,N#CC#P=O,1.3929121544362912,89.85,73.475,5.043750000000003,16.375,False,False
2828,45920,N#CC(=C=S)C#N,5.036074739302167,11.675,23.025000000000002,4.725000000000001,11.350000000000001,False,False
2829,45923,N#CC(=CO)C(N)=O,1.655308550912955,85.7,53.675,19.90625,32.025000000000006,False,False
2830,45924,N#CC(=CO)c1ccccc1,4.669535647714368,16.925,34.599999999999994,5.287500000000005,17.674999999999994,False,False
2832,46089,N#CC(=O)CCNC=O,5.528243543595758,7.2749999999999995,47.15,5.362500000000004,39.875,False,True
2833,46114,N#CC(=O)Cl,1.3148211178398503,91.175,91.57499999999999,1.7874999999999943,0.3999999999999915,False,False
2834,46132,N#CC(=O)NBr,4.0266151843986435,29.825000000000003,47.199999999999996,4.924999999999997,17.374999999999993,False,False
2835,46134,N#CC(=O)NN,3.5858640793412255,41.025,20.75,4.887499999999999,20.275,False,False
2836,46211,N#CC(Br)CCl,4.146845920855415,27.150000000000002,41.15,3.8187499999999943,13.999999999999996,False,False
2837,46215,N#CC(C#CC=O)CO,4.070596179323762,28.825,58.025000000000006,5.03125,29.200000000000006,False,False
2838,46226,N#CC(C#N)=C(C#N)C#N,0.0003970020972324,99.875,99.675,2.3812500000000085,0.20000000000000284,False,False
2839,46236,N#CC(C#N)=CS,6.018605577473287,4.175,5.7,2.1499999999999986,1.5250000000000004,True,True
2840,46251,N#CC(C#N)CN=Nc1ccccc1,4.703472793912845,16.425,14.399999999999999,4.7187500000000036,2.025000000000002,False,False
2841,46265,N#CC(C#N)O[SiH3],4.495383342179811,19.7,23.724999999999998,3.2437499999999986,4.024999999999999,False,False
2842,46297,N#CC(C=O)CO,0.9896450850747543,95.325,44.425,4.556250000000006,50.900000000000006,False,False
2843,46319,N#CC(CC=O)CC=O,2.086446852797155,76.95,50.324999999999996,9.731250000000003,26.625000000000007,False,False
2844,46353,N#CC(CO)C(N)=O,2.1107108217574626,76.225,51.675000000000004,10.299999999999997,24.54999999999999,False,False
2846,46398,N#CC(Cl)(Cl)CCl,3.191887769819449,49.9,55.225,6.3812500000000085,5.325000000000003,False,False
2847,46420,N#CC(Cl)C=S,2.7573791677936743,61.0,64.64999999999999,5.537499999999994,3.6499999999999915,False,False
2848,46421,N#CC(Cl)CBr,3.2990677642848705,47.975,31.025000000000002,4.537499999999998,16.95,False,False
2849,46424,N#CC(Cl)CN,4.8261671132466555,14.45,25.074999999999996,6.924999999999997,10.624999999999996,False,False
2850,46441,N#CC(F)(F)CO,2.537265143354515,65.77499999999999,48.325,2.6624999999999943,17.44999999999999,False,False
2851,46444,N#CC(F)(F)S,2.940557105550539,56.55,78.35,4.262500000000003,21.799999999999997,False,False
2852,46452,N#CC(F)Br,2.5302966837152647,65.9,67.675,2.59375,1.7749999999999915,False,False
2853,46490,N#CC(N)=NCC(N)=O,4.694461647725947,16.55,34.275,13.425,17.724999999999998,False,False
2854,46504,N#CC(N)=S=O,6.720997916898343,1.5,3.225,2.6125000000000003,1.725,True,True
2855,46506,N#CC(N)C#CC1CN1,3.3306467289955446,47.15,52.825,8.512500000000003,5.675000000000004,False,False
2856,46514,N#CC(N)C(=O)O,5.568733430893256,7.049999999999999,52.5,6.818749999999994,45.45,False,True
2857,46523,N#CC(N)C(N)C(N)=O,5.158707836145538,10.475,15.775,10.425,5.300000000000001,False,False
2858,46559,N#CC(N)C1CC(=O)O1,6.244736941729142,3.175,21.55,5.356249999999999,18.375,False,True
2859,46568,N#CC(N)C1CCCC1,4.9870479636144305,12.325,22.475,10.2625,10.150000000000002,False,False
2860,46610,N#CC(N)CCNC=O,6.665059361525061,1.625,26.075,2.424999999999997,24.45,False,True
2861,46630,N#CC(N)Cl,4.050491350762009,29.2,37.075,7.312499999999993,7.8750000000000036,False,False
2862,46634,N#CC(N)O,3.651138344328923,39.275,26.950000000000003,6.850000000000001,12.324999999999996,False,False
2863,46664,N#CC(N=N)N=N,2.101929461386682,76.5,59.575,10.550000000000004,16.924999999999997,False,False
2864,46675,N#CC(O)(C#N)C1CO1,4.904828838909297,13.525,38.65,6.931250000000006,25.125,False,False
2865,46686,N#CC(O)(C=O)C=O,2.7051148616048835,62.324999999999996,58.275,5.824999999999989,4.049999999999997,False,False
2866,46695,N#CC(O)(CN)CCO,4.258815709379441,24.725,21.05,7.606250000000003,3.6750000000000007,False,False
2867,46767,N#CC(O)C1(N)CC1,2.7757085692860155,60.525,29.475,1.1875,31.049999999999997,False,False
2868,46830,N#CC(O)CC(N)=O,5.496349179223879,7.575,17.025000000000002,6.9750000000000005,9.450000000000003,False,True
2869,46861,N#CC(O)CNC(N)=O,5.15856797798956,10.525,7.425,5.200000000000001,3.1000000000000005,True,False
2870,46863,N#CC(O)CNC=O,4.472818519312251,20.3,30.525000000000002,10.406249999999998,10.225000000000001,False,False
2871,46910,N#CC(S)=C(S)C#N,5.798341894865418,5.6000000000000005,15.299999999999999,5.918749999999999,9.7,False,True
2872,46918,N#CC1(Br)CCC1,4.205113761664665,25.8,17.224999999999998,2.3625000000000043,8.575000000000003,False,False
2873,46931,N#CC1(C#N)C=CCC1,5.317870839555594,9.075,2.7,1.6375000000000006,6.374999999999999,True,True
2874,46951,N#CC1(C#N)CCCO1,5.908259734155652,4.825,2.5749999999999997,1.9000000000000004,2.2500000000000004,True,True
2875,46972,N#CC1(C#N)NCC1N,3.9851816122173744,31.05,5.475,0.28750000000000053,25.575000000000003,True,False
2876,46974,N#CC1(C#N)OC1(C#N)C#N,0.8777064115350435,96.55,93.10000000000001,3.6875,3.4499999999999886,False,False
2877,47035,N#CC1(C=O)CN=CN1,1.6646646236670497,85.5,60.25,4.625,25.25,False,False
2878,47079,N#CC1(CCO)CCO1,3.11611442452507,51.6,37.675,3.4437500000000014,13.925000000000004,False,False
2879,47138,N#CC1(CO)CN1,4.154356764580984,26.924999999999997,30.8,6.2187499999999964,3.8750000000000036,False,False
2880,47173,N#CC1(Cl)CO1,3.5169556420025097,42.875,42.825,5.75,0.04999999999999716,False,False
2881,47176,N#CC1(F)N=N1,1.6597298310143838,85.6,94.75,1.2437500000000057,9.150000000000006,False,False
2882,47198,N#CC1(N)CC1,3.174592488154403,50.24999999999999,14.875,1.4375,35.37499999999999,False,False
2883,47206,N#CC1(N)CC1N,5.654360891199284,6.525,9.925,2.5624999999999982,3.4000000000000004,True,True
2884,47254,N#CC1(NCl)CC1,5.39464870546355,8.225,23.200000000000003,2.887500000000003,14.975000000000003,False,True
2885,47271,N#CC1(O)C=CCOC1,4.306314984093657,24.025,16.675,7.762500000000003,7.349999999999998,False,False
2886,47295,N#CC1(O)CC1O,3.652327318835095,39.175,30.175,5.456250000000001,8.999999999999996,False,False
2887,47303,N#CC1(O)CCC(=O)C1,2.854122928339489,58.599999999999994,48.4,4.1000000000000085,10.199999999999996,False,False
2888,47336,N#CC1(O)COC1,2.144538534377504,75.275,76.64999999999999,5.149999999999999,1.3749999999999858,False,False
2889,47337,N#CC1(O)COC1=N,2.963057602155397,56.074999999999996,46.475,5.268749999999997,9.599999999999994,False,False
2890,47342,N#CC1(O)COCC1N,1.9831711348154035,79.425,44.175,5.175000000000004,35.25,False,False
2891,47360,N#CC1(S)CC1,3.9732484237596495,31.3,33.85,3.3249999999999957,2.5500000000000007,False,False
2892,47370,N#CC1=C(Cl)C(=O)NC1=O,2.8479341834084644,58.85,59.199999999999996,5.893749999999997,0.3499999999999943,False,False
2893,47377,N#CC1=C=C1,3.4950921686211416,43.35,14.424999999999999,3.037499999999998,28.925000000000004,False,False
2894,47413,N#CC1=CC(O)C(=O)N1,1.6314228366564494,86.02499999999999,86.8,3.7375000000000114,0.7750000000000057,False,False
2895,47417,N#CC1=CC(O)CC1N,3.722206811906452,37.35,19.925,3.275000000000002,17.425,False,False
2896,47438,N#CC1=CCC(C#N)C1,3.1651767308562913,50.5,42.175000000000004,10.806249999999999,8.324999999999996,False,False
2897,47491,N#CC1=CCNS1,4.431583512660945,20.974999999999998,7.7,2.343749999999999,13.274999999999999,True,False
2898,47505,N#CC1=CCOCC1O,2.8581291056737386,58.525000000000006,19.175,5.899999999999999,39.35000000000001,False,False
2899,47536,N#CC1=CO1,3.0902429904968796,52.449999999999996,19.75,5.743750000000002,32.699999999999996,False,False
2900,47541,N#CC1=COOC1,1.821033543798774,82.675,88.94999999999999,4.8812500000000085,6.2749999999999915,False,False
2901,47545,N#CC1=CP1Cl,3.549121248978527,41.975,37.9,0.5687500000000014,4.075000000000003,False,False
2902,47546,N#CC1=CP1F,3.5035053541660437,43.275000000000006,35.275,3.2125000000000057,8.000000000000007,False,False
2903,47589,N#CC1=NCN=C1,2.9412854380024616,56.49999999999999,48.625,3.3374999999999915,7.874999999999993,False,False
2904,47601,N#CC1=NSCC1,5.2127883491794815,9.75,3.5749999999999997,1.3000000000000007,6.175000000000001,True,True
2905,47602,N#CC1=PCNC1,4.362280645160162,22.7,8.7,1.9312499999999986,14.0,True,False
2906,47611,N#CC1C(=N)SSC1=S,3.9170197881158137,32.85,28.849999999999998,7.125,4.0000000000000036,False,False
2907,47621,N#CC1C(=O)NC(=O)C1=O,3.7930691877093343,35.475,46.375,10.068750000000001,10.899999999999999,False,False
2908,47638,N#CC1C(N)C1(N)C#N,3.9379872377154768,32.175,33.825,3.2562500000000014,1.6500000000000057,False,False
2909,47681,N#CC1C=C(F)C1,3.3065244240993987,47.699999999999996,57.475,4.006249999999994,9.775000000000006,False,False
2910,47682,N#CC1C=C1,4.558253629235866,18.525,14.649999999999999,1.2250000000000014,3.875,False,False
2911,47728,N#CC1C=CCCC1=O,6.3945873487608065,2.5749999999999997,5.175,1.643749999999999,2.6,True,True
2912,47752,N#CC1C=CN=C1,3.1366502507050757,51.225,45.824999999999996,2.1312500000000014,5.400000000000006,False,False
2913,47756,N#CC1C=CNN1N,3.6122369529501888,40.2,11.275,2.9124999999999996,28.925000000000004,False,False
2914,47762,N#CC1C=CSC1,3.796339196049383,35.449999999999996,45.9,2.7937499999999957,10.450000000000003,False,False
2915,47769,N#CC1C=NSC1,2.3251828946492825,71.125,38.625,1.968750000000007,32.5,False,False
2916,47837,N#CC1CC(Cl)C1,2.613327695515811,64.35,54.35,10.012500000000003,9.999999999999993,False,False
2917,47869,N#CC1CC(OC=O)C1,1.5109371554530169,88.05,57.05,4.837500000000002,31.0,False,False
2918,47891,N#CC1CC1C#CCO,2.9389681579003715,56.625,27.275,11.75,29.35,False,False
2919,47911,N#CC1CC1COCl,4.5710002795166425,18.325,14.274999999999999,8.0125,4.050000000000001,False,False
2920,47918,N#CC1CC1O,4.350567064565268,22.85,20.4,3.8187500000000014,2.450000000000003,False,False
2921,48041,N#CC1CCN1F,5.084120499711147,11.3,7.124999999999999,2.2937499999999993,4.175000000000002,True,False
2922,48054,N#CC1CCNS1,5.022915412911332,11.875,12.425,1.4812499999999975,0.5500000000000007,False,False
2923,48064,N#CC1CCOC1=N,4.959051661781776,12.675,5.775,1.612499999999999,6.9,True,False
2924,48079,N#CC1CCOO1,5.083483117834911,11.325000000000001,8.35,2.84375,2.9750000000000014,True,False
2925,48093,N#CC1CN1,2.910946540495708,57.25,29.125,5.212499999999999,28.125,False,False
2926,48094,N#CC1CN1C#N,3.952643125465832,31.7,3.2750000000000004,2.45,28.424999999999997,True,False
2927,48114,N#CC1CN=CN1,3.132038969800232,51.24999999999999,52.925,4.056249999999999,1.6750000000000043,False,False
2929,48142,N#CC1CNC1=O,5.869779910157313,5.050000000000001,2.875,1.2312500000000002,2.1750000000000007,True,True
2930,48159,N#CC1CNCCC1=O,5.0950381699542815,11.175,4.275,3.243750000000001,6.9,True,False
2932,48205,N#CC1COCC(N)=N1,5.517958504425467,7.324999999999999,3.15,0.7687499999999998,4.174999999999999,True,True
2933,48240,N#CC1N=NN=N1,3.700369425344306,37.85,60.775,5.674999999999997,22.924999999999997,False,False
2934,48268,N#CC1NC1C(N)=O,4.819511977680594,14.499999999999998,12.075,12.38125,2.424999999999999,False,False
2935,48275,N#CC1NC1CCCO,3.69619920171144,37.95,8.575000000000001,2.15625,29.375,True,False
2936,48281,N#CC1NC=CC1=NO,3.5868537394737334,40.975,19.5,5.606250000000003,21.475,False,False
2937,48378,N#CC1OC=NC1C=O,3.8153840897671416,35.199999999999996,44.65,5.612499999999997,9.450000000000003,False,False
2938,48405,N#CC1OCC1N,3.670915123725466,38.550000000000004,11.4,2.268749999999999,27.150000000000006,False,False
2939,48446,N#CC=C(Br)Br,3.294154077724693,48.075,58.575,3.8062499999999986,10.5,False,False
2941,48484,N#CC=CC=O,2.61100226592637,64.47500000000001,23.225,4.543749999999999,41.25000000000001,False,False
2942,48492,N#CC=CCCl,3.584791003311742,41.05,31.65,8.937499999999996,9.399999999999999,False,False
2943,48505,N#CC=CO,3.24303306934785,48.825,8.75,2.0749999999999993,40.075,True,False
2944,48511,N#CC=CS(=O)(=O)c1ccccc1,6.076115700349922,3.75,5.425,0.30000000000000027,1.6749999999999998,True,True
2945,48523,N#CC=NNO,3.0111022702910737,54.6,17.275,2.3187500000000014,37.325,False,False
2946,48526,N#CC=P,4.037647175777323,29.525000000000002,31.175000000000004,6.337500000000002,1.6500000000000021,False,False
2947,48529,N#CC=S,2.523031476901789,66.05,54.6,2.956249999999997,11.449999999999996,False,False
2948,48535,N#CCC#CC(=O)C#N,4.827498898341447,14.424999999999999,36.5,8.725000000000009,22.075000000000003,False,False
2949,48536,N#CCC#CC(=O)C=O,3.2408466461254193,48.85,63.349999999999994,4.387500000000003,14.499999999999993,False,False
2950,48573,N#CCC(=N)NC=O,7.273973101120847,0.8750000000000001,50.975,6.499999999999986,50.1,False,True
2951,48614,N#CCC(=O)NBr,0.1097036235879026,99.65,72.675,27.306250000000006,26.97500000000001,False,False
2952,48615,N#CCC(=O)NC(=N)N,2.6375355944922827,63.349999999999994,44.675,9.75,18.674999999999997,False,False
2954,48640,N#CCC(Br)CF,2.230283734985202,73.1,25.124999999999996,7.074999999999996,47.974999999999994,False,False
2955,48641,N#CCC(Br)CO,3.075537145537506,52.87500000000001,27.125,3.900000000000002,25.750000000000007,False,False
2956,48655,N#CCC(C#N)OC=O,3.1947485453433275,49.775000000000006,61.9,4.34375,12.124999999999993,False,False
2957,48679,N#CCC(CO)NC=O,6.931552507471314,1.15,10.075000000000001,6.062500000000002,8.925,False,True
2958,48718,N#CCC(NCl)OP,3.440759524398755,44.625,29.049999999999997,6.724999999999994,15.575000000000003,False,False
2959,48754,N#CCC(O)CCO,4.495067984868803,19.75,9.575,1.700000000000001,10.175,True,False
2961,48759,N#CCC(O)CO,4.427757366731373,21.075,17.375,3.0124999999999957,3.6999999999999993,False,False
2962,48777,N#CCC1(C(N)=O)CC1,2.4989001924762944,66.625,18.775,7.850000000000005,47.85,False,False
2964,48892,N#CCC1CC(=O)N1,3.486887095639163,43.5,52.15,9.943750000000001,8.649999999999999,False,False
2965,48893,N#CCC1CC(=O)NC(=O)C1,3.5275190948642106,42.625,42.199999999999996,3.75,0.42500000000000426,False,False
2966,48935,N#CCC1CCC1=NO,4.708584522650832,16.325,17.2,4.3874999999999975,0.875,False,False
2967,48983,N#CCC1COC1,3.111920452683061,51.74999999999999,40.825,10.59375,10.92499999999999,False,False
2968,48999,N#CCC1NC(=O)C1N,4.159952387951214,26.85,29.425,17.368750000000002,2.5749999999999993,False,False
2969,49043,N#CCC=C=O,4.640628354913596,17.275,30.65,7.412500000000001,13.375,False,False
2970,49048,N#CCC=CN=O,3.644941242674979,39.4,44.975,4.637499999999996,5.575000000000003,False,False
2972,49055,N#CCCBr,4.4138232016889285,21.4,38.574999999999996,16.58749999999999,17.174999999999997,False,False
2973,49085,N#CCCC(C#N)C=O,4.013740082364898,30.175,52.97500000000001,8.949999999999996,22.800000000000008,False,False
2974,49096,N#CCCC(N)=O,4.973270607034921,12.475,12.575,7.362499999999997,0.09999999999999964,False,False
2976,49123,N#CCCC1=C(O)CCCC1=O,7.348327668151743,0.775,7.375,2.04375,6.6,True,True
2977,49153,N#CCCC1CO1,4.23846042401378,25.025,13.450000000000001,4.24375,11.574999999999998,False,False
2978,49157,N#CCCC1COC=N1,4.433811217170058,20.925,13.025,7.168750000000001,7.9,False,False
2979,49215,N#CCCCN1CC1,4.8132698455898195,14.625,9.700000000000001,3.0500000000000007,4.924999999999999,True,False
2980,49217,N#CCCCN=O,3.40413212100925,45.65,36.525,6.574999999999996,9.125,False,False
2981,49219,N#CCCCNC(N)=O,6.042388696533756,3.925,5.2749999999999995,5.30625,1.3499999999999996,True,True
2982,49223,N#CCCCOC(N)=O,3.544743157608208,42.175000000000004,20.825,4.762499999999999,21.350000000000005,False,False
2984,49234,N#CCCCS(N)=O,5.8179088300701425,5.375,10.9,9.293750000000001,5.525,False,True
2985,49247,N#CCCN1CC1,4.194808002758365,26.05,13.975000000000001,2.7687500000000025,12.075,False,False
2986,49273,N#CCCNC(=O)CO,4.654809278304567,17.125,12.625,7.756250000000001,4.5,False,False
2987,49298,N#CCCOC(=O)F,2.1132416006630943,76.075,73.2,14.449999999999996,2.875,False,False
2988,49301,N#CCCOC(N)=S,2.860168164994185,58.425000000000004,36.8,14.712499999999995,21.625000000000007,False,False
2989,49302,N#CCCOC1CC1,3.893043353103741,33.550000000000004,22.925,3.2312499999999993,10.625000000000004,False,False
2990,49316,N#CCCOCCCO,4.38879086003355,22.125,21.8,7.1249999999999964,0.3249999999999993,False,False
2991,49325,N#CCCOP(=O)(O)O,5.813929198177655,5.425,46.575,9.375,41.150000000000006,False,True
2993,49329,N#CCCOP(O)F,2.8045916360283862,59.8,36.3,4.675000000000001,23.5,False,False
2994,49332,N#CCCOP=O,2.662556506794357,63.025,48.8,17.175000000000004,14.225000000000001,False,False
2995,49334,N#CCCOPCl,5.433219759573562,7.925,44.4,4.743749999999999,36.475,False,True
2996,49338,N#CCCP(=O)=O,5.536259388511991,7.175,41.3,11.793749999999996,34.125,False,True
2997,49340,N#CCCP(Cl)Cl,3.363362779358697,46.45,53.27499999999999,4.881250000000001,6.824999999999989,False,False
2998,49344,N#CCCS,3.534993394854251,42.425000000000004,30.375000000000004,4.006249999999998,12.05,False,False
2999,49348,N#CCCS(=O)(=O)c1ccccc1,5.45977678225486,7.725,5.825,5.85625,1.8999999999999995,True,True
3000,49361,N#CCC[N+](=O)[O-],5.350782455994567,8.674999999999999,30.425,10.449999999999989,21.75,False,True
3001,49395,N#CCCn1ccnn1,3.8892066478574705,33.800000000000004,23.7,7.606249999999999,10.100000000000005,False,False
3002,49412,N#CCN(C=O)CC#N,2.3219927935880182,71.2,31.624999999999996,21.793750000000003,39.575,False,False
3003,49413,N#CCN(C=O)CC=O,3.031972853799848,53.925,55.95,3.606250000000003,2.0250000000000057,False,False
3004,49449,N#CCN1CCC1,4.6038365554021246,17.775,13.825000000000001,3.775000000000002,3.9499999999999975,False,False
3005,49463,N#CCN=C(N)C(N)=O,3.221916094814816,49.35,48.425000000000004,10.025000000000006,0.9249999999999972,False,False
3006,49476,N#CCN=C1NCCO1,6.824437353357035,1.325,2.0500000000000003,1.2999999999999994,0.7250000000000003,True,True
3007,49493,N#CCN=NN,6.4664666966827955,2.25,33.35,10.200000000000003,31.1,False,True
3008,49504,N#CCN=c1onno1,3.260400426899944,48.6,65.0,10.456249999999997,16.4,False,False
3009,49517,N#CCNC(=O)CS,3.287386220760206,48.125,42.225,6.78125,5.899999999999999,False,False
3010,49522,N#CCNC(=O)O,3.6382871941338952,39.574999999999996,44.9,3.656250000000007,5.325000000000003,False,False
3011,49524,N#CCNC(=O)S,4.083685311397681,28.449999999999996,42.8,2.9250000000000043,14.350000000000001,False,False
3012,49530,N#CCNC(C=O)CO,2.4261225709360663,68.60000000000001,26.1,10.4375,42.50000000000001,False,False
3013,49588,N#CCNCCNC=O,5.341576330611279,8.825,40.35,7.543750000000003,31.525000000000002,False,True
3014,49593,N#CCNCCl,2.3121794246594076,71.42500000000001,41.975,4.337499999999999,29.45000000000001,False,False
3015,49607,N#CCN[N+](=O)[O-],5.136863388636052,10.674999999999999,56.675,9.393750000000004,46.0,False,False
3016,49619,N#CCNc1cn[nH]c1,3.624214624569821,39.85,25.15,3.7562500000000014,14.700000000000003,False,False
3018,49650,N#CCOC(=O)CO,2.886101160630062,57.75,44.45,5.181250000000006,13.299999999999997,False,False
3019,49662,N#CCOC(C=O)CO,2.259953737440998,72.3,58.4,8.65625,13.899999999999999,False,False
3020,49687,N#CCOC1CCOC1,3.963737181310843,31.45,27.6,1.6374999999999993,3.849999999999998,False,False
3021,49711,N#CCOCC(O)C=O,3.761241476680501,36.25,51.949999999999996,7.462500000000006,15.699999999999996,False,False
3023,49739,N#CCOCl,3.074491139534363,52.925,41.6,1.6624999999999943,11.324999999999996,False,False
3024,49748,N#CCOS(=O)O,3.2220828137985933,49.3,29.7,7.25,19.599999999999998,False,False
3025,49751,N#CCO[P+](=O)[O-],3.5539474491734975,41.8,70.325,1.90625,28.525000000000006,False,False
3026,49758,N#CCOc1ccco1,4.417757977200095,21.275,33.074999999999996,4.837500000000006,11.799999999999997,False,False
3027,49782,N#CCP(=O)(O)OF,1.9112042585948248,81.0,61.724999999999994,3.3125,19.275000000000006,False,False
3028,49786,N#CCPO,5.1409222032932655,10.65,35.65,9.84375,25.0,False,False
3029,49787,N#CCS,3.214987464088647,49.45,45.875,3.3312500000000043,3.575000000000003,False,False
3030,49788,N#CCS(=O)(=O)CC#N,0.3137850315044035,99.325,67.4,11.325000000000003,31.924999999999997,False,False
3032,49800,N#CCS(N)(=O)=O,3.477854074641472,43.675000000000004,55.7,14.500000000000004,12.024999999999999,False,False
3033,49803,N#CCSC(=O)O,3.4251763229936967,44.975,34.725,5.693749999999994,10.25,False,False
3034,49805,N#CCSC(=S)S,3.939596514731669,32.125,34.675,4.8125,2.549999999999997,False,False
3035,49806,N#CCSC(F)=S,3.726775288648253,37.1,31.2,13.424999999999997,5.900000000000002,False,False
3036,49828,N#CCSSCC#N,4.403747388008147,21.725,28.449999999999996,10.4875,6.724999999999994,False,False
3037,49829,N#CCSSCCCl,5.1724288663980245,10.35,34.55,5.82500000000001,24.199999999999996,False,False
3038,49837,N#CC[SiH](Cl)Cl,2.942855507904503,56.474999999999994,38.475,3.662499999999998,17.999999999999993,False,False
3039,49853,N#CCc1c[nH]c(O)n1,4.016666041219237,30.075000000000003,22.400000000000002,9.20625,7.675000000000001,False,False
3040,49854,N#CCc1c[nH]cc1N,4.8365002227618685,14.274999999999999,9.875,6.856250000000001,4.399999999999999,True,False
3041,49873,N#CCc1ccc(Br)cc1,3.346799416323835,46.775,39.925,5.237499999999997,6.850000000000001,False,False
3042,49874,N#CCc1ccc(Cl)cc1,3.3533653428103167,46.625,62.2,3.75,15.575000000000003,False,False
3043,49909,N#CCc1cnoc1N,1.8844502241528904,81.375,67.07499999999999,11.043750000000003,14.300000000000011,False,False
3044,49962,N#CCl,2.8918979361511057,57.699999999999996,62.949999999999996,7.006250000000001,5.25,False,False
3045,49983,N#CCn1cnc(N)c1,2.1234195006187617,75.725,38.425,4.450000000000003,37.3,False,False
3046,50023,N#CN(CS(=O)(=O)O)C(=N)N,5.853451760534989,5.1499999999999995,6.0,5.1812499999999995,0.8500000000000005,True,True
3047,50027,N#CN(Cl)[Si](Cl)(Cl)Cl,3.0684221224694475,52.97500000000001,51.349999999999994,2.6062499999999957,1.6250000000000142,False,False
3048,50028,N#CN(F)Cl,2.007133082858713,78.95,66.4,5.91875000000001,12.549999999999997,False,False
3049,50036,N#CN/C(=N\CO)NCO,3.095349866837292,52.2,12.975,10.14375,39.225,False,False
3050,50057,N#CN1CC(O)C1,5.879978278050471,5.0,7.025,3.75,2.0250000000000004,True,True
3051,50058,N#CN1CC1,5.026498104027422,11.799999999999999,6.875000000000001,1.5625000000000009,4.924999999999998,True,False
3052,50063,N#CN1CC=CS1,5.213343649231299,9.725,2.375,1.54375,7.35,True,True
3053,50069,N#CN1CCC=N1,6.522032097727319,1.975,1.05,0.8687499999999999,0.925,True,True
3054,50081,N#CN1CN=CS1,4.0913424322301815,28.325,14.149999999999999,5.356250000000003,14.175,False,False
3055,50089,N#CN1NC=CS1,5.507760178143141,7.449999999999999,1.3,0.9312500000000001,6.1499999999999995,True,True
3057,50114,N#CN=CCl,4.214612529338502,25.474999999999998,20.474999999999998,4.768750000000001,5.0,False,False
3059,50132,N#CN=NN=NC#N,1.660556827113923,85.575,92.575,5.299999999999997,7.0,False,False
3060,50134,N#CN=NNNC#N,5.661258816206804,6.5,15.6,16.775000000000002,9.1,False,True
3061,50139,N#CN=S1(=O)CC1,8.112878472919803,0.17500000000000002,0.22499999999999998,0.22500000000000003,0.04999999999999996,True,True
3063,50151,N#CNC(=O)CCl,4.845178771230965,14.2,7.000000000000001,1.3562499999999984,7.199999999999998,True,False
3064,50152,N#CNC(=O)CN,6.148238116898556,3.325,2.325,2.025,1.0,True,True
3065,50166,N#CNC(N)=NCS,5.682839814216764,6.4,10.5,3.1312500000000005,4.1,False,True
3066,50167,N#CNC(N)=NF,6.6652563384066585,1.6,2.4,1.2000000000000002,0.7999999999999998,True,True
3067,50170,N#CNC(N)=[NH+]CCCS(=O)(=O)[O-],10.410826700624726,0.025,1.675,5.9750000000000005,1.6500000000000001,True,True
3068,50175,N#CNC1=NCCCS1,6.27834212868854,3.025,2.45,1.0562499999999995,0.5749999999999997,True,True
3069,50192,N#CNCCCl,4.059857673410342,29.025000000000002,12.65,3.150000000000002,16.375,False,False
3070,50204,N#CNCc1ccsc1,4.781034860788485,15.15,7.675,1.8187499999999979,7.4750000000000005,True,False
3071,50216,N#CNNC(N)=S,6.079751843327813,3.7249999999999996,4.9,3.6125000000000007,1.1750000000000007,True,True
3072,50217,N#CNNC=O,5.221277081653619,9.6,13.8,3.150000000000002,4.200000000000001,False,True
3073,50224,N#CNOC(=S)S,3.0222352858955293,54.25,32.125,1.8625000000000043,22.125,False,False
3074,50226,N#CNOCC(N)=O,3.5334759627873575,42.475,8.5,10.731249999999998,33.975,True,False
3075,50230,N#CNP(O)O,4.9855495558985465,12.375,26.650000000000002,6.3437499999999964,14.275000000000002,False,False
3076,50243,N#CNc1ccc(O)cc1,3.4231450489616355,45.025,27.650000000000002,5.225000000000001,17.374999999999996,False,False
3077,50260,N#COC(=O)CN,6.053038142515823,3.85,8.55,4.631250000000001,4.700000000000001,True,True
3078,50266,N#COC(=O)c1cccs1,7.433724382927638,0.7000000000000001,0.3,0.31875000000000003,0.4000000000000001,True,True
3079,50292,N#COCSOC#N,4.250968698725222,24.825,23.1,14.98125,1.7249999999999979,False,False
3080,50305,N#CONCCS,4.596611279131442,17.925,7.3,1.0062500000000005,10.625,True,False
3081,50311,N#COOC(=O)Cl,2.0885750342830347,76.825,71.6,7.543749999999989,5.2250000000000085,False,False
3082,50318,N#COO[SiH2]OC#N,4.796355365693749,14.85,23.275000000000002,9.425,8.425000000000002,False,False
3083,50327,N#COP(=O)(O)OBr,5.5647326979039,7.1,25.974999999999998,12.03125,18.875,False,True
3084,50329,N#COP(=O)(O)OCl,5.81612588238578,5.4,26.6,8.862500000000004,21.200000000000003,False,True
3085,50331,N#COP(=O)(O)O[N+](=O)[O-],5.365213998727948,8.450000000000001,51.775000000000006,7.800000000000004,43.325,False,True
3086,50336,N#COP(=O)=O,1.727105870473296,84.425,76.5,5.699999999999989,7.924999999999997,False,False
3087,50344,N#COS(=O)C#N,4.5995793666067,17.875,41.925000000000004,4.406249999999993,24.050000000000004,False,False
3088,50347,N#COSBr,3.551096619232017,41.925000000000004,41.675000000000004,3.575000000000003,0.25,False,False
3089,50382,N#CP(C(F)(F)F)C(F)(F)F,2.2345242953780455,73.05,80.875,3.362499999999997,7.825000000000003,False,False
3090,50383,N#CP(Cl)C#N,2.8487081703854416,58.8,62.849999999999994,2.843749999999993,4.049999999999997,False,False
3091,50391,N#CP(N)(N)=S,4.2812916535604035,24.425,4.95,3.2750000000000004,19.475,True,False
3092,50392,N#CP(N)(O)=S,3.927548707535093,32.6,17.925,6.168749999999999,14.675,False,False
3093,50400,N#CP(O)O,5.574148432126288,7.025,34.625,4.706249999999997,27.6,False,True
3094,50401,N#CP(P)P,2.4100891853633906,69.0,26.325,5.299999999999997,42.675,False,False
3095,50402,N#CP(S)C#N,2.8932799406743945,57.675,27.3,4.262500000000003,30.374999999999996,False,False
3096,50403,N#CP1(F)(Cl)C=CN1,4.949023492392534,12.9,11.450000000000001,7.356249999999999,1.4499999999999993,False,False
3097,50406,N#CP1C=C1,4.401654348877264,21.775,20.25,4.556250000000002,1.5249999999999986,False,False
3098,50414,N#CPC#N,3.677107297841541,38.4,36.325,3.268749999999997,2.0749999999999957,False,False
3099,50415,N#CPC(=N)N,1.4743032939914846,88.4,50.349999999999994,4.21875,38.05000000000001,False,False
3100,50449,N#CSC(N)=S,6.457227237538643,2.35,22.075,9.731250000000003,19.724999999999998,False,True
3102,50482,N#CSCC=O,3.828967266919463,34.875,16.175,5.412499999999998,18.7,False,False
3103,50484,N#CSCCC(=O)O,3.754695636931835,36.425000000000004,41.725,3.268749999999997,5.299999999999997,False,False
3104,50489,N#CSCCCS(=O)(=O)O,1.6269687515295383,86.1,32.65,9.074999999999996,53.449999999999996,False,False
3105,50504,N#CSC[SiH3],4.189400282787062,26.224999999999998,15.174999999999999,2.018749999999999,11.049999999999999,False,False
3106,50513,N#CSN=NSC#N,3.034748154836066,53.825,65.025,5.468749999999993,11.200000000000003,False,False
3108,50527,N#CSOC(=O)CO,3.723109473260359,37.3,53.05,3.918750000000003,15.75,False,False
3109,50532,N#CSOOOSC#N,4.4530269974200145,20.65,26.400000000000002,6.431249999999999,5.7500000000000036,False,False
3110,50535,N#CSO[SiH2]SC#N,2.9905765057517906,55.15,32.15,8.668750000000003,23.0,False,False
3111,50545,N#CSSCl,2.7679928568109826,60.724999999999994,49.9,2.375,10.824999999999996,False,False
3112,50558,N#CSc1ccc(S(N)(=O)=O)cc1,3.890901885446468,33.675,78.57499999999999,9.274999999999991,44.89999999999999,False,False
3113,50562,N#CSc1cnsn1,3.675950015720004,38.425,50.224999999999994,5.0,11.799999999999997,False,False
3114,50570,N#C[C@@H]1CC1(Cl)Cl,3.70031279377024,37.875,30.55,4.162500000000001,7.324999999999999,False,False
3115,50574,N#C[C@H](Cl)CCl,4.182624000071643,26.400000000000002,45.725,2.0500000000000043,19.325,False,False
3116,50577,N#C[C@H](N)F,4.243386811183603,24.95,32.85,2.5,7.900000000000002,False,False
3117,50581,N#C[N+](=O)[O-],0.1209096000070149,99.6,99.1,4.393750000000011,0.5,False,False
3118,50590,N#C[SiH3],3.625737351245721,39.775,37.875,8.818749999999994,1.8999999999999986,False,False
3119,50591,N#C[SiH](N=[N+]=[N-])[N+](=O)[O-],3.401516605510788,45.800000000000004,43.45,8.343750000000007,2.3500000000000014,False,False
3120,50596,N#C[Si](=O)O,3.7480801457524704,36.675000000000004,28.000000000000004,3.0625,8.675,False,False
3121,50620,N#Cc1[nH]ncc1CO,2.302545454644741,71.625,62.575,5.793749999999996,9.049999999999997,False,False
3122,50624,N#Cc1c(Br)csc1Br,4.602307383397862,17.8,8.125,0.42499999999999893,9.675,True,False
3123,50692,N#Cc1cc(Br)sc1Br,3.5335595887018454,42.449999999999996,41.025,11.043750000000003,1.4249999999999972,False,False
3124,50723,N#Cc1cc(N)c(N)o1,6.254865711964773,3.125,0.7250000000000001,0.5062499999999999,2.4,True,True
3125,50753,N#Cc1cc[pH]n1,5.21043812003892,9.875,5.1,1.5249999999999995,4.775,True,True
3126,50773,N#Cc1ccc(CO)cc1,6.407812154667356,2.4250000000000003,19.35,17.4125,16.925,False,True
3127,50776,N#Cc1ccc(Cl)cc1,3.0415827593759426,53.75,61.275,3.125,7.524999999999999,False,False
3128,50777,N#Cc1ccc(Cl)nn1,5.303195321382516,9.125,5.675,2.174999999999999,3.45,True,True
3129,50815,N#Cc1ccccc1N=C=O,5.763507029987726,5.875,2.75,0.6687500000000002,3.125,True,True
3130,50836,N#Cc1ccnc(Br)n1,3.856866993777512,34.375,14.174999999999999,2.1187499999999986,20.200000000000003,False,False
3131,50850,N#Cc1ccnnc1Cl,3.277792897838525,48.325,43.575,4.5,4.75,False,False
3132,50864,N#Cc1ccoc1CN,4.666149434224881,16.975,21.2,3.368750000000002,4.224999999999998,False,False
3133,50868,N#Cc1ccon1,4.955214607848327,12.775,6.35,2.012500000000001,6.425000000000001,True,False
3134,50899,N#Cc1cnc(Cl)cn1,2.7908841255559493,60.075,59.675,5.043750000000003,0.4000000000000057,False,False
3135,50976,N#Cc1cnsn1,2.9450562871198662,56.375,47.65,1.9874999999999972,8.725000000000001,False,False
3136,50981,N#Cc1coc(Br)n1,4.224583192766687,25.3,27.35,2.9750000000000014,2.0500000000000007,False,False
3137,51034,N#Cc1n[nH]c(O)n1,6.140381991965295,3.4250000000000003,1.375,0.4312499999999999,2.0500000000000003,True,True
3138,51048,N#Cc1nc(=N)cc[nH]1,5.218796564120835,9.65,1.7999999999999998,0.16875000000000018,7.8500000000000005,True,True
3139,51066,N#Cc1nc(Cl)[nH]c1C#N,6.258280908912983,3.1,1.8499999999999999,0.89375,1.2500000000000002,True,True
3140,51071,N#Cc1nc(Cl)cs1,4.562539301452932,18.425,12.1,4.5875,6.325000000000001,False,False
3141,51109,N#Cc1ncc(CO)[nH]1,7.45343563798975,0.65,1.6,1.19375,0.9500000000000001,True,True
3142,51121,N#Cc1ncc(N)s1,7.405008439753459,0.7250000000000001,0.075,0.2,0.6500000000000001,True,True
3143,51147,N#Cc1nccs1,5.165847708497594,10.45,4.725,1.1812500000000004,5.725,True,False
3144,51186,N#Cc1nnc(N)s1,6.965568976410157,1.0999999999999999,0.4,0.29374999999999996,0.6999999999999998,True,True
3145,51188,N#Cc1nncs1,4.764523944631827,15.425,10.575,3.7562499999999996,4.850000000000001,False,False
3146,51196,N#Cc1nnon1,1.2681377559146936,91.875,96.2,1.125,4.325000000000003,False,False
3147,51221,N#Cc1noncc1=N,4.804170587136297,14.75,41.05,5.36249999999999,26.299999999999997,False,False
3148,51250,N#Cc1onnc1N,4.005894794879931,30.525000000000002,22.725,6.631249999999998,7.800000000000001,False,False
3150,51279,N#Cp1cccc1,4.302971125554805,24.075,22.2,6.350000000000001,1.875,False,False
3151,51283,N#[11C]CBr,3.2818408263207064,48.225,40.375,6.868750000000006,7.850000000000001,False,False
3152,51285,N#[13C]C#P,3.5164407206959387,42.95,40.6,3.674999999999997,2.3500000000000014,False,False
3153,51286,N#[13C]CCCCl,3.666812480753777,38.75,17.5,4.700000000000003,21.25,False,False
3154,51292,N#[14C]S,3.566617310045341,41.6,40.9,2.3812499999999943,0.7000000000000028,False,False
3155,51308,N=C(C=O)N(C=O)C=O,4.434318212625032,20.9,48.55,15.71875,27.65,False,False
3156,51317,N=C(C=O)OC(=O)C=O,3.412111454024776,45.2,78.3,4.65625,33.099999999999994,False,False
3157,51334,N=C(CCC=O)NC=O,2.396583492068579,69.3,47.825,8.100000000000009,21.474999999999994,False,False
3158,51358,N=C(F)C(N)F,3.503768110033646,43.25,61.75000000000001,3.531249999999993,18.500000000000007,False,False
3159,51360,N=C(F)Cl,1.085982516729486,94.22500000000001,87.4,2.299999999999997,6.825000000000003,False,False
3160,51368,N=C(N)C(=O)C(=O)CO,5.436522166757636,7.9,53.1,7.206249999999997,45.2,False,True
3162,51423,N=C(N)N(C=O)CC=O,4.486014550031791,19.975,19.950000000000003,17.5,0.02499999999999858,False,False
3163,51434,N=C(N)N1CO1,2.9134066167361734,57.15,83.825,2.8812500000000085,26.675000000000004,False,False
3164,51438,N=C(N)NC(=O)C1CN1,2.1323541542352964,75.55,67.85,11.043750000000003,7.700000000000003,False,False
3165,51440,N=C(N)NC(=O)C=O,2.3764442585908254,69.89999999999999,61.575,5.325000000000003,8.324999999999989,False,False
3167,51460,N=C(N)SCCCS(=O)(=O)O,4.585983714699724,18.025,25.775,14.2375,7.75,False,False
3168,51462,N=C(N)SCCS(=O)(=O)O,1.9248448151639872,80.80000000000001,1.4749999999999999,1.98125,79.32500000000002,True,False
3169,51464,N=C(N)SC[C@H](O)CS(=O)(=O)O,4.164442260651559,26.724999999999998,46.225,12.6875,19.500000000000004,False,False
3170,51491,N=C(NC=O)NCC=O,5.40025601234724,8.15,28.725,8.831249999999997,20.575000000000003,False,True
3171,51500,N=C(OC=O)C(N)=O,4.775727312985788,15.275,35.15,4.231249999999996,19.875,False,False
3172,51538,N=C1C=C(N)CO1,5.587289214984508,6.9750000000000005,2.1999999999999997,0.9312499999999999,4.775,True,True
3173,51541,N=C1C=CC(=N)N1C=O,6.597270042987611,1.775,19.825,6.587499999999999,18.05,False,True
3174,51558,N=C1C=CC(O)C(=O)N1,1.2988367808733527,91.5,93.22500000000001,2.125000000000014,1.7250000000000085,False,False
3175,51593,N=C1C=NNC1=O,1.4085472915129946,89.60000000000001,72.39999999999999,6.94374999999998,17.200000000000017,False,False
3176,51618,N=C1CC(=O)NCCO1,5.800463930101598,5.575,12.0,5.112499999999997,6.425,False,True
3177,51626,N=C1CC(C(=O)C=O)O1,1.9220827402351377,80.875,80.10000000000001,6.318749999999994,0.7749999999999915,False,False
3178,51676,N=C1CC(O)CCCO1,3.798576528661404,35.425000000000004,60.724999999999994,5.206249999999997,25.29999999999999,False,False
3179,51714,N=C1CCC(C(N)=O)O1,1.3267941936776677,91.0,73.825,13.193749999999987,17.174999999999997,False,False
3180,51724,N=C1CCC(O)CCO1,3.1759049507315225,50.175000000000004,50.949999999999996,8.387500000000003,0.7749999999999915,False,False
3181,51735,N=C1CCCC(=O)O1,3.7257532899514274,37.15,39.800000000000004,2.268749999999997,2.6500000000000057,False,False
3182,51783,N=C1CCS1,3.841262873649344,34.675,66.875,5.4624999999999915,32.2,False,False
3183,51820,N=C1CNC1=O,5.71335737771201,6.175,14.249999999999998,9.056249999999999,8.075,False,True
3184,51825,N=C1CNCC(=O)O1,2.3823993513292296,69.77499999999999,58.35,5.312500000000014,11.42499999999999,False,False
3185,51913,N=C1NC(=N)OCCO1,4.763147287869333,15.45,42.05,5.106250000000003,26.599999999999998,False,False
3186,51956,N=C1NC(C=O)=CCO1,4.785389756243821,15.049999999999999,42.6,10.731250000000003,27.550000000000004,False,False
3187,51977,N=C1NCC(=O)N1,0.917240986243982,96.175,94.5,2.9937500000000057,1.6749999999999972,False,False
3188,51987,N=C1NCC(O)CC1=O,4.680934596397289,16.775000000000002,17.1,4.40625,0.3249999999999993,False,False
3189,52028,N=C1OC(=O)CCC1O,1.5652154292249232,87.15,67.77499999999999,4.318749999999994,19.375000000000014,False,False
3190,52047,N=C1OC(CO)C1C=O,1.7108294838228637,84.7,86.175,2.874999999999986,1.4749999999999943,False,False
3191,52182,N=C1OCCN1C=O,6.402482844230111,2.5,9.9,11.143749999999999,7.4,True,True
3192,52189,N=C1OCCO1,4.6523826153523835,17.2,12.9,7.56875,4.299999999999999,False,False
3193,52190,N=C1OCCOC1=N,5.4589716524381195,7.75,18.075,6.224999999999998,10.325,False,True
3194,52193,N=C1OCCOC1CO,4.392119523247938,22.075,28.199999999999996,2.8187500000000085,6.1249999999999964,False,False
3195,52207,N=C1OCOC1=O,4.851149689631216,14.124999999999998,29.225,4.268749999999997,15.100000000000003,False,False
3197,52230,N=CC(=O)C=O,1.9700192659305364,79.75,79.7,10.743750000000006,0.04999999999999716,False,False
3198,52240,N=CC(F)C=N,1.797547847397375,82.975,73.35000000000001,5.668750000000003,9.624999999999986,False,False
3199,52253,N=CN(C(=N)N)C(N)=O,0.9221382472418168,96.125,73.25,7.025000000000006,22.875,False,False
3200,52262,N=CN(C=O)C(=N)CO,2.787880131313825,60.199999999999996,78.77499999999999,5.5625,18.574999999999996,False,False
3201,52277,N=CN(C=O)CC=O,3.0962815823746066,52.175000000000004,56.175,7.800000000000004,3.999999999999993,False,False
3202,52339,N=CNC(=O)C#CC=O,4.42692002538955,21.099999999999998,17.349999999999998,9.54375,3.75,False,False
3203,52340,N=CNC(=O)C#CCO,4.482888306187482,20.125,17.75,3.450000000000003,2.375,False,False
3204,52342,N=CNC(=O)C(=O)C=O,4.026893020717269,29.799999999999997,29.299999999999997,12.724999999999998,0.5,False,False
3205,52371,N=CNC(=O)NC=N,6.903966242141734,1.2,33.775,12.8125,32.574999999999996,False,True
3206,52374,N=CNC(=O)NCCO,3.353537671192788,46.575,32.0,3.4499999999999993,14.575000000000003,False,False
3208,52383,N=COC(=O)C#CCO,3.1277986563277156,51.349999999999994,58.050000000000004,4.587500000000013,6.70000000000001,False,False
3209,52390,N=COC(=O)C(O)C=O,2.1249649945511533,75.675,48.949999999999996,7.474999999999994,26.725,False,False
3210,52439,N=COC1(C(N)=O)CC1,1.470875059363785,88.55,70.275,4.537499999999994,18.27499999999999,False,False
3211,52473,N=COC1CC(O)C1=O,3.0444938561269765,53.65,69.975,3.7687500000000114,16.324999999999996,False,False
3212,52535,N=COC=N,1.3977736741061295,89.775,80.9,5.924999999999997,8.875,False,False
3215,52634,N=COCCCNC=O,3.8139298363547742,35.25,38.925,8.293750000000003,3.674999999999997,False,False
3216,52648,N=COCO,2.0799501720696725,77.17500000000001,85.6,3.4312499999999915,8.424999999999983,False,False
3217,52658,N=COCc1cn[nH]n1,3.610673590924953,40.275,37.525,3.9937500000000057,2.75,False,False
3218,52686,N=COc1c[nH]cc1O,2.8247190036416643,59.4,35.9,4.825000000000003,23.5,False,False
3219,52708,N=COc1cccnc1,4.040590610990226,29.475,64.875,2.5687500000000014,35.4,False,False
3220,52711,N=COc1ccncc1,2.422299490492791,68.8,81.95,3.71875,13.150000000000006,False,False
3222,52728,N=COc1cnnnn1,3.1041441278091217,52.05,45.324999999999996,6.243749999999999,6.725000000000001,False,False
3223,52734,N=COc1coc(=O)o1,3.4922936615828513,43.425000000000004,45.275,10.068750000000001,1.8499999999999943,False,False
3224,52743,N=COc1n[nH]c(=O)[nH]1,2.97272435861903,55.75,46.175,6.2875000000000085,9.575000000000003,False,False
3225,52788,N=CSC=N,3.2786005227228388,48.3,91.125,8.387500000000003,42.825,False,False
3226,52797,N=NC1=NCCS1,4.642953453923526,17.25,41.375,5.524999999999999,24.125,False,False
3227,52803,N=NNC(=O)O,3.587307200973037,40.949999999999996,62.8,6.050000000000004,21.85,False,False
3228,52819,N=[13C](F)F,1.5884723487448418,86.65,95.15,0.6875000000000142,8.5,False,False
3230,52825,N=c1[nH]c(=O)c(F)co1,3.3830785863457953,46.075,51.324999999999996,3.156249999999993,5.249999999999993,False,False
3231,52838,N=c1[nH]c(F)noc1=N,1.0722855002812828,94.425,90.85,4.812499999999986,3.575000000000003,False,False
3232,52842,N=c1[nH]c(O)ccc1F,4.76152047655416,15.5,18.0,3.481250000000003,2.5,False,False
3233,52850,N=c1[nH]cc(F)cc1F,2.003075663599115,79.05,64.75,3.6812499999999915,14.299999999999997,False,False
3234,52880,N=c1[nH]ncc(N)c1F,3.8819521447198206,33.875,18.125,5.850000000000001,15.75,False,False
3235,52884,N=c1[nH]nnc(F)c1N,3.056686138675839,53.400000000000006,48.825,3.143749999999997,4.575000000000003,False,False
3236,52885,N=c1[nH]nnc(N)c1F,1.873038668035886,81.575,70.45,3.0749999999999886,11.125,False,False
3237,52892,N=c1c(F)conc1N,0.4586681693107088,98.875,95.39999999999999,1.0374999999999943,3.4750000000000085,False,False
3238,52928,N=c1cc(F)nc(O)[nH]1,1.4541499274079712,88.75,62.875,5.056249999999977,25.875,False,False
3239,52943,N=c1cc(F)onc1F,0.5956799741196188,98.32499999999999,87.675,4.8500000000000085,10.649999999999991,False,False
3240,52968,N=c1cc[nH]c(F)n1,5.454132639423746,7.8,3.325,3.05,4.475,True,True
3241,53013,N=c1cnoc(N)c1F,2.7567882590314756,61.025,54.87499999999999,4.343750000000007,6.150000000000006,False,False
3242,53024,N=c1nc(F)c(N)n[nH]1,3.873899379818915,34.050000000000004,22.875,6.2187500000000036,11.175000000000004,False,False
3243,53112,N=c1oc(F)ncc1O,1.7739378517701336,83.5,89.97500000000001,7.800000000000011,6.4750000000000085,False,False
3244,53130,N=c1occ(N)cc1F,5.269271411152721,9.25,4.075,0.9124999999999988,5.175,True,True
3245,53136,N=c1occc(F)c1O,3.3603992246929213,46.475,47.85,2.6000000000000085,1.375,False,False
3246,53142,N=c1ocnc(F)c1N,1.3647740428951656,90.25,87.64999999999999,3.0999999999999943,2.6000000000000085,False,False
3247,53161,N=c1onc(OC=O)o1,2.0026928328688713,79.07499999999999,74.825,7.481249999999996,4.249999999999986,False,False
3248,53196,NC(=O)C#CC(N)=O,0.0026382093324426,99.775,72.875,7.34375,26.900000000000006,False,False
3249,53208,NC(=O)C#CCC(N)=O,3.983176143783711,31.15,50.9,4.581250000000004,19.75,False,False
3250,53214,NC(=O)C#CCCCO,5.822271626446563,5.325,19.7,5.024999999999995,14.375,False,True
3252,53221,NC(=O)C#CCl,3.907527982276477,33.074999999999996,24.125,5.362500000000004,8.949999999999996,False,False
3253,53248,NC(=O)C(=O)CCCO,0.7440456589218439,97.425,67.325,3.5687499999999943,30.099999999999994,False,False
3254,53252,NC(=O)C(=O)CO,0.8791219851008002,96.525,64.825,4.043750000000003,31.700000000000003,False,False
3255,53271,NC(=O)C(C=O)CC=O,1.346475106174828,90.64999999999999,32.975,8.268750000000004,57.67499999999999,False,False
3256,53282,NC(=O)C(CO)CCO,2.0857482290550133,77.0,43.95,9.556250000000006,33.05,False,False
3257,53285,NC(=O)C(CO)NC=O,2.422570367257069,68.72500000000001,46.125,6.5,22.60000000000001,False,False
3258,53303,NC(=O)C(N)=NCCO,1.4220367792633704,89.47500000000001,45.074999999999996,4.062499999999993,44.40000000000001,False,False
3259,53307,NC(=O)C(N)C#CCO,2.3377805587508456,70.75,43.85,4.293749999999996,26.9,False,False
3260,53320,NC(=O)C(O)C(=O)CO,1.989421190536486,79.27499999999999,43.125,8.450000000000003,36.14999999999999,False,False
3261,53333,NC(=O)C(O)C=O,1.9241591980881632,80.85,44.1,8.631250000000001,36.74999999999999,False,False
3262,53347,NC(=O)C(O)O,3.124445473015805,51.425,42.4,2.9499999999999957,9.024999999999999,False,False
3263,53409,NC(=O)C1=CCC(O)C1,3.936384216097083,32.275,34.375,2.9375,2.1000000000000014,False,False
3264,53416,NC(=O)C1=CCOC1,2.234086712605548,73.075,60.5,6.362499999999997,12.575000000000003,False,False
3265,53435,NC(=O)C1C(=O)NC(=O)C1=O,5.0700808964031445,11.425,48.1,12.081250000000004,36.675,False,False
3266,53444,NC(=O)C1C=CC1,3.9457063689467584,31.85,43.7,2.606250000000003,11.850000000000001,False,False
3267,53472,NC(=O)C1CC1,3.733887676303884,36.95,29.975,4.456250000000001,6.975000000000001,False,False
3268,53520,NC(=O)C1CN1C=O,6.9114500342388325,1.175,28.125,11.156249999999993,26.95,False,True
3269,53526,NC(=O)C1CN=COC1,3.906949701661399,33.15,73.775,5.6625000000000085,40.62500000000001,False,False
3270,53534,NC(=O)C1COC(=O)N1,7.802077496082762,0.27499999999999997,6.9750000000000005,13.981249999999996,6.7,True,True
3271,53537,NC(=O)C1COC1,4.903925306005737,13.55,50.375,2.1187500000000057,36.825,False,False
3272,53538,NC(=O)C1COC1=O,1.6316836311858225,86.0,68.95,9.956250000000004,17.049999999999997,False,False
3273,53559,NC(=O)C1NC1CCO,5.221218510012276,9.625,29.849999999999998,6.825000000000003,20.224999999999998,False,True
3274,53586,NC(=O)C1SCS1,3.984758937437665,31.075000000000003,47.225,3.5,16.15,False,False
3275,53589,NC(=O)C=CCBr,4.327069832189928,23.625,61.975,3.92499999999999,38.35,False,False
3276,53595,NC(=O)C=NOO,3.2567140214575647,48.65,54.074999999999996,7.9375,5.424999999999997,False,False
3277,53614,NC(=O)CC(=O)CC=O,5.340303812370798,8.85,39.2,6.643750000000004,30.35,False,True
3278,53626,NC(=O)CC(N)=O,3.391768373504279,45.925,37.175000000000004,3.1874999999999964,8.749999999999993,False,False
3279,53628,NC(=O)CC(O)C(N)=O,4.961905279422626,12.625,40.25,3.168750000000003,27.625,False,False
3280,53630,NC(=O)CC(O)C1CN1,4.741601389174495,15.825,55.60000000000001,2.3500000000000014,39.775000000000006,False,False
3281,53635,NC(=O)CC(O)CO,4.235806098413829,25.05,38.725,10.624999999999996,13.675,False,False
3282,53690,NC(=O)CCBr,3.923681678862262,32.65,30.625000000000004,5.637500000000003,2.024999999999995,False,False
3283,53693,NC(=O)CCC(=O)C=O,4.277441892102686,24.5,15.024999999999999,6.293749999999999,9.475000000000001,False,False
3284,53699,NC(=O)CCC(O)CO,3.458775784132746,44.05,62.74999999999999,6.0625,18.699999999999996,False,False
3285,53715,NC(=O)CCCCCO,4.923474171509488,13.200000000000001,35.825,4.637499999999999,22.625,False,False
3286,53717,NC(=O)CCCCO,2.538400665479333,65.75,45.95,4.362499999999997,19.799999999999997,False,False
3287,53733,NC(=O)CCO,2.382112405828988,69.8,33.025,3.9437500000000014,36.775,False,False
3289,53754,NC(=O)CN=C(N)C=O,3.862793414440019,34.175,30.825000000000003,2.7249999999999943,3.3499999999999943,False,False
3290,53761,NC(=O)CN=O,2.325927118854044,71.1,65.4,9.024999999999999,5.699999999999989,False,False
3291,53762,NC(=O)CN=S,2.1091938697381427,76.25,43.075,8.237499999999997,33.175,False,False
3293,53793,NC(=O)COCCO,4.782403159540874,15.125,36.775000000000006,4.6562499999999964,21.650000000000006,False,False
3294,53795,NC(=O)COP,2.720470875448621,61.975,48.475,2.7375000000000043,13.5,False,False
3295,53800,NC(=O)CP=S,2.3300857166211304,70.95,24.0,4.737500000000004,46.95,False,False
3296,53803,NC(=O)CS(=O)(=O)NC(N)=O,3.272699295214806,48.449999999999996,23.849999999999998,7.224999999999999,24.599999999999998,False,False
3297,53806,NC(=O)CSO,2.512160716868661,66.375,42.075,3.418750000000003,24.299999999999997,False,False
3298,53808,NC(=O)C[N+](=O)[O-],2.180047009850166,74.325,29.95,5.637499999999999,44.375,False,False
3299,53849,NC(=O)F,4.135796482752296,27.325,17.125,4.693750000000001,10.2,False,False
3300,53861,NC(=O)N(P)S,2.866240526423655,58.3,48.375,4.5,9.924999999999997,False,False
3301,53865,NC(=O)N1C=CC1,3.5099362672185364,43.175000000000004,40.0,3.337499999999995,3.1750000000000043,False,False
3302,53877,NC(=O)N1CC(C=O)C1,2.470600418978096,67.25,49.75,12.568749999999994,17.5,False,False
3303,53882,NC(=O)N1CC1,3.3088446436933854,47.625,40.925,4.074999999999996,6.700000000000003,False,False
3304,53908,NC(=O)N1CO1,3.1404362543844373,51.1,12.875,1.3249999999999993,38.225,False,False
3305,53911,NC(=O)N=C=O,3.934182718676961,32.300000000000004,19.575,9.950000000000003,12.725000000000005,False,False
3306,53912,NC(=O)N=C=S,3.6695557778399217,38.574999999999996,22.1,5.362499999999997,16.474999999999994,False,False
3307,53917,NC(=O)NC(=O)C(=O)O,5.258624249521172,9.275,6.425,0.7249999999999996,2.8500000000000005,True,True
3308,53919,NC(=O)NC(=O)C(Cl)Cl,5.0029402933902,12.125,11.175,2.5749999999999993,0.9499999999999993,False,False
3309,53928,NC(=O)NC(=O)C=CC(=O)OCCO,7.814464778467139,0.22499999999999998,1.95,1.1875,1.725,True,True
3310,53936,NC(=O)NC(=O)CCl,4.825954586828089,14.475,14.025000000000002,2.231250000000001,0.4499999999999975,False,False
3311,53937,NC(=O)NC(=O)CN1CCOCC1,6.163421011387235,3.3000000000000003,6.950000000000001,0.9500000000000001,3.650000000000001,True,True
3312,53939,NC(=O)NC(=O)N(CCCl)CCCl,8.184163950703281,0.15,4.3,4.475,4.1499999999999995,True,True
3313,53943,NC(=O)NC(=O)NC(=O)CO,6.469850006887186,2.225,0.775,2.8937500000000003,1.4500000000000002,True,True
3314,53955,NC(=O)NC(=O)c1cnccn1,6.471158289576512,2.175,0.27499999999999997,0.18124999999999997,1.9,True,True
3315,53957,NC(=O)NC(CO)CO,1.3760414896255069,90.0,74.05000000000001,5.856249999999996,15.949999999999989,False,False
3316,54014,NC(=O)NCCCO,2.5793435289016533,65.2,38.224999999999994,5.262500000000003,26.97500000000001,False,False
3317,54020,NC(=O)NCCOC=O,2.520536351222116,66.125,33.800000000000004,9.125,32.324999999999996,False,False
3318,54023,NC(=O)NCN=O,4.496786247451986,19.675,39.675,3.75,19.999999999999996,False,False
3319,54024,NC(=O)NCO,3.959990061971616,31.5,37.475,7.949999999999996,5.975000000000001,False,False
3320,54025,NC(=O)NCOO,4.191882137370008,26.125,51.1,5.262499999999999,24.975,False,False
3322,54027,NC(=O)NCS,4.784413150071411,15.1,18.45,7.206250000000004,3.3499999999999996,False,False
3323,54028,NC(=O)NN(O)O,2.4918025435745093,66.85,39.525,9.550000000000004,27.324999999999996,False,False
3324,54029,NC(=O)NN=C=O,5.755818683257641,5.925,1.4500000000000002,1.275,4.475,True,True
3325,54030,NC(=O)NN=C=S,5.481947646453625,7.675,1.725,0.2250000000000001,5.949999999999999,True,True
3326,54035,NC(=O)NNC=O,4.099340687357535,28.175,56.574999999999996,7.443749999999994,28.399999999999995,False,False
3327,54041,NC(=O)NNS(=O)(=O)O,5.736361440387055,5.975,3.5249999999999995,1.1937499999999996,2.45,True,True
3328,54047,NC(=O)NP,3.5378185037829777,42.325,31.374999999999996,3.3249999999999886,10.950000000000006,False,False
3329,54052,NC(=O)NS(=O)(=O)c1ccc(N)cc1,5.206355366548141,9.975000000000001,0.5499999999999999,0.44375,9.425,True,True
3330,54059,NC(=O)NSS,5.362176743558821,8.525,18.575,1.3937500000000007,10.049999999999999,False,True
3331,54062,NC(=O)N[SiH2]F,3.877419345938642,33.975,17.95,4.0,16.025000000000002,False,False
3332,54073,NC(=O)Nc1ccno1,5.993523973977054,4.25,21.75,8.556249999999999,17.5,False,True
3333,54082,NC(=O)Nc1cnon1,5.751565959625154,5.949999999999999,0.5,0.6812499999999999,5.449999999999999,True,True
3334,54100,NC(=O)OC1(CO)CC1,3.0811401183785967,52.75,61.35,2.0375000000000014,8.600000000000001,False,False
3335,54122,NC(=O)OC1COC1=O,4.162936260992544,26.775,29.275000000000002,4.78125,2.5000000000000036,False,False
3336,54136,NC(=O)OCC(O)C=O,4.255652952273912,24.8,47.675,6.5,22.874999999999996,False,False
3337,54152,NC(=O)OCCCCO,4.147737615011174,27.1,46.325,8.393750000000011,19.225,False,False
3338,54155,NC(=O)OCCCl,3.907164084262456,33.125,77.225,5.400000000000006,44.099999999999994,False,False
3339,54176,NC(=O)ONO,3.0626375480192425,53.125,59.25,6.537500000000001,6.125,False,False
3340,54184,NC(=O)OOS,3.333845526746794,47.075,65.525,7.056249999999999,18.450000000000003,False,False
3341,54188,NC(=O)OP(=O)(Cl)Cl,5.253353044348755,9.325,12.375,6.506250000000001,3.0500000000000007,False,True
3342,54194,NC(=O)OS,2.273550563562663,71.975,66.64999999999999,2.7562499999999943,5.325000000000003,False,False
3343,54202,NC(=O)O[SiH3],2.5878670092959055,64.925,66.95,4.575000000000003,2.0250000000000057,False,False
3344,54204,NC(=O)O[Si](Cl)(Cl)Cl,3.697509424261173,37.9,47.4,4.5,9.5,False,False
3346,54235,NC(=O)P[SiH3],3.441816057468454,44.525,53.75,3.4750000000000014,9.225000000000001,False,False
3347,54238,NC(=O)SBr,3.764840327902959,36.175000000000004,41.9,7.975000000000001,5.724999999999994,False,False
3348,54248,NC(=O)[C@@H](N)CO,2.620856723328031,64.0,18.85,6.212500000000006,45.15,False,False
3349,54249,NC(=O)[C@@H]1CCCC[C@H]1N,4.633532634094806,17.325,54.1,3.143749999999997,36.775000000000006,False,False
3350,54254,NC(=O)[C@@](Cl)(Br)[N+](=O)[O-],5.072697018774476,11.4,30.25,9.856249999999996,18.85,False,False
3351,54261,NC(=O)[SiH2]O,4.048298102513304,29.225,44.574999999999996,4.268750000000004,15.349999999999994,False,False
3352,54268,NC(=O)c1[nH]nnc1N,3.7043348552062225,37.75,37.65,4.381249999999994,0.10000000000000142,False,False
3353,54305,NC(=O)c1ccc[nH]1,4.736640742190909,15.875,23.549999999999997,16.46875,7.674999999999997,False,False
3354,54308,NC(=O)c1cccc(Cl)c1,4.766116835495377,15.35,17.175,2.9812499999999993,1.825000000000001,False,False
3355,54326,NC(=O)c1ccno1,0.8399414299284665,96.775,88.175,3.4375,8.600000000000009,False,False
3356,54373,NC(=O)c1ncccc1N,2.3429042306771644,70.675,78.2,8.587500000000006,7.525000000000006,False,False
3357,54386,NC(=O)c1nnsc1Cl,5.456869063518074,7.775,24.275,7.21875,16.5,False,True
3358,54399,NC(=O)n1cc(N)nn1,1.0518189474408737,94.8,59.099999999999994,16.606250000000003,35.7,False,False
3359,54443,NC(=S)C1=NOCC1,1.3614556947156164,90.35,24.25,31.575,66.1,False,False
3360,54448,NC(=S)COC=O,4.687412892656436,16.675,61.375,7.737499999999997,44.7,False,False
3361,54453,NC(=S)NC=O,6.586238777898958,1.825,78.25,8.387499999999989,76.425,False,True
3362,54482,NC(CO)C(=O)NCCS(=O)(=O)O,5.3973481702077315,8.175,38.35,8.787500000000001,30.175,False,True
3363,54492,NC(CS(N)(=O)=O)C(=O)O,4.5080426401327145,19.475,22.25,7.199999999999999,2.7749999999999986,False,False
3364,54518,NC(F)C=C(F)F,1.9479566826104515,80.30000000000001,87.925,2.8687499999999915,7.624999999999986,False,False
3365,54530,NC(N)=NCCCC1NC(=O)OC1=O,4.4665548021896395,20.424999999999997,4.324999999999999,6.893750000000001,16.099999999999998,True,False
3366,54536,NC(N)OS(=O)O,2.1084580855797443,76.3,33.050000000000004,7.443749999999994,43.24999999999999,False,False
3367,54554,NC1(CO)CCOC1=O,3.988197412041952,31.0,20.200000000000003,5.21875,10.799999999999997,False,False
3368,54564,NC1(N)OO1,2.46556197260914,67.425,31.474999999999998,12.899999999999999,35.95,False,False
3369,54571,NC1(O)OS1,5.7204953619873855,6.15,26.025,24.450000000000003,19.875,False,True
3370,54593,NC1=C(N)SOC=C1,3.430133694019122,44.875,64.2,1.7062500000000114,19.325000000000003,False,False
3371,54626,NC1=CC(=O)CCOC1,5.153106918946542,10.6,8.175,2.231250000000001,2.424999999999999,True,False
3372,54656,NC1=CCC(=O)N1,4.53604298694765,18.9,20.125,4.612500000000001,1.2250000000000014,False,False
3373,54658,NC1=CCN(C=O)S1,5.489949356024905,7.625,4.45,1.3562499999999997,3.175,True,True
3374,54661,NC1=CCS1,1.9286045340817648,80.65,90.4,3.3125,9.75,False,False
3376,54669,NC1=CNNO1,2.718356318333921,62.050000000000004,55.65,2.8687500000000057,6.400000000000006,False,False
3377,54675,NC1=COC1,2.701658197616531,62.375,66.9,5.056250000000006,4.525000000000006,False,False
3378,54713,NC1=NC(O)CS1,1.811180682980608,82.8,80.25,7.493750000000006,2.549999999999997,False,False
3379,54730,NC1=NCC(=O)N1,4.0022500622680335,30.65,24.675,5.274999999999999,5.974999999999998,False,False
3380,54750,NC1=NCC=CS1,1.1614372455822963,93.45,97.15,1.2499999999999858,3.700000000000003,False,False
3381,54835,NC1C=NC=CO1,2.388430813813269,69.575,90.75,2.3000000000000114,21.174999999999997,False,False
3382,54841,NC1CC(=O)NO1,4.258267730392548,24.75,49.5,3.4375,24.75,False,False
3383,54845,NC1CC(Br)=NO1,2.879566753843258,57.875,44.2,4.093750000000007,13.674999999999997,False,False
3384,54896,NC1COC(=O)O1,5.224010370113868,9.525,4.7,1.6937499999999996,4.825,True,True
3385,54903,NC1COCCOC1=O,2.5569416293392657,65.5,43.8,4.618749999999999,21.700000000000003,False,False
3386,54907,NC1CONC1=O,2.6075255186974258,64.55,70.89999999999999,5.09375,6.349999999999994,False,False
3387,54917,NC1CSC1Br,3.9060487393975794,33.2,58.12500000000001,4.062500000000007,24.925000000000004,False,False
3388,54919,NC1C[C@@H]1F,2.1347122956489697,75.425,89.64999999999999,1.7250000000000085,14.224999999999994,False,False
3389,54925,NC1N=CCS1,1.511943290644387,88.0,77.45,4.575000000000003,10.549999999999997,False,False
3390,54935,NC1NC1=O,3.062763311982441,53.1,40.65,7.5625,12.450000000000003,False,False
3391,54945,NC1NO1,2.0131826529817607,78.8,51.15,8.068749999999994,27.65,False,False
3392,54982,NCC(=O)C=S,4.417628274848267,21.3,63.675000000000004,4.062500000000007,42.375,False,False
3393,54985,NCC(=O)CN,3.509926838336927,43.2,57.025000000000006,3.6000000000000085,13.825000000000003,False,False
3394,54986,NCC(=O)COP(=O)(O)O,2.9994833470183497,54.925000000000004,43.525000000000006,12.20625,11.399999999999999,False,False
3395,54996,NCC(=O)NC=O,4.790822116578182,14.95,3.775,2.1937500000000014,11.174999999999999,True,False
3396,54998,NCC(=O)NN,3.221953512837751,49.325,58.775,6.8687499999999915,9.449999999999996,False,False
3397,55017,NCC(=O)OCF,1.879013734967415,81.5,86.775,2.78125,5.275000000000006,False,False
3398,55019,NCC(=O)P(O)O,3.884569929773897,33.85,65.825,15.787500000000001,31.975,False,False
3399,55041,NCC(N)=O,4.100390408064034,28.125,32.574999999999996,2.4437500000000014,4.449999999999996,False,False
3400,55048,NCC1(CN)COC1,4.035194737590683,29.599999999999998,60.0,4.487499999999997,30.400000000000002,False,False
3401,55061,NCC1CCNC(=O)C1,4.000881903607958,30.675,13.15,2.8625000000000007,17.525,False,False
3402,55065,NCC1CNC(=O)C1,3.4072108729000603,45.525,18.025,5.037499999999998,27.5,False,False
3403,55096,NCCCOS(=O)(=O)O,5.087947981611673,11.225,27.925,6.068750000000001,16.700000000000003,False,False
3404,55101,NCCNC(=O)O,3.6109023950885137,40.225,68.675,3.84375,28.449999999999996,False,False
3405,55107,NCCOCC(F)(F)F,3.749013591398482,36.6,52.625,2.9937500000000057,16.025,False,False
3406,55108,NCCOCC(N)C(=O)O,3.3651142826060343,46.375,65.10000000000001,7.474999999999994,18.72500000000001,False,False
3407,55110,NCCOCCOS(=O)(=O)O,4.687539638804474,16.650000000000002,19.775000000000002,3.0500000000000007,3.125,False,False
3408,55113,NCCOS(=O)(=O)O,2.6105217537372742,64.5,25.5,8.45,39.0,False,False
3409,55117,NCCS(=O)(=O)CCOS(=O)(=O)O,6.689150710385831,1.575,5.6000000000000005,2.14375,4.025,True,True
3410,55124,NCCS(N)(=O)=O,6.171731042705391,3.2750000000000004,8.3,4.887500000000001,5.025,True,True
3411,55136,NCNC(=O)C=O,2.6785433319555567,62.724999999999994,69.05,5.1812499999999915,6.325000000000003,False,False
3412,55138,NCNC(N)=O,2.724217632059198,61.8,32.375,6.9687500000000036,29.424999999999997,False,False
3413,55141,NCOC(=O)O,1.307034302653642,91.325,89.225,1.78125,2.1000000000000085,False,False
3414,55151,NCOS(=O)O,4.53428103573849,19.025,59.650000000000006,11.418749999999996,40.62500000000001,False,False
3415,55156,NCP(=O)(Cl)Cl,3.47373221681456,43.925,42.875,10.693750000000001,1.0499999999999972,False,False
3416,55158,NCP(=O)(O)O,1.4351966491626196,89.17500000000001,62.45,4.531249999999986,26.72500000000001,False,False
3417,55168,NC[C@@H](F)CO,2.8328969333874796,59.25,83.525,10.331249999999997,24.275000000000006,False,False
3418,55171,NC[C@H](F)CP,3.019222667462725,54.35,77.125,1.9750000000000085,22.775,False,False
3419,55184,NCc1cc(F)ccc1Cl,1.4430680684096675,89.025,96.975,1.9750000000000085,7.949999999999989,False,False
3420,55194,NCc1ccc(F)c(Cl)c1,3.674831406968275,38.45,55.900000000000006,5.006249999999994,17.450000000000003,False,False
3421,55203,NCc1cccc(Cl)c1F,2.6198616489219044,64.075,63.05,3.9750000000000014,1.0250000000000057,False,False
3422,55205,NCc1cccc(F)c1Cl,2.612440479967543,64.4,55.675,5.493750000000006,8.725000000000009,False,False
3423,55214,NN(C=O)C=O,3.953839002186317,31.65,59.975,8.462499999999991,28.325000000000003,False,False
3424,55215,NN(C=O)CC=O,4.207845741457135,25.7,48.075,7.387500000000003,22.375000000000004,False,False
3425,55216,NN(C=O)CO,6.251360868925539,3.15,46.35,3.874999999999993,43.2,False,True
3426,55218,NN(CO)C(=O)O,1.3967009619880568,89.8,82.5,3.6625000000000085,7.299999999999997,False,False
3427,55219,NN(F)C=O,2.238133664947177,72.925,59.150000000000006,7.25,13.774999999999991,False,False
3428,55223,NN(N)C=O,3.1072777284045427,51.849999999999994,46.949999999999996,10.043749999999996,4.899999999999999,False,False
3429,55229,NN1C=CC(=O)C1,4.578739349877689,18.15,6.7,1.8375000000000004,11.45,True,False
3430,55231,NN1C=CCC1=O,2.119705639034187,75.8,44.15,4.4750000000000085,31.65,False,False
3431,55243,NN1CC=CC1=O,5.684658807968023,6.375,11.425,3.6125000000000007,5.050000000000001,False,True
3432,55255,NN1CN=NC1=O,4.416443788693859,21.349999999999998,9.75,1.9937500000000004,11.599999999999998,True,False
3433,55260,NN1COCC1=O,1.6812730181854,85.25,73.55000000000001,3.2249999999999943,11.699999999999989,False,False
3434,55261,NN1CSC(=S)N1,6.106374669043284,3.5999999999999996,6.5,3.312500000000001,2.9000000000000004,True,True
3435,55264,NN1N=CCO1,2.318832813631281,71.3,89.17500000000001,2.65625,17.875000000000014,False,False
3436,55270,NN1OC=CS1,2.582476166294103,65.10000000000001,85.95,5.1625000000000085,20.849999999999994,False,False
3437,55296,NNC(=O)C(F)F,2.622103885544882,63.925,80.375,5.500000000000014,16.450000000000003,False,False
3438,55297,NNC(=O)C(N)=O,1.4956253564619062,88.225,91.55,4.3187500000000085,3.325000000000003,False,False
3439,55298,NNC(=O)C1C=N1,2.7254023082283783,61.75000000000001,67.80000000000001,4.306249999999977,6.050000000000004,False,False
3440,55315,NNC(=O)CCl,0.6489788121935899,97.975,88.55,3.8125,9.424999999999997,False,False
3441,55322,NNC(=O)C[N+](=O)[O-],1.6935356836295874,85.05,51.5,16.206249999999997,33.55,False,False
3442,55334,NNC(=O)NN=O,6.896443908706203,1.225,13.900000000000002,2.9437499999999996,12.675000000000002,False,True
3444,55348,NNC(=O)OCSS,0.7917927194820924,97.075,80.625,4.825000000000003,16.450000000000003,False,False
3445,55353,NNC(=O)S,1.243753293741269,92.25,52.1,19.012499999999996,40.15,False,False
3446,55361,NNC(=O)c1cccnc1,1.0269890169369644,95.05,80.975,9.931249999999991,14.075000000000003,False,False
3447,55368,NNC(=S)NC=O,2.8244983014401424,59.425,51.975,15.34375,7.449999999999996,False,False
3448,55376,NNC1(N)OS1,7.464075465032285,0.625,40.8,6.912499999999994,40.175,False,True
3449,55378,NNC1CCS(=O)(=O)C1,4.977459322655325,12.45,9.625,3.2437500000000004,2.8249999999999993,True,False
3450,55389,NNCOC=O,1.8608254755106215,81.875,51.125,8.024999999999999,30.75,False,False
3451,55391,NNCc1ccc(F)cc1,4.106755962302518,27.900000000000002,76.525,2.2875000000000085,48.625,False,False
3452,55400,NNOC(=O)NN,1.5661352758359022,87.075,92.9,6.349999999999994,5.825000000000003,False,False
3453,55411,NNSC(=O)NN,2.265711140830836,72.1,63.24999999999999,12.724999999999994,8.850000000000001,False,False
3454,55432,NOC(=O)N(N)N,2.320662638135047,71.25,88.2,5.299999999999997,16.950000000000003,False,False
3455,55444,NOC(F)F,2.932589571864084,56.8,51.2,4.912500000000001,5.599999999999994,False,False
3456,55452,NOCC(N)=O,4.6537971851237785,17.175,20.575,6.487500000000004,3.3999999999999986,False,False
3457,55459,NOCOS(=O)O,3.303590406813623,47.8,72.375,3.637500000000017,24.575000000000003,False,False
3458,55461,NONC(=O)O,1.8362566131871632,82.39999999999999,82.45,2.3625000000000114,0.05000000000001137,False,False
3459,55463,NONC=O,2.9373361403067184,56.675,41.55,5.337500000000006,15.125,False,False
3460,55466,NOP1(=O)OC(=O)O1,3.169408964664187,50.349999999999994,36.65,4.443749999999994,13.699999999999996,False,False
3461,55478,NP(N)C(F)(F)F,4.003566281552092,30.575000000000003,62.075,5.993750000000006,31.5,False,False
3462,55480,NP1(=O)OC(=O)O1,5.020625471218776,11.924999999999999,4.125,2.0874999999999986,7.799999999999999,True,False
3463,55486,NP1CO1,2.0480302008814184,78.075,73.32499999999999,4.731250000000003,4.750000000000014,False,False
3465,55491,NP1OCO1,1.9003659934522317,81.175,88.1,1.84375,6.924999999999997,False,False
3466,55493,NS(=O)(=O)C#Cc1ccccc1,4.5145718898055796,19.35,22.025,1.06875,2.674999999999997,False,False
3467,55504,NS(=O)(=O)CBr,4.3771138503058715,22.425,33.2,2.53125,10.775000000000002,False,False
3468,55509,NS(=O)(=O)CCC1NC(=O)NC1=O,4.74935207201233,15.675,40.75,7.0875,25.075,False,False
3469,55511,NS(=O)(=O)CCCCOS(N)(=O)=O,10.345365033354907,0.05,10.299999999999999,13.18125,10.249999999999998,False,True
3470,55512,NS(=O)(=O)CCCCl,4.674876745829935,16.85,26.125,10.0125,9.274999999999999,False,False
3471,55513,NS(=O)(=O)CCCOS(N)(=O)=O,3.4024576409868117,45.7,18.25,5.7562500000000005,27.450000000000003,False,False
3472,55521,NS(=O)(=O)CS(N)(=O)=O,4.70493081677497,16.400000000000002,49.7,10.35,33.3,False,False
3473,55530,NS(=O)(=O)OCCNC=O,4.39811723394929,21.875,20.525,10.187499999999996,1.3500000000000014,False,False
3474,55560,NS(=O)(=O)c1ccccc1Cl,5.993296250057489,4.275,7.775,1.1687500000000002,3.5,True,True
3475,55567,NS(=O)(=O)c1cnccc1Cl,5.609008261985588,6.775,15.4,6.906249999999998,8.625,False,True
3476,55572,NS(=S)C(=O)F,3.420390116610825,45.1,30.0,8.000000000000004,15.100000000000001,False,False
3477,55575,NSC(F)(F)Cl,2.8829602099503804,57.8,81.3,3.09375,23.5,False,False
3478,55583,NSCF,2.1478901754519084,75.175,82.125,0.7124999999999915,6.950000000000003,False,False
3479,55592,NSNC=O,3.6635383920138,38.9,36.475,3.1312500000000014,2.424999999999997,False,False
3480,55593,NSOC(F)(F)F,3.4223338494288384,45.050000000000004,39.0,8.875,6.050000000000004,False,False
3481,55599,N[12C](=O)c1cccs1,3.430782134113101,44.85,41.825,2.9312499999999986,3.0249999999999986,False,False
3482,55623,N[C@@H]1CONC1=O,2.607178054700795,64.575,78.10000000000001,3.424999999999983,13.525000000000006,False,False
3483,55626,N[C@@H]1OC=CC=C1Cl,2.2504236371243853,72.675,94.89999999999999,5.537499999999994,22.224999999999994,False,False
3484,55631,N[C@H]1CCNC1=O,3.634151802835055,39.675,18.7,4.943749999999994,20.974999999999998,False,False
3485,55640,N[C@H]1C[C@H]1F,1.8502257522588643,82.1,83.92500000000001,1.1624999999999943,1.825000000000017,False,False
3486,55663,Nc1c(F)ccc(F)c1F,1.416418736652291,89.5,83.3,4.09375,6.200000000000003,False,False
3487,55664,Nc1c(F)cccc1Br,0.7812383541610199,97.15,97.89999999999999,2.09375,0.7499999999999858,False,False
3488,55699,Nc1c[nH]c(F)nc1=O,7.15160908166584,0.95,0.475,0.3999999999999999,0.475,True,True
3489,55756,Nc1cc(F)ccn1,1.728342170390089,84.375,87.125,3.6937500000000085,2.75,False,False
3490,55770,Nc1cc(F)ncc1Br,4.476393809113164,20.25,26.625,8.643749999999997,6.375,False,False
3491,55856,Nc1ccc(OS(=O)(=O)C(F)(F)F)cc1,5.852959226061965,5.175,3.875,1.9874999999999998,1.2999999999999998,True,True
3492,55879,Nc1ccccc1F,1.7614244184142496,83.75,90.35,2.206249999999997,6.599999999999994,False,False
3493,55880,Nc1ccccc1S(=O)(=O)NCCO,5.769090222521509,5.800000000000001,14.674999999999999,1.50625,8.874999999999998,False,True
3494,55907,Nc1cnc(F)c(N)n1,3.4573468151898084,44.1,49.075,5.143750000000004,4.975000000000001,False,False
3495,55921,Nc1cnc(N)c(F)c1,2.5815256094772607,65.14999999999999,75.14999999999999,2.668750000000003,10.0,False,False
3496,55937,Nc1cncc(O)c1F,3.498001977379336,43.325,62.425,4.881249999999994,19.099999999999994,False,False
3497,55958,Nc1cocc(F)c1=O,4.504355162715081,19.55,10.925,2.9624999999999986,8.625,False,False
3498,55959,Nc1cocc1NC=O,5.127737494974742,10.75,24.425,12.0625,13.675,False,False
3499,56013,Nc1nc(OC=O)co1,5.686687318258441,6.3,6.550000000000001,4.831249999999999,0.2500000000000009,True,True
3500,56016,Nc1nc[nH]c(=O)c1F,4.534195050604229,19.05,7.35,1.5812499999999998,11.700000000000001,True,False
3501,56048,Nc1ncccc1F,0.8412768731501679,96.75,97.1,1.8500000000000085,0.3499999999999943,False,False
3502,56091,Nc1oc(=O)ncc1F,3.8479146003787257,34.55,2.55,0.6374999999999997,31.999999999999996,True,False
3503,56099,Nc1oncc(=O)c1F,4.921002827552457,13.25,7.225,2.7812500000000018,6.025,True,False
3504,56114,O=C(Br)C(F)(F)C(F)(F)F,0.9490234879864834,95.72500000000001,96.85000000000001,1.0187500000000114,1.125,False,False
3505,56121,O=C(Br)C=CF,3.837111923872582,34.725,66.625,4.5062500000000085,31.9,False,False
3506,56126,O=C(Br)NCBr,3.377185055269616,46.175,55.025,4.056250000000013,8.850000000000001,False,False
3508,56132,O=C(Br)[C@](F)(Br)C(F)(F)F,1.5677288545506447,86.95,98.25,0.45624999999999716,11.299999999999997,False,False
3509,56147,O=C(C(Cl)Br)C(Cl)Br,2.6119477875558332,64.425,89.8,1.8437499999999858,25.375,False,False
3510,56152,O=C(C(F)(Cl)Cl)C(Cl)(Cl)Cl,0.7775978724306508,97.2,96.7,0.6812499999999915,0.5,False,False
3511,56154,O=C(C(F)(F)Cl)C(F)(Cl)Cl,0.4207822954957873,98.97500000000001,97.925,0.6062500000000028,1.0500000000000114,False,False
3512,56159,O=C(C(F)(F)F)C(F)(F)F,0.3521125255865783,99.3,99.725,0.0875000000000199,0.42499999999999716,False,False
3513,56202,O=C(CBr)NCC1CC1,2.4546137341060774,67.675,64.025,5.675000000000004,3.6499999999999915,False,False
3515,56218,O=C(CCCN=C=S)c1cccnc1,2.868679767862978,58.225,31.7,5.381249999999996,26.525000000000002,False,False
3516,56225,O=C(CCCl)NO,3.058844561790107,53.349999999999994,61.425,6.537499999999994,8.075000000000003,False,False
3517,56228,O=C(CCF)OC(=O)CCF,5.811154751807708,5.475,50.675000000000004,8.668749999999996,45.2,False,True
3518,56252,O=C(CCl)C(Cl)(Cl)Br,1.710676964740675,84.725,75.64999999999999,3.0875000000000057,9.075000000000003,False,False
3519,56258,O=C(CCl)CBr,0.8776216465457437,96.575,83.2,5.625,13.375,False,False
3520,56259,O=C(CCl)CCBr,4.209721413432196,25.6,71.25,4.924999999999997,45.65,False,False
3521,56263,O=C(CCl)C[N+](=O)[O-],4.430963717843424,21.0,38.550000000000004,11.287500000000001,17.550000000000004,False,False
3522,56264,O=C(CCl)N1CC1,2.1892742995726877,74.15,46.150000000000006,1.5625,28.0,False,False
3523,56266,O=C(CCl)N1CCCCC1,4.143597598170296,27.224999999999998,8.225,2.1562499999999982,19.0,True,False
3524,56282,O=C(CCl)OC(=O)CCl,4.441681940607012,20.825,52.449999999999996,6.012500000000003,31.624999999999996,False,False
3525,56286,O=C(CCl)O[SiH3],3.2407865626602415,48.875,78.025,4.099999999999994,29.150000000000006,False,False
3526,56291,O=C(CCl)c1ccco1,3.922208808198048,32.725,31.05,9.59375,1.6750000000000007,False,False
3527,56320,O=C(CF)O[SiH3],0.6042089728252326,98.25,75.1,3.9937500000000057,23.150000000000006,False,False
3528,56353,O=C(CO)C1CC1,4.4191446972199495,21.2,48.05,3.281250000000007,26.849999999999998,False,False
3529,56377,O=C(CO)CBr,2.0485128099042806,78.05,63.55,4.143749999999997,14.5,False,False
3530,56379,O=C(CO)CC(O)CO,3.3929814504892666,45.9,56.75,4.431250000000006,10.850000000000001,False,False
3531,56393,O=C(CO)CCl,1.9905488645627445,79.225,79.0,6.4125000000000085,0.22499999999999432,False,False
3532,56406,O=C(CO)N1CC1,4.182900859849071,26.375,32.45,3.1374999999999993,6.075000000000003,False,False
3533,56411,O=C(CO)N1CCNCC1,5.381734664105461,8.35,24.875,4.65625,16.525,False,True
3534,56412,O=C(CO)NC(=O)NC(=O)CO,5.158573239821118,10.5,37.75,11.74375,27.25,False,False
3535,56420,O=C(CO)NCCO,5.121843018448805,10.9,28.749999999999996,8.962499999999991,17.849999999999994,False,False
3536,56424,O=C(CO)NF,3.750250251882711,36.525,37.6,7.124999999999998,1.0750000000000028,False,False
3537,56437,O=C(CO)OCCCO,2.1906168936713617,74.075,50.525,3.031249999999993,23.550000000000004,False,False
3538,56446,O=C(CO)c1cccs1,2.898345370158755,57.550000000000004,21.975,5.024999999999999,35.575,False,False
3539,56463,O=C(CS(=O)(=O)O)c1ccccc1,6.498848912221676,2.0500000000000003,6.525,3.35625,4.475,True,True
3540,56472,O=C(CS)NS(=O)(=O)c1ccccc1,7.172243738316224,0.9249999999999999,5.45,6.099999999999999,4.525,True,True
3541,56482,O=C(Cl)C(F)(Br)C(F)(F)F,1.2930152952228886,91.57499999999999,93.125,0.5874999999999915,1.5500000000000114,False,False
3542,56483,O=C(Cl)C(F)(Cl)C(F)(F)F,1.3008468236064714,91.45,97.55,0.7437499999999915,6.099999999999994,False,False
3543,56499,O=C(Cl)C1=CCOCC1,3.004804149545734,54.775,54.300000000000004,3.2249999999999943,0.4749999999999943,False,False
3544,56523,O=C(Cl)CP(=O)(Cl)Cl,3.5706464633546084,41.425,65.14999999999999,3.362499999999997,23.724999999999994,False,False
3545,56528,O=C(Cl)N1C=[P+]([O-])C1(Cl)Cl,2.182024411085205,74.3,77.35,5.668750000000003,3.049999999999997,False,False
3547,56552,O=C(Cl)OC(Cl)C(Cl)(Cl)Cl,0.7939362775865966,97.05,98.15,0.33124999999999716,1.1000000000000085,False,False
3548,56553,O=C(Cl)OC1CC1,3.1224257746621658,51.475,46.400000000000006,3.6999999999999957,5.074999999999996,False,False
3550,56559,O=C(Cl)OCC(Br)(Br)Br,1.4523182703850188,88.8,91.95,2.78125,3.1500000000000057,False,False
3551,56584,O=C(Cl)SC1CC1,4.002889257811867,30.599999999999998,42.375,3.262500000000003,11.775000000000002,False,False
3552,56586,O=C(Cl)SCCCl,3.401222999017127,45.824999999999996,63.625,10.762499999999996,17.800000000000004,False,False
3553,56629,O=C(F)C=P,2.707880685736345,62.25000000000001,56.2,4.46875,6.050000000000004,False,False
3554,56630,O=C(F)CBr,2.5524827119786986,65.525,73.875,1.0062500000000085,8.349999999999994,False,False
3556,56645,O=C(F)Cl,1.2091835310770471,92.80000000000001,95.275,0.6999999999999886,2.4749999999999943,False,False
3557,56650,O=C(F)N1OC(F)(F)C1(F)F,1.780615262397685,83.3,94.6,1.1624999999999943,11.299999999999997,False,False
3558,56656,O=C(F)NCCCl,3.586143952884014,41.0,16.85,8.037500000000001,24.15,False,False
3559,56665,O=C(F)NSCCl,4.943938245944195,13.0,51.800000000000004,6.231250000000003,38.800000000000004,False,False
3560,56678,O=C(F)OCF,2.7115744097694385,62.175000000000004,66.925,3.612499999999997,4.749999999999993,False,False
3561,56689,O=C(F)SBr,1.7768604965453625,83.39999999999999,87.5,2.3062499999999915,4.1000000000000085,False,False
3562,56692,O=C(F)[C@](F)(Br)C(F)(F)F,1.3535257472431337,90.525,95.1,2.112499999999997,4.574999999999989,False,False
3563,56698,O=C(N(F)F)P(=O)(O)O,1.4249728839214033,89.35,57.35,5.556249999999999,31.999999999999993,False,False
3564,56705,O=C(NCCCl)NC(=O)NCCCl,5.172838180344914,10.325,22.35,7.793749999999999,12.025000000000002,False,False
3565,56715,O=C(NCl)C1CC1,4.042910506398765,29.299999999999997,23.575,3.5562499999999986,5.724999999999998,False,False
3567,56727,O=C(NO)NS,3.459488649632874,44.025,45.375,7.181250000000006,1.3500000000000014,False,False
3568,56731,O=C(NO)OO,2.5136897432539382,66.35,76.0,6.387500000000003,9.650000000000006,False,False
3569,56732,O=C(NO)OS,1.413241318771268,89.525,93.7,1.53125,4.174999999999997,False,False
3570,56740,O=C(NS)ONS,2.677369034626661,62.8,69.77499999999999,10.03125,6.974999999999994,False,False
3571,56743,O=C(O)/C=C/C(=O)/C=C/O,5.373737818995926,8.425,12.174999999999999,4.712499999999999,3.7499999999999982,False,True
3572,56744,O=C(O)/C=C\C(=O)/C=C/O,4.30218545632181,24.125,23.425,8.081249999999997,0.6999999999999993,False,False
3573,56752,O=C(O)C(=O)C(=O)O,0.415499623655795,99.02499999999999,91.8,4.312499999999986,7.224999999999994,False,False
3574,56753,O=C(O)C(=O)C(Br)Br,1.970759894002576,79.675,83.375,8.506250000000009,3.700000000000003,False,False
3575,56754,O=C(O)C(=O)C(Cl)(Cl)Cl,1.8717459425575056,81.625,89.1,1.606250000000017,7.474999999999994,False,False
3576,56785,O=C(O)C(F)(F)Cl,2.2373883221605686,72.975,85.35000000000001,2.8687499999999915,12.375000000000014,False,False
3577,56790,O=C(O)C(F)(F)S(=O)(=O)O,2.3871051230258353,69.6,53.15,5.456250000000004,16.449999999999996,False,False
3578,56796,O=C(O)C(F)C(F)(F)F,1.7367305138961826,84.275,80.7,1.9249999999999972,3.575000000000003,False,False
3579,56846,O=C(O)C1CSCCN1,1.11699572472866,94.025,86.6,3.875,7.425000000000011,False,False
3580,56871,O=C(O)CC1CCOCC1,1.153756920379447,93.675,84.975,11.687499999999986,8.700000000000003,False,False
3581,56877,O=C(O)CCC(=O)OC(=O)CCC(=O)O,2.0973252321868285,76.64999999999999,48.975,16.581249999999994,27.67499999999999,False,False
3583,56890,O=C(O)CCNC(=O)C=S(=O)=O,7.490279804823651,0.525,33.5,26.562499999999996,32.975,False,True
3584,56893,O=C(O)CCS(=O)(=O)CCC(=O)O,5.848923692957188,5.225,21.325,13.562499999999998,16.1,False,True
3585,56894,O=C(O)CCS(=O)CCC(=O)O,2.384577762052019,69.69999999999999,54.800000000000004,9.55,14.899999999999984,False,False
3586,56895,O=C(O)CCSC1CC(=O)OC1=O,4.076457824742434,28.65,6.800000000000001,5.13125,21.849999999999998,True,False
3587,56900,O=C(O)CN1CCOCC1,0.3945819172600055,99.125,84.89999999999999,5.5249999999999915,14.225000000000009,False,False
3588,56905,O=C(O)COC#P,1.3496776425920525,90.60000000000001,51.725,7.806249999999999,38.87500000000001,False,False
3589,56906,O=C(O)COC=S,2.467562547340397,67.30000000000001,71.275,4.993750000000006,3.9749999999999943,False,False
3590,56917,O=C(O)CS(=O)CC(=O)O,3.1804686826556625,50.025,43.5,5.993749999999999,6.524999999999999,False,False
3591,56930,O=C(O)N(S)NS,3.469187518952657,43.95,92.10000000000001,5.012500000000003,48.150000000000006,False,False
3592,56934,O=C(O)N1C=CC1,2.6310995819428182,63.625,73.85000000000001,1.96875,10.225000000000009,False,False
3593,56944,O=C(O)N1CC=NS1,0.925890970588858,96.075,49.225,4.012500000000003,46.85,False,False
3594,56968,O=C(O)NC(=O)c1ccccc1,5.166803480430792,10.424999999999999,5.050000000000001,1.2812500000000004,5.374999999999998,True,False
3595,56977,O=C(O)NC(O)O,2.431293880955381,68.375,68.975,7.243750000000006,0.5999999999999943,False,False
3596,56979,O=C(O)NC1CC(=O)NC1=O,1.3844638727795262,89.95,78.55,5.1875,11.400000000000006,False,False
3598,56987,O=C(O)NC=S,3.278997642452008,48.275,35.5,6.337500000000006,12.774999999999999,False,False
3599,57001,O=C(O)NCCCCl,1.3882892501340525,89.875,58.225,4.724999999999994,31.65,False,False
3600,57007,O=C(O)NCCOCCO,3.477003648518067,43.75,74.15,5.631249999999994,30.400000000000006,False,False
3601,57019,O=C(O)NN(O)O,3.0835008163329953,52.675000000000004,69.525,5.837500000000006,16.85,False,False
3602,57029,O=C(O)NOO,1.895231160847175,81.27499999999999,57.550000000000004,4.081249999999983,23.724999999999987,False,False
3603,57030,O=C(O)NO[SiH3],2.0544370500540836,77.9,76.575,2.4499999999999886,1.3250000000000028,False,False
3604,57031,O=C(O)NP,1.5464087175231382,87.55,69.65,6.1812499999999915,17.89999999999999,False,False
3605,57035,O=C(O)NSCl,3.193125412990484,49.825,62.125,2.51874999999999,12.299999999999997,False,False
3606,57041,O=C(O)N[N+](=O)[O-],4.257186741212548,24.775,14.499999999999998,4.524999999999999,10.275,False,False
3607,57042,O=C(O)N[SiH3],2.1755618248295416,74.425,78.425,3.093749999999986,4.0,False,False
3608,57048,O=C(O)OC(=O)CC1C=CC(=O)O1,4.302716217860426,24.099999999999998,37.0,11.825000000000003,12.900000000000002,False,False
3609,57062,O=C(O)OCBr,1.7425991048234122,84.075,84.625,4.199999999999989,0.5499999999999972,False,False
3610,57063,O=C(O)OCC(O)CO,2.9696143716266796,55.85,89.3,4.337500000000006,33.449999999999996,False,False
3612,57099,O=C(O)O[Si](=O)O,5.019431004409929,11.95,7.5,13.956250000000002,4.449999999999999,True,False
3613,57110,O=C(O)SC1CC1,3.34745267147266,46.75,90.55,11.131250000000009,43.8,False,False
3614,57114,O=C(O)[C@@H](F)Cl,2.8693522961560705,58.175,93.45,4.231250000000003,35.275000000000006,False,False
3615,57135,O=C(O)c1ccnc(F)c1,3.574623342236789,41.275,64.075,8.174999999999997,22.800000000000004,False,False
3616,57143,O=C(OCCCl)OC(=O)OCCCl,1.5230214186805324,87.85,81.25,6.187500000000014,6.599999999999994,False,False
3617,57151,O=C(OCCl)OCCl,0.6520330314938706,97.95,93.475,3.750000000000014,4.4750000000000085,False,False
3618,57156,O=C(OCl)OCCl,1.6896878854449688,85.125,94.05,2.6812500000000057,8.924999999999997,False,False
3619,57168,O=C(OP(F)F)C(F)(F)F,1.6618321219504977,85.52499999999999,91.425,0.924999999999983,5.900000000000006,False,False
3620,57181,O=C(O[SiH3])C(Cl)Cl,3.066692545177835,53.025,71.85000000000001,4.375,18.82500000000001,False,False
3621,57182,O=C(O[SiH3])C(F)(F)F,3.1131603111097306,51.7,52.349999999999994,4.318750000000001,0.6499999999999915,False,False
3622,57190,O=C(P)NSF,3.7387500972791607,36.9,36.375,2.3999999999999986,0.5249999999999986,False,False
3623,57195,O=C(S)C(F)F,1.4363353419300289,89.14999999999999,81.39999999999999,3.7437499999999773,7.75,False,False
3624,57196,O=C(S)C1CC=NO1,2.4377072511543183,68.125,64.125,6.537500000000001,4.0,False,False
3625,57205,O=C(S)N1C=CSN1,5.223529004741547,9.55,58.375,4.681249999999999,48.825,False,True
3626,57210,O=C(S)NCCF,2.962718649559082,56.10000000000001,67.72500000000001,10.431249999999991,11.625,False,False
3627,57218,O=C(S)NP,3.11609904395505,51.625,55.474999999999994,5.637500000000003,3.8499999999999943,False,False
3628,57219,O=C(S)NS,2.414515315309293,68.95,84.925,5.568749999999994,15.974999999999994,False,False
3629,57226,O=C(S)OCCO,2.1466530585171473,75.2,57.375,3.2874999999999943,17.825000000000003,False,False
3630,57237,O=C([SiH3])C(F)F,0.7213110027400085,97.575,83.275,3.6624999999999943,14.299999999999997,False,False
3631,57248,O=C1C#CN1,3.526377302120927,42.675000000000004,69.1,3.6812500000000057,26.42499999999999,False,False
3632,57311,O=C1C=C(CO)C(O)C1,3.8520253766541654,34.475,24.625,2.293750000000003,9.850000000000001,False,False
3633,57323,O=C1C=C(Cl)C(=C(Cl)Cl)O1,3.295239520046396,48.025,44.125,5.524999999999999,3.8999999999999986,False,False
3634,57345,O=C1C=C(P)C(=O)O1,4.721661229881313,16.175,11.35,1.5500000000000007,4.825000000000001,False,False
3635,57351,O=C1C=C=C1,2.5307823713018847,65.825,94.075,0.8187500000000085,28.25,False,False
3636,57358,O=C1C=C=CCO1,4.126980452957972,27.474999999999998,21.0,5.368749999999999,6.474999999999998,False,False
3637,57363,O=C1C=CC(=C(Cl)Cl)O1,3.9438064443487857,31.924999999999997,21.099999999999998,4.425000000000001,10.825,False,False
3638,57381,O=C1C=CC(=O)N1Br,2.354909885911822,70.45,55.725,4.53125,14.725000000000001,False,False
3639,57385,O=C1C=CC(=O)N1Cl,2.816732830271753,59.52499999999999,55.775,4.800000000000011,3.749999999999993,False,False
3640,57389,O=C1C=CC(=O)O1,4.338450466899324,23.200000000000003,17.05,4.506249999999998,6.150000000000002,False,False
3641,57408,O=C1C=CC(CO)NC1,3.9936145958343854,30.85,44.7,4.212500000000006,13.850000000000001,False,False
3642,57411,O=C1C=CC(CS)O1,4.629783732426497,17.424999999999997,8.85,2.512500000000001,8.574999999999998,True,False
3643,57412,O=C1C=CC(Cl)C1,2.6288648416371374,63.725,65.625,3.5437499999999886,1.8999999999999986,False,False
3644,57487,O=C1C=CCC1Br,4.502972243616916,19.575,15.675,2.125,3.8999999999999986,False,False
3645,57490,O=C1C=CCC1Cl,4.665383042883636,17.025000000000002,10.6,4.231249999999999,6.4250000000000025,False,False
3646,57521,O=C1C=CCCN1,4.7013759910983515,16.5,8.1,3.049999999999999,8.4,True,False
3647,57522,O=C1C=CCCN=CO1,3.4069316171049664,45.550000000000004,43.05,2.8312500000000043,2.500000000000007,False,False
3648,57536,O=C1C=CCN1O,4.019662164318074,30.0,18.975,3.756249999999998,11.024999999999999,False,False
3649,57552,O=C1C=CCOC1,3.691166147221992,38.1,35.475,3.6937500000000014,2.625,False,False
3650,57562,O=C1C=CCON1,3.7692566601619246,36.125,27.375,1.3000000000000007,8.75,False,False
3651,57564,O=C1C=CCOOP1,2.8529035407552734,58.650000000000006,39.65,3.96875,19.000000000000007,False,False
3652,57565,O=C1C=CCOPO1,5.330807656182267,8.95,7.575,1.7562499999999996,1.3749999999999991,True,True
3653,57571,O=C1C=CCSN1,3.991421163273992,30.925000000000004,25.174999999999997,3.2062500000000007,5.750000000000007,False,False
3654,57594,O=C1C=CNC1O,4.342639278359635,23.1,25.1,8.375,2.0,False,False
3655,57595,O=C1C=CNC=CN1,5.231919150807054,9.375,5.800000000000001,1.3687499999999995,3.5749999999999993,True,True
3656,57614,O=C1C=CNCN1,5.959216513632516,4.425,2.625,0.5562499999999999,1.7999999999999998,True,True
3657,57616,O=C1C=CNCN1S,5.938363532034177,4.625,3.175,1.9437500000000005,1.4500000000000002,True,True
3658,57620,O=C1C=CNNC1,4.892042052634065,13.65,5.075,1.4250000000000007,8.575,True,False
3659,57622,O=C1C=CNNN1,4.515503381240143,19.325,11.200000000000001,2.2687500000000007,8.124999999999998,False,False
3660,57625,O=C1C=CNSC1,4.8181036595529765,14.575,11.899999999999999,3.912499999999998,2.6750000000000007,False,False
3661,57632,O=C1C=COC1F,3.6502700023364025,39.300000000000004,38.2,3.2749999999999986,1.1000000000000014,False,False
3662,57643,O=C1C=CONP1,2.248796582032184,72.7,62.775000000000006,8.443750000000009,9.924999999999997,False,False
3663,57649,O=C1C=COPN1,2.6360651763861083,63.425,61.3,1.1437499999999972,2.125,False,False
3664,57655,O=C1C=CP=C1,2.5260888918393545,65.975,64.375,1.9562500000000114,1.5999999999999943,False,False
3665,57656,O=C1C=CP=CC1,2.149858039523731,75.1,73.575,2.7437500000000057,1.5249999999999915,False,False
3666,57657,O=C1C=CPC1,2.9370015466390855,56.699999999999996,63.775000000000006,1.3000000000000043,7.07500000000001,False,False
3667,57658,O=C1C=CPC1=O,4.7291677517129465,16.075,7.925,1.6437500000000007,8.149999999999999,True,False
3668,57660,O=C1C=CS(=O)(=O)C=C1,1.6420064751034948,85.82499999999999,86.275,4.5687500000000085,0.45000000000001705,False,False
3669,57664,O=C1C=CS1,2.9798221083750276,55.45,55.325,3.093750000000007,0.125,False,False
3670,57676,O=C1C=CSNN1,3.545901059829654,42.125,52.575,0.91875000000001,10.450000000000003,False,False
3671,57687,O=C1C=NC(S)S1,2.679505178037412,62.675000000000004,81.72500000000001,5.724999999999994,19.050000000000004,False,False
3672,57703,O=C1C=NCO1,2.792305642696619,60.02499999999999,58.9,4.443749999999994,1.124999999999993,False,False
3673,57716,O=C1C=NNCC1,4.418608343955628,21.224999999999998,15.325,2.1499999999999986,5.899999999999999,False,False
3674,57721,O=C1C=NNSC1,3.3017520389940156,47.825,57.775,3.2687500000000043,9.949999999999996,False,False
3675,57723,O=C1C=NOC1,0.6670887588017916,97.8,97.675,0.3062499999999915,0.125,False,False
3676,57731,O=C1C=NSC=CC1,2.91598143040909,56.99999999999999,51.025,1.6187500000000057,5.974999999999994,False,False
3678,57751,O=C1CC(=O)C(Cl)=C1Cl,0.1443083913750292,99.55000000000001,96.925,0.14999999999999147,2.625000000000014,False,False
3679,57756,O=C1CC(=O)C1,0.0007738071544549,99.825,100.0,0.07499999999998863,0.17499999999999716,False,False
3680,57789,O=C1CC(=S)ON1,0.7423594933405079,97.45,92.80000000000001,0.6437499999999972,4.6499999999999915,False,False
3681,57792,O=C1CC(Br)=CS1,2.0313434699768695,78.5,79.425,7.0062500000000085,0.9249999999999972,False,False
3682,57796,O=C1CC(Br)CN1,2.9144003410499892,57.125,34.875,9.481250000000003,22.25,False,False
3684,57798,O=C1CC(Br)N1,2.63927144133496,63.3,63.449999999999996,2.062499999999986,0.14999999999999858,False,False
3685,57808,O=C1CC(C(=O)O)NC(=O)N1,4.736032009943015,15.925,29.2,6.068750000000001,13.274999999999999,False,False
3686,57815,O=C1CC(CBr)C1,2.1761107475343935,74.4,56.775,5.1125000000000185,17.625000000000007,False,False
3687,57832,O=C1CC(CCl)N1,4.951682214071382,12.875,45.625,3.1624999999999943,32.75,False,False
3689,57944,O=C1CC(S(=O)(=O)O)C(=O)N1O,4.466738178276656,20.4,45.25,5.8125,24.85,False,False
3690,57955,O=C1CC1,2.994653041493441,55.025,57.3,2.5874999999999915,2.2749999999999986,False,False
3691,57963,O=C1CC1F,2.9702937630928106,55.800000000000004,60.324999999999996,5.200000000000003,4.5249999999999915,False,False
3692,57964,O=C1CC1NO,2.973385564558237,55.7,54.775,2.40625,0.9250000000000043,False,False
3693,57969,O=C1CC=C(Br)N1,2.4514212207383435,67.80000000000001,81.27499999999999,4.0375000000000085,13.47499999999998,False,False
3694,57981,O=C1CC=C(Cl)S1,2.8104257386508404,59.675,57.574999999999996,3.825000000000003,2.1000000000000014,False,False
3695,57982,O=C1CC=C(F)N1,2.0825718317053106,77.075,79.975,3.4312499999999915,2.8999999999999915,False,False
3696,57986,O=C1CC=C(O)N1,4.227418754922555,25.275,41.175,5.212499999999999,15.899999999999999,False,False
3697,58000,O=C1CC=CC(O)C1,3.380494474500415,46.125,58.8,2.8312500000000043,12.674999999999997,False,False
3698,58052,O=C1CC=CN1,3.514829387930655,43.0,38.775,0.7624999999999957,4.225000000000001,False,False
3699,58060,O=C1CC=CO1,4.041473008145609,29.425,21.525,5.40625,7.900000000000002,False,False
3700,58066,O=C1CC=COOP1,1.5784154943726136,86.8,67.975,4.637499999999989,18.825000000000003,False,False
3702,58076,O=C1CC=NCN1,2.146619111411296,75.225,73.97500000000001,2.6624999999999943,1.2499999999999858,False,False
3703,58081,O=C1CC=NN1S,2.8825030075629066,57.85,47.449999999999996,1.6125000000000043,10.400000000000006,False,False
3704,58088,O=C1CC=PO1,4.241273421888314,24.975,14.75,3.3625000000000007,10.225000000000001,False,False
3705,58091,O=C1CCC(=NO)C1O,2.4262888386872734,68.575,62.324999999999996,5.981250000000003,6.250000000000007,False,False
3706,58094,O=C1CCC(=NO)CO1,4.093652763540635,28.275,20.775,5.431249999999999,7.5,False,False
3707,58127,O=C1CCC(CBr)N1,4.365920004039756,22.650000000000002,72.65,8.068750000000023,50.0,False,False
3708,58131,O=C1CCC(CCO)O1,3.9434395435060674,31.974999999999998,14.7,2.1562499999999982,17.275,False,False
3709,58159,O=C1CCC(O)C1CO,5.335816798491174,8.9,39.7,3.6687499999999957,30.800000000000004,False,True
3710,58240,O=C1CCCC(O)CC1,3.2511070070460866,48.75,46.300000000000004,1.9437500000000014,2.4499999999999957,False,False
3711,58272,O=C1CCCCC1Br,4.673313145499592,16.875,30.075000000000003,5.106249999999999,13.200000000000003,False,False
3712,58313,O=C1CCCN1S,4.197362469485926,25.95,17.599999999999998,7.518749999999994,8.350000000000001,False,False
3713,58319,O=C1CCCNC1,2.9767562675311,55.574999999999996,55.25,2.4312499999999986,0.32499999999999574,False,False
3714,58323,O=C1CCCNCC1=O,5.178507136065391,10.274999999999999,11.875,5.343749999999998,1.6000000000000014,False,False
3715,58328,O=C1CCCOC1=O,6.348619374924787,2.825,0.8999999999999999,0.2875000000000001,1.9250000000000003,True,True
3716,58346,O=C1CCN(Br)N1,2.6844472551019853,62.64999999999999,68.60000000000001,2.9875000000000114,5.950000000000017,False,False
3717,58350,O=C1CCN1,4.073878106359322,28.725,22.45,3.8625000000000007,6.275000000000002,False,False
3718,58351,O=C1CCN1Br,4.05591729715864,29.075,21.15,6.587499999999999,7.925000000000001,False,False
3719,58356,O=C1CCN1Cl,4.206215461969007,25.775,15.5,3.106250000000003,10.274999999999999,False,False
3720,58357,O=C1CCN1F,4.403344005025389,21.75,9.075,1.5562500000000004,12.675,True,False
3721,58372,O=C1CCN=CS1,1.9665804775085032,79.875,74.45,2.0187500000000114,5.424999999999997,False,False
3722,58378,O=C1CCNC(=O)CN1,3.7300225068417063,37.025000000000006,77.025,3.34999999999998,40.0,False,False
3723,58384,O=C1CCNC(=S)N1,4.8674401799212195,14.000000000000002,7.475,1.9937500000000004,6.525000000000002,True,False
3724,58399,O=C1CCNNC1=O,5.629333251103381,6.675000000000001,0.8500000000000001,0.5624999999999998,5.825000000000001,True,True
3725,58404,O=C1CCO1,4.4047709576274094,21.7,15.7,3.9124999999999996,6.0,False,False
3726,58429,O=C1CCOCC1Br,2.0819877682441175,77.125,60.62499999999999,1.0375000000000014,16.500000000000007,False,False
3727,58446,O=C1CCOC[C@H]1Cl,3.182135610153098,49.975,57.65,3.0374999999999943,7.674999999999997,False,False
3728,58447,O=C1CCON1,3.022535621594315,54.225,59.025000000000006,2.581249999999997,4.800000000000004,False,False
3729,58455,O=C1CCOP(Cl)N1,2.239514442081275,72.89999999999999,75.35,3.718750000000014,2.450000000000003,False,False
3730,58457,O=C1CCOPO1,3.9376140649153153,32.2,38.074999999999996,2.125000000000007,5.874999999999993,False,False
3731,58460,O=C1CCPC1=O,4.745521545422851,15.75,8.325000000000001,0.6187499999999995,7.424999999999999,True,False
3732,58462,O=C1CCS(=O)(=O)CC1,2.1074557846972595,76.35,78.85,4.4125000000000085,2.5,False,False
3733,58482,O=C1CCSN1,3.178336927677192,50.075,56.15,1.7625000000000028,6.074999999999996,False,False
3734,58487,O=C1CCSNN1,2.6946762619508924,62.5,68.89999999999999,2.84375,6.3999999999999915,False,False
3735,58490,O=C1CCSSCO1,3.4785461473691544,43.625,54.474999999999994,4.731249999999989,10.849999999999994,False,False
3736,58497,O=C1CN(C#P)C1,0.7594017648171608,97.32499999999999,96.575,3.856250000000017,0.7499999999999858,False,False
3737,58515,O=C1CN1F,3.152353052368264,50.849999999999994,53.925,1.4375,3.075000000000003,False,False
3738,58526,O=C1CN=CN1,2.6314183617112556,63.6,72.25,4.112499999999997,8.649999999999999,False,False
3739,58552,O=C1CNC(=O)C1,2.5909356756103787,64.85,68.15,2.6875,3.3000000000000114,False,False
3740,58579,O=C1CNC1=O,4.94682903842852,12.950000000000001,7.6,1.6624999999999996,5.350000000000001,True,False
3741,58596,O=C1CNCC(=O)NC1,3.323036716719352,47.325,77.75,6.9624999999999915,30.424999999999997,False,False
3742,58624,O=C1CNCCNC1,2.7907622542399184,60.099999999999994,60.6,1.84375,0.5000000000000071,False,False
3743,58631,O=C1CNCN1O,2.576060635934511,65.275,65.2,4.131249999999994,0.07500000000000284,False,False
3744,58632,O=C1CNCN1S,2.982445693751374,55.35,56.00000000000001,4.3062499999999915,0.6500000000000057,False,False
3745,58636,O=C1CNCSO1,4.198110148046816,25.924999999999997,10.424999999999999,3.6875,15.499999999999998,False,False
3746,58683,O=C1COC1,0.8313492411553719,96.85000000000001,98.225,1.2875000000000085,1.3749999999999858,False,False
3747,58699,O=C1COC=NCC1O,1.9027013213732007,81.075,78.125,6.59375,2.950000000000003,False,False
3748,58716,O=C1COCC1(O)CO,2.809957073748058,59.699999999999996,91.14999999999999,4.268749999999997,31.449999999999996,False,False
3749,58739,O=C1COCCCOC1,3.905200399542458,33.25,56.45,1.3687499999999915,23.200000000000003,False,False
3750,58742,O=C1COCCN1Cl,4.115761704447369,27.700000000000003,19.675,3.8812500000000014,8.025000000000002,False,False
3751,58752,O=C1COCN1,3.1529015272736394,50.8,50.275000000000006,1.4874999999999972,0.5249999999999915,False,False
3752,58769,O=C1CON=P1,1.2722019392492885,91.8,85.3,5.706249999999997,6.5,False,False
3753,58788,O=C1COPN1,2.3392033903110727,70.72500000000001,81.55,4.043749999999989,10.824999999999989,False,False
3754,58790,O=C1COSC(=O)C1,2.1345062586154664,75.44999999999999,66.725,3.2749999999999915,8.724999999999994,False,False
3755,58792,O=C1COSN1,1.652244253030448,85.725,86.75,1.4750000000000085,1.0250000000000057,False,False
3756,58794,O=C1CO[SiH2]O1,3.053650223940012,53.425,47.125,1.8812500000000014,6.299999999999997,False,False
3757,58797,O=C1CPCO1,3.5774889332988606,41.225,44.824999999999996,1.9624999999999986,3.5999999999999943,False,False
3758,58811,O=C1CSC(=S)N1CCS(=O)(=O)O,6.786735740162883,1.4000000000000001,16.225,6.856250000000003,14.825000000000001,False,True
3759,58812,O=C1CSC(C(=O)O)C1,0.1245581609518787,99.575,80.075,5.187500000000014,19.5,False,False
3760,58814,O=C1CSC(O)N1,3.4090246209836073,45.4,69.5,2.9312500000000057,24.1,False,False
3761,58824,O=C1CSC=NCN1,2.6858280610696386,62.625,72.975,5.174999999999983,10.349999999999994,False,False
3762,58826,O=C1CSCC(=O)C1,2.3621309370841024,70.19999999999999,85.375,1.1062499999999886,15.175000000000011,False,False
3763,58828,O=C1CSCC(=O)O1,4.507992703834338,19.5,40.525,4.612500000000004,21.025,False,False
3764,58832,O=C1CSCCN1,3.929934328459096,32.525,17.525,2.6812499999999986,15.0,False,False
3765,58847,O=C1CSNO1,3.7192834361263594,37.425000000000004,52.949999999999996,2.9937500000000057,15.524999999999991,False,False
3766,58863,O=C1N(Cl)C=[P+]([O-])C1(Cl)Cl,3.535387739444521,42.375,40.075,6.987499999999997,2.299999999999997,False,False
3767,58869,O=C1N=CC(CO)O1,5.997803106728688,4.2250000000000005,13.525,3.081249999999999,9.3,False,True
3768,58874,O=C1N=CCCN1,6.292776624096908,2.9250000000000003,1.2,0.8312500000000003,1.7250000000000003,True,True
3769,58875,O=C1N=CCCO1,6.459686707009397,2.325,0.9249999999999999,0.7062499999999998,1.4000000000000004,True,True
3770,58880,O=C1N=CCON1,4.8089770500407525,14.7,8.450000000000001,1.3812499999999996,6.249999999999998,True,False
3771,58885,O=C1N=CSCN1,5.096603665509635,11.125,11.025,1.9624999999999986,0.09999999999999964,False,False
3772,58890,O=C1N=NCN1,5.452468713078855,7.825,4.925,1.5999999999999996,2.9000000000000004,True,True
3773,58895,O=C1N=NN=C1F,0.899784174014226,96.25,90.925,0.6312500000000085,5.325000000000003,False,False
3774,58900,O=C1NC(=O)C(=CCCCO)N1,2.118333527464377,75.825,44.55,4.649999999999999,31.275000000000006,False,False
3775,58911,O=C1NC(=O)C(CCCCO)N1,3.4345576048276145,44.824999999999996,48.225,6.756250000000001,3.4000000000000057,False,False
3776,58918,O=C1NC(=O)C(Cl)C(=O)N1,0.7799702607175392,97.175,95.775,1.4562499999999972,1.3999999999999915,False,False
3777,58925,O=C1NC(=O)N1,0.0019848133721956,99.8,99.875,0.45000000000000284,0.07500000000000284,False,False
3778,58942,O=C1NC(CO)CCO1,6.695670028758991,1.55,1.35,1.6124999999999996,0.19999999999999996,True,True
3779,58944,O=C1NC(CS)C(=O)O1,5.662117945194318,6.4750000000000005,12.275,7.725000000000001,5.8,False,True
3780,58952,O=C1NC(O)SS1,2.4155202387913426,68.925,40.849999999999994,5.143750000000011,28.075000000000003,False,False
3781,58955,O=C1NC1Br,2.9428690603940377,56.45,56.3,3.106250000000003,0.15000000000000568,False,False
3782,58960,O=C1NC=C(CO)CN1,5.032452665280251,11.75,21.95,9.443750000000001,10.2,False,False
3783,58961,O=C1NC=C(CO)CO1,5.693456170944321,6.275,3.675,1.84375,2.6000000000000005,True,True
3784,59007,O=C1NC=NCN1,1.5594410547827522,87.3,91.325,1.7562500000000085,4.025000000000006,False,False
3786,59041,O=C1NCC1=P,3.6401456237814336,39.5,21.85,2.900000000000002,17.65,False,False
3787,59043,O=C1NCC1Br,4.464415294356277,20.5,18.099999999999998,6.199999999999999,2.400000000000002,False,False
3788,59049,O=C1NCC1CO,4.615923147084603,17.599999999999998,19.025,6.306250000000002,1.4250000000000007,False,False
3789,59050,O=C1NCC1Cl,4.534580318487637,19.0,16.775000000000002,2.9999999999999964,2.224999999999998,False,False
3790,59051,O=C1NCC1F,4.56994694675193,18.35,12.950000000000001,2.581249999999999,5.4,False,False
3791,59069,O=C1NCC=NN1,3.998490188414936,30.7,25.825,4.056249999999999,4.875,False,False
3792,59080,O=C1NCCC1=S,5.721059277031992,6.125,1.4000000000000001,0.7749999999999999,4.725,True,True
3793,59082,O=C1NCCC1CCBr,5.783294542580138,5.675,6.175,2.762500000000001,0.5,True,True
3794,59092,O=C1NCCCC1Br,4.480057025598275,20.175,7.825,1.9249999999999998,12.350000000000001,True,False
3795,59095,O=C1NCCCCC1Br,5.59821229640738,6.925000000000001,10.125,2.5374999999999996,3.1999999999999993,False,True
3796,59101,O=C1NCCCN1,4.811091454342939,14.649999999999999,6.45,2.5124999999999993,8.2,True,False
3797,59108,O=C1NCCN1,4.537440421094738,18.85,8.075000000000001,3.750000000000001,10.775,True,False
3798,59133,O=C1NCN(CCO)CN1,4.629016587957975,17.45,28.425,3.3625000000000007,10.975000000000001,False,False
3799,59142,O=C1NCNO1,5.123772244457912,10.875,4.15,1.7062499999999998,6.725,True,False
3800,59155,O=C1NN1,2.2404051040818187,72.82499999999999,60.550000000000004,6.137499999999996,12.274999999999984,False,False
3801,59157,O=C1NN=CC(O)N1,2.2265853456601703,73.32499999999999,51.824999999999996,1.8312499999999972,21.499999999999993,False,False
3802,59158,O=C1NN=CC1=S,2.3155804804481286,71.375,67.5,1.5499999999999972,3.875,False,False
3803,59164,O=C1NN=CCO1,4.014710813431922,30.15,16.950000000000003,3.8562499999999993,13.199999999999996,False,False
3804,59168,O=C1NN=CSN1,2.9593461649666137,56.175,73.725,2.8812500000000085,17.549999999999997,False,False
3805,59175,O=C1NNCCS1,4.931466267215343,13.100000000000001,5.625,2.9937500000000004,7.475000000000001,True,False
3806,59176,O=C1NNCNN1,4.261728684098539,24.675,32.800000000000004,5.924999999999997,8.125000000000004,False,False
3807,59180,O=C1NNNO1,3.570675693606802,41.4,19.975,4.556250000000002,21.424999999999997,False,False
3808,59181,O=C1NNOO1,3.026084175871929,54.05,22.425,6.856249999999996,31.624999999999996,False,False
3809,59182,O=C1NNSN1,2.4085881057194736,69.025,62.525,3.1625000000000085,6.500000000000007,False,False
3810,59184,O=C1NO1,2.4888982148111,66.925,64.775,3.9125000000000085,2.1499999999999915,False,False
3811,59187,O=C1NOCC1O,3.079952963750592,52.800000000000004,78.875,5.449999999999989,26.074999999999996,False,False
3812,59195,O=C1NOSS1,2.216554767403464,73.475,72.625,2.8562499999999886,0.8499999999999943,False,False
3813,59197,O=C1NS(=O)(=O)NC1=O,1.6818868561441638,85.225,83.6,2.6374999999999886,1.625,False,False
3814,59207,O=C1OC(=O)C(=O)OC1=O,4.446441380423494e-05,100.0,99.9,0.3499999999999943,0.09999999999999432,False,False
3815,59214,O=C1OC(=O)C(Cl)C1Cl,3.3383264852778542,46.975,52.900000000000006,3.237499999999997,5.925000000000004,False,False
3816,59219,O=C1OC(=O)P1,2.774128491573867,60.550000000000004,61.95,4.3500000000000085,1.3999999999999986,False,False
3817,59223,O=C1OC(Br)O1,2.828654565340254,59.325,61.8,5.150000000000013,2.4749999999999943,False,False
3818,59237,O=C1OC(O)C(Br)=C1Br,3.8867438556161127,33.825,38.175,6.393750000000004,4.349999999999994,False,False
3819,59247,O=C1OC1F,2.632011303523163,63.575,79.325,5.96875,15.75,False,False
3820,59259,O=C1OC=CCO1,5.344542745817662,8.774999999999999,3.1,1.1312499999999996,5.674999999999999,True,True
3821,59260,O=C1OC=NC1=P,2.4664013049648608,67.375,77.47500000000001,7.15625,10.100000000000009,False,False
3822,59272,O=C1OCC(CBr)O1,3.8215408007868663,35.025,16.125,8.412499999999998,18.9,False,False
3823,59293,O=C1OCC(P)O1,4.691718176235092,16.575,6.25,1.2749999999999995,10.325,True,False
3824,59310,O=C1OCC1S,3.4776797015699463,43.7,22.7,7.306250000000002,21.000000000000004,False,False
3825,59311,O=C1OCC=C1Br,5.124211225937755,10.825,4.775,1.2250000000000005,6.049999999999999,True,False
3826,59320,O=C1OCC=CC1O,4.1641952567638345,26.75,15.575,8.3125,11.175,False,False
3827,59321,O=C1OCC=CCC1O,4.166009049213167,26.674999999999997,20.150000000000002,4.59375,6.524999999999995,False,False
3828,59346,O=C1OCCC1NCl,4.400608794330496,21.8,8.200000000000001,1.9875000000000025,13.6,True,False
3829,59348,O=C1OCCC1OO,4.230398241351671,25.174999999999997,22.225,14.431250000000006,2.9499999999999957,False,False
3831,59360,O=C1OCCCOCO1,3.789715649942601,35.55,8.425,2.5937499999999982,27.124999999999996,True,False
3832,59363,O=C1OCCN1Br,5.204997997107867,10.0,3.975,1.4624999999999995,6.025,True,True
3833,59367,O=C1OCCN1CCl,5.362992004620867,8.5,4.2,2.2874999999999988,4.3,True,True
3834,59385,O=C1OCCP1,4.878225494661167,13.825000000000001,6.675000000000001,1.1875,7.15,True,False
3835,59392,O=C1OCO1,3.9719491103286546,31.324999999999996,27.55,2.125,3.774999999999995,False,False
3836,59393,O=C1OCOC(=O)C1=O,4.161454648448094,26.825,8.799999999999999,1.8000000000000007,18.025,True,False
3837,59414,O=C1ONSO1,3.7504144946950553,36.5,32.275,5.4624999999999915,4.225000000000001,False,False
3838,59425,O=C1OSCCC1Cl,5.2121853173565,9.775,6.4750000000000005,3.356250000000001,3.3,True,True
3839,59429,O=C1O[C@@H]([C@H](O)CO)C(O)=C1O,4.535123679231651,18.975,12.8,6.493749999999999,6.175000000000001,False,False
3840,59435,O=C1O[SiH2]1,4.2332817901821675,25.124999999999996,26.875,4.96875,1.7500000000000036,False,False
3841,59458,O=C1SCCN1O,3.855678064012064,34.425,19.075,7.149999999999995,15.349999999999998,False,False
3842,59467,O=C=C([SiH3])C(F)(F)F,2.202073016452218,73.775,67.475,6.731249999999996,6.300000000000011,False,False
3843,59492,O=C=C1OCCS1,3.4757664543580553,43.8,35.075,3.4625000000000057,8.724999999999994,False,False
3844,59493,O=C=C1O[Si](=O)O1,1.764280383229195,83.7,89.75,6.1187499999999915,6.049999999999997,False,False
3845,59518,O=C=NC(Br)(Br)P(=O)(Cl)Cl,2.4323691891051924,68.30000000000001,70.5,5.581250000000011,2.1999999999999886,False,False
3846,59521,O=C=NC(F)(F)c1ccccc1,2.965561401401002,55.974999999999994,53.325,5.487499999999997,2.6499999999999915,False,False
3847,59525,O=C=NC(F)F,1.5952418639213035,86.55000000000001,93.075,2.075000000000003,6.5249999999999915,False,False
3848,59533,O=C=NC1CCCN(C(=O)C(F)(F)F)C1,3.9334691941551663,32.4,12.15,6.69375,20.25,False,False
3849,59552,O=C=NCCCOS(=O)O,3.4472736255165812,44.275,47.925000000000004,12.962499999999999,3.6500000000000057,False,False
3850,59559,O=C=NCOCCCl,2.628874347409187,63.7,48.725,9.431249999999991,14.975000000000001,False,False
3852,59567,O=C=NNC=O,4.7032673244890235,16.45,6.6000000000000005,2.075,9.849999999999998,True,False
3853,59569,O=C=NOP(=O)(O)N=C=O,3.710711268467571,37.525,58.5,7.818750000000001,20.975,False,False
3854,59576,O=C=NP(=O)(N=C=O)N=C=O,1.8226161604198836,82.65,95.975,1.0874999999999915,13.324999999999989,False,False
3855,59588,O=C=Nc1cc(C(F)(F)F)ccc1Cl,1.857181543495222,82.025,84.3,6.012500000000003,2.2749999999999915,False,False
3856,59595,O=C=Nc1ccc(Br)cc1F,2.0694922211849063,77.45,70.875,3.5874999999999915,6.575000000000003,False,False
3857,59596,O=C=Nc1ccc(C(=O)CCl)cc1,2.094659876160128,76.7,79.10000000000001,10.668750000000003,2.4000000000000057,False,False
3858,59600,O=C=Nc1ccc(F)c(C(F)(F)F)c1,2.764086692353938,60.824999999999996,57.875,9.568750000000001,2.9499999999999957,False,False
3859,59608,O=C=Nc1ccc(OC(F)(F)F)cc1,0.6796381372150706,97.725,93.875,3.768749999999997,3.8499999999999943,False,False
3860,59609,O=C=Nc1ccc(OC(F)F)cc1,1.1899117801130876,93.15,92.60000000000001,2.0874999999999915,0.5499999999999972,False,False
3861,59610,O=C=Nc1ccc(SC(F)(F)F)cc1,1.2527671291463482,92.15,90.8,2.737499999999997,1.3500000000000085,False,False
3862,59616,O=C=Nc1ccccc1C(F)(F)F,4.320971838446162,23.75,13.350000000000001,2.0500000000000025,10.399999999999999,False,False
3863,59618,O=C=Nc1ccccc1OC(F)(F)F,4.008212219571025,30.375000000000004,19.725,7.081250000000001,10.650000000000002,False,False
3864,59624,O=CC#CC(=O)C=O,2.0584179811317864,77.85,86.875,7.156250000000014,9.025000000000006,False,False
3865,59725,O=CC(=O)C1CCCO1,2.324999754490258,71.15,80.22500000000001,3.0374999999999943,9.075000000000003,False,False
3866,59730,O=CC(=O)C1CN1C=O,2.9738086428913024,55.675,32.550000000000004,6.575000000000003,23.124999999999993,False,False
3867,59746,O=CC(=O)CC#CCO,1.4737687611555594,88.425,90.125,5.400000000000006,1.7000000000000028,False,False
3868,59758,O=CC(=O)CCBr,2.1608329629943968,74.8,89.275,5.625,14.475000000000009,False,False
3869,59783,O=CC(=O)N1CC1,2.5011799250086377,66.57499999999999,56.8,2.4624999999999986,9.774999999999991,False,False
3870,59811,O=CC(=O)OCCCO,4.353289071028243,22.775000000000002,67.25,5.0249999999999915,44.474999999999994,False,False
3871,59855,O=CC(F)(F)C(F)(F)F,1.7023142186832405,84.95,93.95,1.28749999999998,9.0,False,False
3872,59877,O=CC(F)CF,0.8869076523628283,96.475,75.75,3.1875,20.724999999999994,False,False
3873,59932,O=CC1(Br)CO1,2.1636843483248653,74.7,82.85,1.7624999999999886,8.149999999999991,False,False
3876,59976,O=CC1(CO)CO1,3.452137858669805,44.175,65.17500000000001,6.874999999999986,21.000000000000014,False,False
3877,59977,O=CC1(CO)COC1,1.602874245926791,86.47500000000001,81.175,5.456249999999997,5.300000000000011,False,False
3878,60032,O=CC1=CC(=O)CC1=O,2.6281078807092593,63.74999999999999,83.22500000000001,3.34375,19.475000000000016,False,False
3879,60058,O=CC1=CCCC1=O,6.580032221725527,1.875,5.4,0.5125000000000011,3.5250000000000004,True,True
3880,60066,O=CC1=CCCOCC1,3.3016790053570877,47.875,59.175,4.162500000000001,11.299999999999997,False,False
3881,60085,O=CC1=CCOCCC1,2.760556375984568,60.875,52.775000000000006,6.500000000000007,8.099999999999994,False,False
3882,60106,O=CC1=COOC=C1,2.9767417419395463,55.60000000000001,74.35000000000001,6.912499999999994,18.75,False,False
3883,60132,O=CC1C(=O)NC(=O)NC1=O,2.476388021431854,67.10000000000001,83.75,1.5374999999999943,16.64999999999999,False,False
3884,60186,O=CC1CC(=O)C(O)C1,0.7186624038942931,97.625,75.425,6.881249999999994,22.200000000000003,False,False
3885,60199,O=CC1CC(=O)NC1=O,2.070796481315331,77.4,76.625,3.768749999999997,0.7750000000000057,False,False
3886,60206,O=CC1CC(CCO)O1,1.7089597757979589,84.775,63.975,12.012500000000003,20.800000000000004,False,False
3887,60211,O=CC1CC(O)CCO1,4.400549303051887,21.825,59.35,5.193750000000001,37.525000000000006,False,False
3888,60214,O=CC1CC1=O,3.4769350083529997,43.775,52.525,4.887499999999989,8.75,False,False
3889,60257,O=CC1CCCOC1=O,4.2885151574844596,24.325,20.1,3.875,4.224999999999998,False,False
3890,60268,O=CC1CCNC1=O,4.33796279696218,23.225,36.05,8.2,12.824999999999996,False,False
3891,60284,O=CC1CCOO1,2.389632211039398,69.5,49.95,5.793749999999996,19.549999999999997,False,False
3892,60308,O=CC1CNCC(=O)C1,0.8336818358824718,96.8,75.725,9.90625,21.075000000000003,False,False
3893,60314,O=CC1COC(=O)CN1,2.8630053079721667,58.35,69.175,5.59375,10.824999999999996,False,False
3894,60315,O=CC1COC(=O)CO1,2.608625223176922,64.525,63.725,8.362499999999997,0.8000000000000043,False,False
3895,60328,O=CC1COC=N1,1.8246793246042392,82.625,80.025,7.8999999999999915,2.5999999999999943,False,False
3896,60379,O=CC1OC1C(=O)CO,3.110437802027785,51.800000000000004,58.3,7.3999999999999915,6.499999999999993,False,False
3897,60388,O=CC1OC=NC1CO,2.3315349691086547,70.92500000000001,74.575,3.9375,3.6499999999999915,False,False
3898,60434,O=CC=C1CSC1,2.987394717151138,55.25,61.775000000000006,3.3687499999999986,6.525000000000006,False,False
3899,60439,O=CC=CNC=O,6.081724854273633,3.675,32.324999999999996,8.056249999999999,28.649999999999995,False,True
3900,60524,O=CCC1=CCOCC1,2.1480195881601505,75.14999999999999,69.475,3.562500000000007,5.674999999999997,False,False
3902,60597,O=CCC1NCC1=O,3.5350640352162603,42.4,38.5,4.474999999999998,3.8999999999999986,False,False
3903,60632,O=CCCC1(CO)CO1,2.4056533940586067,69.125,59.875,4.443750000000001,9.25,False,False
3904,60667,O=CCCCCCCF,4.098181599428263,28.225,58.425000000000004,7.431250000000006,30.200000000000003,False,False
3905,60692,O=CCCOC(F)F,4.611139225545948,17.675,54.725,2.8687499999999986,37.05,False,False
3906,60713,O=CCN(O)C=O,1.772666049480254,83.525,72.075,5.8374999999999915,11.450000000000003,False,False
3907,60716,O=CCN1CC(=O)C1,1.7564784785497054,83.825,84.25,6.59375,0.42499999999999716,False,False
3908,60719,O=CCN1CCC(=O)C1,3.825793767794698,34.925,80.77499999999999,7.481250000000003,45.849999999999994,False,False
3909,60728,O=CCN=C1COCO1,3.957400735964964,31.574999999999996,40.875,4.387500000000003,9.300000000000004,False,False
3910,60762,O=CCOC(=O)N1CC1,4.81862423514647,14.524999999999999,35.875,8.943749999999994,21.35,False,False
3911,60796,O=CCOCBr,2.308744638990744,71.55,56.25,9.818750000000009,15.299999999999997,False,False
3912,60797,O=CCOCC#CCO,3.9004158767744337,33.425,51.575,4.756250000000001,18.150000000000006,False,False
3913,60817,O=CCOCCCO,4.08231735235296,28.475,40.775,7.118750000000006,12.299999999999997,False,False
3914,60826,O=CCO[SiH3],2.593186477813512,64.825,54.85,4.256250000000001,9.975000000000001,False,False
3915,60839,O=CCOc1cnc[nH]1,4.416089255615916,21.375,40.400000000000006,3.9000000000000057,19.025000000000006,False,False
3916,60844,O=CCOc1conn1,2.853167879943773,58.62500000000001,74.275,2.375000000000014,15.649999999999999,False,False
3917,60845,O=CCOc1nc[nH]n1,5.041954174800725,11.575000000000001,14.95,4.700000000000003,3.3749999999999982,False,False
3918,60848,O=CCOc1ncno1,0.6620590895308752,97.85000000000001,75.125,7.962500000000006,22.72500000000001,False,False
3919,60860,O=CCSCC=O,3.6086186392786903,40.325,70.075,3.018749999999997,29.75,False,False
3920,60862,O=CCSc1cn[nH]n1,1.2840212570341478,91.64999999999999,70.19999999999999,8.506250000000001,21.450000000000003,False,False
3921,60875,O=CN(C=O)CCl,2.726939447138392,61.7,60.95,9.293750000000003,0.75,False,False
3923,60880,O=CN(CBr)CBr,2.062555457864176,77.7,78.75,6.124999999999986,1.0499999999999972,False,False
3924,60888,O=CN(F)N(F)F,1.6157989969667463,86.35000000000001,67.30000000000001,2.0500000000000114,19.049999999999997,False,False
3925,60900,O=CN/C=C\S,4.371436444793508,22.5,42.55,9.681249999999999,20.049999999999997,False,False
3926,60909,O=CN1C=CC(=NO)C1,2.4361287511178,68.175,57.699999999999996,5.5874999999999915,10.475000000000001,False,False
3927,60933,O=CN1C=CCOC1=O,6.855873876224077,1.275,2.4250000000000003,1.66875,1.1500000000000004,True,True
3928,60937,O=CN1C=CNC1,4.262469653458216,24.625,16.975,2.0812500000000025,7.649999999999999,False,False
3929,60940,O=CN1C=COC=C1,3.1742336717076194,50.275000000000006,56.625,1.9874999999999972,6.349999999999994,False,False
3930,60941,O=CN1C=CON1,3.06131190616784,53.15,26.75,5.168749999999996,26.4,False,False
3931,60992,O=CN1CC=CC=CC1,3.945167931361835,31.900000000000002,21.925,2.78125,9.975000000000001,False,False
3932,60996,O=CN1CC=CO1,3.7195618536137234,37.4,8.95,2.0874999999999986,28.45,True,False
3933,60998,O=CN1CC=NC1,4.383215595024999,22.275,28.675,3.937499999999993,6.400000000000002,False,False
3934,61019,O=CN1CCCC1,4.688218894755956,16.625,7.95,2.8625000000000007,8.675,True,False
3935,61040,O=CN1COC1,2.750341838618358,61.12499999999999,60.3,1.9375,0.8249999999999957,False,False
3936,61054,O=CNC(=O)C#CCO,5.364726584996774,8.475000000000001,1.775,1.03125,6.700000000000001,True,True
3937,61056,O=CNC(=O)C(=O)CO,2.364152915455451,70.125,43.025000000000006,8.949999999999996,27.099999999999994,False,False
3938,61066,O=CNC(=O)C1COC1,5.960841341552678,4.3999999999999995,11.774999999999999,0.8375000000000004,7.374999999999999,False,True
3939,61067,O=CNC(=O)C=O,6.332237552652062,2.9000000000000004,27.675,4.650000000000006,24.775,False,True
3940,61079,O=CNC(=O)COC=O,7.694911016343808,0.375,26.85,3.4187499999999993,26.475,False,True
3941,61093,O=CNC(=S)NO,5.157888454775896,10.549999999999999,53.075,9.424999999999997,42.525000000000006,False,False
3942,61105,O=CNC(CO)CCO,3.0189711892683286,54.37499999999999,50.025,9.431249999999999,4.349999999999994,False,False
3943,61122,O=CNC1=CC(O)CC1,2.7946602856759135,59.9,52.725,4.46875,7.174999999999997,False,False
3944,61154,O=CNC1C=CCOC1,4.758340671125874,15.575,27.525,3.8000000000000007,11.95,False,False
3945,61189,O=CNC1CCCC1=O,2.724426862779923,61.775000000000006,36.95,7.037500000000001,24.825000000000003,False,False
3946,61242,O=CNCC(C=O)CO,1.0845581415203212,94.25,51.9,5.150000000000006,42.35,False,False
3947,61276,O=CNCC1CC1CO,2.907968678239825,57.325,21.425,2.8000000000000043,35.900000000000006,False,False
3948,61286,O=CNCC1CN1,2.71108089790966,62.2,45.6,5.256250000000001,16.6,False,False
3949,61320,O=CNCCCCCO,3.9368740000041944,32.25,27.400000000000002,3.6812500000000004,4.849999999999998,False,False
3950,61330,O=CNCCOC1CC1,4.141197497723639,27.275,33.7,4.893750000000004,6.425000000000004,False,False
3951,61336,O=CNCNC=O,0.3019265903634631,99.35000000000001,71.89999999999999,8.768750000000004,27.450000000000017,False,False
3952,61341,O=CNCPO,3.818438662972415,35.075,41.775,3.6750000000000043,6.699999999999996,False,False
3953,61385,O=CNN=S,3.857907338750883,34.325,22.3,5.65625,12.025000000000002,False,False
3954,61393,O=CNNCl,3.390563366287921,45.95,28.275,4.868749999999999,17.675000000000004,False,False
3955,61394,O=CNNN=C=S,3.541742197410342,42.25,29.725,7.787500000000001,12.524999999999999,False,False
3956,61400,O=CNNS(=O)O,2.9446605012925566,56.39999999999999,21.7,9.537500000000001,34.69999999999999,False,False
3957,61405,O=CNOCC(F)Cl,3.065804457549465,53.05,31.724999999999998,5.399999999999999,21.325,False,False
3958,61409,O=CNOCCl,2.010258078526966,78.875,55.800000000000004,3.6437500000000043,23.074999999999996,False,False
3961,61431,O=CN[N+](=O)[O-],4.486199304995193,19.950000000000003,9.525,4.124999999999998,10.425000000000002,True,False
3962,61448,O=CNc1ccc(Cl)cc1,3.95611689290929,31.624999999999996,68.575,4.137499999999996,36.95,False,False
3963,61490,O=CNc1nncs1,1.7058893708466485,84.85000000000001,79.3,2.4499999999999886,5.550000000000011,False,False
3964,61520,O=COC(C=O)C1CC1,5.6031866914291335,6.8500000000000005,6.625,4.88125,0.22500000000000053,True,True
3965,61539,O=COC(O)N=O,1.9554147322969704,80.125,82.525,4.806249999999977,2.4000000000000057,False,False
3966,61606,O=COC1CC1OC=O,6.808513683124874,1.35,16.8,20.418750000000003,15.450000000000001,False,True
3967,61627,O=COC1CCCO1,4.707483309271411,16.35,14.299999999999999,7.3375,2.0500000000000025,False,False
3968,61653,O=COC1COCCO1,4.417383146457097,21.325,18.275,4.5375,3.0500000000000007,False,False
3969,61698,O=COCC(=O)O,2.4024267940598945,69.19999999999999,70.975,4.868750000000006,1.7750000000000057,False,False
3970,61702,O=COCC(CO)CO,3.8753732825887326,34.025,26.224999999999998,4.712500000000002,7.800000000000001,False,False
3971,61714,O=COCC(O)CCO,5.039055448781329,11.600000000000001,34.575,5.306250000000006,22.975,False,False
3972,61748,O=COCC1CN1,5.038699786575336,11.625,26.275,5.518750000000004,14.649999999999999,False,False
3973,61773,O=COCCC(=O)C=O,1.1055334068307563,94.075,41.525,11.625,52.550000000000004,False,False
3974,61805,O=COCCSCl,0.9019618872856812,96.22500000000001,72.575,9.349999999999994,23.650000000000006,False,False
3975,61810,O=COCOCO,1.3851340521313604,89.925,48.699999999999996,14.081249999999997,41.225,False,False
3976,61834,O=COCc1cnc[nH]1,6.657305675834986,1.6500000000000001,55.85,8.03125,54.2,False,True
3977,61838,O=COCc1cnoc1,3.59849244130272,40.625,49.125,12.206249999999997,8.5,False,False
3978,61840,O=COCc1cocn1,3.028364094286592,53.974999999999994,47.775,10.84375,6.199999999999996,False,False
3979,61848,O=COCc1nnon1,3.897838560865437,33.45,65.75,3.0187500000000114,32.3,False,False
3981,61910,O=COc1conc1O,2.074885999887304,77.325,69.375,6.9375,7.950000000000003,False,False
3983,61928,O=COc1nnon1,1.446348492446603,89.0,90.14999999999999,1.7874999999999943,1.1499999999999915,False,False
3984,61931,O=COc1nonc1O,2.575580752659991,65.3,68.825,5.21875,3.5250000000000057,False,False
3985,61943,O=CSC(F)(F)F,0.9420240408909986,95.875,77.775,5.849999999999994,18.099999999999994,False,False
3986,61947,O=CSCC(=O)O,1.9271075324582223,80.77499999999999,76.425,2.03125,4.349999999999994,False,False
3987,61962,O=Cc1c(O)cccc1F,4.955189811051154,12.8,61.1,6.04375000000001,48.3,False,False
3988,62000,O=Cc1cnc(F)nc1,2.2376331121158883,72.95,73.3,2.5999999999999943,0.3499999999999943,False,False
3989,62017,O=NC(=O)F,0.7205460055121415,97.6,96.95,2.5749999999999886,0.6499999999999915,False,False
3990,62044,O=NC1SCSCS1,3.44521609187377,44.35,50.724999999999994,4.962500000000006,6.374999999999993,False,False
3991,62049,O=NCC(=O)NO,1.3881160601863431,89.9,89.5,4.825000000000017,0.4000000000000057,False,False
3992,62064,O=NN(CC(F)(F)F)CC(F)(F)F,4.0174446424162165,30.025000000000002,68.475,12.912500000000001,38.44999999999999,False,False
3994,62072,O=NN1CCC(=O)NC1=O,3.092161521517208,52.37500000000001,49.35,5.25,3.0250000000000057,False,False
3995,62073,O=NN1CCC1=O,5.312488385923875,9.1,5.75,0.7312499999999993,3.3499999999999996,True,True
3996,62078,O=NN1CCCS1(=O)=O,7.587222743080661,0.44999999999999996,1.0,1.5187500000000003,0.55,True,True
3998,62092,O=NNC(=O)[N+](=O)[O-],1.957854376756056,80.05,79.05,1.625,1.0,False,False
3999,62096,O=NNNC(=O)O,3.1665657145738,50.425,55.375,3.96875,4.950000000000003,False,False
4001,62115,O=P(=O)OCC(F)(F)F,3.067389083315011,53.0,42.525,4.84375,10.475000000000001,False,False
4002,62133,O=P(Cl)(Cl)C(F)(F)F,2.0936207577369728,76.75,92.77499999999999,5.900000000000006,16.02499999999999,False,False
4003,62134,O=P(Cl)(Cl)C(F)CCl,2.872485131188291,58.050000000000004,45.975,2.9750000000000014,12.075000000000003,False,False
4004,62154,O=P(Cl)(Cl)OCCl,2.1300801393579465,75.575,59.724999999999994,11.256250000000009,15.850000000000009,False,False
4005,62156,O=P(Cl)(Cl)SC(Cl)=CCl,2.01898111923452,78.7,74.875,8.293749999999989,3.825000000000003,False,False
4006,62162,O=P(F)(Cl)CCCl,3.5048079268312566,43.225,54.825,7.637500000000003,11.600000000000001,False,False
4007,62166,O=P(F)(F)C(F)(F)F,1.469436417882857,88.575,93.60000000000001,1.8187500000000085,5.025000000000006,False,False
4008,62175,O=P(N=C=S)(N=C=S)N=C=S,1.701725501936141,84.975,81.575,6.5625,3.3999999999999915,False,False
4009,62178,O=P(O)(Cl)C(Cl)(Cl)Cl,1.9688469492366585,79.80000000000001,88.44999999999999,3.4625000000000057,8.649999999999977,False,False
4010,62184,O=P(O)(F)C(F)F,3.2791874427316885,48.25,63.575,3.1687499999999886,15.325000000000003,False,False
4011,62185,O=P(O)(F)CCl,1.7074992539932763,84.8,77.425,2.3125,7.375,False,False
4012,62192,O=P(O)(O)C(=S)S,1.3428334280765457,90.75,64.725,5.512500000000017,26.025000000000006,False,False
4013,62207,O=P(O)(O)C=C(F)F,2.4227664542341936,68.675,76.14999999999999,5.637500000000003,7.474999999999994,False,False
4014,62230,O=P(O)(O)OC(Cl)(Cl)Cl,2.9645090133583,56.025000000000006,55.300000000000004,3.700000000000003,0.7250000000000014,False,False
4015,62237,O=P(O)(O)OCC(O)CF,0.9861018406810238,95.35,69.95,7.693749999999994,25.39999999999999,False,False
4017,62254,O=P(O)(OF)OC(F)(F)F,2.71357012258403,62.150000000000006,63.275000000000006,3.424999999999997,1.125,False,False
4018,62280,O=P1(O)OC=C(F)O1,2.2521724760896027,72.575,49.275000000000006,6.5625,23.299999999999997,False,False
4019,62282,O=P1(O)OCC(CO)O1,2.9250879820439573,56.89999999999999,13.05,10.156249999999996,43.849999999999994,False,False
4020,62287,O=P1(O)OCCCO1,5.762681254768561,5.8999999999999995,18.6,5.112500000000004,12.700000000000003,False,True
4021,62298,O=PC1CC(=O)O1,1.7234661556567572,84.5,55.425000000000004,3.806250000000013,29.074999999999996,False,False
4022,62304,O=PC=CF,2.944383234528782,56.425000000000004,65.85,6.793749999999989,9.42499999999999,False,False
4024,62314,O=PNSNC(=O)O,1.7509255012737948,83.95,46.675,6.056249999999999,37.275000000000006,False,False
4025,62321,O=POCC1CO1,1.9567442679825655,80.075,46.075,12.087499999999999,34.0,False,False
4026,62329,O=PSNC(=O)Cl,3.951160518985903,31.775,42.699999999999996,3.7375000000000043,10.924999999999997,False,False
4027,62342,O=S(=O)(CCCCl)N1CCOCC1,2.3509296698829583,70.55,50.0,3.6499999999999986,20.549999999999997,False,False
4028,62360,O=S(=O)(CCl)NCCCl,2.050332491455233,77.95,33.675,9.38750000000001,44.275000000000006,False,False
4029,62361,O=S(=O)(CCl)Nc1ccccn1,5.393961276226443,8.25,12.125,5.862500000000001,3.875,False,True
4030,62365,O=S(=O)(CF)OP,2.8178262839450436,59.5,46.1,5.862500000000004,13.399999999999999,False,False
4031,62367,O=S(=O)(CO)CSO,3.3125342991412223,47.525,39.175,3.1812500000000057,8.350000000000001,False,False
4032,62373,O=S(=O)(Cl)C(F)F,2.910951535046696,57.225,66.25,4.237499999999997,9.024999999999999,False,False
4033,62380,O=S(=O)(F)C(F)(F)C(F)(F)F,1.5204086686190337,87.875,91.77499999999999,2.200000000000003,3.8999999999999915,False,False
4034,62386,O=S(=O)(F)CCF,2.3019943357914405,71.65,28.025,3.693749999999998,43.62500000000001,False,False
4035,62391,O=S(=O)(NCCO)c1ccc(Cl)cc1,5.426146909727221,8.0,33.425,3.206249999999997,25.424999999999997,False,True
4037,62403,O=S(=O)(O)C1(F)CC1,4.539835900573162,18.8,27.150000000000002,7.187499999999993,8.350000000000001,False,False
4038,62417,O=S(=O)(O)CC(O)COC#CCO,2.551392308777852,65.60000000000001,52.47500000000001,12.443750000000005,13.125,False,False
4039,62431,O=S(=O)(O)CCCSCC(S)CS,3.755945321198536,36.4,32.6,2.2375000000000007,3.799999999999997,False,False
4040,62436,O=S(=O)(O)CCN1C=COCC1,2.9149621532767824,57.074999999999996,49.175000000000004,6.643749999999997,7.8999999999999915,False,False
4041,62437,O=S(=O)(O)CCN1CCOCC1,2.960567190472206,56.15,23.95,7.9750000000000085,32.2,False,False
4042,62439,O=S(=O)(O)CCOCC(S)CS,2.882794030724595,57.825,44.324999999999996,6.750000000000007,13.500000000000007,False,False
4044,62455,O=S(=O)(O)OCCS,4.071493838561268,28.799999999999997,51.625,5.956250000000004,22.825000000000003,False,False
4045,62456,O=S(=O)(O)OCF,2.2287300593156902,73.2,57.199999999999996,10.181250000000006,16.000000000000007,False,False
4046,62457,O=S(=O)(O)OCO,4.075102273617244,28.675,57.9,5.837500000000006,29.224999999999998,False,False
4047,62459,O=S(=O)(O)ONCCO,3.70857937477836,37.6,45.65,13.293750000000003,8.049999999999997,False,False
4048,62466,O=S(=O)(OC(CF)CF)c1ccccc1,5.773973552211182,5.75,5.375,1.2749999999999995,0.375,True,True
4049,62474,O=S(=O)(OCC(F)(F)F)C(F)(F)F,3.1603261038411112,50.64999999999999,71.75,9.868749999999991,21.10000000000001,False,False
4050,62479,O=S(=O)(OCCCl)c1ccc(F)cc1,3.365365889099613,46.35,25.025,4.675000000000001,21.325000000000003,False,False
4051,62481,O=S(=O)(OCl)OCCl,2.4172244518630666,68.825,69.025,7.09375,0.20000000000000284,False,False
4052,62486,O=S(=O)(Oc1ccc(Cl)cc1)C(F)(F)F,1.9761172452111393,79.60000000000001,58.825,15.150000000000006,20.775000000000006,False,False
4053,62488,O=S(=O)(Oc1cccc(F)c1)C(F)(F)F,3.802995475583069,35.4,58.099999999999994,2.21875,22.699999999999996,False,False
4054,62489,O=S(=O)(Oc1ccccc1)C(F)(F)F,3.868092276447476,34.150000000000006,27.450000000000003,1.8687500000000021,6.700000000000003,False,False
4055,62501,O=S(=O)=CP(=O)(O)O,2.428401229561945,68.475,13.225000000000001,16.006250000000005,55.24999999999999,False,False
4056,62502,O=S(=O)=NCF,2.4547838616156588,67.625,80.675,3.031249999999986,13.049999999999997,False,False
4058,62513,O=S(CCCCCl)Cc1ccccn1,3.8299732774120807,34.825,25.55,12.3,9.275000000000002,False,False
4059,62518,O=S(CCCl)CCBr,4.816586616404564,14.6,54.25,13.181249999999999,39.65,False,False
4060,62522,O=S(CCO)CCS(=O)CCO,2.369032491378261,70.025,33.925,10.41875,36.10000000000001,False,False
4061,62532,O=S(Cl)C(F)(F)F,1.8719693848184904,81.6,92.05,2.706249999999997,10.450000000000003,False,False
4062,62533,O=S(Cl)C(F)F,2.7209412429364,61.95,79.85,5.481249999999989,17.89999999999999,False,False
4063,62534,O=S(Cl)CC(F)(F)F,3.914754796698769,32.9,76.55,10.618750000000006,43.65,False,False
4064,62540,O=S(N=P(Cl)(Cl)Cl)C(F)(F)F,2.940996375012478,56.525000000000006,20.5,5.831250000000001,36.025000000000006,False,False
4065,62544,O=S(O)C(F)CF,0.2578435108881933,99.4,63.125,2.293750000000003,36.275000000000006,False,False
4066,62547,O=S(O)C1(F)CC1,1.0728346954435886,94.39999999999999,66.07499999999999,6.318750000000001,28.325000000000003,False,False
4067,62548,O=S(O)C1CC1F,4.263447564405701,24.6,50.625,5.168749999999996,26.025,False,False
4068,62551,O=S(O)C1CS(=O)(=O)CC1O,3.749066374241125,36.575,31.5,2.3437499999999982,5.075000000000003,False,False
4070,62559,O=S(O)N1CO1,2.032608634696788,78.475,68.4,4.1312500000000085,10.074999999999989,False,False
4071,62571,O=S(O)OC1CS(=O)(=O)CC1O,4.153158649884462,26.974999999999998,33.275,4.656249999999998,6.300000000000001,False,False
4072,62579,O=S(O)OCCF,3.54582459845774,42.15,59.62499999999999,4.412499999999994,17.474999999999994,False,False
4073,62595,O=S1(=O)C=C(Br)CO1,5.130955462440518,10.725,15.65,7.606249999999999,4.925000000000001,False,False
4074,62605,O=S1(=O)C=CC1,5.222243633752014,9.575,4.5,2.4437499999999996,5.074999999999999,True,True
4075,62608,O=S1(=O)C=CCC1,5.808612405822809,5.5,1.9,1.4812500000000002,3.6,True,True
4076,62613,O=S1(=O)C=COC1,4.315716273639293,23.799999999999997,24.6,3.5375000000000014,0.8000000000000043,False,False
4077,62619,O=S1(=O)CC(Br)C1,3.4090971040062104,45.35,35.35,5.493750000000006,10.0,False,False
4078,62622,O=S1(=O)CC(C(F)(F)Cl)(C(F)(F)Cl)O1,3.6085320850449354,40.35,36.55,2.2624999999999957,3.8000000000000043,False,False
4079,62627,O=S1(=O)CC(Cl)C(Cl)C1,3.573999881459295,41.3,30.475,2.8125000000000036,10.824999999999996,False,False
4080,62637,O=S1(=O)CC1O,4.422923495248769,21.175,49.825,11.768750000000004,28.650000000000002,False,False
4081,62671,O=S1(=O)CCOC1,4.33734207291308,23.25,21.175,3.525000000000002,2.0749999999999993,False,False
4082,62673,O=S1(=O)CCOS(=O)(=O)O1,6.141073579949206,3.4000000000000004,3.55,0.6812499999999999,0.14999999999999947,True,True
4083,62677,O=S1(=O)CN1,4.357314108688967,22.75,22.650000000000002,1.8187499999999979,0.09999999999999787,False,False
4084,62679,O=S1(=O)CN=CO1,2.957862149136486,56.225,47.175,3.956249999999997,9.050000000000004,False,False
4085,62681,O=S1(=O)CO1,3.9960778420178698,30.775000000000002,37.824999999999996,5.3500000000000085,7.049999999999994,False,False
4086,62687,O=S1(=O)CS(=O)(=O)OCCO1,2.934732402357376,56.75,47.949999999999996,2.9437500000000085,8.800000000000004,False,False
4087,62698,O=S1(=O)OC(C(Cl)(Cl)Cl)C1Br,3.5439046294543837,42.199999999999996,44.05,6.575000000000003,1.8500000000000014,False,False
4088,62702,O=S1(=O)OCCCCCO1,5.811169055562693,5.45,2.6,0.5499999999999998,2.85,True,True
4089,62719,O=S1C=CC(O)=C1,4.292105680961232,24.275,10.875,5.356250000000001,13.399999999999999,False,False
4090,62725,O=S1C=CCC=C1,5.35420801947808,8.6,9.2,4.662499999999998,0.5999999999999996,True,True
4091,62736,O=S1C=COCC1,3.757655684854204,36.375,32.300000000000004,2.0,4.074999999999996,False,False
4092,62737,O=S1C=CON=C1,2.842276795519513,59.025000000000006,71.1,5.7124999999999915,12.074999999999989,False,False
4093,62753,O=S1CC=CC(F)O1,3.7580009959374254,36.325,24.3,2.0500000000000007,12.025000000000002,False,False
4094,62758,O=S1CCC1,4.330894372084059,23.375,15.9,4.237500000000004,7.475,False,False
4095,62760,O=S1CCCC1,4.560170282044109,18.475,14.825,2.993750000000002,3.650000000000002,False,False
4096,62767,O=S1CCCSC1,4.6544927978597315,17.150000000000002,15.75,9.006249999999998,1.4000000000000021,False,False
4097,62771,O=S1CCO1,4.201952915051882,25.85,17.849999999999998,2.174999999999997,8.000000000000004,False,False
4098,62779,O=S1CNOO1,4.536002535205636,18.925,23.525,1.2125000000000004,4.599999999999998,False,False
4100,62795,O=S1N=CN=CO1,2.058821580949156,77.825,74.5,2.143749999999997,3.325000000000003,False,False
4101,62807,O=S1OCC(Cl)O1,2.09211170257326,76.8,51.300000000000004,4.3500000000000085,25.499999999999993,False,False
4102,62808,O=S1OCC(F)O1,3.482845160296247,43.525000000000006,43.1,6.549999999999997,0.42500000000000426,False,False
4103,62818,O=S1OS(=O)C1(F)F,0.9581920148721058,95.65,76.9,6.862499999999997,18.75,False,False
4104,62839,O=[11C](O)O,0.1082754032224748,99.7,99.825,0.16875000000000284,0.125,False,False
4105,62843,O=[13C](O)O,0.108067685504144,99.725,99.8,0.13749999999998863,0.07500000000000284,False,False
4106,62857,O=[N+]([O-])C(F)Cl,2.523539595942825,66.025,69.72500000000001,3.3187500000000085,3.700000000000003,False,False
4107,62859,O=[N+]([O-])C(F)[N+](=O)[O-],2.781534563818646,60.35,61.550000000000004,1.6625000000000227,1.2000000000000028,False,False
4108,62873,O=[N+]([O-])C1CCOO1,4.868656189826915,13.975000000000001,6.15,2.0062499999999996,7.825000000000001,True,False
4109,62880,O=[N+]([O-])C=C1NCCS1,7.552462974240112,0.475,0.325,0.625,0.14999999999999997,True,True
4110,62899,O=[N+]([O-])N1CCCOC1,4.911694882775731,13.4,6.65,0.8062500000000004,6.75,True,False
4111,62919,O=[PH]1C=CC=C1,4.738596561324596,15.85,15.075,8.775,0.7750000000000004,False,False
4112,62921,O=[PH]1OCCO1,5.183869282132881,10.2,5.35,0.7937500000000002,4.85,True,False
4113,62925,O=[S@@]1CCCSC1,4.476661443898615,20.225,25.45,3.6874999999999964,5.224999999999998,False,False
4114,62952,O=c1[nH]nc(C(F)(F)F)o1,2.580944922143649,65.17500000000001,71.175,4.1000000000000085,5.999999999999986,False,False
4115,62953,O=c1[nH]nc(C(F)(F)F)s1,1.2725663806986598,91.725,90.725,3.6875,1.0,False,False
4116,63004,O=c1ccc(F)n[nH]1,2.039585295243179,78.3,79.75,2.956249999999997,1.4500000000000028,False,False
4117,63006,O=c1ccc(O)c(F)[nH]1,3.5270579777973423,42.65,35.225,7.943750000000001,7.424999999999997,False,False
4118,63014,O=c1ccocc1F,4.78455203983038,15.075,6.125,2.1187500000000004,8.95,True,False
4119,63017,O=c1cnc(F)c(O)o1,1.950700506057509,80.22500000000001,72.775,2.6624999999999943,7.450000000000003,False,False
4120,63068,O=c1oc(C(F)(F)F)ns1,1.4227842866298377,89.45,97.175,1.9624999999999915,7.724999999999994,False,False
4121,63077,O=c1occ(F)cc1F,3.61987303171873,39.925,43.824999999999996,3.393749999999997,3.8999999999999986,False,False
4122,63093,O=c1onnc(F)c1F,2.1457543054828085,75.25,86.25,4.187500000000014,11.0,False,False
4123,63099,OC#[N+][S-],4.621378630430455,17.5,14.2,6.5,3.3000000000000007,False,False
4125,63124,OC(Cl)OCF,2.6462658097963545,63.2,80.05,5.34375,16.849999999999994,False,False
4126,63174,OC(O)(F)S,1.097949614754938,94.15,95.85000000000001,1.6437499999999972,1.7000000000000028,False,False
4127,63177,OC(O)=C(F)F,0.5198472476093153,98.52499999999999,78.64999999999999,4.987499999999997,19.875,False,False
4128,63192,OC([C@@H](O)[C@@H](O)[C@@H](O)C=S)C(F)(F)F,2.3434533806987647,70.625,55.75,12.999999999999986,14.875,False,False
4129,63246,OC1=CC=CCOO1,1.3078361219020496,91.25,80.27499999999999,5.1187499999999915,10.975000000000009,False,False
4130,63252,OC1=CC=CSC1,1.6163014176919417,86.325,89.775,1.0562500000000057,3.450000000000003,False,False
4131,63290,OC1=CSCN1,1.2254994735407627,92.525,86.02499999999999,4.331249999999997,6.500000000000014,False,False
4132,63330,OC1CC(F)(F)C1,2.8701067097049044,58.15,77.325,2.937499999999986,19.175000000000004,False,False
4133,63363,OC1CCNCC1(F)F,2.9074752120303846,57.35,48.3,3.2437499999999986,9.050000000000004,False,False
4134,63417,OC1CS1,1.8051287735935289,82.875,87.52499999999999,3.1937500000000085,4.6499999999999915,False,False
4135,63443,OC1OC=CO1,1.3391046630550434,90.825,90.325,3.424999999999997,0.5,False,False
4136,63453,OC1OO1,1.3239284049597728,91.10000000000001,83.875,2.3499999999999943,7.2250000000000085,False,False
4137,63471,OC=C1NC=CS1,1.7640670413333868,83.72500000000001,63.87500000000001,1.8187500000000227,19.85,False,False
4138,63476,OC=CCF,3.6419458930637,39.45,75.94999999999999,3.8499999999999943,36.499999999999986,False,False
4139,63523,OCC(F)(F)CCl,3.161409448584649,50.6,82.19999999999999,3.168750000000003,31.599999999999987,False,False
4140,63525,OCC(F)(F)CO,2.889585840511996,57.725,72.45,3.950000000000017,14.725000000000001,False,False
4141,63549,OCC(O)C(F)(F)F,1.4974725020449735,88.2,70.55,2.1875,17.650000000000006,False,False
4142,63578,OCC1(C(F)(F)F)CC1,1.748788736096638,83.975,54.37499999999999,5.337500000000006,29.6,False,False
4143,63607,OCC1(O)COC1,3.4082910263319843,45.5,73.925,3.75,28.424999999999997,False,False
4144,63666,OCC1CC1C(F)(F)F,1.5863636240561336,86.675,63.949999999999996,3.9937500000000057,22.725,False,False
4145,63681,OCC1CCCOCC1,2.0058656202643443,78.975,80.175,2.887500000000003,1.2000000000000028,False,False
4146,63720,OCC1CS1,1.8260256971242024,82.55,83.5,3.668750000000003,0.9500000000000028,False,False
4147,63730,OCC1OC1Cl,2.199452385759911,73.85000000000001,69.15,2.2624999999999886,4.700000000000003,False,False
4148,63753,OCC1SC1S,2.485184794607416,67.0,76.775,3.8375000000000057,9.775000000000006,False,False
4149,63776,OCCC1(CO)CO1,1.5494210393249337,87.5,83.975,3.9499999999999886,3.5250000000000057,False,False
4150,63796,OCCC1CCOC1,1.4953543598784702,88.25,78.225,2.4312499999999915,10.025000000000006,False,False
4151,63827,OCCCC1=CCOC1,3.3405524118768533,46.949999999999996,83.7,2.2375000000000114,36.75000000000001,False,False
4152,63846,OCCCCOC1CC1,0.4916550635484373,98.7,89.7,3.5,9.0,False,False
4154,63874,OCCOC(=S)S,4.347474403890018,22.95,59.75,9.149999999999999,36.8,False,False
4155,63881,OCCOC1C=CCC1,2.6370561566341526,63.4,75.275,3.5062499999999943,11.875000000000007,False,False
4156,63892,OCCOC1CCOC1,1.181867864811562,93.27499999999999,79.07499999999999,3.5625,14.200000000000003,False,False
4157,63897,OCCOCC(O)CO,2.447502129665507,67.875,61.925,3.9187499999999957,5.950000000000003,False,False
4158,63946,OCN1C=CON1,2.4375090322610995,68.15,78.675,5.5375000000000085,10.524999999999991,False,False
4160,63968,OCOOP(O)OCl,2.7260020394135713,61.724999999999994,86.35000000000001,4.281250000000014,24.625000000000014,False,False
4161,63972,OCOc1cccs1,1.0557269707656969,94.72500000000001,94.25,2.137500000000003,0.4750000000000085,False,False
4162,63978,OCSC=S,3.5605579495334996,41.699999999999996,61.875,8.337500000000006,20.175000000000004,False,False
4163,63982,OCSCO,1.581727981239464,86.75,68.2,7.050000000000011,18.549999999999997,False,False
4164,63986,OCSc1ncc[nH]1,3.408971679454432,45.425,61.675000000000004,7.125000000000007,16.250000000000007,False,False
4165,63994,OC[C@@H]1CS1,1.8433738322832676,82.3,85.625,1.71875,3.325000000000003,False,False
4166,63998,OC[C@H]1CCOC1,1.9798136445342045,79.475,74.0,4.325000000000003,5.474999999999994,False,False
4167,64003,OC[C@H]1O[C@@H](N=C=S)[C@H](O)[C@@H](O)[C@@H]1O,2.7383984831882477,61.425,50.5,6.862499999999983,10.924999999999997,False,False
4168,64012,OCc1cc(F)ncn1,3.8141683075336017,35.225,73.45,4.006249999999994,38.225,False,False
4169,64020,OCc1cccc(F)c1,0.665427637623325,97.82499999999999,88.02499999999999,2.9000000000000057,9.799999999999997,False,False
4170,64041,OCc1sccc1F,2.8289937567999877,59.3,94.175,2.4312499999999915,34.875,False,False
4171,64067,ON=C(F)F,1.152269488995018,93.72500000000001,95.22500000000001,2.0562499999999915,1.5,False,False
4172,64098,ON=C1OCCS1,3.1055819534141067,51.949999999999996,17.65,2.3874999999999957,34.3,False,False
4173,64109,ON=c1cc[nH]nc1F,4.124423432623266,27.575,16.525000000000002,5.543750000000001,11.049999999999997,False,False
4174,64115,ONC(F)=S,3.5172759796754716,42.85,56.35,2.6937500000000085,13.5,False,False
4175,64136,OOC(O)(F)F,3.5696808032866274,41.449999999999996,74.85000000000001,6.643749999999997,33.40000000000001,False,False
4176,64163,OOOC(F)P,3.060419941844038,53.300000000000004,65.95,2.593750000000014,12.649999999999999,False,False
4178,64191,OP(O)c1ccccc1,1.349297934348973,90.625,84.7,9.150000000000006,5.924999999999997,False,False
4179,64219,OS(O)(O)C(F)F,2.2548899280859835,72.5,62.724999999999994,6.368750000000006,9.775000000000006,False,False
4180,64229,OSCCC(F)(F)F,3.8400694741709502,34.699999999999996,71.42500000000001,3.5687500000000085,36.725000000000016,False,False
4181,64236,O[C@@H]1CO1,1.5575381923426892,87.325,86.225,2.7750000000000057,1.1000000000000085,False,False
4182,64244,O[SiH2]CF,0.8914243767648168,96.39999999999999,72.15,4.2437499999999915,24.249999999999986,False,False
4183,64275,Oc1cc(F)ncn1,2.267400361619619,72.05,63.65,4.4750000000000085,8.399999999999999,False,False
4185,64361,On1ccc(F)c1,2.98313832669469,55.325,64.0,4.424999999999997,8.674999999999997,False,False
4186,64362,On1ccc(F)n1,3.087352205186992,52.525,70.175,4.406249999999986,17.65,False,False
4187,64368,P=P#CC1CO1,2.176679536875938,74.375,89.05,1.4187499999999886,14.674999999999997,False,False
4188,64378,PN=PC1CO1,2.065562093378962,77.525,82.075,9.362500000000011,4.549999999999997,False,False
4189,64387,S=C(S)COCC(=S)S,0.4862926626312499,98.75,70.92500000000001,3.8625000000000114,27.82499999999999,False,False
4190,64401,S=C1C=COCC1,3.40462646096155,45.625,54.525,1.3687499999999986,8.899999999999999,False,False
4191,64437,S=C1CN=CO1,1.790299421082071,83.15,74.65,1.5250000000000057,8.5,False,False
4192,64446,S=C1COCCS1,3.997961947784762,30.725,23.799999999999997,7.943750000000001,6.925000000000004,False,False
4193,64452,S=C1CONP1,1.5601901764233546,87.25,92.0,1.4625000000000057,4.75,False,False
4195,64462,S=C1CSC=N1,3.705073753034243,37.7,39.725,3.075000000000003,2.0249999999999986,False,False
4196,64482,S=C1NCNCO1,5.870311888465137,5.025,0.8,0.6187499999999998,4.2250000000000005,True,True
4197,64484,S=C1NCNO1,5.9847341094416,4.324999999999999,1.6500000000000001,0.7437499999999999,2.674999999999999,True,True
4198,64485,S=C1NCO1,5.057134640816453,11.525,5.8999999999999995,0.6874999999999991,5.625000000000001,True,False
4199,64490,S=C1NN(S)CS1,4.67800378872617,16.825000000000003,9.975000000000001,5.093749999999998,6.850000000000001,True,False
4200,64491,S=C1NNC(S)S1,4.970571823691989,12.525,21.3,7.724999999999998,8.775,False,False
4201,64493,S=C1NNCO1,4.778832843796171,15.2,3.9,1.1749999999999998,11.299999999999999,True,False
4202,64504,S=C1OCOCO1,5.213608760762645,9.700000000000001,7.9750000000000005,1.3125,1.7250000000000005,True,True
4203,64524,S=C=NCCCN1CCOCC1,4.917241549442875,13.325000000000001,39.074999999999996,11.756249999999998,25.749999999999993,False,False
4204,64534,S=CCSCC=S,3.2015537707136072,49.65,64.97500000000001,2.8187500000000085,15.32500000000001,False,False
4205,64538,S=COCCS,1.2110333252366248,92.72500000000001,52.849999999999994,5.493749999999999,39.875000000000014,False,False
4208,64593,SC1=CPOC=C1,1.158452468686593,93.5,95.45,0.7374999999999972,1.9500000000000028,False,False
4209,64621,SC1COCO1,1.3677380385752893,90.125,96.6,1.4875000000000114,6.474999999999994,False,False
4210,64628,SC1N=CNO1,3.112336831090358,51.725,56.074999999999996,7.400000000000006,4.349999999999994,False,False
4211,64632,SC1NC=CO1,2.538593605604761,65.725,65.675,2.049999999999983,0.04999999999999716,False,False
4212,64660,SCC1NO1,2.4779855735014817,67.07499999999999,82.375,2.437499999999986,15.300000000000011,False,False
4213,64665,SCCN1CCOCC1,2.5261715389170756,65.95,87.725,6.587500000000006,21.77499999999999,False,False
4214,64669,SCOCS,1.3673352291115697,90.14999999999999,89.425,3.3312500000000114,0.7249999999999943,False,False
4216,64677,SCSc1cn[nH]n1,1.5744441388594432,86.85000000000001,90.17500000000001,1.9750000000000085,3.325000000000003,False,False
4217,64696,SOC[C@@H]1CO1,3.0339158975247695,53.87499999999999,88.275,3.049999999999997,34.40000000000001,False,False
4218,64706,SSCOCSS,1.2966536336093706,91.525,87.02499999999999,8.068749999999994,4.500000000000014,False,False
4219,64709,[11CH3]SC(=N)N,2.037401930451552,78.425,65.975,2.6624999999999943,12.450000000000003,False,False
4220,64711,[13CH2]=[13CH][13C]#N,4.007868347774733,30.475,20.424999999999997,4.168749999999999,10.050000000000004,False,False
4221,64712,[13CH3]C(=O)OC([13CH3])=O,3.932522493106608,32.425,28.925,8.149999999999999,3.4999999999999964,False,False
4222,64717,[13CH3]S([13CH3])=O,4.330683683776634,23.400000000000002,14.524999999999999,4.118749999999995,8.875000000000004,False,False
4223,64731,[15N]#[13C]S,3.5666449625133776,41.55,39.75,3.3000000000000043,1.7999999999999972,False,False
4224,64742,[18F]CS,1.774125478875452,83.475,86.2,1.1062499999999886,2.7250000000000085,False,False
4225,64746,[1H]C([1H])([1H])C([1H])([1H])C#N,4.10292336644408,28.025,19.45,2.731250000000003,8.575,False,False
4226,64755,[2H]C(=O)N([2H])C([2H])([2H])[2H],4.052436894050377,29.15,21.25,6.587500000000002,7.899999999999999,False,False
4227,64759,[2H]C(=O)NN,2.5307041006932676,65.85,20.849999999999998,12.449999999999996,45.0,False,False
4228,64768,[2H]C(C)C#N,4.102869052609132,28.050000000000004,19.25,2.5687500000000014,8.800000000000004,False,False
4229,64798,[2H]C([2H])([2H])C(=O)C([2H])([2H])[2H],3.051339583379971,53.5,53.6,2.081249999999997,0.10000000000000142,False,False
4230,64799,[2H]C([2H])([2H])C(=O)OC,1.882254201817416,81.425,85.8,2.3312500000000114,4.375,False,False
4231,64808,[2H]C([2H])([2H])OC(=O)Cl,2.915733350676595,57.025000000000006,57.75,2.9937500000000057,0.7249999999999943,False,False
4232,64810,[2H]C([2H])([2H])OC([2H])([2H])[2H],1.406360967377339,89.67500000000001,92.975,0.6999999999999886,3.299999999999983,False,False
4233,64814,[2H]C([2H])([2H])Oc1cc(Cl)ccc1C,2.025278344914038,78.625,80.2,2.7875000000000085,1.5750000000000028,False,False
4234,64817,[2H]C([2H])([2H])Oc1ccc(Br)cn1,1.3395633930174753,90.8,85.82499999999999,7.9624999999999915,4.9750000000000085,False,False
4235,64839,[2H]C1(CCl)CO1,2.793778221515375,59.95,71.475,5.21875,11.524999999999991,False,False
4236,64850,[2H]C1C=COC1=S,4.189353296333247,26.25,13.425,1.4000000000000021,12.825,False,False
4237,64855,[2H]C1COP(=O)(Cl)O1,5.785079786988798,5.65,1.7500000000000002,1.6,3.9000000000000004,True,True
4238,64857,[2H]C1ON=PC1([2H])[2H],3.7776548967662023,35.8,27.224999999999998,8.05,8.575,False,False
4239,64865,[2H]CC(C)=O,3.051320473719717,53.525,53.0,1.4812500000000028,0.5249999999999986,False,False
4240,64872,[2H]CCOC=O,2.0291773080072675,78.55,80.72500000000001,9.549999999999997,2.1750000000000114,False,False
4241,64879,[2H]CS(C)=O,4.330658638039022,23.425,14.975,5.443749999999998,8.450000000000001,False,False
4242,64895,[2H]NC(=O)OC,2.43945179050874,68.05,70.6,3.981250000000003,2.549999999999997,False,False
4245,64921,[2H]SC#N,3.5666382812833732,41.575,40.5,3.206249999999997,1.0750000000000028,False,False
4246,64925,[2H][Si]([2H])(OC)OC,1.8174519211908655,82.72500000000001,93.0,0.7249999999999943,10.274999999999991,False,False
4247,64935,[3H]C(=S)OC,2.2916266409464376,71.775,64.3,4.606250000000017,7.4750000000000085,False,False
4248,64938,[3H]C(C)F,2.077914079739976,77.225,83.025,2.049999999999997,5.800000000000011,False,False
4249,64945,[3H]C1CCO1,2.1119216721665155,76.14999999999999,81.45,1.8999999999999915,5.300000000000011,False,False
4250,64949,[3H]C=CC(C)=O,3.3419067422899342,46.9,51.425,3.4250000000000043,4.524999999999999,False,False
4251,64960,[3H]CO[Si](C)(C)OC[3H],1.6923463855130267,85.1,95.8,0.8812499999999943,10.700000000000003,False,False
4252,64963,[3H]CSC,1.637505144297995,85.9,88.575,1.1625000000000085,2.674999999999997,False,False
4253,64967,[3H]N=CC(=O)OC,2.819038555626808,59.475,75.52499999999999,5.531249999999986,16.04999999999999,False,False
4254,64978,[3H]OSCCF,1.659610939604453,85.625,85.52499999999999,1.8499999999999943,0.10000000000000853,False,False
4255,64983,[3H]P([3H])COC,1.3055114798168537,91.4,88.52499999999999,2.000000000000014,2.875000000000014,False,False
4256,64984,[3H]PC(N)=O,3.785824191801229,35.65,37.425000000000004,3.9437500000000085,1.7750000000000057,False,False
4257,64986,[3H]S(=O)CC#N,5.1974121837986536,10.15,33.725,11.20625,23.575000000000003,False,False
4258,65008,[C-]#[N+]CCC(=O)OC,4.288167279498668,24.375,22.15,15.91875,2.2250000000000014,False,False
4259,65011,[C-]#[N+]CCCOC(C)C,3.2344226237090523,48.975,31.3,10.756249999999998,17.675,False,False
4260,65014,[C-]#[N+]CCN1CCOCC1,3.811533434440662,35.325,54.7,9.899999999999999,19.375,False,False
4261,65023,[C-]#[N+]CS(C)(=O)=O,3.441749490437161,44.55,33.4,4.98125000000001,11.149999999999999,False,False
4262,65025,[C-]#[N+]N=CSC,6.369178739229968,2.675,29.525000000000002,2.906250000000007,26.85,False,True
4263,65033,[C-]1=[O+]CCN1,4.707317170795817,16.375,24.099999999999998,4.918750000000003,7.724999999999998,False,False
4264,65057,[N-]=[N+]=NC(=O)F,1.824933240891904,82.6,90.3,1.4125000000000085,7.700000000000003,False,False
4265,65059,[N-]=[N+]=NC(=O)N[SiH3],3.5514864632584224,41.9,49.875,5.693750000000001,7.975000000000001,False,False
4266,65062,[N-]=[N+]=NC(F)(F)F,0.8891336002645843,96.45,97.39999999999999,0.2187499999999858,0.9499999999999886,False,False
4267,65075,[N-]=[N+]=NCO[SiH3],1.3450411837032383,90.7,81.625,2.4875000000000114,9.075000000000003,False,False
4268,65083,[O-][N+]#CCF,3.3234686536306226,47.3,34.225,3.362499999999997,13.074999999999996,False,False
4269,65084,[O-][N+]#CCl,3.224171158626096,49.25,46.775,4.012499999999996,2.4750000000000014,False,False
4270,65102,[O-][P+]1=CC=COO1,7.275809913549652,0.8500000000000001,12.225,2.6250000000000018,11.375,False,True
4271,65105,[O-][PH+](O)C(F)(F)F,4.150033124900126,27.05,74.775,4.96875,47.72500000000001,False,False
4272,65108,[SiH2]=C1CO1,1.6570644807296024,85.675,82.3,1.1812499999999915,3.375,False,False
4273,65113,[SiH3]C1OO1,2.629574731695568,63.65,57.725,4.668750000000003,5.924999999999997,False,False
4274,65116,[SiH3]OC(Cl)Br,2.833761068098541,59.175,65.45,3.5625,6.275000000000006,False,False
4275,65121,[SiH3]OCc1ccco1,0.4896706608966217,98.725,96.72500000000001,1.1124999999999972,1.9999999999999858,False,False
4276,65125,[SiH3][SiH2]C1=CCCCO1,2.149326176060715,75.125,90.2,0.7249999999999943,15.075000000000003,False,False
